timestamp,value,error_prediction,anomaly_score,prediction,S(t)_reward_low_FP_rate,S(t)_reward_low_FN_rate,S(t)_standard
2015-09-08 11:39:00,73,0.0,0.5,0,0.0,0.0,0.0
2015-09-08 11:44:00,62,0.0,0.5,0,0.0,0.0,0.0
2015-09-08 11:59:00,66,0.0,0.5,0,0.0,0.0,0.0
2015-09-08 12:19:00,69,0.0,0.5,0,0.0,0.0,0.0
2015-09-08 12:24:00,65,0.0,0.5,0,0.0,0.0,0.0
2015-09-08 12:27:00,76,0.0,0.5,0,0.0,0.0,0.0
2015-09-08 12:32:00,65,0.0,0.5,0,0.0,0.0,0.0
2015-09-08 12:46:00,62,0.0,0.5,0,0.0,0.0,0.0
2015-09-08 12:51:00,61,0.0,0.5,0,0.0,0.0,0.0
2015-09-08 13:01:00,65,0.0,0.5,0,0.0,0.0,0.0
2015-09-08 13:21:00,68,0.0,0.5,0,0.0,0.0,0.0
2015-09-08 13:26:00,66,-66.0,0.5,[[ 0.]],0.0,0.0,0.0
2015-09-08 13:31:00,67,-67.0,0.5,[[ 0.]],0.0,0.0,0.0
2015-09-08 13:36:00,65,-65.0,0.5,[[ 0.]],0.0,0.0,0.0
2015-09-08 13:41:00,67,-67.0,0.5,[[ 0.]],0.0,0.0,0.0
2015-09-08 13:46:00,67,-67.0,0.5,[[ 0.]],0.0,0.0,0.0
2015-09-08 13:56:00,69,-69.0,0.5,[[ 0.]],0.0,0.0,0.0
2015-09-08 14:11:00,68,-68.0,0.5,[[ 0.]],0.0,0.0,0.0
2015-09-08 14:16:00,68,-68.0,0.5,[[ 0.]],0.0,0.0,0.0
2015-09-08 14:21:00,67,-67.0,0.5,[[ 0.]],0.0,0.0,0.0
2015-09-08 14:46:00,66,-66.0,0.5,[[ 0.]],0.0,0.0,0.0
2015-09-08 14:51:00,68,-68.0,0.462968564621,[[ 0.]],0.0,0.0,0.0
2015-09-08 15:16:00,69,-69.0,0.455899672726,[[ 0.]],0.0,0.0,0.0
2015-09-08 15:21:00,65,-65.0,0.420452780335,[[ 0.]],0.0,0.0,0.0
2015-09-08 15:26:00,70,-70.0,0.420353157971,[[ 0.]],0.0,0.0,0.0
2015-09-08 15:29:00,66,-66.0,0.421769619946,[[ 0.]],0.0,0.0,0.0
2015-09-08 15:41:00,65,-65.0,0.474895360533,[[ 0.]],0.0,0.0,0.0
2015-09-08 16:15:00,64,-64.0,0.512759687044,[[ 0.]],0.0,0.0,0.0
2015-09-08 16:31:00,66,-66.0,0.53759715198,[[ 0.]],0.0,0.0,0.0
2015-09-08 16:36:00,69,-69.0,0.522808773995,[[ 0.]],0.0,0.0,0.0
2015-09-08 16:41:00,64,-64.0,0.527875340317,[[ 0.]],0.0,0.0,0.0
2015-09-08 16:56:00,69,-69.0,0.527731471909,[[ 0.]],0.0,0.0,0.0
2015-09-08 17:11:00,65,-65.0,0.569323382382,[[ 0.]],0.0,0.0,0.0
2015-09-08 17:16:00,68,-68.0,0.537080370296,[[ 0.]],0.0,0.0,0.0
2015-09-08 17:21:00,67,-67.0,0.5820456208,[[ 0.]],0.0,0.0,0.0
2015-09-08 17:26:00,69,-69.0,0.550463323179,[[ 0.]],0.0,0.0,0.0
2015-09-08 17:31:00,66,-66.0,0.532170886084,[[ 0.]],0.0,0.0,0.0
2015-09-08 17:36:00,69,-69.0,0.471677933679,[[ 0.]],0.0,0.0,0.0
2015-09-08 17:41:00,66,-66.0,0.465830963219,[[ 0.]],0.0,0.0,0.0
2015-09-08 17:46:00,65,-65.0,0.513840860307,[[ 0.]],0.0,0.0,0.0
2015-09-08 17:51:00,66,-66.0,0.480419866919,[[ 0.]],0.0,0.0,0.0
2015-09-08 17:56:00,65,-65.0,0.530066593707,[[ 0.]],0.0,0.0,0.0
2015-09-08 17:57:00,64,-64.0,0.530171609422,[[ 0.]],0.0,0.0,0.0
2015-09-08 18:36:00,70,-70.0,0.5151153074,[[ 0.]],0.0,0.0,0.0
2015-09-08 18:46:00,69,-69.0,0.497773966004,[[ 0.]],0.0,0.0,0.0
2015-09-08 18:51:00,66,-66.0,0.533119336922,[[ 0.]],0.0,0.0,0.0
2015-09-08 18:56:00,68,-68.0,0.511651018404,[[ 0.]],0.0,0.0,0.0
2015-09-08 19:06:00,71,-71.0,0.5,[[ 0.]],0.0,0.0,0.0
2015-09-08 20:11:00,63,-63.0,0.52084228837,[[ 0.]],0.0,0.0,0.0
2015-09-08 20:31:00,67,-67.0,0.499718240716,[[ 0.]],0.0,0.0,0.0
2015-09-08 20:41:00,62,-62.0,0.526580485683,[[ 0.]],0.0,0.0,0.0
2015-09-08 20:51:00,64,-64.0,0.529116295136,[[ 0.]],0.0,0.0,0.0
2015-09-08 21:01:00,59,-59.0,0.545253349065,[[ 0.]],0.0,0.0,0.0
2015-09-08 21:06:00,65,-65.0,0.579681652341,[[ 0.]],0.0,0.0,0.0
2015-09-08 21:31:00,58,-58.0,0.613945336631,[[ 0.]],0.0,0.0,0.0
2015-09-08 21:41:00,64,-64.0,0.622857971359,[[ 0.]],0.0,0.0,0.0
2015-09-08 22:31:00,63,-63.0,0.644910508617,[[ 0.]],0.0,0.0,0.0
2015-09-08 22:41:00,66,-66.0,0.674676872469,[[ 0.]],0.0,0.0,0.0
2015-09-08 23:16:00,66,-66.0,0.661564387257,[[ 0.]],0.0,0.0,0.0
2015-09-08 23:31:00,60,-60.0,0.677219252992,[[ 0.]],0.0,0.0,0.0
2015-09-09 00:06:00,57,-57.0,0.662649703254,[[ 0.]],0.0,0.0,0.0
2015-09-09 01:16:00,58,-58.0,0.66336972229,[[ 0.]],0.0,0.0,0.0
2015-09-09 07:34:00,69,-69.0,0.627372161025,[[ 0.]],0.0,0.0,0.0
2015-09-09 09:20:00,70,-70.0,0.609353168552,[[ 0.]],0.0,0.0,0.0
2015-09-09 09:58:00,66,-66.0,0.579585321226,[[ 0.]],0.0,0.0,0.0
2015-09-09 10:23:00,68,-68.0,0.565645473146,[[ 0.]],0.0,0.0,0.0
2015-09-09 10:33:00,65,-65.0,0.557742766232,[[ 0.]],0.0,0.0,0.0
2015-09-09 10:38:00,68,-68.0,0.551425958428,[[ 0.]],0.0,0.0,0.0
2015-09-09 10:43:00,68,-68.0,0.544918906111,[[ 0.]],0.0,0.0,0.0
2015-09-09 10:48:00,70,-70.0,0.50495984664,[[ 0.]],0.0,0.0,0.0
2015-09-09 10:53:00,67,-67.0,0.462738718597,[[ 0.]],0.0,0.0,0.0
2015-09-09 11:03:00,73,-73.0,0.409975890558,[[ 0.]],0.0,0.0,0.0
2015-09-09 11:08:00,77,-77.0,0.402093010517,[[ 0.]],0.0,0.0,0.0
2015-09-09 11:13:00,75,-75.0,0.398525314794,[[ 0.]],0.0,0.0,0.0
2015-09-09 11:18:00,71,-71.0,0.386491873952,[[ 0.]],0.0,0.0,0.0
2015-09-09 11:23:00,73,-73.0,0.378544142138,[[ 0.]],0.0,0.0,0.0
2015-09-09 11:43:00,68,-68.0,0.36885212094,[[ 0.]],0.0,0.0,0.0
2015-09-09 11:48:00,58,-58.0,0.401160363337,[[ 0.]],0.0,0.0,0.0
2015-09-09 12:03:00,65,-65.0,0.407792899607,[[ 0.]],0.0,0.0,0.0
2015-09-09 12:13:00,65,-65.0,0.420423991548,[[ 0.]],0.0,0.0,0.0
2015-09-09 12:33:00,65,-65.0,0.424696602911,[[ 0.]],0.0,0.0,0.0
2015-09-09 12:48:00,66,-66.0,0.444313497168,[[ 0.]],0.0,0.0,0.0
2015-09-09 13:08:00,74,-74.0,0.458326307762,[[ 0.]],0.0,0.0,0.0
2015-09-09 13:33:00,64,-64.0,0.488953132464,[[ 0.]],0.0,0.0,0.0
2015-09-09 13:38:00,68,-68.0,0.498248824561,[[ 0.]],0.0,0.0,0.0
2015-09-09 13:43:00,65,-65.0,0.521431359914,[[ 0.]],0.0,0.0,0.0
2015-09-09 13:48:00,69,-69.0,0.519568465401,[[ 0.]],0.0,0.0,0.0
2015-09-09 13:53:00,70,-70.0,0.484904560358,[[ 0.]],0.0,0.0,0.0
2015-09-09 13:58:00,64,-64.0,0.486822929474,[[ 0.]],0.0,0.0,0.0
2015-09-09 14:08:00,65,-65.0,0.486080769638,[[ 0.]],0.0,0.0,0.0
2015-09-09 14:13:00,67,-67.0,0.479902868539,[[ 0.]],0.0,0.0,0.0
2015-09-09 14:38:00,68,-68.0,0.47401075,[[ 0.]],0.0,0.0,0.0
2015-09-09 14:48:00,66,-66.0,0.498765597291,[[ 0.]],0.0,0.0,0.0
2015-09-09 14:53:00,63,-63.0,0.500571701661,[[ 0.]],0.0,0.0,0.0
2015-09-09 15:03:00,68,-68.0,0.501141036667,[[ 0.]],0.0,0.0,0.0
2015-09-09 15:08:00,68,-68.0,0.492029365647,[[ 0.]],0.0,0.0,0.0
2015-09-09 15:13:00,73,-73.0,0.482033286262,[[ 0.]],0.0,0.0,0.0
2015-09-09 15:18:00,79,-79.0,0.462931467232,[[ 0.]],0.0,0.0,0.0
2015-09-09 15:23:00,64,-64.0,0.46185390195,[[ 0.]],0.0,0.0,0.0
2015-09-09 15:28:00,67,-67.0,0.455861175171,[[ 0.]],0.0,0.0,0.0
2015-09-09 15:38:00,62,-62.0,0.468700540095,[[ 0.]],0.0,0.0,0.0
2015-09-09 15:43:00,68,-68.0,0.468804578415,[[ 0.]],0.0,0.0,0.0
2015-09-09 15:48:00,70,-70.0,0.458373859943,[[ 0.]],0.0,0.0,0.0
2015-09-09 16:08:00,67,-67.0,0.446546949562,[[ 0.]],0.0,0.0,0.0
2015-09-09 16:13:00,70,-70.0,0.441674806236,[[ 0.]],0.0,0.0,0.0
2015-09-09 16:23:00,65,-65.0,0.449326398723,[[ 0.]],0.0,0.0,0.0
2015-09-09 16:33:00,67,-67.0,0.466453916627,[[ 0.]],0.0,0.0,0.0
2015-09-09 16:43:00,71,-71.0,0.491308793869,[[ 0.]],0.0,0.0,0.0
2015-09-09 16:48:00,69,-69.0,0.477139108433,[[ 0.]],0.0,0.0,0.0
2015-09-09 16:53:00,64,-64.0,0.48509517313,[[ 0.]],0.0,0.0,0.0
2015-09-09 16:58:00,63,-63.0,0.48101331364,[[ 0.]],0.0,0.0,0.0
2015-09-09 17:03:00,62,-62.0,0.497431231083,[[ 0.]],0.0,0.0,0.0
2015-09-09 17:08:00,55,-55.0,0.535108813406,[[ 0.]],0.0,0.0,0.0
2015-09-09 17:13:00,48,-48.0,0.566885697427,[[ 0.]],0.0,0.0,0.0
2015-09-09 17:18:00,56,-56.0,0.590937870806,[[ 0.]],0.0,0.0,0.0
2015-09-09 17:23:00,51,-51.0,0.605552217461,[[ 0.]],0.0,0.0,0.0
2015-09-09 17:28:00,60,-60.0,0.616504887341,[[ 0.]],0.0,0.0,0.0
2015-09-09 17:33:00,43,-43.0,0.633846533694,[[ 0.]],0.0,0.0,0.0
2015-09-09 17:38:00,62,-62.0,0.644044930518,[[ 0.]],0.0,0.0,0.0
2015-09-09 17:43:00,70,-70.0,0.636242608223,[[ 0.]],0.0,0.0,0.0
2015-09-09 17:48:00,65,-65.0,0.634315718072,[[ 0.]],0.0,0.0,0.0
2015-09-09 17:58:00,70,-70.0,0.623287337344,[[ 0.]],0.0,0.0,0.0
2015-09-09 18:03:00,67,-67.0,0.606132726268,[[ 0.]],0.0,0.0,0.0
2015-09-09 18:13:00,70,-70.0,0.572731471943,[[ 0.]],0.0,0.0,0.0
2015-09-09 18:18:00,67,-67.0,0.555978876264,[[ 0.]],0.0,0.0,0.0
2015-09-09 18:23:00,69,-69.0,0.527688020233,[[ 0.]],0.0,0.0,0.0
2015-09-09 18:28:00,69,-69.0,0.513605356597,[[ 0.]],0.0,0.0,0.0
2015-09-09 18:38:00,68,-68.0,0.472939749805,[[ 0.]],0.0,0.0,0.0
2015-09-09 18:43:00,67,-67.0,0.464595479481,[[ 0.]],0.0,0.0,0.0
2015-09-09 19:03:00,66,-66.0,0.470946301819,[[ 0.]],0.0,0.0,0.0
2015-09-09 19:38:00,63,-63.0,0.473720067908,[[ 0.]],0.0,0.0,0.0
2015-09-09 19:48:00,68,-68.0,0.477185432962,[[ 0.]],0.0,0.0,0.0
2015-09-09 20:03:00,68,-68.0,0.475599950257,[[ 0.]],0.0,0.0,0.0
2015-09-09 20:13:00,65,-65.0,0.483826959913,[[ 0.]],0.0,0.0,0.0
2015-09-09 20:18:00,60,-60.0,0.495015058705,[[ 0.]],0.0,0.0,0.0
2015-09-09 20:23:00,65,-65.0,0.501720760194,[[ 0.]],0.0,0.0,0.0
2015-09-09 20:38:00,64,-64.0,0.510116928158,[[ 0.]],0.0,0.0,0.0
2015-09-09 20:58:00,57,-57.0,0.527390242565,[[ 0.]],0.0,0.0,0.0
2015-09-09 21:13:00,57,-57.0,0.542357511261,[[ 0.]],0.0,0.0,0.0
2015-09-09 21:28:00,62,-62.0,0.548638652541,[[ 0.]],0.0,0.0,0.0
2015-09-09 21:33:00,55,-55.0,0.558784924118,[[ 0.]],0.0,0.0,0.0
2015-09-09 21:48:00,61,-61.0,0.569483092988,[[ 0.]],0.0,0.0,0.0
2015-09-09 21:53:00,61,-61.0,0.580162060805,[[ 0.]],0.0,0.0,0.0
2015-09-09 22:33:00,58,-58.0,0.589468140984,[[ 0.]],0.0,0.0,0.0
2015-09-09 22:41:00,65,-65.0,0.582124574897,[[ 0.]],0.0,0.0,0.0
2015-09-09 23:38:00,65,-65.0,0.582649126739,[[ 0.]],0.0,0.0,0.0
2015-09-09 23:53:00,62,-62.0,0.585718301399,[[ 0.]],0.0,0.0,0.0
2015-09-10 05:33:00,68,-68.0,0.568674493987,[[ 0.]],0.0,0.0,0.0
2015-09-10 05:45:00,61,-61.0,0.561684810373,[[ 0.]],0.0,0.0,0.0
2015-09-10 08:00:00,62,-62.0,0.561479496077,[[ 0.]],0.0,0.0,0.0
2015-09-10 08:18:00,73,-73.0,0.532445807017,[[ 0.]],0.0,0.0,0.0
2015-09-10 08:33:00,70,-70.0,0.518241082239,[[ 0.]],0.0,0.0,0.0
2015-09-10 08:43:00,65,-65.0,0.511680096966,[[ 0.]],0.0,0.0,0.0
2015-09-10 08:53:00,65,-65.0,0.500023314417,[[ 0.]],0.0,0.0,0.0
2015-09-10 09:13:00,61,-61.0,0.506163520668,[[ 0.]],0.0,0.0,0.0
2015-09-10 09:23:00,64,-64.0,0.507698759808,[[ 0.]],0.0,0.0,0.0
2015-09-10 09:28:00,62,-62.0,0.507313221385,[[ 0.]],0.0,0.0,0.0
2015-09-10 09:48:00,75,-75.0,0.496671133314,[[ 0.]],0.0,0.0,0.0
2015-09-10 09:52:00,66,-66.0,0.488373494771,[[ 0.]],0.0,0.0,0.0
2015-09-10 10:02:00,71,-71.0,0.474050035609,[[ 0.]],0.0,0.0,0.0
2015-09-10 10:07:00,66,-66.0,0.485613998345,[[ 0.]],0.0,0.0,0.0
2015-09-10 10:22:00,67,-67.0,0.490725175501,[[ 0.]],0.0,0.0,0.0
2015-09-10 10:27:00,65,-65.0,0.490592528476,[[ 0.]],0.0,0.0,0.0
2015-09-10 10:32:00,67,-67.0,0.487278397419,[[ 0.]],0.0,0.0,0.0
2015-09-10 10:42:00,67,-67.0,0.477072384606,[[ 0.]],0.0,0.0,0.0
2015-09-10 10:47:00,65,-65.0,0.475130098968,[[ 0.]],0.0,0.0,0.0
2015-09-10 10:52:00,68,-68.0,0.464891023303,[[ 0.]],0.0,0.0,0.0
2015-09-10 11:27:00,64,-64.0,0.483651881658,[[ 0.]],0.0,0.0,0.0
2015-09-10 11:37:00,72,-72.0,0.474022997104,[[ 0.]],0.0,0.0,0.0
2015-09-10 11:42:00,62,-62.0,0.489197623231,[[ 0.]],0.0,0.0,0.0
2015-09-10 11:47:00,72,-72.0,0.479543973109,[[ 0.]],0.0,0.0,0.0
2015-09-10 11:52:00,72,-72.0,0.471695911924,[[ 0.]],0.0,0.0,0.0
2015-09-10 11:57:00,68,-68.0,0.466613315067,[[ 0.]],0.0,0.0,0.0
2015-09-10 12:07:00,64,-64.0,0.471458784961,[[ 0.]],0.0,0.0,0.0
2015-09-10 12:12:00,63,-63.0,0.478032843111,[[ 0.]],0.0,0.0,0.0
2015-09-10 12:37:00,65,-65.0,0.477823047403,[[ 0.]],0.0,0.0,0.0
2015-09-10 12:42:00,72,-72.0,0.471582139746,[[ 0.]],0.0,0.0,0.0
2015-09-10 12:57:00,67,-67.0,0.466280052842,[[ 0.]],0.0,0.0,0.0
2015-09-10 13:07:00,66,-66.0,0.476711708349,[[ 0.]],0.0,0.0,0.0
2015-09-10 13:17:00,71,-71.0,0.461395467193,[[ 0.]],0.0,0.0,0.0
2015-09-10 13:32:00,71,-71.0,0.463735533356,[[ 0.]],0.0,0.0,0.0
2015-09-10 13:42:00,67,-67.0,0.472519590806,[[ 0.]],0.0,0.0,0.0
2015-09-10 13:47:00,68,-68.0,0.472614500102,[[ 0.]],0.0,0.0,0.0
2015-09-10 14:02:00,65,-65.0,0.47057870185,[[ 0.]],0.0,0.0,0.0
2015-09-10 14:07:00,70,-70.0,0.458420201608,[[ 0.]],0.0,0.0,0.0
2015-09-10 14:17:00,71,-71.0,0.44827128149,[[ 0.]],0.0,0.0,0.0
2015-09-10 14:32:00,65,-65.0,0.460463872689,[[ 0.]],0.0,0.0,0.0
2015-09-10 14:37:00,69,-69.0,0.457044381399,[[ 0.]],0.0,0.0,0.0
2015-09-10 14:42:00,69,-69.0,0.45179641489,[[ 0.]],0.0,0.0,0.0
2015-09-10 14:47:00,69,-69.0,0.45557639101,[[ 0.]],0.0,0.0,0.0
2015-09-10 14:57:00,69,-69.0,0.459381872574,[[ 0.]],0.0,0.0,0.0
2015-09-10 15:02:00,71,-71.0,0.452646945569,[[ 0.]],0.0,0.0,0.0
2015-09-10 15:07:00,64,-64.0,0.45953920343,[[ 0.]],0.0,0.0,0.0
2015-09-10 15:12:00,64,-64.0,0.46099477558,[[ 0.]],0.0,0.0,0.0
2015-09-10 15:17:00,66,-66.0,0.468178564495,[[ 0.]],0.0,0.0,0.0
2015-09-10 15:22:00,76,-76.0,0.460708047573,[[ 0.]],0.0,0.0,0.0
2015-09-10 15:27:00,64,-64.0,0.462156653309,[[ 0.]],0.0,0.0,0.0
2015-09-10 15:32:00,67,-67.0,0.46571788123,[[ 0.]],0.0,0.0,0.0
2015-09-10 15:37:00,64,-64.0,0.47457235808,[[ 0.]],0.0,0.0,0.0
2015-09-10 15:42:00,70,-70.0,0.473079844399,[[ 0.]],0.0,0.0,0.0
2015-09-10 15:47:00,70,-70.0,0.471578599981,[[ 0.]],0.0,0.0,0.0
2015-09-10 15:52:00,68,-68.0,0.477208612594,[[ 0.]],0.0,0.0,0.0
2015-09-10 15:57:00,69,-69.0,0.468118587646,[[ 0.]],0.0,0.0,0.0
2015-09-10 16:02:00,68,-68.0,0.460704504734,[[ 0.]],0.0,0.0,0.0
2015-09-10 16:12:00,68,-68.0,0.45697765176,[[ 0.]],0.0,0.0,0.0
2015-09-10 16:17:00,69,-69.0,0.470274133252,[[ 0.]],0.0,0.0,0.0
2015-09-10 16:22:00,63,-63.0,0.471778340736,[[ 0.]],0.0,0.0,0.0
2015-09-10 16:27:00,67,-67.0,0.471725984049,[[ 0.]],0.0,0.0,0.0
2015-09-10 16:32:00,66,-66.0,0.467761186769,[[ 0.]],0.0,0.0,0.0
2015-09-10 16:37:00,68,-68.0,0.471634864578,[[ 0.]],0.0,0.0,0.0
2015-09-10 16:42:00,66,-66.0,0.479180589569,[[ 0.]],0.0,0.0,0.0
2015-09-10 16:47:00,67,-67.0,0.481100682596,[[ 0.]],0.0,0.0,0.0
2015-09-10 16:52:00,67,-67.0,0.484985326664,[[ 0.]],0.0,0.0,0.0
2015-09-10 16:57:00,68,-68.0,0.485103821466,[[ 0.]],0.0,0.0,0.0
2015-09-10 17:02:00,64,-64.0,0.492688640052,[[ 0.]],0.0,0.0,0.0
2015-09-10 17:07:00,67,-67.0,0.496681486171,[[ 0.]],0.0,0.0,0.0
2015-09-10 17:12:00,62,-62.0,0.498256490604,[[ 0.]],0.0,0.0,0.0
2015-09-10 17:17:00,67,-67.0,0.49833344221,[[ 0.]],0.0,0.0,0.0
2015-09-10 17:22:00,66,-66.0,0.498314291901,[[ 0.]],0.0,0.0,0.0
2015-09-10 17:32:00,66,-66.0,0.502298679671,[[ 0.]],0.0,0.0,0.0
2015-09-10 17:37:00,67,-67.0,0.500383043629,[[ 0.]],0.0,0.0,0.0
2015-09-10 17:42:00,62,-62.0,0.510051391884,[[ 0.]],0.0,0.0,0.0
2015-09-10 17:47:00,63,-63.0,0.51784546421,[[ 0.]],0.0,0.0,0.0
2015-09-10 17:52:00,66,-66.0,0.521970071196,[[ 0.]],0.0,0.0,0.0
2015-09-10 18:07:00,69,-69.0,0.512153642001,[[ 0.]],0.0,0.0,0.0
2015-09-10 18:12:00,70,-70.0,0.506434131981,[[ 0.]],0.0,0.0,0.0
2015-09-10 18:17:00,70,-70.0,0.490515527659,[[ 0.]],0.0,0.0,0.0
2015-09-10 18:22:00,67,-67.0,0.490554897319,[[ 0.]],0.0,0.0,0.0
2015-09-10 18:37:00,66,-66.0,0.490498393189,[[ 0.]],0.0,0.0,0.0
2015-09-10 18:42:00,68,-68.0,0.486513983568,[[ 0.]],0.0,0.0,0.0
2015-09-10 18:47:00,71,-71.0,0.478745769276,[[ 0.]],0.0,0.0,0.0
2015-09-10 18:52:00,62,-62.0,0.478347211308,[[ 0.]],0.0,0.0,0.0
2015-09-10 18:57:00,68,-68.0,0.468114777072,[[ 0.]],0.0,0.0,0.0
2015-09-10 19:32:00,62,-62.0,0.475976001192,[[ 0.]],0.0,0.0,0.0
2015-09-10 19:37:00,64,-64.0,0.486071719429,[[ 0.]],0.0,0.0,0.0
2015-09-10 19:47:00,69,-69.0,0.488383623655,[[ 0.]],0.0,0.0,0.0
2015-09-10 19:57:00,63,-63.0,0.502678511819,[[ 0.]],0.0,0.0,0.0
2015-09-10 20:02:00,64,-64.0,0.508773868504,[[ 0.]],0.0,0.0,0.0
2015-09-10 21:02:00,62,-62.0,0.516777413571,[[ 0.]],0.0,0.0,0.0
2015-09-10 21:12:00,69,-69.0,0.514985310539,[[ 0.]],0.0,0.0,0.0
2015-09-10 21:27:00,65,-65.0,0.527581169592,[[ 0.]],0.0,0.0,0.0
2015-09-10 21:57:00,56,-56.0,0.538543464128,[[ 0.]],0.0,0.0,0.0
2015-09-10 22:12:00,64,-64.0,0.546749237686,[[ 0.]],0.0,0.0,0.0
2015-09-10 23:42:00,70,-70.0,0.53058811431,[[ 0.]],0.0,0.0,0.0
2015-09-10 23:47:00,61,-61.0,0.536301230524,[[ 0.]],0.0,0.0,0.0
2015-09-11 05:27:00,64,-64.0,0.546597768208,[[ 0.]],0.0,0.0,0.0
2015-09-11 05:47:00,68,-68.0,0.536536717352,[[ 0.]],0.0,0.0,0.0
2015-09-11 06:17:00,65,-65.0,0.534499800156,[[ 0.]],0.0,0.0,0.0
2015-09-11 06:37:00,70,-70.0,0.518114459768,[[ 0.]],0.0,0.0,0.0
2015-09-11 06:42:00,65,-65.0,0.526510872314,[[ 0.]],0.0,0.0,0.0
2015-09-11 06:57:00,65,-65.0,0.526521939633,[[ 0.]],0.0,0.0,0.0
2015-09-11 07:07:00,70,-70.0,0.497258271534,[[ 0.]],0.0,0.0,0.0
2015-09-11 07:12:00,73,-73.0,0.478947916998,[[ 0.]],0.0,0.0,0.0
2015-09-11 07:32:00,69,-69.0,0.48125765424,[[ 0.]],0.0,0.0,0.0
2015-09-11 07:42:00,68,-68.0,0.466576830628,[[ 0.]],0.0,0.0,0.0
2015-09-11 08:12:00,65,-65.0,0.46423618741,[[ 0.]],0.0,0.0,0.0
2015-09-11 08:42:00,68,-68.0,0.464280881112,[[ 0.]],0.0,0.0,0.0
2015-09-11 08:47:00,69,-69.0,0.455945504534,[[ 0.]],0.0,0.0,0.0
2015-09-11 09:12:00,71,-71.0,0.454287562958,[[ 0.]],0.0,0.0,0.0
2015-09-11 09:17:00,70,-70.0,0.443984154532,[[ 0.]],0.0,0.0,0.0
2015-09-11 09:27:00,64,-64.0,0.445754560794,[[ 0.]],0.0,0.0,0.0
2015-09-11 09:32:00,68,-68.0,0.449995982504,[[ 0.]],0.0,0.0,0.0
2015-09-11 09:37:00,70,-70.0,0.45668803149,[[ 0.]],0.0,0.0,0.0
2015-09-11 09:52:00,66,-66.0,0.462947376493,[[ 0.]],0.0,0.0,0.0
2015-09-11 09:57:00,71,-71.0,0.456951406437,[[ 0.]],0.0,0.0,0.0
2015-09-11 10:07:00,68,-68.0,0.450514283277,[[ 0.]],0.0,0.0,0.0
2015-09-11 10:27:00,63,-63.0,0.460932680595,[[ 0.]],0.0,0.0,0.0
2015-09-11 10:39:00,66,-66.0,0.467267842229,[[ 0.]],0.0,0.0,0.0
2015-09-11 10:49:00,65,-65.0,0.480127551662,[[ 0.]],0.0,0.0,0.0
2015-09-11 11:19:00,69,-69.0,0.482507991105,[[ 0.]],0.0,0.0,0.0
2015-09-11 11:29:00,70,-70.0,0.4696910057,[[ 0.]],0.0,0.0,0.0
2015-09-11 11:34:00,67,-67.0,0.471837828237,[[ 0.]],0.0,0.0,0.0
2015-09-11 11:39:00,63,-63.0,0.486919706624,[[ 0.]],0.0,0.0,0.0
2015-09-11 11:44:00,68,-68.0,0.482612978625,[[ 0.]],0.0,0.0,0.0
2015-09-11 11:54:00,71,-71.0,0.483030295603,[[ 0.]],0.0,0.0,0.0
2015-09-11 12:04:00,60,-60.0,0.500165894678,[[ 0.]],0.0,0.0,0.0
2015-09-11 12:14:00,81,-81.0,0.463391472214,[[ 0.]],0.0,0.0,0.0
2015-09-11 12:39:00,69,-69.0,0.457209312783,[[ 0.]],0.0,0.0,0.0
2015-09-11 12:44:00,71,-71.0,0.445019194718,[[ 0.]],0.0,0.0,0.0
2015-09-11 12:49:00,64,-64.0,0.455208346962,[[ 0.]],0.0,0.0,0.0
2015-09-11 12:54:00,65,-65.0,0.465538434905,[[ 0.]],0.0,0.0,0.0
2015-09-11 12:59:00,69,-69.0,0.461428990375,[[ 0.]],0.0,0.0,0.0
2015-09-11 13:09:00,66,-66.0,0.45488197328,[[ 0.]],0.0,0.0,0.0
2015-09-11 13:24:00,65,-65.0,0.46103514382,[[ 0.]],0.0,0.0,0.0
2015-09-11 13:29:00,67,-67.0,0.469537733063,[[ 0.]],0.0,0.0,0.0
2015-09-11 13:39:00,67,-67.0,0.454421346063,[[ 0.]],0.0,0.0,0.0
2015-09-11 13:44:00,66,-66.0,0.486684448233,[[ 0.]],0.0,0.0,0.0
2015-09-11 13:49:00,69,-69.0,0.486868439242,[[ 0.]],0.0,0.0,0.0
2015-09-11 13:54:00,70,-70.0,0.489321883494,[[ 0.]],0.0,0.0,0.0
2015-09-11 14:04:00,65,-65.0,0.487001915701,[[ 0.]],0.0,0.0,0.0
2015-09-11 14:14:00,68,-68.0,0.480529842773,[[ 0.]],0.0,0.0,0.0
2015-09-11 14:19:00,68,-68.0,0.4827977227,[[ 0.]],0.0,0.0,0.0
2015-09-11 14:24:00,66,-66.0,0.482712142537,[[ 0.]],0.0,0.0,0.0
2015-09-11 14:29:00,67,-67.0,0.478286677741,[[ 0.]],0.0,0.0,0.0
2015-09-11 14:39:00,66,-66.0,0.480402688347,[[ 0.]],0.0,0.0,0.0
2015-09-11 14:44:00,67,-67.0,0.480388858462,[[ 0.]],0.0,0.0,0.0
2015-09-11 14:54:00,66,-66.0,0.480295568019,[[ 0.]],0.0,0.0,0.0
2015-09-11 14:59:00,65,-65.0,0.489093647417,[[ 0.]],0.0,0.0,0.0
2015-09-11 15:09:00,69,-69.0,0.491527060626,[[ 0.]],0.0,0.0,0.0
2015-09-11 15:14:00,69,-69.0,0.482715688725,[[ 0.]],0.0,0.0,0.0
2015-09-11 15:19:00,70,-70.0,0.478483872792,[[ 0.]],0.0,0.0,0.0
2015-09-11 15:24:00,67,-67.0,0.480720690208,[[ 0.]],0.0,0.0,0.0
2015-09-11 15:29:00,68,-68.0,0.476263887434,[[ 0.]],0.0,0.0,0.0
2015-09-11 15:34:00,64,-64.0,0.482836344153,[[ 0.]],-1.0,-2.0,-1.0
2015-09-11 15:39:00,66,-66.0,0.482751480027,[[ 0.]],0.0,0.0,0.0
2015-09-11 15:44:00,66,-66.0,0.484953301545,[[ 0.]],0.0,0.0,0.0
2015-09-11 15:49:00,62,-62.0,0.493770177301,[[ 0.]],0.0,0.0,0.0
2015-09-11 15:54:00,66,-66.0,0.491428685694,[[ 0.]],0.0,0.0,0.0
2015-09-11 15:59:00,60,-60.0,0.511549677311,[[ 0.]],0.0,0.0,0.0
2015-09-11 16:04:00,66,-66.0,0.518439882484,[[ 0.]],0.0,0.0,0.0
2015-09-11 16:09:00,68,-68.0,0.523214316881,[[ 0.]],0.0,0.0,0.0
2015-09-11 16:14:00,64,-64.0,0.529991029489,[[ 0.]],0.0,0.0,0.0
2015-09-11 16:19:00,66,-66.0,0.53467695267,[[ 0.]],0.0,0.0,0.0
2015-09-11 16:24:00,60,-60.0,0.543220607989,[[ 0.]],0.0,0.0,0.0
2015-09-11 16:29:00,70,-70.0,0.534356421095,[[ 0.]],0.0,0.0,0.0
2015-09-11 16:34:00,65,-65.0,0.536662743736,[[ 0.]],0.0,0.0,0.0
2015-09-11 16:39:00,59,-59.0,0.542726442537,[[ 0.]],0.0,0.0,0.0
2015-09-11 16:44:00,23,-23.0,0.601582164621,[[ 0.]],0.0,0.0,0.0
2015-09-11 16:49:00,52,-52.0,0.611331478903,[[ 0.]],0.0,0.0,0.0
2015-09-11 16:54:00,56,-56.0,0.625446086831,[[ 0.]],0.0,0.0,0.0
2015-09-11 16:59:00,67,-67.0,0.627440351414,[[ 0.]],0.0,0.0,0.0
2015-09-11 17:04:00,63,-63.0,0.629099987542,[[ 0.]],0.0,0.0,0.0
2015-09-11 17:09:00,61,-61.0,0.636641237075,[[ 0.]],0.0,0.0,0.0
2015-09-11 17:14:00,65,-65.0,0.629156220157,[[ 0.]],0.0,0.0,0.0
2015-09-11 17:19:00,63,-63.0,0.640227260167,[[ 0.]],0.0,0.0,0.0
2015-09-11 17:24:00,62,-62.0,0.64484440911,[[ 0.]],0.0,0.0,0.0
2015-09-11 17:29:00,66,-66.0,0.634313738524,[[ 0.]],0.0,0.0,0.0
2015-09-11 17:34:00,62,-62.0,0.571274930219,[[ 0.]],0.0,0.0,0.0
2015-09-11 17:39:00,70,-70.0,0.541729117736,[[ 0.]],0.0,0.0,0.0
2015-09-11 17:44:00,68,-68.0,0.521864833573,[[ 0.]],0.0,0.0,0.0
2015-09-11 17:49:00,69,-69.0,0.518705181694,[[ 0.]],0.0,0.0,0.0
2015-09-11 17:54:00,69,-69.0,0.508793099517,[[ 0.]],0.0,0.0,0.0
2015-09-11 17:59:00,69,-69.0,0.495458850463,[[ 0.]],0.0,0.0,0.0
2015-09-11 18:04:00,64,-64.0,0.497033563746,[[ 0.]],0.0,0.0,0.0
2015-09-11 18:09:00,68,-68.0,0.488644628344,[[ 0.]],0.0,0.0,0.0
2015-09-11 18:11:00,70,-70.0,0.475262977489,[[ 0.]],0.0,0.0,0.0
2015-09-11 18:16:00,65,-65.0,0.476836949126,[[ 0.]],0.0,0.0,0.0
2015-09-11 18:21:00,70,-70.0,0.463412736908,[[ 0.]],0.0,0.0,0.0
2015-09-11 18:26:00,67,-67.0,0.468468059844,[[ 0.]],0.0,0.0,0.0
2015-09-11 18:31:00,64,-64.0,0.475125323438,[[ 0.]],0.0,0.0,0.0
2015-09-11 18:36:00,67,-67.0,0.478536423209,[[ 0.]],0.0,0.0,0.0
2015-09-11 18:41:00,67,-67.0,0.481969103074,[[ 0.]],0.0,0.0,0.0
2015-09-11 18:51:00,68,-68.0,0.483752591639,[[ 0.]],0.0,0.0,0.0
2015-09-11 18:56:00,68,-68.0,0.476886149292,[[ 0.]],0.0,0.0,0.0
2015-09-11 19:01:00,68,-68.0,0.476928550234,[[ 0.]],0.0,0.0,0.0
2015-09-11 19:26:00,63,-63.0,0.488904806419,[[ 0.]],0.0,0.0,0.0
2015-09-11 19:41:00,62,-62.0,0.493911446464,[[ 0.]],0.0,0.0,0.0
2015-09-11 19:46:00,69,-69.0,0.495798674679,[[ 0.]],0.0,0.0,0.0
2015-09-11 20:01:00,61,-61.0,0.506009981317,[[ 0.]],0.0,0.0,0.0
2015-09-11 20:06:00,58,-58.0,0.515977268793,[[ 0.]],0.0,0.0,0.0
2015-09-11 20:16:00,61,-61.0,0.526114734566,[[ 0.]],0.0,0.0,0.0
2015-09-11 20:26:00,63,-63.0,0.532943410821,[[ 0.]],0.0,0.0,0.0
2015-09-11 20:36:00,62,-62.0,0.543163000936,[[ 0.]],0.0,0.0,0.0
2015-09-11 20:46:00,66,-66.0,0.546757520545,[[ 0.]],0.0,0.0,0.0
2015-09-11 20:51:00,65,-65.0,0.552047366089,[[ 0.]],0.0,0.0,0.0
2015-09-11 21:01:00,60,-60.0,0.556855194477,[[ 0.]],0.0,0.0,0.0
2015-09-11 21:21:00,64,-64.0,0.55342351744,[[ 0.]],0.0,0.0,0.0
2015-09-11 21:51:00,59,-59.0,0.570153580032,[[ 0.]],0.0,0.0,0.0
2015-09-11 21:56:00,56,-56.0,0.577512850999,[[ 0.]],0.0,0.0,0.0
2015-09-11 21:59:00,47,-47.0,0.591453904955,[[ 0.]],0.0,0.0,0.0
2015-09-11 22:16:00,60,-60.0,0.592689372236,[[ 0.]],0.0,0.0,0.0
2015-09-11 22:41:00,56,-56.0,0.602633633379,[[ 0.]],0.0,0.0,0.0
2015-09-11 23:41:00,57,-57.0,0.609500094988,[[ 0.]],0.0,0.0,0.0
2015-09-12 00:16:00,79,-79.0,0.588011823459,[[ 0.]],0.0,0.0,0.0
2015-09-12 00:46:00,62,-62.0,0.592643796966,[[ 0.]],0.0,0.0,0.0
2015-09-12 02:56:00,64,-64.0,0.586501639015,[[ 0.]],0.0,0.0,0.0
2015-09-12 03:41:00,58,-58.0,0.595194761186,[[ 0.]],0.0,0.0,0.0
2015-09-12 05:06:00,78,-78.0,0.564959272588,[[ 0.]],0.0,0.0,0.0
2015-09-12 06:51:00,75,-75.0,0.53529311204,[[ 0.]],0.0,0.0,0.0
2015-09-12 07:11:00,71,-71.0,0.497809232901,[[ 0.]],0.0,0.0,0.0
2015-09-12 07:41:00,70,-70.0,0.482250061611,[[ 0.]],0.0,0.0,0.0
2015-09-12 07:51:00,73,-73.0,0.456001796632,[[ 0.]],0.0,0.0,0.0
2015-09-12 08:01:00,70,-70.0,0.435897925969,[[ 0.]],0.0,0.0,0.0
2015-09-12 08:16:00,70,-70.0,0.450025050566,[[ 0.]],0.0,0.0,0.0
2015-09-12 08:46:00,80,-80.0,0.424079662893,[[ 0.]],0.0,0.0,0.0
2015-09-12 08:56:00,66,-66.0,0.420837662448,[[ 0.]],0.0,0.0,0.0
2015-09-12 09:16:00,68,-68.0,0.405594168701,[[ 0.]],0.0,0.0,0.0
2015-09-12 09:21:00,76,-76.0,0.409730594031,[[ 0.]],0.0,0.0,0.0
2015-09-12 09:26:00,66,-66.0,0.423076940577,[[ 0.]],0.0,0.0,0.0
2015-09-12 09:56:00,69,-69.0,0.426104810599,[[ 0.]],0.0,0.0,0.0
2015-09-12 10:06:00,69,-69.0,0.427623058766,[[ 0.]],0.0,0.0,0.0
2015-09-12 10:16:00,70,-70.0,0.432294871088,[[ 0.]],0.0,0.0,0.0
2015-09-12 10:46:00,72,-72.0,0.429558437944,[[ 0.]],0.0,0.0,0.0
2015-09-12 10:51:00,67,-67.0,0.434009302148,[[ 0.]],0.0,0.0,0.0
2015-09-12 10:56:00,71,-71.0,0.448034013345,[[ 0.]],0.0,0.0,0.0
2015-09-12 11:06:00,64,-64.0,0.45092305647,[[ 0.]],0.0,0.0,0.0
2015-09-12 11:31:00,67,-67.0,0.45238659557,[[ 0.]],0.0,0.0,0.0
2015-09-12 11:41:00,75,-75.0,0.454561014645,[[ 0.]],0.0,0.0,0.0
2015-09-12 11:46:00,68,-68.0,0.45144765911,[[ 0.]],0.0,0.0,0.0
2015-09-12 12:06:00,67,-67.0,0.454459774462,[[ 0.]],0.0,0.0,0.0
2015-09-12 12:11:00,71,-71.0,0.451555957151,[[ 0.]],0.0,0.0,0.0
2015-09-12 12:16:00,65,-65.0,0.459160695939,[[ 0.]],0.0,0.0,0.0
2015-09-12 12:26:00,67,-67.0,0.466900099357,[[ 0.]],0.0,0.0,0.0
2015-09-12 12:31:00,77,-77.0,0.452204273458,[[ 0.]],0.0,0.0,0.0
2015-09-12 12:36:00,67,-67.0,0.458307712071,[[ 0.]],0.0,0.0,0.0
2015-09-12 12:46:00,67,-67.0,0.453584603151,[[ 0.]],0.0,0.0,0.0
2015-09-12 12:51:00,68,-68.0,0.452003538099,[[ 0.]],0.0,0.0,0.0
2015-09-12 13:06:00,70,-70.0,0.459890384399,[[ 0.]],0.0,0.0,0.0
2015-09-12 13:11:00,67,-67.0,0.461387229466,[[ 0.]],0.0,0.0,0.0
2015-09-12 13:16:00,62,-62.0,0.469014400749,[[ 0.]],0.0,0.0,0.0
2015-09-12 13:21:00,67,-67.0,0.475257655251,[[ 0.]],0.0,0.0,0.0
2015-09-12 13:36:00,67,-67.0,0.472080084588,[[ 0.]],0.0,0.0,0.0
2015-09-12 13:41:00,65,-65.0,0.475125711804,[[ 0.]],0.0,0.0,0.0
2015-09-12 14:16:00,73,-73.0,0.481764713079,[[ 0.]],0.0,0.0,0.0
2015-09-12 14:21:00,69,-69.0,0.478687422729,[[ 0.]],0.0,0.0,0.0
2015-09-12 14:31:00,70,-70.0,0.474076035953,[[ 0.]],0.0,0.0,0.0
2015-09-12 14:41:00,70,-70.0,0.471038648388,[[ 0.]],0.0,0.0,0.0
2015-09-12 14:56:00,69,-69.0,0.472685935758,[[ 0.]],0.0,0.0,0.0
2015-09-12 15:01:00,72,-72.0,0.465031157485,[[ 0.]],0.0,0.0,0.0
2015-09-12 15:11:00,70,-70.0,0.452505100231,[[ 0.]],0.0,0.0,0.0
2015-09-12 15:16:00,64,-64.0,0.457066800139,[[ 0.]],0.0,0.0,0.0
2015-09-12 15:21:00,68,-68.0,0.455459438042,[[ 0.]],0.0,0.0,0.0
2015-09-12 15:31:00,66,-66.0,0.453752254256,[[ 0.]],0.0,0.0,0.0
2015-09-12 15:36:00,72,-72.0,0.455607464172,[[ 0.]],0.0,0.0,0.0
2015-09-12 15:41:00,71,-71.0,0.452611003489,[[ 0.]],0.0,0.0,0.0
2015-09-12 15:46:00,68,-68.0,0.455760549955,[[ 0.]],0.0,0.0,0.0
2015-09-12 15:51:00,66,-66.0,0.462030749806,[[ 0.]],0.0,0.0,0.0
2015-09-12 15:56:00,70,-70.0,0.460539186759,[[ 0.]],0.0,0.0,0.0
2015-09-12 16:01:00,68,-68.0,0.466939763248,[[ 0.]],0.0,0.0,0.0
2015-09-12 16:11:00,65,-65.0,0.474865261598,[[ 0.]],0.0,0.0,0.0
2015-09-12 16:16:00,72,-72.0,0.462247904291,[[ 0.]],0.0,0.0,0.0
2015-09-12 16:21:00,65,-65.0,0.46694379267,[[ 0.]],0.0,0.0,0.0
2015-09-12 16:31:00,71,-71.0,0.459071625306,[[ 0.]],0.0,0.0,0.0
2015-09-12 16:36:00,65,-65.0,0.470229917274,[[ 0.]],0.0,0.0,0.0
2015-09-12 16:41:00,64,-64.0,0.481430202525,[[ 0.]],0.0,0.0,0.0
2015-09-12 16:46:00,69,-69.0,0.479881850279,[[ 0.]],0.0,0.0,0.0
2015-09-12 16:51:00,68,-68.0,0.476652136157,[[ 0.]],0.0,0.0,0.0
2015-09-12 16:56:00,72,-72.0,0.473643525074,[[ 0.]],0.0,0.0,0.0
2015-09-12 17:01:00,71,-71.0,0.468946610148,[[ 0.]],0.0,0.0,0.0
2015-09-12 17:06:00,69,-69.0,0.46249675325,[[ 0.]],0.0,0.0,0.0
2015-09-12 17:21:00,71,-71.0,0.464295275849,[[ 0.]],0.0,0.0,0.0
2015-09-12 17:46:00,69,-69.0,0.457831192239,[[ 0.]],0.0,0.0,0.0
2015-09-12 18:21:00,73,-73.0,0.454926284255,[[ 0.]],0.0,0.0,0.0
2015-09-12 18:41:00,70,-70.0,0.446913742726,[[ 0.]],0.0,0.0,0.0
2015-09-12 19:01:00,68,-68.0,0.440384558454,[[ 0.]],0.0,0.0,0.0
2015-09-12 19:21:00,62,-62.0,0.451545584626,[[ 0.]],0.0,0.0,0.0
2015-09-12 19:26:00,69,-69.0,0.449939138214,[[ 0.]],0.0,0.0,0.0
2015-09-12 19:46:00,72,-72.0,0.450191314535,[[ 0.]],0.0,0.0,0.0
2015-09-12 19:51:00,65,-65.0,0.459826266722,[[ 0.]],0.0,0.0,0.0
2015-09-12 20:06:00,60,-60.0,0.474357458334,[[ 0.]],0.0,0.0,0.0
2015-09-12 20:31:00,62,-62.0,0.488932856166,[[ 0.]],0.0,0.0,0.0
2015-09-12 20:51:00,66,-66.0,0.493828630141,[[ 0.]],0.0,0.0,0.0
2015-09-12 21:21:00,68,-68.0,0.502121511116,[[ 0.]],0.0,0.0,0.0
2015-09-12 21:36:00,63,-63.0,0.513547829557,[[ 0.]],0.0,0.0,0.0
2015-09-12 21:51:00,70,-70.0,0.510398846311,[[ 0.]],0.0,0.0,0.0
2015-09-12 22:46:00,74,-74.0,0.490896567134,[[ 0.]],0.0,0.0,0.0
2015-09-12 23:01:00,62,-62.0,0.502259697915,[[ 0.]],0.0,0.0,0.0
2015-09-12 23:06:00,59,-59.0,0.523322859517,[[ 0.]],0.0,0.0,0.0
2015-09-12 23:31:00,59,-59.0,0.532792278702,[[ 0.]],0.0,0.0,0.0
2015-09-13 06:31:00,62,-62.0,0.529381260989,[[ 0.]],0.0,0.0,0.0
2015-09-13 07:51:00,70,-70.0,0.516442651727,[[ 0.]],0.0,0.0,0.0
2015-09-13 08:01:00,62,-62.0,0.522851175462,[[ 0.]],0.0,0.0,0.0
2015-09-13 08:26:00,67,-67.0,0.524570789685,[[ 0.]],0.0,0.0,0.0
2015-09-13 09:21:00,69,-69.0,0.514833579658,[[ 0.]],0.0,0.0,0.0
2015-09-13 09:26:00,72,-72.0,0.51174162737,[[ 0.]],0.0,0.0,0.0
2015-09-13 09:41:00,67,-67.0,0.523335061481,[[ 0.]],0.0,0.0,0.0
2015-09-13 10:06:00,69,-69.0,0.51191110348,[[ 0.]],0.0,0.0,0.0
2015-09-13 10:11:00,72,-72.0,0.490640140062,[[ 0.]],0.0,0.0,0.0
2015-09-13 10:16:00,65,-65.0,0.480646323135,[[ 0.]],0.0,0.0,0.0
2015-09-13 10:46:00,76,-76.0,0.458165757731,[[ 0.]],0.0,0.0,0.0
2015-09-13 10:51:00,67,-67.0,0.463019119767,[[ 0.]],0.0,0.0,0.0
2015-09-13 10:56:00,72,-72.0,0.44688347607,[[ 0.]],0.0,0.0,0.0
2015-09-13 11:06:00,70,-70.0,0.442062788513,[[ 0.]],0.0,0.0,0.0
2015-09-13 11:11:00,65,-65.0,0.448442367395,[[ 0.]],0.0,0.0,0.0
2015-09-13 11:26:00,71,-71.0,0.450235936621,[[ 0.]],0.0,0.0,0.0
2015-09-13 11:31:00,69,-69.0,0.446969310751,[[ 0.]],0.0,0.0,0.0
2015-09-13 11:46:00,64,-64.0,0.455022192693,[[ 0.]],0.0,0.0,0.0
2015-09-13 11:51:00,67,-67.0,0.463212262391,[[ 0.]],0.0,0.0,0.0
2015-09-13 11:56:00,69,-69.0,0.456626223217,[[ 0.]],0.0,0.0,0.0
2015-09-13 12:06:00,66,-66.0,0.473131007069,[[ 0.]],0.0,0.0,0.0
2015-09-13 12:21:00,73,-73.0,0.463459989246,[[ 0.]],0.0,0.0,0.0
2015-09-13 12:26:00,70,-70.0,0.466873447798,[[ 0.]],0.0,0.0,0.0
2015-09-13 12:31:00,66,-66.0,0.473449221947,[[ 0.]],0.0,0.0,0.0
2015-09-13 12:41:00,66,-66.0,0.471707721706,[[ 0.]],0.0,0.0,0.0
2015-09-13 12:53:00,66,-66.0,0.480003455259,[[ 0.]],0.0,0.0,0.0
2015-09-13 12:58:00,70,-70.0,0.478436586585,[[ 0.]],0.0,0.0,0.0
2015-09-13 13:03:00,67,-67.0,0.473373666823,[[ 0.]],0.0,0.0,0.0
2015-09-13 13:08:00,72,-72.0,0.465209865835,[[ 0.]],0.0,0.0,0.0
2015-09-13 13:13:00,69,-69.0,0.465248445892,[[ 0.]],0.0,0.0,0.0
2015-09-13 13:18:00,66,-66.0,0.465159419128,[[ 0.]],0.0,0.0,0.0
2015-09-13 13:23:00,68,-68.0,0.473578088329,[[ 0.]],0.0,0.0,0.0
2015-09-13 13:28:00,65,-65.0,0.481932348987,[[ 0.]],0.0,0.0,0.0
2015-09-13 13:38:00,67,-67.0,0.480219187193,[[ 0.]],0.0,0.0,0.0
2015-09-13 13:43:00,64,-64.0,0.483497561879,[[ 0.]],0.0,0.0,0.0
2015-09-13 13:53:00,66,-66.0,0.483447552389,[[ 0.]],0.0,0.0,0.0
2015-09-13 13:58:00,68,-68.0,0.4868846131,[[ 0.]],0.0,0.0,0.0
2015-09-13 14:13:00,68,-68.0,0.485206966272,[[ 0.]],0.0,0.0,0.0
2015-09-13 14:23:00,67,-67.0,0.493762794878,[[ 0.]],0.0,0.0,0.0
2015-09-13 14:28:00,59,-59.0,0.510602909898,[[ 0.]],0.0,0.0,0.0
2015-09-13 14:38:00,64,-64.0,0.513954722842,[[ 0.]],0.0,0.0,0.0
2015-09-13 14:48:00,67,-67.0,0.515718263748,[[ 0.]],0.0,0.0,0.0
2015-09-13 14:53:00,65,-65.0,0.515697596857,[[ 0.]],0.0,0.0,0.0
2015-09-13 15:13:00,67,-67.0,0.515750660907,[[ 0.]],0.0,0.0,0.0
2015-09-13 15:23:00,66,-66.0,0.512319427819,[[ 0.]],0.0,0.0,0.0
2015-09-13 15:28:00,68,-68.0,0.50894266025,[[ 0.]],0.0,0.0,0.0
2015-09-13 15:33:00,66,-66.0,0.512409285618,[[ 0.]],0.0,0.0,0.0
2015-09-13 15:38:00,72,-72.0,0.505677115433,[[ 0.]],0.0,0.0,0.0
2015-09-13 15:43:00,71,-71.0,0.498915710369,[[ 0.]],0.0,0.0,0.0
2015-09-13 15:48:00,69,-69.0,0.48167308752,[[ 0.]],0.0,0.0,0.0
2015-09-13 16:03:00,61,-61.0,0.486685444126,[[ 0.]],0.0,0.0,0.0
2015-09-13 16:08:00,67,-67.0,0.486678742293,[[ 0.]],0.0,0.0,0.0
2015-09-13 16:18:00,66,-66.0,0.48489772156,[[ 0.]],0.0,0.0,0.0
2015-09-13 16:28:00,74,-74.0,0.473084963187,[[ 0.]],0.0,0.0,0.0
2015-09-13 16:48:00,65,-65.0,0.474718477483,[[ 0.]],0.0,0.0,0.0
2015-09-13 16:53:00,69,-69.0,0.473035095686,[[ 0.]],0.0,0.0,0.0
2015-09-13 16:58:00,64,-64.0,0.476387587944,[[ 0.]],0.0,0.0,0.0
2015-09-13 17:03:00,67,-67.0,0.485081693366,[[ 0.]],0.0,0.0,0.0
2015-09-13 17:13:00,69,-69.0,0.488645954663,[[ 0.]],0.0,0.0,0.0
2015-09-13 17:18:00,62,-62.0,0.500730662385,[[ 0.]],0.0,0.0,0.0
2015-09-13 17:23:00,63,-63.0,0.497108486542,[[ 0.]],0.0,0.0,0.0
2015-09-13 17:43:00,73,-73.0,0.486857712325,[[ 0.]],0.0,0.0,0.0
2015-09-13 17:48:00,64,-64.0,0.490252457599,[[ 0.]],0.0,0.0,0.0
2015-09-13 17:53:00,67,-67.0,0.502529635992,[[ 0.]],0.0,0.0,0.0
2015-09-13 17:58:00,65,-65.0,0.502483762129,[[ 0.]],0.0,0.0,0.0
2015-09-13 18:08:00,67,-67.0,0.506029143484,[[ 0.]],0.0,0.0,0.0
2015-09-13 18:18:00,65,-65.0,0.504226001511,[[ 0.]],0.0,0.0,0.0
2015-09-13 18:23:00,74,-74.0,0.492167240005,[[ 0.]],0.0,0.0,0.0
2015-09-13 18:33:00,65,-65.0,0.499148715568,[[ 0.]],0.0,0.0,0.0
2015-09-13 18:38:00,70,-70.0,0.485169071671,[[ 0.]],0.0,0.0,0.0
2015-09-13 18:43:00,70,-70.0,0.472943045789,[[ 0.]],0.0,0.0,0.0
2015-09-13 18:48:00,69,-69.0,0.48004918316,[[ 0.]],0.0,0.0,0.0
2015-09-13 18:58:00,69,-69.0,0.47127677374,[[ 0.]],0.0,0.0,0.0
2015-09-13 19:08:00,63,-63.0,0.47820162139,[[ 0.]],0.0,0.0,0.0
2015-09-13 19:13:00,63,-63.0,0.481603388561,[[ 0.]],0.0,0.0,0.0
2015-09-13 19:33:00,65,-65.0,0.485069466718,[[ 0.]],0.0,0.0,0.0
2015-09-13 19:43:00,56,-56.0,0.500684595681,[[ 0.]],0.0,0.0,0.0
2015-09-13 19:48:00,69,-69.0,0.509598563537,[[ 0.]],0.0,0.0,0.0
2015-09-13 20:13:00,63,-63.0,0.513022119772,[[ 0.]],0.0,0.0,0.0
2015-09-13 20:33:00,66,-66.0,0.52010708194,[[ 0.]],0.0,0.0,0.0
2015-09-13 20:43:00,66,-66.0,0.527212743995,[[ 0.]],0.0,0.0,0.0
2015-09-13 20:48:00,64,-64.0,0.536021189941,[[ 0.]],0.0,0.0,0.0
2015-09-13 21:08:00,68,-68.0,0.537907630957,[[ 0.]],0.0,0.0,0.0
2015-09-13 21:28:00,55,-55.0,0.551193711864,[[ 0.]],0.0,0.0,0.0
2015-09-13 22:48:00,75,-75.0,0.530309170676,[[ 0.]],0.0,0.0,0.0
2015-09-13 22:53:00,69,-69.0,0.523421238441,[[ 0.]],0.0,0.0,0.0
2015-09-13 23:33:00,62,-62.0,0.512740781213,[[ 0.]],0.0,0.0,0.0
2015-09-14 00:33:00,68,-68.0,0.514575274182,[[ 0.]],0.0,0.0,0.0
2015-09-14 05:53:00,66,-66.0,0.509297257593,[[ 0.]],0.0,0.0,0.0
2015-09-14 06:18:00,66,-66.0,0.509300462948,[[ 0.]],0.0,0.0,0.0
2015-09-14 06:28:00,75,-75.0,0.493704233233,[[ 0.]],0.0,0.0,0.0
2015-09-14 06:48:00,65,-65.0,0.49188235292,[[ 0.]],0.0,0.0,0.0
2015-09-14 06:53:00,68,-68.0,0.491920581128,[[ 0.]],0.0,0.0,0.0
2015-09-14 06:58:00,71,-71.0,0.463853753422,[[ 0.]],0.0,0.0,0.0
2015-09-14 07:08:00,69,-69.0,0.474471655823,[[ 0.]],0.0,0.0,0.0
2015-09-14 07:28:00,67,-67.0,0.477980687378,[[ 0.]],0.0,0.0,0.0
2015-09-14 07:33:00,68,-68.0,0.467368883512,[[ 0.]],0.0,0.0,0.0
2015-09-14 07:38:00,67,-67.0,0.469099538494,[[ 0.]],0.0,0.0,0.0
2015-09-14 07:48:00,71,-71.0,0.460385556474,[[ 0.]],0.0,0.0,0.0
2015-09-14 07:58:00,67,-67.0,0.458557610476,[[ 0.]],0.0,0.0,0.0
2015-09-14 08:13:00,65,-65.0,0.476228924992,[[ 0.]],0.0,0.0,0.0
2015-09-14 08:28:00,66,-66.0,0.474384961363,[[ 0.]],0.0,0.0,0.0
2015-09-14 08:33:00,64,-64.0,0.481420818674,[[ 0.]],0.0,0.0,0.0
2015-09-14 08:48:00,60,-60.0,0.500897228529,[[ 0.]],0.0,0.0,0.0
2015-09-14 08:53:00,69,-69.0,0.500982465676,[[ 0.]],0.0,0.0,0.0
2015-09-14 09:03:00,66,-66.0,0.50276270616,[[ 0.]],0.0,0.0,0.0
2015-09-14 09:08:00,73,-73.0,0.49402115968,[[ 0.]],0.0,0.0,0.0
2015-09-14 09:13:00,70,-70.0,0.488757934751,[[ 0.]],0.0,0.0,0.0
2015-09-14 09:23:00,72,-72.0,0.487156541064,[[ 0.]],0.0,0.0,0.0
2015-09-14 09:28:00,62,-62.0,0.495960525269,[[ 0.]],0.0,0.0,0.0
2015-09-14 09:33:00,70,-70.0,0.487112334996,[[ 0.]],0.0,0.0,0.0
2015-09-14 09:38:00,69,-69.0,0.481797501747,[[ 0.]],0.0,0.0,0.0
2015-09-14 09:43:00,69,-69.0,0.472884853497,[[ 0.]],0.0,0.0,0.0
2015-09-14 09:48:00,69,-69.0,0.456800228298,[[ 0.]],0.0,0.0,0.0
2015-09-14 09:53:00,71,-71.0,0.453362627032,[[ 0.]],0.0,0.0,0.0
2015-09-14 09:58:00,68,-68.0,0.449756883147,[[ 0.]],0.0,0.0,0.0
2015-09-14 10:13:00,63,-63.0,0.467545783916,[[ 0.]],0.0,0.0,0.0
2015-09-14 10:18:00,68,-68.0,0.471145353864,[[ 0.]],0.0,0.0,0.0
2015-09-14 10:23:00,68,-68.0,0.478372541682,[[ 0.]],0.0,0.0,0.0
2015-09-14 10:28:00,66,-66.0,0.471079907643,[[ 0.]],0.0,0.0,0.0
2015-09-14 10:33:00,70,-70.0,0.471170089005,[[ 0.]],0.0,0.0,0.0
2015-09-14 10:43:00,70,-70.0,0.469448960666,[[ 0.]],0.0,0.0,0.0
2015-09-14 10:48:00,65,-65.0,0.476610211274,[[ 0.]],0.0,0.0,0.0
2015-09-14 11:03:00,74,-74.0,0.467867937471,[[ 0.]],0.0,0.0,0.0
2015-09-14 11:13:00,67,-67.0,0.475076539202,[[ 0.]],0.0,0.0,0.0
2015-09-14 11:18:00,64,-64.0,0.482230952224,[[ 0.]],0.0,0.0,0.0
2015-09-14 11:23:00,70,-70.0,0.46960628038,[[ 0.]],0.0,0.0,0.0
2015-09-14 11:28:00,70,-70.0,0.46606067777,[[ 0.]],0.0,0.0,0.0
2015-09-14 11:33:00,66,-66.0,0.469623578781,[[ 0.]],0.0,0.0,0.0
2015-09-14 11:43:00,67,-67.0,0.46776253152,[[ 0.]],0.0,0.0,0.0
2015-09-14 12:03:00,63,-63.0,0.480407760974,[[ 0.]],0.0,0.0,0.0
2015-09-14 12:08:00,70,-70.0,0.480503747911,[[ 0.]],0.0,0.0,0.0
2015-09-14 12:13:00,63,-63.0,0.484037932967,[[ 0.]],0.0,0.0,0.0
2015-09-14 12:23:00,71,-71.0,0.489675250053,[[ 0.]],0.0,0.0,0.0
2015-09-14 12:28:00,62,-62.0,0.498694593802,[[ 0.]],0.0,0.0,0.0
2015-09-14 12:38:00,67,-67.0,0.493198248198,[[ 0.]],0.0,0.0,0.0
2015-09-14 12:43:00,68,-68.0,0.496913072882,[[ 0.]],0.0,0.0,0.0
2015-09-14 12:48:00,73,-73.0,0.491615535177,[[ 0.]],0.0,0.0,0.0
2015-09-14 12:53:00,67,-67.0,0.489776590235,[[ 0.]],0.0,0.0,0.0
2015-09-14 13:15:00,65,-65.0,0.493395626079,[[ 0.]],0.0,0.0,0.0
2015-09-14 13:20:00,63,-63.0,0.493278051744,[[ 0.]],0.0,0.0,0.0
2015-09-14 13:25:00,72,-72.0,0.489771696762,[[ 0.]],0.0,0.0,0.0
2015-09-14 13:35:00,65,-65.0,0.486017891352,[[ 0.]],0.0,0.0,0.0
2015-09-14 13:40:00,64,-64.0,0.49885079401,[[ 0.]],0.0,0.0,0.0
2015-09-14 13:45:00,71,-71.0,0.482366959444,[[ 0.]],0.0,0.0,0.0
2015-09-14 13:50:00,66,-66.0,0.484169243306,[[ 0.]],0.0,0.0,0.0
2015-09-14 13:55:00,59,-59.0,0.500583725492,[[ 0.]],0.0,0.0,0.0
2015-09-14 14:15:00,57,-57.0,0.529627811577,[[ 0.]],0.0,0.0,0.0
2015-09-14 14:20:00,66,-66.0,0.531495070877,[[ 0.]],0.0,0.0,0.0
2015-09-14 14:25:00,71,-71.0,0.520628043609,[[ 0.]],0.0,0.0,0.0
2015-09-14 14:35:00,69,-69.0,0.509690578626,[[ 0.]],0.0,0.0,0.0
2015-09-14 14:40:00,67,-67.0,0.518937930769,[[ 0.]],0.0,0.0,0.0
2015-09-14 14:45:00,66,-66.0,0.51710745056,[[ 0.]],0.0,0.0,0.0
2015-09-14 14:50:00,67,-67.0,0.511602531917,[[ 0.]],0.0,0.0,0.0
2015-09-14 14:55:00,65,-65.0,0.522682403708,[[ 0.]],0.0,0.0,0.0
2015-09-14 15:00:00,70,-70.0,0.515396851408,[[ 0.]],0.0,0.0,0.0
2015-09-14 15:10:00,66,-66.0,0.502404336561,[[ 0.]],0.0,0.0,0.0
2015-09-14 15:15:00,66,-66.0,0.485646001924,[[ 0.]],0.0,0.0,0.0
2015-09-14 15:20:00,61,-61.0,0.49477936526,[[ 0.]],0.0,0.0,0.0
2015-09-14 15:30:00,68,-68.0,0.500404884123,[[ 0.]],0.0,0.0,0.0
2015-09-14 15:35:00,69,-69.0,0.500482515449,[[ 0.]],0.0,0.0,0.0
2015-09-14 15:40:00,63,-63.0,0.507836675202,[[ 0.]],0.0,0.0,0.0
2015-09-14 15:50:00,67,-67.0,0.50599573089,[[ 0.]],0.0,0.0,0.0
2015-09-14 15:55:00,66,-66.0,0.507861243457,[[ 0.]],0.0,0.0,0.0
2015-09-14 16:00:00,65,-65.0,0.507825634721,[[ 0.]],0.0,0.0,0.0
2015-09-14 16:05:00,67,-67.0,0.513485379031,[[ 0.]],0.0,0.0,0.0
2015-09-14 16:20:00,65,-65.0,0.515337641677,[[ 0.]],0.0,0.0,0.0
2015-09-14 16:25:00,66,-66.0,0.515346643515,[[ 0.]],0.0,0.0,0.0
2015-09-14 16:30:00,65,-65.0,0.507779026972,[[ 0.]],0.0,0.0,0.0
2015-09-14 16:35:00,64,-64.0,0.515261877704,[[ 0.]],0.0,0.0,0.0
2015-09-14 16:40:00,66,-66.0,0.520940548634,[[ 0.]],0.0,0.0,0.0
2015-09-14 16:45:00,62,-62.0,0.522691404854,[[ 0.]],0.0,0.0,0.0
2015-09-14 16:50:00,65,-65.0,0.526460439511,[[ 0.]],0.0,0.0,0.0
2015-09-14 16:55:00,67,-67.0,0.524624806879,[[ 0.]],0.0,0.0,0.0
2015-09-14 17:00:00,59,-59.0,0.535650301992,[[ 0.]],0.0,0.0,0.0
2015-09-14 17:05:00,36,-36.0,0.586620527497,[[ 0.]],0.0,0.0,0.0
2015-09-14 17:10:00,21,-21.0,0.639844098903,[[ 0.]],0.0,0.0,0.0
2015-09-14 17:15:00,52,-52.0,0.65787184805,[[ 0.]],0.0,0.0,0.0
2015-09-14 17:20:00,60,-60.0,0.664586410556,[[ 0.]],0.0,0.0,0.0
2015-09-14 17:25:00,51,-51.0,0.67999647174,[[ 0.]],0.0,0.0,0.0
2015-09-14 17:30:00,68,-68.0,0.677570356721,[[ 0.]],0.0,0.0,0.0
2015-09-14 17:35:00,60,-60.0,0.680002645553,[[ 0.]],0.0,0.0,0.0
2015-09-14 17:40:00,42,-42.0,0.703577871874,[[ 0.]],0.0,0.0,0.0
2015-09-14 17:45:00,65,-65.0,0.706353703349,[[ 0.]],0.0,0.0,0.0
2015-09-14 17:50:00,59,-59.0,0.705931626663,[[ 0.]],0.0,0.0,0.0
2015-09-14 17:55:00,69,-69.0,0.663413612179,[[ 0.]],0.0,0.0,0.0
2015-09-14 18:00:00,68,-68.0,0.598935075155,[[ 0.]],0.0,0.0,0.0
2015-09-14 18:05:00,66,-66.0,0.579137847213,[[ 0.]],0.0,0.0,0.0
2015-09-14 18:10:00,66,-66.0,0.570629128132,[[ 0.]],0.0,0.0,0.0
2015-09-14 18:20:00,66,-66.0,0.548992948569,[[ 0.]],0.0,0.0,0.0
2015-09-14 18:25:00,68,-68.0,0.549102373761,[[ 0.]],0.0,0.0,0.0
2015-09-14 18:30:00,67,-67.0,0.538965236695,[[ 0.]],0.0,0.0,0.0
2015-09-14 18:35:00,67,-67.0,0.502285070019,[[ 0.]],0.0,0.0,0.0
2015-09-14 18:45:00,65,-65.0,0.502259187448,[[ 0.]],0.0,0.0,0.0
2015-09-14 18:50:00,66,-66.0,0.491916010076,[[ 0.]],0.0,0.0,0.0
2015-09-14 19:01:00,68,-68.0,0.493424610334,[[ 0.]],0.0,0.0,0.0
2015-09-14 19:05:00,68,-68.0,0.493456104079,[[ 0.]],0.0,0.0,0.0
2015-09-14 19:15:00,66,-66.0,0.493439800518,[[ 0.]],0.0,0.0,0.0
2015-09-14 19:20:00,69,-69.0,0.489040925063,[[ 0.]],0.0,0.0,0.0
2015-09-14 19:30:00,64,-64.0,0.491948184304,[[ 0.]],0.0,0.0,0.0
2015-09-14 19:35:00,68,-68.0,0.491977573611,[[ 0.]],0.0,0.0,0.0
2015-09-14 19:45:00,65,-65.0,0.494919240997,[[ 0.]],0.0,0.0,0.0
2015-09-14 20:00:00,65,-65.0,0.497869959808,[[ 0.]],0.0,0.0,0.0
2015-09-14 20:10:00,66,-66.0,0.496364529918,[[ 0.]],0.0,0.0,0.0
2015-09-14 20:15:00,58,-58.0,0.508121427659,[[ 0.]],0.0,0.0,0.0
2015-09-14 20:20:00,71,-71.0,0.503755404841,[[ 0.]],0.0,0.0,0.0
2015-09-14 20:25:00,61,-61.0,0.514080698414,[[ 0.]],0.0,0.0,0.0
2015-09-14 20:30:00,72,-72.0,0.505257516511,[[ 0.]],0.0,0.0,0.0
2015-09-14 20:35:00,64,-64.0,0.5126809263,[[ 0.]],0.0,0.0,0.0
2015-09-14 20:40:00,64,-64.0,0.512644916524,[[ 0.]],0.0,0.0,0.0
2015-09-14 20:45:00,67,-67.0,0.514178864094,[[ 0.]],0.0,0.0,0.0
2015-09-14 20:50:00,65,-65.0,0.514170670895,[[ 0.]],0.0,0.0,0.0
2015-09-14 21:30:00,65,-65.0,0.514162483065,[[ 0.]],0.0,0.0,0.0
2015-09-14 21:35:00,65,-65.0,0.515658065077,[[ 0.]],0.0,0.0,0.0
2015-09-14 21:45:00,74,-74.0,0.491780377496,[[ 0.]],0.0,0.0,0.0
2015-09-14 22:06:00,61,-61.0,0.506677485617,[[ 0.]],0.0,0.0,0.0
2015-09-14 22:21:00,60,-60.0,0.508030179969,[[ 0.]],0.0,0.0,0.0
2015-09-14 22:30:00,64,-64.0,0.520001968463,[[ 0.]],0.0,0.0,0.0
2015-09-14 22:40:00,66,-66.0,0.517020533436,[[ 0.]],0.0,0.0,0.0
2015-09-14 22:45:00,66,-66.0,0.514029008299,[[ 0.]],0.0,0.0,0.0
2015-09-14 22:50:00,70,-70.0,0.509602394061,[[ 0.]],0.0,0.0,0.0
2015-09-15 03:45:00,62,-62.0,0.514035194245,[[ 0.]],0.0,0.0,0.0
2015-09-15 04:10:00,64,-64.0,0.51551130863,[[ 0.]],0.0,0.0,0.0
2015-09-15 04:31:00,61,-61.0,0.521427889653,[[ 0.]],0.0,0.0,0.0
2015-09-15 04:55:00,90,-90.0,0.49787331085,[[ 0.]],0.0,0.0,0.0
2015-09-15 05:26:00,60,-60.0,0.499201453595,[[ 0.]],0.0,0.0,0.0
2015-09-15 05:31:00,66,-66.0,0.49039413185,[[ 0.]],0.0,0.0,0.0
2015-09-15 05:41:00,63,-63.0,0.491781677421,[[ 0.]],0.0,0.0,0.0
2015-09-15 05:46:00,76,-76.0,0.477409846449,[[ 0.]],0.0,0.0,0.0
2015-09-15 05:51:00,56,-56.0,0.491836674397,[[ 0.]],0.0,0.0,0.0
2015-09-15 06:05:00,72,-72.0,0.489053147474,[[ 0.]],0.0,0.0,0.0
2015-09-15 06:45:00,66,-66.0,0.483201780869,[[ 0.]],0.0,0.0,0.0
2015-09-15 07:06:00,67,-67.0,0.478817271696,[[ 0.]],0.0,0.0,0.0
2015-09-15 07:11:00,63,-63.0,0.475808544574,[[ 0.]],0.0,0.0,0.0
2015-09-15 07:16:00,67,-67.0,0.509443805597,[[ 0.]],0.0,0.0,0.0
2015-09-15 07:21:00,70,-70.0,0.494883663365,[[ 0.]],0.0,0.0,0.0
2015-09-15 07:26:00,70,-70.0,0.489098601101,[[ 0.]],0.0,0.0,0.0
2015-09-15 07:31:00,71,-71.0,0.477478220221,[[ 0.]],0.0,0.0,0.0
2015-09-15 07:46:00,62,-62.0,0.497902284254,[[ 0.]],0.0,0.0,0.0
2015-09-15 07:51:00,69,-69.0,0.478876552809,[[ 0.]],0.0,0.0,0.0
2015-09-15 07:56:00,67,-67.0,0.486208873164,[[ 0.]],0.0,0.0,0.0
2015-09-15 08:11:00,66,-66.0,0.486182946704,[[ 0.]],0.0,0.0,0.0
2015-09-15 08:21:00,65,-65.0,0.489085082296,[[ 0.]],0.0,0.0,0.0
2015-09-15 08:26:00,61,-61.0,0.491920761987,[[ 0.]],0.0,0.0,0.0
2015-09-15 08:31:00,68,-68.0,0.49047153006,[[ 0.]],0.0,0.0,0.0
2015-09-15 08:41:00,66,-66.0,0.496367353232,[[ 0.]],0.0,0.0,0.0
2015-09-15 08:46:00,67,-67.0,0.500821656154,[[ 0.]],0.0,0.0,0.0
2015-09-15 08:51:00,66,-66.0,0.508233251768,[[ 0.]],0.0,0.0,0.0
2015-09-15 08:56:00,66,-66.0,0.502298447673,[[ 0.]],0.0,0.0,0.0
2015-09-15 09:01:00,70,-70.0,0.500894487274,[[ 0.]],0.0,0.0,0.0
2015-09-15 09:06:00,71,-71.0,0.495049727208,[[ 0.]],0.0,0.0,0.0
2015-09-15 09:16:00,65,-65.0,0.496504424695,[[ 0.]],0.0,0.0,0.0
2015-09-15 09:21:00,63,-63.0,0.499411262517,[[ 0.]],0.0,0.0,0.0
2015-09-15 09:31:00,63,-63.0,0.496357574096,[[ 0.]],0.0,0.0,0.0
2015-09-15 09:36:00,63,-63.0,0.503748043595,[[ 0.]],0.0,0.0,0.0
2015-09-15 09:41:00,62,-62.0,0.50963133968,[[ 0.]],0.0,0.0,0.0
2015-09-15 09:46:00,65,-65.0,0.512607467836,[[ 0.]],0.0,0.0,0.0
2015-09-15 09:51:00,61,-61.0,0.519965247694,[[ 0.]],0.0,0.0,0.0
2015-09-15 10:01:00,72,-72.0,0.511119291409,[[ 0.]],0.0,0.0,0.0
2015-09-15 10:16:00,67,-67.0,0.51563960344,[[ 0.]],0.0,0.0,0.0
2015-09-15 10:26:00,66,-66.0,0.523143506013,[[ 0.]],0.0,0.0,0.0
2015-09-15 10:31:00,74,-74.0,0.509811575808,[[ 0.]],0.0,0.0,0.0
2015-09-15 10:36:00,66,-66.0,0.505325117286,[[ 0.]],0.0,0.0,0.0
2015-09-15 10:41:00,70,-70.0,0.494911701513,[[ 0.]],0.0,0.0,0.0
2015-09-15 10:46:00,67,-67.0,0.488914855298,[[ 0.]],0.0,0.0,0.0
2015-09-15 11:06:00,68,-68.0,0.47992345711,[[ 0.]],0.0,0.0,0.0
2015-09-15 11:11:00,66,-66.0,0.47838573246,[[ 0.]],0.0,0.0,0.0
2015-09-15 11:16:00,65,-65.0,0.472310651232,[[ 0.]],0.0,0.0,0.0
2015-09-15 11:21:00,60,-60.0,0.490255273713,[[ 0.]],0.0,0.0,0.0
2015-09-15 11:31:00,66,-66.0,0.491744587658,[[ 0.]],0.0,0.0,0.0
2015-09-15 11:36:00,67,-67.0,0.490238553717,[[ 0.]],0.0,0.0,0.0
2015-09-15 11:41:00,66,-66.0,0.502322842534,[[ 0.]],0.0,0.0,0.0
2015-09-15 11:46:00,67,-67.0,0.500826826204,[[ 0.]],0.0,0.0,0.0
2015-09-15 11:51:00,66,-66.0,0.506891277391,[[ 0.]],0.0,0.0,0.0
2015-09-15 11:56:00,67,-67.0,0.506916640252,[[ 0.]],0.0,0.0,0.0
2015-09-15 12:06:00,69,-69.0,0.505461329821,[[ 0.]],0.0,0.0,0.0
2015-09-15 12:11:00,69,-69.0,0.500958146952,[[ 0.]],0.0,0.0,0.0
2015-09-15 12:16:00,71,-71.0,0.491923443737,[[ 0.]],0.0,0.0,0.0
2015-09-15 12:21:00,64,-64.0,0.485770964512,[[ 0.]],0.0,0.0,0.0
2015-09-15 12:26:00,69,-69.0,0.481240996924,[[ 0.]],0.0,0.0,0.0
2015-09-15 12:31:00,68,-68.0,0.479728612484,[[ 0.]],0.0,0.0,0.0
2015-09-15 12:36:00,67,-67.0,0.47818869,[[ 0.]],0.0,0.0,0.0
2015-09-15 12:41:00,66,-66.0,0.479682577152,[[ 0.]],0.0,0.0,0.0
2015-09-15 12:46:00,68,-68.0,0.476631106137,[[ 0.]],0.0,0.0,0.0
2015-09-15 12:51:00,72,-72.0,0.469111685022,[[ 0.]],0.0,0.0,0.0
2015-09-15 12:56:00,66,-66.0,0.473657656602,[[ 0.]],0.0,0.0,0.0
2015-09-15 13:01:00,62,-62.0,0.484293645483,[[ 0.]],0.0,0.0,0.0
2015-09-15 13:06:00,71,-71.0,0.484390433782,[[ 0.]],0.0,0.0,0.0
2015-09-15 13:11:00,74,-74.0,0.469270705701,[[ 0.]],0.0,0.0,0.0
2015-09-15 13:16:00,65,-65.0,0.475331652911,[[ 0.]],0.0,0.0,0.0
2015-09-15 13:21:00,61,-61.0,0.485958257352,[[ 0.]],0.0,0.0,0.0
2015-09-15 13:26:00,63,-63.0,0.492022288849,[[ 0.]],-1.0,-2.0,-1.0
2015-09-15 13:31:00,66,-66.0,0.492005484822,[[ 0.]],0.0,0.0,0.0
2015-09-15 13:36:00,63,-63.0,0.499629717961,[[ 0.]],0.0,0.0,0.0
2015-09-15 13:41:00,60,-60.0,0.517959525913,[[ 0.]],0.0,0.0,0.0
2015-09-15 13:46:00,59,-59.0,0.528521287376,[[ 0.]],0.0,0.0,0.0
2015-09-15 13:51:00,60,-60.0,0.531434083652,[[ 0.]],0.0,0.0,0.0
2015-09-15 13:54:00,56,-56.0,0.553900479515,[[ 0.]],0.0,0.0,0.0
2015-09-15 13:59:00,49,-49.0,0.589892621253,[[ 0.]],0.0,0.0,0.0
2015-09-15 14:04:00,43,-43.0,0.618427067836,[[ 0.]],0.0,0.0,0.0
2015-09-15 14:09:00,59,-59.0,0.620954454012,[[ 0.]],0.0,0.0,0.0
2015-09-15 14:14:00,51,-51.0,0.636035658943,[[ 0.]],0.0,0.0,0.0
2015-09-15 14:19:00,42,-42.0,0.663703267294,[[ 0.]],0.0,0.0,0.0
2015-09-15 14:24:00,25,-25.0,0.696566429056,[[ 0.]],0.0,0.0,0.0
2015-09-15 14:29:00,10,-10.0,0.723949623435,[[ 0.]],0.0,0.0,0.0
2015-09-15 14:34:00,8,-8.0,0.743812954182,[[ 0.]],0.0,0.0,0.0
2015-09-15 14:39:00,46,-46.0,0.752356639752,[[ 0.]],0.0,0.0,0.0
2015-09-15 14:44:00,65,-65.0,0.745378177773,[[ 0.]],0.0,0.0,0.0
2015-09-15 14:49:00,68,-68.0,0.729973260949,[[ 0.]],0.0,0.0,0.0
2015-09-15 14:54:00,67,-67.0,0.709757804921,[[ 0.]],0.0,0.0,0.0
2015-09-15 14:59:00,64,-64.0,0.705603320574,[[ 0.]],0.0,0.0,0.0
2015-09-15 15:04:00,67,-67.0,0.691683845417,[[ 0.]],0.0,0.0,0.0
2015-09-15 15:09:00,62,-62.0,0.673644926152,[[ 0.]],0.0,0.0,0.0
2015-09-15 15:14:00,66,-66.0,0.635367106491,[[ 0.]],0.0,0.0,0.0
2015-09-15 15:24:00,68,-68.0,0.578703102708,[[ 0.]],0.0,0.0,0.0
2015-09-15 15:34:00,65,-65.0,0.521198973471,[[ 0.]],0.0,0.0,0.0
2015-09-15 15:39:00,65,-65.0,0.501831800434,[[ 0.]],0.0,0.0,0.0
2015-09-15 15:44:00,68,-68.0,0.498797005469,[[ 0.]],0.0,0.0,0.0
2015-09-15 15:49:00,66,-66.0,0.500843448106,[[ 0.]],0.0,0.0,0.0
2015-09-15 15:54:00,64,-64.0,0.50389231185,[[ 0.]],0.0,0.0,0.0
2015-09-15 15:59:00,64,-64.0,0.503871577112,[[ 0.]],0.0,0.0,0.0
2015-09-15 16:04:00,63,-63.0,0.507943229389,[[ 0.]],0.0,0.0,0.0
2015-09-15 16:09:00,63,-63.0,0.506885024228,[[ 0.]],0.0,0.0,0.0
2015-09-15 16:14:00,67,-67.0,0.505880051766,[[ 0.]],0.0,0.0,0.0
2015-09-15 16:19:00,63,-63.0,0.510997065249,[[ 0.]],0.0,0.0,0.0
2015-09-15 16:24:00,66,-66.0,0.50998208521,[[ 0.]],0.0,0.0,0.0
2015-09-15 16:29:00,67,-67.0,0.507944857129,[[ 0.]],0.0,0.0,0.0
2015-09-15 16:34:00,65,-65.0,0.511044885727,[[ 0.]],0.0,0.0,0.0
2015-09-15 16:39:00,65,-65.0,0.512082347703,[[ 0.]],0.0,0.0,0.0
2015-09-15 16:44:00,64,-64.0,0.512071480111,[[ 0.]],0.0,0.0,0.0
2015-09-15 16:49:00,69,-69.0,0.506938425751,[[ 0.]],0.0,0.0,0.0
2015-09-15 16:54:00,65,-65.0,0.504857708693,[[ 0.]],0.0,0.0,0.0
2015-09-15 16:59:00,65,-65.0,0.502771568415,[[ 0.]],0.0,0.0,0.0
2015-09-15 17:04:00,62,-62.0,0.50792702824,[[ 0.]],0.0,0.0,0.0
2015-09-15 17:09:00,57,-57.0,0.514033383313,[[ 0.]],0.0,0.0,0.0
2015-09-15 17:14:00,52,-52.0,0.528237642247,[[ 0.]],0.0,0.0,0.0
2015-09-15 17:19:00,51,-51.0,0.544254383277,[[ 0.]],0.0,0.0,0.0
2015-09-15 17:24:00,62,-62.0,0.547306460202,[[ 0.]],0.0,0.0,0.0
2015-09-15 17:29:00,59,-59.0,0.553328748267,[[ 0.]],0.0,0.0,0.0
2015-09-15 17:39:00,68,-68.0,0.549331799446,[[ 0.]],0.0,0.0,0.0
2015-09-15 17:44:00,64,-64.0,0.554477913218,[[ 0.]],0.0,0.0,0.0
2015-09-15 17:49:00,65,-65.0,0.554535773581,[[ 0.]],0.0,0.0,0.0
2015-09-15 17:54:00,66,-66.0,0.553583563705,[[ 0.]],0.0,0.0,0.0
2015-09-15 17:59:00,67,-67.0,0.548532264305,[[ 0.]],0.0,0.0,0.0
2015-09-15 18:04:00,63,-63.0,0.542368516278,[[ 0.]],0.0,0.0,0.0
2015-09-15 18:14:00,59,-59.0,0.535051830768,[[ 0.]],0.0,0.0,0.0
2015-09-15 18:19:00,68,-68.0,0.517530793887,[[ 0.]],0.0,0.0,0.0
2015-09-15 18:24:00,66,-66.0,0.513405732681,[[ 0.]],0.0,0.0,0.0
2015-09-15 18:29:00,66,-66.0,0.506150372384,[[ 0.]],0.0,0.0,0.0
2015-09-15 18:34:00,65,-65.0,0.509269811919,[[ 0.]],0.0,0.0,0.0
2015-09-15 18:39:00,64,-64.0,0.509256944936,[[ 0.]],0.0,0.0,0.0
2015-09-15 18:44:00,70,-70.0,0.504105335601,[[ 0.]],0.0,0.0,0.0
2015-09-15 18:49:00,67,-67.0,0.503082177321,[[ 0.]],0.0,0.0,0.0
2015-09-15 18:54:00,63,-63.0,0.507228716634,[[ 0.]],0.0,0.0,0.0
2015-09-15 19:04:00,64,-64.0,0.506167203705,[[ 0.]],0.0,0.0,0.0
2015-09-15 19:09:00,65,-65.0,0.499878606407,[[ 0.]],0.0,0.0,0.0
2015-09-15 19:14:00,64,-64.0,0.504050353942,[[ 0.]],0.0,0.0,0.0
2015-09-15 19:19:00,60,-60.0,0.510267933767,[[ 0.]],0.0,0.0,0.0
2015-09-15 19:24:00,65,-65.0,0.511320322626,[[ 0.]],0.0,0.0,0.0
2015-09-15 19:29:00,69,-69.0,0.507169020289,[[ 0.]],0.0,0.0,0.0
2015-09-15 19:34:00,63,-63.0,0.508191693043,[[ 0.]],0.0,0.0,0.0
2015-09-15 19:39:00,59,-59.0,0.519665813787,[[ 0.]],0.0,0.0,0.0
2015-09-15 19:44:00,69,-69.0,0.517622286871,[[ 0.]],0.0,0.0,0.0
2015-09-15 19:49:00,60,-60.0,0.520705114277,[[ 0.]],0.0,0.0,0.0
2015-09-15 19:54:00,60,-60.0,0.524839269423,[[ 0.]],0.0,0.0,0.0
2015-09-15 19:59:00,59,-59.0,0.531047537752,[[ 0.]],0.0,0.0,0.0
2015-09-15 20:09:00,62,-62.0,0.533123793225,[[ 0.]],0.0,0.0,0.0
2015-09-15 20:14:00,61,-61.0,0.532027626744,[[ 0.]],0.0,0.0,0.0
2015-09-15 20:24:00,58,-58.0,0.539250126634,[[ 0.]],0.0,0.0,0.0
2015-09-15 20:29:00,63,-63.0,0.545546073658,[[ 0.]],0.0,0.0,0.0
2015-09-15 20:34:00,65,-65.0,0.543493134954,[[ 0.]],0.0,0.0,0.0
2015-09-15 20:49:00,57,-57.0,0.545422360023,[[ 0.]],0.0,0.0,0.0
2015-09-15 20:54:00,62,-62.0,0.552742304673,[[ 0.]],0.0,0.0,0.0
2015-09-15 20:59:00,62,-62.0,0.550640615667,[[ 0.]],0.0,0.0,0.0
2015-09-15 21:04:00,62,-62.0,0.548534282315,[[ 0.]],0.0,0.0,0.0
2015-09-15 21:19:00,64,-64.0,0.543310452829,[[ 0.]],0.0,0.0,0.0
2015-09-15 21:29:00,63,-63.0,0.542264986753,[[ 0.]],0.0,0.0,0.0
2015-09-15 22:09:00,57,-57.0,0.546307427677,[[ 0.]],0.0,0.0,0.0
2015-09-15 22:34:00,59,-59.0,0.54516010399,[[ 0.]],0.0,0.0,0.0
2015-09-15 22:39:00,63,-63.0,0.545170231305,[[ 0.]],0.0,0.0,0.0
2015-09-15 22:44:00,67,-67.0,0.543132394615,[[ 0.]],0.0,0.0,0.0
2015-09-15 23:19:00,65,-65.0,0.534724659427,[[ 0.]],0.0,0.0,0.0
2015-09-15 23:24:00,61,-61.0,0.535739939306,[[ 0.]],0.0,0.0,0.0
2015-09-15 23:29:00,61,-61.0,0.536756187794,[[ 0.]],0.0,0.0,0.0
2015-09-15 23:34:00,60,-60.0,0.538805788948,[[ 0.]],0.0,0.0,0.0
2015-09-16 00:49:00,67,-67.0,0.535689912068,[[ 0.]],0.0,0.0,0.0
2015-09-16 01:44:00,57,-57.0,0.541881699365,[[ 0.]],0.0,0.0,0.0
2015-09-16 02:19:00,59,-59.0,0.539673987503,[[ 0.]],0.0,0.0,0.0
2015-09-16 03:04:00,60,-60.0,0.538551696912,[[ 0.]],0.0,0.0,0.0
2015-09-16 04:44:00,58,-58.0,0.543710148579,[[ 0.]],0.0,0.0,0.0
2015-09-16 05:09:00,66,-66.0,0.544823958552,[[ 0.]],0.0,0.0,0.0
2015-09-16 05:19:00,69,-69.0,0.54067260105,[[ 0.]],0.0,0.0,0.0
2015-09-16 05:29:00,62,-62.0,0.53959849048,[[ 0.]],0.0,0.0,0.0
2015-09-16 05:39:00,65,-65.0,0.535391634881,[[ 0.]],0.0,0.0,0.0
2015-09-16 05:49:00,65,-65.0,0.530106391477,[[ 0.]],0.0,0.0,0.0
2015-09-16 06:09:00,61,-61.0,0.53644854572,[[ 0.]],0.0,0.0,0.0
2015-09-16 06:14:00,64,-64.0,0.529009350673,[[ 0.]],0.0,0.0,0.0
2015-09-16 06:24:00,65,-65.0,0.522626528635,[[ 0.]],0.0,0.0,0.0
2015-09-16 06:39:00,65,-65.0,0.517293492488,[[ 0.]],0.0,0.0,0.0
2015-09-16 06:44:00,66,-66.0,0.508739627242,[[ 0.]],0.0,0.0,0.0
2015-09-16 06:54:00,61,-61.0,0.514050642031,[[ 0.]],0.0,0.0,0.0
2015-09-16 07:19:00,64,-64.0,0.519414634538,[[ 0.]],0.0,0.0,0.0
2015-09-16 07:24:00,69,-69.0,0.511950420953,[[ 0.]],0.0,0.0,0.0
2015-09-16 07:29:00,59,-59.0,0.518311275394,[[ 0.]],0.0,0.0,0.0
2015-09-16 07:34:00,71,-71.0,0.511935377937,[[ 0.]],0.0,0.0,0.0
2015-09-16 07:44:00,66,-66.0,0.506571169385,[[ 0.]],0.0,0.0,0.0
2015-09-16 07:49:00,66,-66.0,0.504427652446,[[ 0.]],0.0,0.0,0.0
2015-09-16 07:54:00,67,-67.0,0.502291554168,[[ 0.]],0.0,0.0,0.0
2015-09-16 07:59:00,68,-68.0,0.499082775591,[[ 0.]],0.0,0.0,0.0
2015-09-16 08:04:00,64,-64.0,0.501224563934,[[ 0.]],0.0,0.0,0.0
2015-09-16 08:09:00,68,-68.0,0.493677042749,[[ 0.]],0.0,0.0,0.0
2015-09-16 08:14:00,69,-69.0,0.488298176945,[[ 0.]],0.0,0.0,0.0
2015-09-16 08:19:00,71,-71.0,0.486196963907,[[ 0.]],0.0,0.0,0.0
2015-09-16 08:24:00,66,-66.0,0.478596685652,[[ 0.]],0.0,0.0,0.0
2015-09-16 08:29:00,70,-70.0,0.479724557927,[[ 0.]],0.0,0.0,0.0
2015-09-16 08:39:00,71,-71.0,0.474366175168,[[ 0.]],0.0,0.0,0.0
2015-09-16 08:49:00,68,-68.0,0.472201269361,[[ 0.]],0.0,0.0,0.0
2015-09-16 08:54:00,62,-62.0,0.477563399607,[[ 0.]],0.0,0.0,0.0
2015-09-16 08:59:00,67,-67.0,0.4786433853,[[ 0.]],0.0,0.0,0.0
2015-09-16 09:04:00,63,-63.0,0.479678466224,[[ 0.]],0.0,0.0,0.0
2015-09-16 09:09:00,71,-71.0,0.476474892117,[[ 0.]],0.0,0.0,0.0
2015-09-16 09:14:00,64,-64.0,0.481879566612,[[ 0.]],0.0,0.0,0.0
2015-09-16 09:24:00,70,-70.0,0.483015936017,[[ 0.]],0.0,0.0,0.0
2015-09-16 09:34:00,67,-67.0,0.481921971773,[[ 0.]],0.0,0.0,0.0
2015-09-16 09:44:00,67,-67.0,0.485200466866,[[ 0.]],0.0,0.0,0.0
2015-09-16 09:54:00,66,-66.0,0.490665022556,[[ 0.]],0.0,0.0,0.0
2015-09-16 09:59:00,61,-61.0,0.498276089316,[[ 0.]],0.0,0.0,0.0
2015-09-16 10:04:00,69,-69.0,0.490636753797,[[ 0.]],0.0,0.0,0.0
2015-09-16 10:09:00,67,-67.0,0.490643631287,[[ 0.]],0.0,0.0,0.0
2015-09-16 10:14:00,70,-70.0,0.483003832191,[[ 0.]],0.0,0.0,0.0
2015-09-16 10:19:00,71,-71.0,0.483067246194,[[ 0.]],0.0,0.0,0.0
2015-09-16 10:24:00,67,-67.0,0.47976741803,[[ 0.]],0.0,0.0,0.0
2015-09-16 10:29:00,59,-59.0,0.49178405432,[[ 0.]],0.0,0.0,0.0
2015-09-16 10:34:00,69,-69.0,0.489617968548,[[ 0.]],0.0,0.0,0.0
2015-09-16 10:44:00,69,-69.0,0.487448664974,[[ 0.]],0.0,0.0,0.0
2015-09-16 10:49:00,68,-68.0,0.485260953722,[[ 0.]],0.0,0.0,0.0
2015-09-16 10:54:00,72,-72.0,0.473226238737,[[ 0.]],0.0,0.0,0.0
2015-09-16 10:59:00,68,-68.0,0.474331261923,[[ 0.]],0.0,0.0,0.0
2015-09-16 11:04:00,62,-62.0,0.479781929966,[[ 0.]],0.0,0.0,0.0
2015-09-16 11:09:00,64,-64.0,0.486369861836,[[ 0.]],0.0,0.0,0.0
2015-09-16 11:14:00,66,-66.0,0.49189296827,[[ 0.]],0.0,0.0,0.0
2015-09-16 11:19:00,60,-60.0,0.499572127126,[[ 0.]],0.0,0.0,0.0
2015-09-16 11:24:00,66,-66.0,0.491815645791,[[ 0.]],0.0,0.0,0.0
2015-09-16 11:29:00,71,-71.0,0.489663501547,[[ 0.]],0.0,0.0,0.0
2015-09-16 11:34:00,56,-56.0,0.503950116444,[[ 0.]],0.0,0.0,0.0
2015-09-16 11:39:00,63,-63.0,0.509459399514,[[ 0.]],0.0,0.0,0.0
2015-09-16 11:44:00,67,-67.0,0.515029521821,[[ 0.]],0.0,0.0,0.0
2015-09-16 11:49:00,64,-64.0,0.51946153936,[[ 0.]],0.0,0.0,0.0
2015-09-16 11:59:00,67,-67.0,0.513946664087,[[ 0.]],0.0,0.0,0.0
2015-09-16 12:04:00,62,-62.0,0.516133772234,[[ 0.]],0.0,0.0,0.0
2015-09-16 12:14:00,65,-65.0,0.517256118255,[[ 0.]],0.0,0.0,0.0
2015-09-16 12:19:00,66,-66.0,0.510595354677,[[ 0.]],0.0,0.0,0.0
2015-09-16 12:24:00,65,-65.0,0.511714543701,[[ 0.]],0.0,0.0,0.0
2015-09-16 12:29:00,73,-73.0,0.509569781899,[[ 0.]],0.0,0.0,0.0
2015-09-16 12:34:00,67,-67.0,0.497315524026,[[ 0.]],0.0,0.0,0.0
2015-09-16 12:39:00,62,-62.0,0.498385232378,[[ 0.]],0.0,0.0,0.0
2015-09-16 12:44:00,68,-68.0,0.497294618105,[[ 0.]],0.0,0.0,0.0
2015-09-16 12:49:00,62,-62.0,0.499485376864,[[ 0.]],0.0,0.0,0.0
2015-09-16 12:54:00,67,-67.0,0.499501643201,[[ 0.]],0.0,0.0,0.0
2015-09-16 12:59:00,63,-63.0,0.498346673672,[[ 0.]],0.0,0.0,0.0
2015-09-16 13:04:00,68,-68.0,0.495007281419,[[ 0.]],-1.0,-2.0,-1.0
2015-09-16 13:09:00,69,-69.0,0.491675858162,[[ 0.]],0.0,0.0,0.0
2015-09-16 13:14:00,69,-69.0,0.48721624464,[[ 0.]],0.0,0.0,0.0
2015-09-16 13:19:00,65,-65.0,0.496194769437,[[ 0.]],0.0,0.0,0.0
2015-09-16 13:24:00,61,-61.0,0.5028900317,[[ 0.]],0.0,0.0,0.0
2015-09-16 13:29:00,73,-73.0,0.490603431358,[[ 0.]],0.0,0.0,0.0
2015-09-16 13:34:00,66,-66.0,0.492849642449,[[ 0.]],0.0,0.0,0.0
2015-09-16 13:39:00,51,-51.0,0.505029550876,[[ 0.]],0.0,0.0,0.0
2015-09-16 13:44:00,50,-50.0,0.523711983751,[[ 0.]],0.0,0.0,0.0
2015-09-16 13:49:00,34,-34.0,0.55385079805,[[ 0.]],0.0,0.0,0.0
2015-09-16 13:54:00,24,-24.0,0.595306369202,[[ 0.]],0.0,0.0,0.0
2015-09-16 13:59:00,7,-7.0,0.642259709314,[[ 0.]],0.0,0.0,0.0
2015-09-16 14:04:00,14,-14.0,0.677800215233,[[ 0.]],0.0,0.0,0.0
2015-09-16 14:09:00,7,-7.0,0.706710064796,[[ 0.]],0.0,0.0,0.0
2015-09-16 14:14:00,32,-32.0,0.721809603716,[[ 0.]],0.0,0.0,0.0
2015-09-16 14:19:00,17,-17.0,0.747168361644,[[ 0.]],0.0,0.0,0.0
2015-09-16 14:24:00,8,-8.0,0.766060623521,[[ 0.]],0.0,0.0,0.0
2015-09-16 14:29:00,6,-6.0,0.774678819713,[[ 0.]],0.0,0.0,0.0
2015-09-16 14:30:00,8,-8.0,0.781722997392,[[ 0.]],0.0,0.0,0.0
2015-09-16 14:35:00,20,-20.0,0.780299414062,[[ 0.]],0.0,0.0,0.0
2015-09-16 14:40:00,8,-8.0,0.775381490446,[[ 0.]],0.0,0.0,0.0
2015-09-16 14:45:00,23,-23.0,0.762347661938,[[ 0.]],0.0,0.0,0.0
2015-09-16 14:50:00,74,-74.0,0.735425925684,[[ 0.]],0.0,0.0,0.0
2015-09-16 14:55:00,65,-65.0,0.708201436397,[[ 0.]],0.0,0.0,0.0
2015-09-16 15:00:00,67,-67.0,0.691210349326,[[ 0.]],0.0,0.0,0.0
2015-09-16 15:05:00,74,-74.0,0.662328799501,[[ 0.]],0.0,0.0,0.0
2015-09-16 15:10:00,59,-59.0,0.63566247901,[[ 0.]],0.0,0.0,0.0
2015-09-16 15:15:00,65,-65.0,0.604030742276,[[ 0.]],0.0,0.0,0.0
2015-09-16 15:20:00,64,-64.0,0.573287662032,[[ 0.]],0.0,0.0,0.0
2015-09-16 15:25:00,64,-64.0,0.548768753968,[[ 0.]],0.0,0.0,0.0
2015-09-16 15:30:00,68,-68.0,0.514983529903,[[ 0.]],0.0,0.0,0.0
2015-09-16 15:35:00,73,-73.0,0.486730589146,[[ 0.]],0.0,0.0,0.0
2015-09-16 15:40:00,71,-71.0,0.488459085847,[[ 0.]],0.0,0.0,0.0
2015-09-16 15:45:00,67,-67.0,0.487326236829,[[ 0.]],0.0,0.0,0.0
2015-09-16 15:50:00,66,-66.0,0.487886522203,[[ 0.]],0.0,0.0,0.0
2015-09-16 15:55:00,68,-68.0,0.491301595162,[[ 0.]],0.0,0.0,0.0
2015-09-16 16:00:00,65,-65.0,0.487880924108,[[ 0.]],-1.0,-2.0,-1.0
2015-09-16 16:05:00,57,-57.0,0.492380614457,[[ 0.]],0.0,0.0,0.0
2015-09-16 16:10:00,70,-70.0,0.48899157363,[[ 0.]],0.0,0.0,0.0
2015-09-16 16:15:00,66,-66.0,0.487847106158,[[ 0.]],0.0,0.0,0.0
2015-09-16 16:20:00,66,-66.0,0.488981000747,[[ 0.]],0.0,0.0,0.0
2015-09-16 16:25:00,65,-65.0,0.493536633506,[[ 0.]],0.0,0.0,0.0
2015-09-16 16:30:00,66,-66.0,0.4963940716,[[ 0.]],0.0,0.0,0.0
2015-09-16 16:35:00,64,-64.0,0.498101064345,[[ 0.]],0.0,0.0,0.0
2015-09-16 16:40:00,55,-55.0,0.50433311207,[[ 0.]],0.0,0.0,0.0
2015-09-16 16:45:00,30,-30.0,0.525395110474,[[ 0.]],0.0,0.0,0.0
2015-09-16 16:50:00,11,-11.0,0.553042741935,[[ 0.]],0.0,0.0,0.0
2015-09-16 16:55:00,12,-12.0,0.573857715322,[[ 0.]],0.0,0.0,0.0
2015-09-16 17:00:00,33,-33.0,0.59132564314,[[ 0.]],0.0,0.0,0.0
2015-09-16 17:05:00,43,-43.0,0.602115432241,[[ 0.]],0.0,0.0,0.0
2015-09-16 17:10:00,1,-1.0,0.626912212656,[[ 0.]],0.0,0.0,0.0
2015-09-16 17:15:00,19,-19.0,0.644106250057,[[ 0.]],0.0,0.0,0.0
2015-09-16 17:20:00,23,-23.0,0.659599890593,[[ 0.]],0.0,0.0,0.0
2015-09-16 17:25:00,53,-53.0,0.664119530235,[[ 0.]],0.0,0.0,0.0
2015-09-16 17:30:00,60,-60.0,0.662105852276,[[ 0.]],0.0,0.0,0.0
2015-09-16 17:35:00,56,-56.0,0.651003694641,[[ 0.]],0.0,0.0,0.0
2015-09-16 17:40:00,44,-44.0,0.636116691008,[[ 0.]],0.0,0.0,0.0
2015-09-16 17:45:00,57,-57.0,0.616441780582,[[ 0.]],0.0,0.0,0.0
2015-09-16 17:50:00,55,-55.0,0.606652865554,[[ 0.]],0.0,0.0,0.0
2015-09-16 17:55:00,63,-63.0,0.597830894331,[[ 0.]],0.0,0.0,0.0
2015-09-16 18:00:00,68,-68.0,0.567675708528,[[ 0.]],0.0,0.0,0.0
2015-09-16 18:05:00,70,-70.0,0.544420895307,[[ 0.]],0.0,0.0,0.0
2015-09-16 18:10:00,62,-62.0,0.526488022263,[[ 0.]],0.0,0.0,0.0
2015-09-16 18:15:00,66,-66.0,0.520514227027,[[ 0.]],0.0,0.0,0.0
2015-09-16 18:20:00,67,-67.0,0.517305843511,[[ 0.]],0.0,0.0,0.0
2015-09-16 18:25:00,68,-68.0,0.511776106104,[[ 0.]],0.0,0.0,0.0
2015-09-16 18:30:00,67,-67.0,0.5011233317,[[ 0.]],0.0,0.0,0.0
2015-09-16 18:35:00,66,-66.0,0.49694906759,[[ 0.]],0.0,0.0,0.0
2015-09-16 18:40:00,68,-68.0,0.490917036998,[[ 0.]],0.0,0.0,0.0
2015-09-16 18:45:00,69,-69.0,0.488139190854,[[ 0.]],0.0,0.0,0.0
2015-09-16 18:50:00,68,-68.0,0.488145213907,[[ 0.]],0.0,0.0,0.0
2015-09-16 18:55:00,71,-71.0,0.487703923138,[[ 0.]],0.0,0.0,0.0
2015-09-16 19:05:00,67,-67.0,0.485372127912,[[ 0.]],0.0,0.0,0.0
2015-09-16 19:10:00,64,-64.0,0.486288001296,[[ 0.]],0.0,0.0,0.0
2015-09-16 19:15:00,64,-64.0,0.487673195911,[[ 0.]],0.0,0.0,0.0
2015-09-16 19:25:00,64,-64.0,0.489529287573,[[ 0.]],0.0,0.0,0.0
2015-09-16 19:30:00,63,-63.0,0.491384851209,[[ 0.]],0.0,0.0,0.0
2015-09-16 19:35:00,65,-65.0,0.491847033331,[[ 0.]],0.0,0.0,0.0
2015-09-16 19:40:00,64,-64.0,0.493713586198,[[ 0.]],0.0,0.0,0.0
2015-09-16 19:45:00,65,-65.0,0.495588904891,[[ 0.]],0.0,0.0,0.0
2015-09-16 19:50:00,66,-66.0,0.496532208237,[[ 0.]],0.0,0.0,0.0
2015-09-16 20:00:00,63,-63.0,0.500288297067,[[ 0.]],0.0,0.0,0.0
2015-09-16 20:05:00,67,-67.0,0.500300287954,[[ 0.]],0.0,0.0,0.0
2015-09-16 20:10:00,62,-62.0,0.501231802055,[[ 0.]],0.0,0.0,0.0
2015-09-16 20:15:00,61,-61.0,0.502632296158,[[ 0.]],0.0,0.0,0.0
2015-09-16 20:20:00,62,-62.0,0.503567707839,[[ 0.]],0.0,0.0,0.0
2015-09-16 20:25:00,65,-65.0,0.502627279811,[[ 0.]],0.0,0.0,0.0
2015-09-16 20:30:00,63,-63.0,0.50356951665,[[ 0.]],0.0,0.0,0.0
2015-09-16 20:35:00,61,-61.0,0.504977389005,[[ 0.]],0.0,0.0,0.0
2015-09-16 20:40:00,59,-59.0,0.507799287747,[[ 0.]],0.0,0.0,0.0
2015-09-16 20:45:00,56,-56.0,0.512501294792,[[ 0.]],0.0,0.0,0.0
2015-09-16 20:50:00,65,-65.0,0.511566901496,[[ 0.]],0.0,0.0,0.0
2015-09-16 20:55:00,63,-63.0,0.513471124383,[[ 0.]],0.0,0.0,0.0
2015-09-16 21:00:00,67,-67.0,0.511117987735,[[ 0.]],0.0,0.0,0.0
2015-09-16 21:05:00,63,-63.0,0.510169437583,[[ 0.]],0.0,0.0,0.0
2015-09-16 21:10:00,57,-57.0,0.512517470996,[[ 0.]],0.0,0.0,0.0
2015-09-16 21:15:00,58,-58.0,0.515826454925,[[ 0.]],0.0,0.0,0.0
2015-09-16 21:25:00,68,-68.0,0.513473293309,[[ 0.]],0.0,0.0,0.0
2015-09-16 21:40:00,62,-62.0,0.512996515248,[[ 0.]],0.0,0.0,0.0
2015-09-16 21:45:00,64,-64.0,0.51061843266,[[ 0.]],0.0,0.0,0.0
2015-09-16 21:55:00,66,-66.0,0.505853011091,[[ 0.]],0.0,0.0,0.0
2015-09-16 22:05:00,65,-65.0,0.505861135039,[[ 0.]],0.0,0.0,0.0
2015-09-16 22:14:00,57,-57.0,0.508700662491,[[ 0.]],0.0,0.0,0.0
2015-09-16 22:20:00,61,-61.0,0.511566883947,[[ 0.]],0.0,0.0,0.0
2015-09-16 22:25:00,58,-58.0,0.513938503988,[[ 0.]],0.0,0.0,0.0
2015-09-16 22:30:00,62,-62.0,0.511540064589,[[ 0.]],0.0,0.0,0.0
2015-09-16 22:40:00,61,-61.0,0.510092100808,[[ 0.]],0.0,0.0,0.0
2015-09-16 22:45:00,63,-63.0,0.512498622783,[[ 0.]],0.0,0.0,0.0
2015-09-16 22:55:00,59,-59.0,0.513923304158,[[ 0.]],0.0,0.0,0.0
2015-09-16 23:10:00,64,-64.0,0.513934727049,[[ 0.]],0.0,0.0,0.0
2015-09-16 23:35:00,64,-64.0,0.514909990388,[[ 0.]],0.0,0.0,0.0
2015-09-16 23:55:00,59,-59.0,0.517785954826,[[ 0.]],0.0,0.0,0.0
2015-09-17 00:10:00,66,-66.0,0.513466612262,[[ 0.]],0.0,0.0,0.0
2015-09-17 00:45:00,63,-63.0,0.512506037379,[[ 0.]],0.0,0.0,0.0
2015-09-17 01:05:00,57,-57.0,0.512957653512,[[ 0.]],0.0,0.0,0.0
2015-09-17 01:40:00,56,-56.0,0.515819090664,[[ 0.]],0.0,0.0,0.0
2015-09-17 01:55:00,53,-53.0,0.519618646851,[[ 0.]],0.0,0.0,0.0
2015-09-17 02:10:00,66,-66.0,0.518194772319,[[ 0.]],0.0,0.0,0.0
2015-09-17 02:50:00,61,-61.0,0.517226014691,[[ 0.]],0.0,0.0,0.0
2015-09-17 03:20:00,56,-56.0,0.52105825232,[[ 0.]],0.0,0.0,0.0
2015-09-17 04:35:00,58,-58.0,0.523940646103,[[ 0.]],0.0,0.0,0.0
2015-09-17 04:55:00,62,-62.0,0.522498248059,[[ 0.]],0.0,0.0,0.0
2015-09-17 05:10:00,64,-64.0,0.523487489882,[[ 0.]],0.0,0.0,0.0
2015-09-17 05:15:00,65,-65.0,0.522542737802,[[ 0.]],0.0,0.0,0.0
2015-09-17 05:30:00,73,-73.0,0.514818233591,[[ 0.]],0.0,0.0,0.0
2015-09-17 05:35:00,63,-63.0,0.511422001732,[[ 0.]],0.0,0.0,0.0
2015-09-17 05:40:00,63,-63.0,0.506557899237,[[ 0.]],0.0,0.0,0.0
2015-09-17 05:45:00,66,-66.0,0.506571485521,[[ 0.]],0.0,0.0,0.0
2015-09-17 05:50:00,62,-62.0,0.506078016665,[[ 0.]],0.0,0.0,0.0
2015-09-17 05:55:00,72,-72.0,0.498308211145,[[ 0.]],0.0,0.0,0.0
2015-09-17 06:15:00,56,-56.0,0.49924398733,[[ 0.]],0.0,0.0,0.0
2015-09-17 06:20:00,52,-52.0,0.504061838392,[[ 0.]],0.0,0.0,0.0
2015-09-17 06:25:00,61,-61.0,0.505512929424,[[ 0.]],0.0,0.0,0.0
2015-09-17 06:30:00,51,-51.0,0.512265680803,[[ 0.]],0.0,0.0,0.0
2015-09-17 06:40:00,64,-64.0,0.516663994777,[[ 0.]],0.0,0.0,0.0
2015-09-17 06:55:00,60,-60.0,0.518118900836,[[ 0.]],0.0,0.0,0.0
2015-09-17 07:00:00,59,-59.0,0.520056732483,[[ 0.]],0.0,0.0,0.0
2015-09-17 07:05:00,38,-38.0,0.533339572207,[[ 0.]],0.0,0.0,0.0
2015-09-17 07:10:00,53,-53.0,0.537614065821,[[ 0.]],0.0,0.0,0.0
2015-09-17 07:15:00,56,-56.0,0.545296354349,[[ 0.]],0.0,0.0,0.0
2015-09-17 07:25:00,53,-53.0,0.546663225507,[[ 0.]],0.0,0.0,0.0
2015-09-17 07:35:00,68,-68.0,0.539002705185,[[ 0.]],0.0,0.0,0.0
2015-09-17 07:40:00,56,-56.0,0.541382641561,[[ 0.]],0.0,0.0,0.0
2015-09-17 07:45:00,62,-62.0,0.536093520825,[[ 0.]],0.0,0.0,0.0
2015-09-17 07:50:00,65,-65.0,0.535646933729,[[ 0.]],0.0,0.0,0.0
2015-09-17 07:55:00,61,-61.0,0.535176408692,[[ 0.]],0.0,0.0,0.0
2015-09-17 08:00:00,64,-64.0,0.532783091101,[[ 0.]],0.0,0.0,0.0
2015-09-17 08:05:00,60,-60.0,0.522094638843,[[ 0.]],0.0,0.0,0.0
2015-09-17 08:10:00,58,-58.0,0.519642155927,[[ 0.]],0.0,0.0,0.0
2015-09-17 08:15:00,62,-62.0,0.516724717164,[[ 0.]],0.0,0.0,0.0
2015-09-17 08:20:00,67,-67.0,0.509919638921,[[ 0.]],0.0,0.0,0.0
2015-09-17 08:25:00,61,-61.0,0.513331641198,[[ 0.]],0.0,0.0,0.0
2015-09-17 08:30:00,59,-59.0,0.51184890664,[[ 0.]],0.0,0.0,0.0
2015-09-17 08:35:00,60,-60.0,0.512815720616,[[ 0.]],0.0,0.0,0.0
2015-09-17 08:40:00,59,-59.0,0.515734972198,[[ 0.]],0.0,0.0,0.0
2015-09-17 08:45:00,59,-59.0,0.516699148265,[[ 0.]],0.0,0.0,0.0
2015-09-17 08:50:00,63,-63.0,0.51719853559,[[ 0.]],0.0,0.0,0.0
2015-09-17 08:55:00,55,-55.0,0.519603604853,[[ 0.]],0.0,0.0,0.0
2015-09-17 09:00:00,54,-54.0,0.521508648629,[[ 0.]],0.0,0.0,0.0
2015-09-17 09:05:00,64,-64.0,0.520547574363,[[ 0.]],0.0,0.0,0.0
2015-09-17 09:10:00,63,-63.0,0.522522374179,[[ 0.]],0.0,0.0,0.0
2015-09-17 09:15:00,67,-67.0,0.519608901417,[[ 0.]],0.0,0.0,0.0
2015-09-17 09:20:00,62,-62.0,0.518141195464,[[ 0.]],0.0,0.0,0.0
2015-09-17 09:25:00,67,-67.0,0.514725188906,[[ 0.]],0.0,0.0,0.0
2015-09-17 09:30:00,65,-65.0,0.511786514734,[[ 0.]],0.0,0.0,0.0
2015-09-17 09:35:00,63,-63.0,0.509818711056,[[ 0.]],0.0,0.0,0.0
2015-09-17 09:40:00,61,-61.0,0.510798625105,[[ 0.]],0.0,0.0,0.0
2015-09-17 09:45:00,69,-69.0,0.503911851044,[[ 0.]],0.0,0.0,0.0
2015-09-17 09:50:00,65,-65.0,0.498478815758,[[ 0.]],0.0,0.0,0.0
2015-09-17 09:55:00,63,-63.0,0.498966429153,[[ 0.]],0.0,0.0,0.0
2015-09-17 10:00:00,65,-65.0,0.49797783451,[[ 0.]],0.0,0.0,0.0
2015-09-17 10:05:00,71,-71.0,0.496025461839,[[ 0.]],0.0,0.0,0.0
2015-09-17 10:10:00,66,-66.0,0.494045463931,[[ 0.]],0.0,0.0,0.0
2015-09-17 10:15:00,64,-64.0,0.49552812431,[[ 0.]],0.0,0.0,0.0
2015-09-17 10:20:00,61,-61.0,0.497497067301,[[ 0.]],0.0,0.0,0.0
2015-09-17 10:25:00,65,-65.0,0.496503161482,[[ 0.]],0.0,0.0,0.0
2015-09-17 10:30:00,65,-65.0,0.494511718884,[[ 0.]],0.0,0.0,0.0
2015-09-17 10:35:00,62,-62.0,0.497984456648,[[ 0.]],0.0,0.0,0.0
2015-09-17 10:45:00,64,-64.0,0.49848000489,[[ 0.]],0.0,0.0,0.0
2015-09-17 10:50:00,61,-61.0,0.499461908702,[[ 0.]],0.0,0.0,0.0
2015-09-17 10:55:00,59,-59.0,0.502434035035,[[ 0.]],0.0,0.0,0.0
2015-09-17 11:00:00,64,-64.0,0.505934450746,[[ 0.]],0.0,0.0,0.0
2015-09-17 11:05:00,55,-55.0,0.511388850801,[[ 0.]],0.0,0.0,0.0
2015-09-17 11:10:00,62,-62.0,0.512388425692,[[ 0.]],0.0,0.0,0.0
2015-09-17 11:15:00,61,-61.0,0.512383189124,[[ 0.]],0.0,0.0,0.0
2015-09-17 11:20:00,66,-66.0,0.511901206778,[[ 0.]],0.0,0.0,0.0
2015-09-17 11:25:00,61,-61.0,0.513900909056,[[ 0.]],0.0,0.0,0.0
2015-09-17 11:30:00,69,-69.0,0.510420096123,[[ 0.]],0.0,0.0,0.0
2015-09-17 11:35:00,66,-66.0,0.509432856758,[[ 0.]],0.0,0.0,0.0
2015-09-17 11:40:00,68,-68.0,0.505938587969,[[ 0.]],0.0,0.0,0.0
2015-09-17 11:45:00,69,-69.0,0.500933646646,[[ 0.]],0.0,0.0,0.0
2015-09-17 11:50:00,66,-66.0,0.499935325975,[[ 0.]],0.0,0.0,0.0
2015-09-17 11:55:00,66,-66.0,0.494399603455,[[ 0.]],0.0,0.0,0.0
2015-09-17 12:00:00,64,-64.0,0.49338438138,[[ 0.]],0.0,0.0,0.0
2015-09-17 12:05:00,63,-63.0,0.492362877417,[[ 0.]],0.0,0.0,0.0
2015-09-17 12:10:00,68,-68.0,0.491363917304,[[ 0.]],0.0,0.0,0.0
2015-09-17 12:20:00,62,-62.0,0.490840393954,[[ 0.]],0.0,0.0,0.0
2015-09-17 12:25:00,66,-66.0,0.49235835264,[[ 0.]],0.0,0.0,0.0
2015-09-17 12:30:00,71,-71.0,0.489855220913,[[ 0.]],0.0,0.0,0.0
2015-09-17 12:35:00,67,-67.0,0.490365918088,[[ 0.]],0.0,0.0,0.0
2015-09-17 12:40:00,66,-66.0,0.491886572333,[[ 0.]],0.0,0.0,0.0
2015-09-17 12:45:00,62,-62.0,0.493899313556,[[ 0.]],0.0,0.0,0.0
2015-09-17 12:50:00,62,-62.0,0.495915654983,[[ 0.]],0.0,0.0,0.0
2015-09-17 12:55:00,62,-62.0,0.496918562922,[[ 0.]],0.0,0.0,0.0
2015-09-17 13:00:00,59,-59.0,0.498927510602,[[ 0.]],0.0,0.0,0.0
2015-09-17 13:05:00,56,-56.0,0.504995325346,[[ 0.]],0.0,0.0,0.0
2015-09-17 13:10:00,41,-41.0,0.515487510909,[[ 0.]],0.0,0.0,0.0
2015-09-17 13:15:00,63,-63.0,0.517014001834,[[ 0.]],0.0,0.0,0.0
2015-09-17 13:20:00,46,-46.0,0.529487559001,[[ 0.]],0.0,0.0,0.0
2015-09-17 13:25:00,47,-47.0,0.539375918461,[[ 0.]],0.0,0.0,0.0
2015-09-17 13:30:00,63,-63.0,0.540910386513,[[ 0.]],0.0,0.0,0.0
2015-09-17 13:35:00,50,-50.0,0.546795916199,[[ 0.]],0.0,0.0,0.0
2015-09-17 13:40:00,46,-46.0,0.554551003306,[[ 0.]],0.0,0.0,0.0
2015-09-17 13:45:00,33,-33.0,0.568117866446,[[ 0.]],0.0,0.0,0.0
2015-09-17 13:50:00,23,-23.0,0.584006335621,[[ 0.]],0.0,0.0,0.0
2015-09-17 13:55:00,26,-26.0,0.596682174093,[[ 0.]],0.0,0.0,0.0
2015-09-17 14:00:00,19,-19.0,0.604579853819,[[ 0.]],0.0,0.0,0.0
2015-09-17 14:05:00,27,-27.0,0.619135993496,[[ 0.]],0.0,0.0,0.0
