timestamp,value,is_anomaly,anomaly_score,S(t)_reward_low_FP_rate,S(t)_reward_low_FN_rate,S(t)_standard,predicted_anomaly
2013-10-09 16:25:00,0.150450037425,0,0.5,0.0,0.0,0.0,0
2013-10-09 16:30:00,0.822593658422,0,0.5,0.0,0.0,0.0,0
2013-10-09 16:35:00,1.0,0,0.5,0.0,0.0,0.0,0
2013-10-09 16:40:00,0.909055970319,0,0.5,0.0,0.0,0.0,0
2013-10-09 16:45:00,0.660093207242,0,0.5,0.0,0.0,0.0,0
2013-10-09 16:50:00,0.441121807851,0,0.5,0.0,0.0,0.0,0
2013-10-09 16:55:00,0.341952697346,0,0.5,0.0,0.0,0.0,0
2013-10-09 17:00:00,0.274176994631,0,0.5,0.0,0.0,0.0,0
2013-10-09 17:05:00,0.243433006393,0,0.5,0.0,0.0,0.0,0
2013-10-09 17:10:00,0.264638864175,0,0.5,0.0,0.0,0.0,0
2013-10-09 17:15:00,0.241864918099,0,0.5,0.0,0.0,0.0,0
2013-10-09 17:20:00,0.212234103374,0,0.5,0.0,0.0,0.0,0
2013-10-09 17:25:00,0.176347777335,0,0.5,0.0,0.0,0.0,0
2013-10-09 17:30:00,0.186637468612,0,0.5,0.0,0.0,0.0,0
2013-10-09 17:35:00,0.136062144704,0,0.5,0.0,0.0,0.0,0
2013-10-09 17:40:00,0.122071185169,0,0.5,0.0,0.0,0.0,0
2013-10-09 17:45:00,0.123814746334,0,0.5,0.0,0.0,0.0,0
2013-10-09 17:50:00,0.107004839286,0,0.5,0.0,0.0,0.0,0
2013-10-09 17:55:00,0.119536326395,0,0.5,0.0,0.0,0.0,0
2013-10-09 18:00:00,0.109584993918,0,0.5,0.0,0.0,0.0,0
2013-10-09 18:05:00,0.101505242516,0,0.5,0.0,0.0,0.0,0
2013-10-09 18:10:00,0.106064625866,0,0.5,0.0,0.0,0.0,0
2013-10-09 18:15:00,0.119387957269,0,0.5,0.0,0.0,0.0,0
2013-10-09 18:20:00,0.11940186811,0,0.5,0.0,0.0,0.0,0
2013-10-09 18:25:00,0.129118978786,0,0.5,0.0,0.0,0.0,0
2013-10-09 18:30:00,0.166004191431,0,0.5,0.0,0.0,0.0,0
2013-10-09 18:35:00,0.18664087387,0,0.5,0.0,0.0,0.0,0
2013-10-09 18:40:00,0.206301218832,0,0.5,0.0,0.0,0.0,0
2013-10-09 18:45:00,0.21204173924,0,0.5,0.0,0.0,0.0,0
2013-10-09 18:50:00,0.22244785806,0,0.5,0.0,0.0,0.0,0
2013-10-09 18:55:00,0.195777938066,0,0.5,0.0,0.0,0.0,0
2013-10-09 19:00:00,0.215746857349,0,0.5,0.0,0.0,0.0,0
2013-10-09 19:05:00,0.219915745886,0,0.5,0.0,0.0,0.0,0
2013-10-09 19:10:00,0.209379953926,0,0.5,0.0,0.0,0.0,0
2013-10-09 19:15:00,0.194522023653,0,0.5,0.0,0.0,0.0,0
2013-10-09 19:20:00,0.191762661565,0,0.5,0.0,0.0,0.0,0
2013-10-09 19:25:00,0.187780858025,0,0.5,0.0,0.0,0.0,0
2013-10-09 19:30:00,0.177055409012,0,0.5,0.0,0.0,0.0,0
2013-10-09 19:35:00,0.175255308711,0,0.5,0.0,0.0,0.0,0
2013-10-09 19:40:00,0.19092383525,0,0.5,0.0,0.0,0.0,0
2013-10-09 19:45:00,0.176920575292,0,0.5,0.0,0.0,0.0,0
2013-10-09 19:50:00,0.220666664515,0,0.5,0.0,0.0,0.0,0
2013-10-09 19:55:00,0.157505586731,0,0.5,0.0,0.0,0.0,0
2013-10-09 20:00:00,0.178973711937,0,0.5,0.0,0.0,0.0,0
2013-10-09 20:05:00,0.170418100454,0,0.5,0.0,0.0,0.0,0
2013-10-09 20:10:00,0.120095223391,0,0.5,0.0,0.0,0.0,0
2013-10-09 20:15:00,0.128593709534,0,0.5,0.0,0.0,0.0,0
2013-10-09 20:20:00,0.13969056218,0,0.5,0.0,0.0,0.0,0
2013-10-09 20:25:00,0.153262013051,0,0.5,0.0,0.0,0.0,0
2013-10-09 20:30:00,0.103971225506,0,0.5,0.0,0.0,0.0,0
2013-10-09 20:35:00,0.100372147915,0,0.5,0.0,0.0,0.0,0
2013-10-09 20:40:00,0.142570251062,0,0.5,0.0,0.0,0.0,0
2013-10-09 20:45:00,0.137693184162,0,0.5,0.0,0.0,0.0,0
2013-10-09 20:50:00,0.11451577102,0,0.5,0.0,0.0,0.0,0
2013-10-09 20:55:00,0.131599857309,0,0.5,0.0,0.0,0.0,0
2013-10-09 21:00:00,0.12173906056,0,0.5,0.0,0.0,0.0,0
2013-10-09 21:05:00,0.123721302634,0,0.5,0.0,0.0,0.0,0
2013-10-09 21:10:00,0.102784321903,0,0.5,0.0,0.0,0.0,0
2013-10-09 21:15:00,0.121787491625,0,0.5,0.0,0.0,0.0,0
2013-10-09 21:20:00,0.119680009174,0,0.5,0.0,0.0,0.0,0
2013-10-09 21:25:00,0.112688955583,0,0.5,0.0,0.0,0.0,0
2013-10-09 21:30:00,0.100901589761,0,0.5,0.0,0.0,0.0,0
2013-10-09 21:35:00,0.100124723331,0,0.5,0.0,0.0,0.0,0
2013-10-09 21:40:00,0.107111900724,0,0.5,0.0,0.0,0.0,0
2013-10-09 21:45:00,0.0793963393413,0,0.5,0.0,0.0,0.0,0
2013-10-09 21:50:00,0.0869872353548,0,0.5,0.0,0.0,0.0,0
2013-10-09 21:55:00,0.07402185451,0,0.5,0.0,0.0,0.0,0
2013-10-09 22:00:00,0.0885623284692,0,0.5,0.0,0.0,0.0,0
2013-10-09 22:05:00,0.0855321858119,0,0.5,0.0,0.0,0.0,0
2013-10-09 22:10:00,0.0755650653217,0,0.5,0.0,0.0,0.0,0
2013-10-09 22:15:00,0.0635551919182,0,0.5,0.0,0.0,0.0,0
2013-10-09 22:20:00,0.0657944486262,0,0.5,0.0,0.0,0.0,0
2013-10-09 22:25:00,0.0454021741221,0,0.5,0.0,0.0,0.0,0
2013-10-09 22:30:00,0.0528856661962,0,0.5,0.0,0.0,0.0,0
2013-10-09 22:35:00,0.0463641034714,0,0.5,0.0,0.0,0.0,0
2013-10-09 22:40:00,0.0477594490306,0,0.5,0.0,0.0,0.0,0
2013-10-09 22:45:00,0.0421931829768,0,0.5,0.0,0.0,0.0,0
2013-10-09 22:50:00,0.0413670522797,0,0.5,0.0,0.0,0.0,0
2013-10-09 22:55:00,0.0408250267876,0,0.5,0.0,0.0,0.0,0
2013-10-09 23:00:00,0.041183718336,0,0.5,0.0,0.0,0.0,0
2013-10-09 23:05:00,0.0118886244892,0,0.5,0.0,0.0,0.0,0
2013-10-09 23:10:00,0.00940727502706,0,0.5,0.0,0.0,0.0,0
2013-10-09 23:15:00,0.00862728985476,0,0.5,0.0,0.0,0.0,0
2013-10-09 23:20:00,0.0223603883812,0,0.5,0.0,0.0,0.0,0
2013-10-09 23:25:00,0.0199092844585,0,0.5,0.0,0.0,0.0,0
2013-10-09 23:30:00,0.0122574363059,0,0.5,0.0,0.0,0.0,0
2013-10-09 23:35:00,0.00310056299384,0,0.5,0.0,0.0,0.0,0
2013-10-09 23:40:00,0.00304137605612,0,0.5,0.0,0.0,0.0,0
2013-10-09 23:45:00,0.00544154601603,0,0.5,0.0,0.0,0.0,0
2013-10-09 23:50:00,0.00414296049558,0,0.5,0.0,0.0,0.0,0
2013-10-09 23:55:00,0.0086625247227,0,0.5,0.0,0.0,0.0,0
2013-10-10 00:00:00,0.0143824719722,0,0.5,0.0,0.0,0.0,0
2013-10-10 00:05:00,0.00150482756222,0,0.5,0.0,0.0,0.0,0
2013-10-10 00:10:00,0.00122659757967,0,0.5,0.0,0.0,0.0,0
2013-10-10 00:15:00,0.000690631733947,0,0.5,0.0,0.0,0.0,0
2013-10-10 00:20:00,0.00388778351571,0,0.5,0.0,0.0,0.0,0
2013-10-10 00:25:00,0.00438925218957,0,0.5,0.0,0.0,0.0,0
2013-10-10 00:30:00,0.009103634049,0,0.5,0.0,0.0,0.0,0
2013-10-10 00:35:00,0.00183667224242,0,0.5,0.0,0.0,0.0,0
2013-10-10 00:40:00,0.00336694043974,0,0.5,0.0,0.0,0.0,0
2013-10-10 00:45:00,0.00338482627652,0,0.5,0.0,0.0,0.0,0
2013-10-10 00:50:00,0.00415956524408,0,0.5,0.0,0.0,0.0,0
2013-10-10 00:55:00,0.0111764875971,0,0.5,0.0,0.0,0.0,0
2013-10-10 01:00:00,0.0178659683934,0,0.5,0.0,0.0,0.0,0
2013-10-10 01:05:00,0.00458872652842,0,0.5,0.0,0.0,0.0,0
2013-10-10 01:10:00,0.00341832228941,0,0.5,0.0,0.0,0.0,0
2013-10-10 01:15:00,0.00651495639294,0,0.5,0.0,0.0,0.0,0
2013-10-10 01:20:00,0.00763580326278,0,0.5,0.0,0.0,0.0,0
2013-10-10 01:25:00,0.00378446325101,0,0.5,0.0,0.0,0.0,0
2013-10-10 01:30:00,0.0111515903542,0,0.5,0.0,0.0,0.0,0
2013-10-10 01:35:00,0.00164374495633,0,0.5,0.0,0.0,0.0,0
2013-10-10 01:40:00,0.000595883892959,0,0.5,0.0,0.0,0.0,0
2013-10-10 01:45:00,0.00254972137482,0,0.5,0.0,0.0,0.0,0
2013-10-10 01:50:00,0.00369863362877,0,0.5,0.0,0.0,0.0,0
2013-10-10 01:55:00,0.00323091455082,0,0.5,0.0,0.0,0.0,0
2013-10-10 02:00:00,0.012619312462,0,0.5,0.0,0.0,0.0,0
2013-10-10 02:05:00,0.00212652752489,0,0.5,0.0,0.0,0.0,0
2013-10-10 02:10:00,0.00257592605229,0,0.5,0.0,0.0,0.0,0
2013-10-10 02:15:00,0.00680937287665,0,0.5,0.0,0.0,0.0,0
2013-10-10 02:20:00,0.000476485805542,0,0.5,0.0,0.0,0.0,0
2013-10-10 02:25:00,0.00793814339284,0,0.5,0.0,0.0,0.0,0
2013-10-10 02:30:00,0.00756871243843,0,0.5,0.0,0.0,0.0,0
2013-10-10 02:35:00,0.0027990000793,0,0.5,0.0,0.0,0.0,0
2013-10-10 02:40:00,0.00173130684706,0,0.5,0.0,0.0,0.0,0
2013-10-10 02:45:00,0.00403840195532,0,0.5,0.0,0.0,0.0,0
2013-10-10 02:50:00,0.00825460184039,0,0.5,0.0,0.0,0.0,0
2013-10-10 02:55:00,0.00456007493938,0,0.5,0.0,0.0,0.0,0
2013-10-10 03:00:00,0.0329501309542,0,0.5,0.0,0.0,0.0,0
2013-10-10 03:05:00,0.0276140326657,0,0.5,0.0,0.0,0.0,0
2013-10-10 03:10:00,0.0391639360934,0,0.5,0.0,0.0,0.0,0
2013-10-10 03:15:00,0.00943199113922,0,0.5,0.0,0.0,0.0,0
2013-10-10 03:20:00,0.00681759621204,0,0.5,0.0,0.0,0.0,0
2013-10-10 03:25:00,0.00169821920165,0,0.5,0.0,0.0,0.0,0
2013-10-10 03:30:00,0.0104262309184,0,0.5,0.0,0.0,0.0,0
2013-10-10 03:35:00,0.00795438917315,0,0.5,0.0,0.0,0.0,0
2013-10-10 03:40:00,0.00978055253964,0,0.5,0.0,0.0,0.0,0
2013-10-10 03:45:00,0.00302925347,0,0.5,0.0,0.0,0.0,0
2013-10-10 03:50:00,0.00742956451429,0,0.5,0.0,0.0,0.0,0
2013-10-10 03:55:00,0.00382866903028,0,0.5,0.0,0.0,0.0,0
2013-10-10 04:00:00,0.0165414186054,0,0.5,0.0,0.0,0.0,0
2013-10-10 04:05:00,0.00776026313092,0,0.5,0.0,0.0,0.0,0
2013-10-10 04:10:00,0.00775162813478,0,0.5,0.0,0.0,0.0,0
2013-10-10 04:15:00,0.00451964655927,0,0.5,0.0,0.0,0.0,0
2013-10-10 04:20:00,0.00392152652505,0,0.5,0.0,0.0,0.0,0
2013-10-10 04:25:00,0.00279036178987,0,0.5,0.0,0.0,0.0,0
2013-10-10 04:30:00,0.00272863902186,0,0.5,0.0,0.0,0.0,0
2013-10-10 04:35:00,0.007079669333,0,0.5,0.0,0.0,0.0,0
2013-10-10 04:40:00,0.00254106991225,0,0.5,0.0,0.0,0.0,0
2013-10-10 04:45:00,0.0,0,0.5,0.0,0.0,0.0,0
2013-10-10 04:50:00,0.0117971468814,0,0.5,0.0,0.0,0.0,0
2013-10-10 04:55:00,0.00362018426067,0,0.5,0.0,0.0,0.0,0
2013-10-10 05:00:00,0.0184465417993,0,0.5,0.0,0.0,0.0,0
2013-10-10 05:05:00,0.00353235232049,0,0.5,0.0,0.0,0.0,0
2013-10-10 05:10:00,0.00017028265089,0,0.5,0.0,0.0,0.0,0
2013-10-10 05:15:00,0.0102843693265,0,0.5,0.0,0.0,0.0,0
2013-10-10 05:20:00,0.00534474975109,0,0.5,0.0,0.0,0.0,0
2013-10-10 05:25:00,0.00713246729569,0,0.5,0.0,0.0,0.0,0
2013-10-10 05:30:00,0.006381163352,0,0.5,0.0,0.0,0.0,0
2013-10-10 05:35:00,0.00241150874394,0,0.5,0.0,0.0,0.0,0
2013-10-10 05:40:00,0.00487955991686,0,0.5,0.0,0.0,0.0,0
2013-10-10 05:45:00,0.00124047878057,0,0.5,0.0,0.0,0.0,0
2013-10-10 05:50:00,0.00442743784186,0,0.5,0.0,0.0,0.0,0
2013-10-10 05:55:00,0.00349754887302,0,0.5,0.0,0.0,0.0,0
2013-10-10 06:00:00,0.0114920469775,0,0.5,0.0,0.0,0.0,0
2013-10-10 06:05:00,0.00398334150507,0,0.5,0.0,0.0,0.0,0
2013-10-10 06:10:00,0.000521580772057,0,0.5,0.0,0.0,0.0,0
2013-10-10 06:15:00,0.00179326673167,0,0.5,0.0,0.0,0.0,0
2013-10-10 06:20:00,0.00215466206801,0,0.5,0.0,0.0,0.0,0
2013-10-10 06:25:00,0.00775354482729,0,0.5,0.0,0.0,0.0,0
2013-10-10 06:30:00,0.00393799295553,0,0.5,0.0,0.0,0.0,0
2013-10-10 06:35:00,3.937123528e-05,0,0.5,0.0,0.0,0.0,0
2013-10-10 06:40:00,0.00241614898405,0,0.5,0.0,0.0,0.0,0
2013-10-10 06:45:00,0.00656706276555,0,0.5,0.0,0.0,0.0,0
2013-10-10 06:50:00,0.00619613665925,0,0.5,0.0,0.0,0.0,0
2013-10-10 06:55:00,0.00221313436265,0,0.5,0.0,0.0,0.0,0
2013-10-10 07:00:00,0.0150374242445,0,0.5,0.0,0.0,0.0,0
2013-10-10 07:05:00,0.0341171958011,0,0.5,0.0,0.0,0.0,0
2013-10-10 07:10:00,0.0058805311728,0,0.5,0.0,0.0,0.0,0
2013-10-10 07:15:00,0.00431560772589,0,0.5,0.0,0.0,0.0,0
2013-10-10 07:20:00,0.00670270004671,0,0.5,0.0,0.0,0.0,0
2013-10-10 07:25:00,0.0107028241377,0,0.5,0.0,0.0,0.0,0
2013-10-10 07:30:00,0.00485076012995,0,0.5,0.0,0.0,0.0,0
2013-10-10 07:35:00,0.00720269332841,0,0.5,0.0,0.0,0.0,0
2013-10-10 07:40:00,0.00265942402797,0,0.5,0.0,0.0,0.0,0
2013-10-10 07:45:00,0.00197583992627,0,0.5,0.0,0.0,0.0,0
2013-10-10 07:50:00,0.0145596112447,0,0.5,0.0,0.0,0.0,0
2013-10-10 07:55:00,0.007409785038,0,0.5,0.0,0.0,0.0,0
2013-10-10 08:00:00,0.0137353972401,0,0.5,0.0,0.0,0.0,0
2013-10-10 08:05:00,0.0182792329858,0,0.5,0.0,0.0,0.0,0
2013-10-10 08:10:00,0.00448032472328,0,0.5,0.0,0.0,0.0,0
2013-10-10 08:15:00,0.00626049405615,0,0.5,0.0,0.0,0.0,0
2013-10-10 08:20:00,0.00855394508011,0,0.5,0.0,0.0,0.0,0
2013-10-10 08:25:00,0.0100581963173,0,0.5,0.0,0.0,0.0,0
2013-10-10 08:30:00,0.011345584665,0,0.5,0.0,0.0,0.0,0
2013-10-10 08:35:00,0.0060124635071,0,0.5,0.0,0.0,0.0,0
2013-10-10 08:40:00,0.00542877794584,0,0.5,0.0,0.0,0.0,0
2013-10-10 08:45:00,0.00865718301265,0,0.5,0.0,0.0,0.0,0
2013-10-10 08:50:00,0.00867007293443,0,0.5,0.0,0.0,0.0,0
2013-10-10 08:55:00,0.00762553150344,0,0.5,0.0,0.0,0.0,0
2013-10-10 09:00:00,0.0135278082443,0,0.5,0.0,0.0,0.0,0
2013-10-10 09:05:00,0.0178589339343,0,0.5,0.0,0.0,0.0,0
2013-10-10 09:10:00,0.114352720426,0,0.5,0.0,0.0,0.0,0
2013-10-10 09:15:00,0.338167700583,0,0.5,0.0,0.0,0.0,0
2013-10-10 09:20:00,0.550796626147,0,0.5,0.0,0.0,0.0,0
2013-10-10 09:25:00,0.641006770074,0,0.5,0.0,0.0,0.0,0
2013-10-10 09:30:00,0.67223385045,0,0.5,0.0,0.0,0.0,0
2013-10-10 09:35:00,0.746780888587,0,0.5,0.0,0.0,0.0,0
2013-10-10 09:40:00,0.590205954867,0,0.5,0.0,0.0,0.0,0
2013-10-10 09:45:00,0.363817304559,0,0.5,0.0,0.0,0.0,0
2013-10-10 09:50:00,0.286609867581,0,0.5,0.0,0.0,0.0,0
2013-10-10 09:55:00,0.229482363267,0,0.5,0.0,0.0,0.0,0
2013-10-10 10:00:00,0.201405755637,0,0.5,0.0,0.0,0.0,0
2013-10-10 10:05:00,0.187875072353,0,0.5,0.0,0.0,0.0,0
2013-10-10 10:10:00,0.165259856081,0,0.5,0.0,0.0,0.0,0
2013-10-10 10:15:00,0.144218705417,0,0.5,0.0,0.0,0.0,0
2013-10-10 10:20:00,0.120522599715,0,0.5,0.0,0.0,0.0,0
2013-10-10 10:25:00,0.133971197842,0,0.5,0.0,0.0,0.0,0
2013-10-10 10:30:00,0.114866641014,0,0.5,0.0,0.0,0.0,0
2013-10-10 10:35:00,0.090846212497,1,0.5,-1.0,-2.0,-1.0,0
2013-10-10 10:40:00,0.100813981765,1,0.5,0.0,0.0,0.0,0
2013-10-10 10:45:00,0.126913224678,1,0.5,0.0,0.0,0.0,0
2013-10-10 10:50:00,0.144586825644,1,0.5,0.0,0.0,0.0,0
2013-10-10 10:55:00,0.164280284598,1,0.5,0.0,0.0,0.0,0
2013-10-10 11:00:00,0.180117065124,1,0.5,0.0,0.0,0.0,0
2013-10-10 11:05:00,0.188380924391,1,0.5,0.0,0.0,0.0,0
2013-10-10 11:10:00,0.195872514656,1,0.5,0.0,0.0,0.0,0
2013-10-10 11:15:00,0.208409468619,1,0.5,0.0,0.0,0.0,0
2013-10-10 11:20:00,0.217444147844,1,0.5,0.0,0.0,0.0,0
2013-10-10 11:25:00,0.221115325346,1,0.5,0.0,0.0,0.0,0
2013-10-10 11:30:00,0.208763681298,1,0.5,0.0,0.0,0.0,0
2013-10-10 11:35:00,0.208647046278,1,0.5,0.0,0.0,0.0,0
2013-10-10 11:40:00,0.214393830516,1,0.5,0.0,0.0,0.0,0
2013-10-10 11:45:00,0.217673663538,1,0.5,0.0,0.0,0.0,0
2013-10-10 11:50:00,0.202442291089,1,0.5,0.0,0.0,0.0,0
2013-10-10 11:55:00,0.196276281411,1,0.5,0.0,0.0,0.0,0
2013-10-10 12:00:00,0.198010298633,1,0.5,0.0,0.0,0.0,0
2013-10-10 12:05:00,0.182572832339,1,0.5,0.0,0.0,0.0,0
2013-10-10 12:10:00,0.179587784649,1,0.5,0.0,0.0,0.0,0
2013-10-10 12:15:00,0.184542609326,1,0.5,0.0,0.0,0.0,0
2013-10-10 12:20:00,0.184547170527,1,0.5,0.0,0.0,0.0,0
2013-10-10 12:25:00,0.174324731446,1,0.5,0.0,0.0,0.0,0
2013-10-10 12:30:00,0.171583966544,1,0.5,0.0,0.0,0.0,0
2013-10-10 12:35:00,0.143082620513,1,0.5,0.0,0.0,0.0,0
2013-10-10 12:40:00,0.131441759816,1,0.5,0.0,0.0,0.0,0
2013-10-10 12:45:00,0.1060812866,1,0.5,0.0,0.0,0.0,0
2013-10-10 12:50:00,0.069719874402,1,0.5,0.0,0.0,0.0,0
2013-10-10 12:55:00,0.0631645093886,1,0.5,0.0,0.0,0.0,0
2013-10-10 13:00:00,0.0528915545917,1,0.5,0.0,0.0,0.0,0
2013-10-10 13:05:00,0.0461224289645,1,0.5,0.0,0.0,0.0,0
2013-10-10 13:10:00,0.0439594282961,1,0.5,0.0,0.0,0.0,0
2013-10-10 13:15:00,0.0546891585812,1,0.5,0.0,0.0,0.0,0
2013-10-10 13:20:00,0.059794819055,1,0.5,0.0,0.0,0.0,0
2013-10-10 13:25:00,0.0603535019882,1,0.5,0.0,0.0,0.0,0
2013-10-10 13:30:00,0.110355392334,1,0.5,0.0,0.0,0.0,0
2013-10-10 13:35:00,0.0965840389967,1,0.5,0.0,0.0,0.0,0
2013-10-10 13:40:00,0.0766309670063,1,0.5,0.0,0.0,0.0,0
2013-10-10 13:45:00,0.0883519039541,1,0.5,0.0,0.0,0.0,0
2013-10-10 13:50:00,0.0939064459094,1,0.5,0.0,0.0,0.0,0
2013-10-10 13:55:00,0.101437542434,1,0.5,0.0,0.0,0.0,0
2013-10-10 14:00:00,0.0996498479424,1,0.5,0.0,0.0,0.0,0
2013-10-10 14:05:00,0.0937680389746,1,0.5,0.0,0.0,0.0,0
2013-10-10 14:10:00,0.0894869317138,1,0.5,0.0,0.0,0.0,0
2013-10-10 14:15:00,0.0972392744917,1,0.5,0.0,0.0,0.0,0
2013-10-10 14:20:00,0.0943695412136,1,0.5,0.0,0.0,0.0,0
2013-10-10 14:25:00,0.0556450875632,1,0.5,0.0,0.0,0.0,0
2013-10-10 14:30:00,0.0518049480175,1,0.5,0.0,0.0,0.0,0
2013-10-10 14:35:00,0.0507465583184,1,0.5,0.0,0.0,0.0,0
2013-10-10 14:40:00,0.0528985758777,1,0.5,0.0,0.0,0.0,0
2013-10-10 14:45:00,0.0519911932261,1,0.5,0.0,0.0,0.0,0
2013-10-10 14:50:00,0.0586875207642,1,0.5,0.0,0.0,0.0,0
2013-10-10 14:55:00,0.0586864175133,1,0.5,0.0,0.0,0.0,0
2013-10-10 15:00:00,0.0709730158676,1,0.5,0.0,0.0,0.0,0
2013-10-10 15:05:00,0.0820234364729,1,0.5,0.0,0.0,0.0,0
2013-10-10 15:10:00,0.0996779726057,1,0.5,0.0,0.0,0.0,0
2013-10-10 15:15:00,0.0739220119554,1,0.5,0.0,0.0,0.0,0
2013-10-10 15:20:00,0.0939616216246,1,0.5,0.0,0.0,0.0,0
2013-10-10 15:25:00,0.060713382413,1,0.5,0.0,0.0,0.0,0
2013-10-10 15:30:00,0.110493361262,1,0.5,0.0,0.0,0.0,0
2013-10-10 15:35:00,0.0619068594144,1,0.5,0.0,0.0,0.0,0
2013-10-10 15:40:00,0.066654832792,1,0.5,0.0,0.0,0.0,0
2013-10-10 15:45:00,0.0717215962637,1,0.5,0.0,0.0,0.0,0
2013-10-10 15:50:00,0.0732130333246,0,0.5,0.0,0.0,0.0,0
2013-10-10 15:55:00,0.0628773447209,0,0.5,0.0,0.0,0.0,0
2013-10-10 16:00:00,0.0635390152969,0,0.5,0.0,0.0,0.0,0
2013-10-10 16:05:00,0.0729980080888,0,0.5,0.0,0.0,0.0,0
2013-10-10 16:10:00,0.0696387475923,0,0.5,0.0,0.0,0.0,0
2013-10-10 16:15:00,0.0886166051173,0,0.5,0.0,0.0,0.0,0
2013-10-10 16:20:00,0.0726613980237,0,0.5,0.0,0.0,0.0,0
2013-10-10 16:25:00,0.0417305619057,0,0.5,0.0,0.0,0.0,0
2013-10-10 16:30:00,0.0706739492639,0,0.5,0.0,0.0,0.0,0
2013-10-10 16:35:00,0.0569622175777,0,0.5,0.0,0.0,0.0,0
2013-10-10 16:40:00,0.0561511470779,0,0.5,0.0,0.0,0.0,0
2013-10-10 16:45:00,0.0729415644584,0,0.5,0.0,0.0,0.0,0
2013-10-10 16:50:00,0.0643005745335,0,0.5,0.0,0.0,0.0,0
2013-10-10 16:55:00,0.0883118575951,0,0.5,0.0,0.0,0.0,0
2013-10-10 17:00:00,0.078398829329,0,0.5,0.0,0.0,0.0,0
2013-10-10 17:05:00,0.0676212904096,0,0.5,0.0,0.0,0.0,0
2013-10-10 17:10:00,0.0803633074182,0,0.5,0.0,0.0,0.0,0
2013-10-10 17:15:00,0.0668692586497,0,0.5,0.0,0.0,0.0,0
2013-10-10 17:20:00,0.0622778415065,0,0.5,0.0,0.0,0.0,0
2013-10-10 17:25:00,0.061694705924,0,0.5,0.0,0.0,0.0,0
2013-10-10 17:30:00,0.0600706284723,0,0.5,0.0,0.0,0.0,0
2013-10-10 17:35:00,0.0755063592037,0,0.5,0.0,0.0,0.0,0
2013-10-10 17:40:00,0.0580134773123,0,0.5,0.0,0.0,0.0,0
2013-10-10 17:45:00,0.0525876336844,0,0.5,0.0,0.0,0.0,0
2013-10-10 17:50:00,0.057814734083,0,0.5,0.0,0.0,0.0,0
2013-10-10 17:55:00,0.0595501048451,0,0.5,0.0,0.0,0.0,0
2013-10-10 18:00:00,0.0590324134439,0,0.5,0.0,0.0,0.0,0
2013-10-10 18:05:00,0.0518126674801,1,0.5,-1.0,-2.0,-1.0,0
2013-10-10 18:10:00,0.0503333233657,1,0.5,0.0,0.0,0.0,0
2013-10-10 18:15:00,0.0477917429941,1,0.5,0.0,0.0,0.0,0
2013-10-10 18:20:00,0.0399685715121,1,0.5,0.0,0.0,0.0,0
2013-10-10 18:25:00,0.0499105378832,1,0.5,0.0,0.0,0.0,0
2013-10-10 18:30:00,0.0646894852752,1,0.5,0.0,0.0,0.0,0
2013-10-10 18:35:00,0.0432404644218,1,0.5,0.0,0.0,0.0,0
2013-10-10 18:40:00,0.0562081571535,1,0.5,0.0,0.0,0.0,0
2013-10-10 18:45:00,0.0471849352711,1,0.5,0.0,0.0,0.0,0
2013-10-10 18:50:00,0.0419250469162,1,0.5,0.0,0.0,0.0,0
2013-10-10 18:55:00,0.0386562958014,1,0.5,0.0,0.0,0.0,0
2013-10-10 19:00:00,0.0468819924697,1,0.5,0.0,0.0,0.0,0
2013-10-10 19:05:00,0.0441335509186,1,0.5,0.0,0.0,0.0,0
2013-10-10 19:10:00,0.0411881016998,1,0.5,0.0,0.0,0.0,0
2013-10-10 19:15:00,0.0459789174363,1,0.5,0.0,0.0,0.0,0
2013-10-10 19:20:00,0.0393187402996,1,0.5,0.0,0.0,0.0,0
2013-10-10 19:25:00,0.0394120687343,1,0.5,0.0,0.0,0.0,0
2013-10-10 19:30:00,0.0314872862032,1,0.5,0.0,0.0,0.0,0
2013-10-10 19:35:00,0.0323777446576,1,0.5,0.0,0.0,0.0,0
2013-10-10 19:40:00,0.0433859815613,1,0.5,0.0,0.0,0.0,0
2013-10-10 19:45:00,0.0317316183919,1,0.5,0.0,0.0,0.0,0
2013-10-10 19:50:00,0.0297350077102,1,0.5,0.0,0.0,0.0,0
2013-10-10 19:55:00,0.0404563401158,1,0.5,0.0,0.0,0.0,0
2013-10-10 20:00:00,0.0331056366304,1,0.5,0.0,0.0,0.0,0
2013-10-10 20:05:00,0.0279022182521,1,0.5,0.0,0.0,0.0,0
2013-10-10 20:10:00,0.0236726575054,1,0.5,0.0,0.0,0.0,0
2013-10-10 20:15:00,0.0312035827791,1,0.5,0.0,0.0,0.0,0
2013-10-10 20:20:00,0.0456311464245,1,0.5,0.0,0.0,0.0,0
2013-10-10 20:25:00,0.0526308909972,1,0.5,0.0,0.0,0.0,0
2013-10-10 20:30:00,0.0591560335241,1,0.5,0.0,0.0,0.0,0
2013-10-10 20:35:00,0.094217691085,1,0.5,0.0,0.0,0.0,0
2013-10-10 20:40:00,0.213523981446,1,0.5,0.0,0.0,0.0,0
2013-10-10 20:45:00,0.138549013714,1,0.5,0.0,0.0,0.0,0
2013-10-10 20:50:00,0.0756658925688,1,0.5,0.0,0.0,0.0,0
2013-10-10 20:55:00,0.0481811147958,1,0.5,0.0,0.0,0.0,0
2013-10-10 21:00:00,0.0376607979869,1,0.5,0.0,0.0,0.0,0
2013-10-10 21:05:00,0.0360951236708,1,0.5,0.0,0.0,0.0,0
2013-10-10 21:10:00,0.0282979526826,1,0.5,0.0,0.0,0.0,0
2013-10-10 21:15:00,0.0343036254338,1,0.5,0.0,0.0,0.0,0
2013-10-10 21:20:00,0.0320625903513,1,0.5,0.0,0.0,0.0,0
2013-10-10 21:25:00,0.0339676707325,1,0.5,0.0,0.0,0.0,0
2013-10-10 21:30:00,0.0297677265076,1,0.5,0.0,0.0,0.0,0
2013-10-10 21:35:00,0.0248647118072,1,0.5,0.0,0.0,0.0,0
2013-10-10 21:40:00,0.0219699330883,1,0.5,0.0,0.0,0.0,0
2013-10-10 21:45:00,0.0173465908298,1,0.5,0.0,0.0,0.0,0
2013-10-10 21:50:00,0.0284321145716,1,0.5,0.0,0.0,0.0,0
2013-10-10 21:55:00,0.0303969022297,1,0.5,0.0,0.0,0.0,0
2013-10-10 22:00:00,0.0353104093397,1,0.5,0.0,0.0,0.0,0
2013-10-10 22:05:00,0.0391173262153,1,0.5,0.0,0.0,0.0,0
2013-10-10 22:10:00,0.0297425526287,1,0.5,0.0,0.0,0.0,0
2013-10-10 22:15:00,0.0259447581556,1,0.5,0.0,0.0,0.0,0
2013-10-10 22:20:00,0.0266889782409,1,0.5,0.0,0.0,0.0,0
2013-10-10 22:25:00,0.0266986078094,1,0.5,0.0,0.0,0.0,0
2013-10-10 22:30:00,0.0333915498494,1,0.5,0.0,0.0,0.0,0
2013-10-10 22:35:00,0.0268459626025,1,0.5,0.0,0.0,0.0,0
2013-10-10 22:40:00,0.0213727615205,1,0.5,0.0,0.0,0.0,0
2013-10-10 22:45:00,0.0193389992784,1,0.5,0.0,0.0,0.0,0
2013-10-10 22:50:00,0.020105370006,1,0.5,0.0,0.0,0.0,0
2013-10-10 22:55:00,0.0163267589243,1,0.5,0.0,0.0,0.0,0
2013-10-10 23:00:00,0.0330932604613,1,0.5,0.0,0.0,0.0,0
2013-10-10 23:05:00,0.0255075217337,1,0.5,0.0,0.0,0.0,0
2013-10-10 23:10:00,0.0189905004504,1,0.5,0.0,0.0,0.0,0
2013-10-10 23:15:00,0.0284614972701,1,0.5,0.0,0.0,0.0,0
2013-10-10 23:20:00,0.0423175703927,0,0.5,0.0,0.0,0.0,0
2013-10-10 23:25:00,0.0219009848506,0,0.5,0.0,0.0,0.0,0
2013-10-10 23:30:00,0.0234958903741,0,0.5,0.0,0.0,0.0,0
2013-10-10 23:35:00,0.0186510318129,0,0.5,0.0,0.0,0.0,0
2013-10-10 23:40:00,0.0220906945962,0,0.5,0.0,0.0,0.0,0
2013-10-10 23:45:00,0.0227960868384,0,0.5,0.0,0.0,0.0,0
2013-10-10 23:50:00,0.0208063525381,0,0.5,0.0,0.0,0.0,0
2013-10-10 23:55:00,0.0281727024258,0,0.5,0.0,0.0,0.0,0
2013-10-11 00:00:00,0.0256136939842,0,0.5,0.0,0.0,0.0,0
2013-10-11 00:05:00,0.0225165823542,0,0.5,0.0,0.0,0.0,0
2013-10-11 00:10:00,0.0274809937873,0,0.5,0.0,0.0,0.0,0
2013-10-11 00:15:00,0.0273617801239,0,0.5,0.0,0.0,0.0,0
2013-10-11 00:20:00,0.0211474809918,0,0.5,0.0,0.0,0.0,0
2013-10-11 00:25:00,0.0334915438952,0,0.5,0.0,0.0,0.0,0
2013-10-11 00:30:00,0.037648642468,0,0.5,0.0,0.0,0.0,0
2013-10-11 00:35:00,0.0320076780989,0,0.5,0.0,0.0,0.0,0
2013-10-11 00:40:00,0.0302620322842,0,0.5,0.0,0.0,0.0,0
2013-10-11 00:45:00,0.0293447335481,0,0.821806609097,0.0,0.0,0.0,0
2013-10-11 00:50:00,0.0324925881303,0,0.811884339387,0.0,0.0,0.0,0
2013-10-11 00:55:00,0.0425402426388,0,0.781114984901,0.0,0.0,0.0,0
2013-10-11 01:00:00,0.0297542833138,0,0.777447546538,0.0,0.0,0.0,0
2013-10-11 01:05:00,0.0293747287979,0,0.774171063259,0.0,0.0,0.0,0
2013-10-11 01:10:00,0.0295704125644,0,0.760169062261,0.0,0.0,0.0,0
2013-10-11 01:15:00,0.0351768929347,0,0.757311597839,0.0,0.0,0.0,0
2013-10-11 01:20:00,0.0318166543322,0,0.767120782235,0.0,0.0,0.0,0
2013-10-11 01:25:00,0.0335307537594,0,0.764580479992,0.0,0.0,0.0,0
2013-10-11 01:30:00,0.03928478652,0,0.749222469529,0.0,0.0,0.0,0
2013-10-11 01:35:00,0.0328223119343,0,0.743164547662,0.0,0.0,0.0,0
2013-10-11 01:40:00,0.0305748154245,0,0.746514687953,0.0,0.0,0.0,0
2013-10-11 01:45:00,0.0240383835129,0,0.759078719426,0.0,0.0,0.0,0
2013-10-11 01:50:00,0.0261959864854,0,0.765231066858,0.0,0.0,0.0,0
2013-10-11 01:55:00,0.042209830538,0,0.742634744062,0.0,0.0,0.0,0
2013-10-11 02:00:00,0.0313069063371,0,0.739493103765,0.0,0.0,0.0,0
2013-10-11 02:05:00,0.0333638302603,0,0.742772816845,0.0,0.0,0.0,0
2013-10-11 02:10:00,0.0263207295762,0,0.752581855872,0.0,0.0,0.0,0
2013-10-11 02:15:00,0.029931511505,0,0.758895730179,0.0,0.0,0.0,0
2013-10-11 02:20:00,0.0241797214723,0,0.784413033491,0.0,0.0,0.0,0
2013-10-11 02:25:00,0.0219022791121,0,0.801842758636,0.0,0.0,0.0,0
2013-10-11 02:30:00,0.0237947429142,0,0.812223263267,0.0,0.0,0.0,0
2013-10-11 02:35:00,0.0204090208639,0,0.817639274462,0.0,0.0,0.0,0
2013-10-11 02:40:00,0.0203007738432,0,0.826226091933,0.0,0.0,0.0,0
2013-10-11 02:45:00,0.0277846644049,0,0.846132356621,0.0,0.0,0.0,0
2013-10-11 02:50:00,0.0252420137154,0,0.85403226862,0.0,0.0,0.0,0
2013-10-11 02:55:00,0.0273696049717,0,0.861567727448,0.0,0.0,0.0,0
2013-10-11 03:00:00,0.0487770876075,0,0.831942641502,0.0,0.0,0.0,0
2013-10-11 03:05:00,0.0501578570824,0,0.802008023054,0.0,0.0,0.0,0
2013-10-11 03:10:00,0.0628252745744,0,0.736570078479,0.0,0.0,0.0,0
2013-10-11 03:15:00,0.029778205744,0,0.721997037336,0.0,0.0,0.0,0
2013-10-11 03:20:00,0.031809791124,0,0.706773890556,0.0,0.0,0.0,0
2013-10-11 03:25:00,0.0265493396171,0,0.694856267079,0.0,0.0,0.0,0
2013-10-11 03:30:00,0.0293738824234,0,0.676864659531,0.0,0.0,0.0,0
2013-10-11 03:35:00,0.0177824539513,0,0.696673301928,0.0,0.0,0.0,0
2013-10-11 03:40:00,0.0231445692,0,0.700757357619,0.0,0.0,0.0,0
2013-10-11 03:45:00,0.0228772268213,0,0.709419646581,0.0,0.0,0.0,0
2013-10-11 03:50:00,0.0236292091819,0,0.755611015963,0.0,0.0,0.0,0
2013-10-11 03:55:00,0.020770528172,0,0.804143187819,0.0,0.0,0.0,0
2013-10-11 04:00:00,0.0211807300082,0,0.861985978331,0.0,0.0,0.0,0
2013-10-11 04:05:00,0.0255016596845,0,0.867186389629,0.0,0.0,0.0,0
2013-10-11 04:10:00,0.0252362471714,0,0.874914025988,0.0,0.0,0.0,0
2013-10-11 04:15:00,0.023451743874,0,0.878444440226,0.0,0.0,0.0,0
2013-10-11 04:20:00,0.0192833493299,0,0.88945723077,0.0,0.0,0.0,0
2013-10-11 04:25:00,0.0219467483542,0,0.885002245385,0.0,0.0,0.0,0
2013-10-11 04:30:00,0.0207635958047,0,0.887564806638,0.0,0.0,0.0,0
2013-10-11 04:35:00,0.0143795640005,0,0.896377351347,0.0,0.0,0.0,0
2013-10-11 04:40:00,0.0189396224735,0,0.901020593978,0.0,0.0,0.0,0
2013-10-11 04:45:00,0.0156092473893,0,0.905952860969,0.0,0.0,0.0,0
2013-10-11 04:50:00,0.0202896030168,0,0.906785761685,0.0,0.0,0.0,0
2013-10-11 04:55:00,0.0200070851757,0,0.911801221014,0.0,0.0,0.0,0
2013-10-11 05:00:00,0.022663301543,0,0.91407945872,0.0,0.0,0.0,0
2013-10-11 05:05:00,0.0175174596856,0,0.919165680598,0.0,0.0,0.0,0
2013-10-11 05:10:00,0.0195451556947,0,0.918946191312,0.0,0.0,0.0,0
2013-10-11 05:15:00,0.0216661702587,0,0.919181400902,0.0,0.0,0.0,0
2013-10-11 05:20:00,0.0159999694383,0,0.923096516284,0.0,0.0,0.0,0
2013-10-11 05:25:00,0.0224515234873,0,0.916375055308,0.0,0.0,0.0,0
2013-10-11 05:30:00,0.0163193325642,0,0.918603692485,0.0,0.0,0.0,0
2013-10-11 05:35:00,0.0206146240082,0,0.914306886782,0.0,0.0,0.0,0
2013-10-11 05:40:00,0.0169495950707,0,0.917192495883,0.0,0.0,0.0,0
2013-10-11 05:45:00,0.0181577765945,0,0.918758439913,0.0,0.0,0.0,0
2013-10-11 05:50:00,0.0221014570552,0,0.919229741534,0.0,0.0,0.0,0
2013-10-11 05:55:00,0.020548870258,0,0.916662224579,0.0,0.0,0.0,0
2013-10-11 06:00:00,0.0202439613647,0,0.916061747377,0.0,0.0,0.0,0
2013-10-11 06:05:00,0.0166217813727,0,0.92032406578,0.0,0.0,0.0,0
2013-10-11 06:10:00,0.0167312008032,0,0.919716554857,0.0,0.0,0.0,0
2013-10-11 06:15:00,0.0161092439643,0,0.9248705516,0.0,0.0,0.0,0
2013-10-11 06:20:00,0.0281350996851,0,0.915057519003,0.0,0.0,0.0,0
2013-10-11 06:25:00,0.0238473630395,0,0.912212211751,0.0,0.0,0.0,0
2013-10-11 06:30:00,0.0225502759642,0,0.90711544038,0.0,0.0,0.0,0
2013-10-11 06:35:00,0.0304618030188,0,0.895156412906,0.0,0.0,0.0,0
2013-10-11 06:40:00,0.0227586191225,0,0.894487676825,0.0,0.0,0.0,0
2013-10-11 06:45:00,0.028483792817,0,0.886168498039,0.0,0.0,0.0,0
2013-10-11 06:50:00,0.0337768379764,0,0.870921716887,0.0,0.0,0.0,0
2013-10-11 06:55:00,0.0356544721113,0,0.847171141059,0.0,0.0,0.0,0
2013-10-11 07:00:00,0.0363851337377,0,0.8197783251,0.0,0.0,0.0,0
2013-10-11 07:05:00,0.0465067389855,0,0.771747526976,0.0,0.0,0.0,0
2013-10-11 07:10:00,0.038680419122,0,0.753539810599,0.0,0.0,0.0,0
2013-10-11 07:15:00,0.0354704070581,0,0.732602969639,0.0,0.0,0.0,0
2013-10-11 07:20:00,0.0373637666341,0,0.704678584943,0.0,0.0,0.0,0
2013-10-11 07:25:00,0.0443953935095,0,0.677250186131,0.0,0.0,0.0,0
2013-10-11 07:30:00,0.0369641955253,0,0.648257845689,0.0,0.0,0.0,0
2013-10-11 07:35:00,0.0401816010165,0,0.623708961739,0.0,0.0,0.0,0
2013-10-11 07:40:00,0.0398530430359,0,0.610749745499,0.0,0.0,0.0,0
2013-10-11 07:45:00,0.0408194479609,0,0.599635636369,0.0,0.0,0.0,0
2013-10-11 07:50:00,0.0541951360272,0,0.560743828262,0.0,0.0,0.0,0
2013-10-11 07:55:00,0.055279687591,0,0.541343540011,0.0,0.0,0.0,0
2013-10-11 08:00:00,0.0462665036446,0,0.524486353941,0.0,0.0,0.0,0
2013-10-11 08:05:00,0.0492320353219,0,0.506184812085,0.0,0.0,0.0,0
2013-10-11 08:10:00,0.0484922348266,0,0.530969062404,0.0,0.0,0.0,0
2013-10-11 08:15:00,0.0502899145616,0,0.544054399028,0.0,0.0,0.0,0
2013-10-11 08:20:00,0.0467289699312,0,0.565619886325,0.0,0.0,0.0,0
2013-10-11 08:25:00,0.0404606082146,0,0.566233524832,0.0,0.0,0.0,0
2013-10-11 08:30:00,0.0386947515031,0,0.563684991927,0.0,0.0,0.0,0
2013-10-11 08:35:00,0.0367669408613,0,0.554748312587,0.0,0.0,0.0,0
2013-10-11 08:40:00,0.0392831299971,0,0.521658635282,0.0,0.0,0.0,0
2013-10-11 08:45:00,0.0353643862988,0,0.522727180981,0.0,0.0,0.0,0
2013-10-11 08:50:00,0.0315495490701,0,0.555377512603,0.0,0.0,0.0,0
2013-10-11 08:55:00,0.0245605900093,0,0.609171502618,0.0,0.0,0.0,0
2013-10-11 09:00:00,0.0318106045657,0,0.644458532802,0.0,0.0,0.0,0
2013-10-11 09:05:00,0.0285903207424,0,0.688531322667,0.0,0.0,0.0,0
2013-10-11 09:10:00,0.0189937311641,0,0.741092553317,0.0,0.0,0.0,0
2013-10-11 09:15:00,0.0218259868464,0,0.773636145023,0.0,0.0,0.0,0
2013-10-11 09:20:00,0.0152534078266,0,0.811084649977,0.0,0.0,0.0,0
2013-10-11 09:25:00,0.014813503843,0,0.842457362335,0.0,0.0,0.0,0
2013-10-11 09:30:00,0.0135761503909,0,0.874577125949,0.0,0.0,0.0,0
2013-10-11 09:35:00,0.0131158346201,0,0.898429844765,0.0,0.0,0.0,0
2013-10-11 09:40:00,0.0190231566753,0,0.910310832982,0.0,0.0,0.0,0
2013-10-11 09:45:00,0.0103691352173,0,0.922486081002,0.0,0.0,0.0,0
2013-10-11 09:50:00,0.0207951981781,0,0.931037818165,0.0,0.0,0.0,0
2013-10-11 09:55:00,0.0117567909535,0,0.942677642432,0.0,0.0,0.0,0
2013-10-11 10:00:00,0.0104695672701,0,0.947950828654,0.0,0.0,0.0,0
2013-10-11 10:05:00,0.0127525950436,0,0.905249485893,0.0,0.0,0.0,0
2013-10-11 10:10:00,0.0107901093924,0,0.909523375753,0.0,0.0,0.0,0
2013-10-11 10:15:00,0.0100864230724,0,0.913891988492,0.0,0.0,0.0,0
2013-10-11 10:20:00,0.0138361849678,0,0.913655850622,0.0,0.0,0.0,0
2013-10-11 10:25:00,0.00866226784638,0,0.917633698941,0.0,0.0,0.0,0
2013-10-11 10:30:00,0.0100450297595,0,0.925230985097,0.0,0.0,0.0,0
2013-10-11 10:35:00,0.0142159700137,0,0.922043965816,0.0,0.0,0.0,0
2013-10-11 10:40:00,0.00869088979585,0,0.931735267723,0.0,0.0,0.0,0
2013-10-11 10:45:00,0.00895035792751,0,0.9338435228,0.0,0.0,0.0,0
2013-10-11 10:50:00,0.0141129922508,0,0.931096565996,0.0,0.0,0.0,0
2013-10-11 10:55:00,0.0106478789525,0,0.93269394402,0.0,0.0,0.0,0
2013-10-11 11:00:00,0.0108276363875,0,0.932665715689,0.0,0.0,0.0,0
2013-10-11 11:05:00,0.0135591076354,0,0.930013694192,0.0,0.0,0.0,0
2013-10-11 11:10:00,0.0143674414144,0,0.929600991487,0.0,0.0,0.0,0
2013-10-11 11:15:00,0.0124495962563,0,0.926604420811,0.0,0.0,0.0,0
2013-10-11 11:20:00,0.0267088433426,0,0.912251378266,0.0,0.0,0.0,0
2013-10-11 11:25:00,0.02638622645,0,0.900513714451,0.0,0.0,0.0,0
2013-10-11 11:30:00,0.0215918770176,0,0.886860486567,0.0,0.0,0.0,0
2013-10-11 11:35:00,0.0115084738886,0,0.884001452711,0.0,0.0,0.0,0
2013-10-11 11:40:00,0.0199957562715,0,0.877233076298,0.0,0.0,0.0,0
2013-10-11 11:45:00,0.0148435254391,0,0.872239621522,0.0,0.0,0.0,0
2013-10-11 11:50:00,0.0209069064425,0,0.859672405264,0.0,0.0,0.0,0
2013-10-11 11:55:00,0.0225799484719,0,0.84773474687,0.0,0.0,0.0,0
2013-10-11 12:00:00,0.0295941604505,0,0.826097141655,0.0,0.0,0.0,0
2013-10-11 12:05:00,0.037029310378,0,0.787257519394,0.0,0.0,0.0,0
2013-10-11 12:10:00,0.036720479181,0,0.770088646386,0.0,0.0,0.0,0
2013-10-11 12:15:00,0.0366641936284,0,0.751683933182,0.0,0.0,0.0,0
2013-10-11 12:20:00,0.0444450365041,0,0.708104036849,0.0,0.0,0.0,0
2013-10-11 12:25:00,0.0469231585459,0,0.634345803295,0.0,0.0,0.0,0
2013-10-11 12:30:00,0.057615845949,0,0.550206792644,0.0,0.0,0.0,0
2013-10-11 12:35:00,0.0612297235668,0,0.556313700689,0.0,0.0,0.0,0
2013-10-11 12:40:00,0.0508230646477,0,0.62337324445,0.0,0.0,0.0,0
2013-10-11 12:45:00,0.0466194582887,0,0.674778108591,0.0,0.0,0.0,0
2013-10-11 12:50:00,0.0630158142281,0,0.740895170738,0.0,0.0,0.0,0
2013-10-11 12:55:00,0.0546490825827,0,0.772720578698,0.0,0.0,0.0,0
2013-10-11 13:00:00,0.0587029004102,0,0.809145893104,0.0,0.0,0.0,0
2013-10-11 13:05:00,0.0542830601794,0,0.835585864444,0.0,0.0,0.0,0
2013-10-11 13:10:00,0.0553695020894,0,0.850725438574,0.0,0.0,0.0,0
2013-10-11 13:15:00,0.0538400835599,0,0.859814220425,0.0,0.0,0.0,0
2013-10-11 13:20:00,0.0611568266791,0,0.864318492304,0.0,0.0,0.0,0
2013-10-11 13:25:00,0.0570757865487,0,0.859024318897,0.0,0.0,0.0,0
2013-10-11 13:30:00,0.0620010605699,0,0.872957415651,0.0,0.0,0.0,0
2013-10-11 13:35:00,0.052244552312,0,0.879594019889,0.0,0.0,0.0,0
2013-10-11 13:40:00,0.0618582011123,0,0.878248597713,0.0,0.0,0.0,0
2013-10-11 13:45:00,0.0547090796688,0,0.878318587122,0.0,0.0,0.0,0
2013-10-11 13:50:00,0.0522517448488,0,0.870630467615,0.0,0.0,0.0,0
2013-10-11 13:55:00,0.0572238625714,0,0.874175923027,0.0,0.0,0.0,0
2013-10-11 14:00:00,0.0645814391449,0,0.884841172394,0.0,0.0,0.0,0
2013-10-11 14:05:00,0.0530016623191,0,0.883897931086,0.0,0.0,0.0,0
2013-10-11 14:10:00,0.0509959983939,0,0.872029290086,0.0,0.0,0.0,0
2013-10-11 14:15:00,0.0587954779757,0,0.874095167394,0.0,0.0,0.0,0
2013-10-11 14:20:00,0.0491907045814,0,0.858140790405,0.0,0.0,0.0,0
2013-10-11 14:25:00,0.0602384411586,0,0.868249978597,0.0,0.0,0.0,0
2013-10-11 14:30:00,0.0586359544905,0,0.864236523092,0.0,0.0,0.0,0
2013-10-11 14:35:00,0.0528683632711,0,0.861906621433,0.0,0.0,0.0,0
2013-10-11 14:40:00,0.048872003406,0,0.857558042649,0.0,0.0,0.0,0
2013-10-11 14:45:00,0.0481612167612,0,0.845444362403,0.0,0.0,0.0,0
2013-10-11 14:50:00,0.0496017758452,0,0.82397043111,0.0,0.0,0.0,0
2013-10-11 14:55:00,0.0556650778098,0,0.827920617694,0.0,0.0,0.0,0
2013-10-11 15:00:00,0.0714241664232,0,0.856318267191,0.0,0.0,0.0,0
2013-10-11 15:05:00,0.0837931364493,0,0.886524191093,0.0,0.0,0.0,0
2013-10-11 15:10:00,0.104489275875,0,0.936683897872,0.0,0.0,0.0,0
2013-10-11 15:15:00,0.0851097790574,0,0.952650449971,0.0,0.0,0.0,0
2013-10-11 15:20:00,0.0725941622947,0,0.960087540836,0.0,0.0,0.0,0
2013-10-11 15:25:00,0.059995676574,0,0.96350176764,0.0,0.0,0.0,0
2013-10-11 15:30:00,0.066949621417,0,0.971100873968,0.0,0.0,0.0,0
2013-10-11 15:35:00,0.0680905046394,0,0.977905200079,0.0,0.0,0.0,0
2013-10-11 15:40:00,0.065852795776,0,0.98240277805,0.0,0.0,0.0,0
2013-10-11 15:45:00,0.0643406604119,0,0.984466093713,0.0,0.0,0.0,0
2013-10-11 15:50:00,0.0641033692688,0,0.982739633644,0.0,0.0,0.0,0
2013-10-11 15:55:00,0.0548230438342,0,0.974213174824,0.0,0.0,0.0,0
2013-10-11 16:00:00,0.0718351026623,0,0.960638557355,0.0,0.0,0.0,0
2013-10-11 16:05:00,0.0831735046703,0,0.959678342548,0.0,0.0,0.0,0
2013-10-11 16:10:00,0.066886413377,0,0.956736695409,0.0,0.0,0.0,0
2013-10-11 16:15:00,0.071740605111,0,0.962610831752,0.0,0.0,0.0,0
2013-10-11 16:20:00,0.0614854834584,0,0.959964480424,0.0,0.0,0.0,0
2013-10-11 16:25:00,0.0764905643401,0,0.963972644001,0.0,0.0,0.0,0
2013-10-11 16:30:00,0.0688651942077,0,0.965327430883,0.0,0.0,0.0,0
2013-10-11 16:35:00,0.0797993815736,0,0.971637014108,0.0,0.0,0.0,0
2013-10-11 16:40:00,0.0713494516415,0,0.974247736399,0.0,0.0,0.0,0
2013-10-11 16:45:00,0.0704196450048,0,0.979190001467,0.0,0.0,0.0,0
2013-10-11 16:50:00,0.0708392425864,0,0.978900396333,0.0,0.0,0.0,0
2013-10-11 16:55:00,0.0740527817597,0,0.976085872986,0.0,0.0,0.0,0
2013-10-11 17:00:00,0.0630264680086,0,0.974803072529,0.0,0.0,0.0,0
2013-10-11 17:05:00,0.070561210201,0,0.974399798924,0.0,0.0,0.0,0
2013-10-11 17:10:00,0.0684400671988,0,0.976701722974,0.0,0.0,0.0,0
2013-10-11 17:15:00,0.086992728556,0,0.979846254912,0.0,0.0,0.0,0
2013-10-11 17:20:00,0.0775575462226,0,0.982169404151,0.0,0.0,0.0,0
2013-10-11 17:25:00,0.0794758623206,0,0.982087220689,0.0,0.0,0.0,0
2013-10-11 17:30:00,0.0875293958717,0,0.985821710628,0.0,0.0,0.0,0
2013-10-11 17:35:00,0.0718713584489,0,0.986121337041,0.0,0.0,0.0,0
2013-10-11 17:40:00,0.0673230207812,0,0.985386016948,0.0,0.0,0.0,0
2013-10-11 17:45:00,0.0769175158295,0,0.985987555329,0.0,0.0,0.0,0
2013-10-11 17:50:00,0.0764268557206,0,0.9885261939,0.0,0.0,0.0,0
2013-10-11 17:55:00,0.0968362289661,0,0.992366992205,0.0,0.0,0.0,0
2013-10-11 18:00:00,0.087372157927,0,0.994382632554,0.0,0.0,0.0,0
2013-10-11 18:05:00,0.101544531419,0,0.995594830935,0.0,0.0,0.0,0
2013-10-11 18:10:00,0.089082558994,0,0.996382912439,0.0,0.0,0.0,0
2013-10-11 18:15:00,0.0810925068257,0,0.996482694931,0.0,0.0,0.0,0
2013-10-11 18:20:00,0.0933349652664,0,0.996820968453,0.0,0.0,0.0,0
2013-10-11 18:25:00,0.0817322507029,0,0.986387087502,0.0,0.0,0.0,0
2013-10-11 18:30:00,0.086581252218,0,0.989411462996,0.0,0.0,0.0,0
2013-10-11 18:35:00,0.0966411445776,0,0.99188481399,0.0,0.0,0.0,0
2013-10-11 18:40:00,0.08324510071,0,0.992613072651,0.0,0.0,0.0,0
2013-10-11 18:45:00,0.0914399722205,0,0.992041702797,0.0,0.0,0.0,0
2013-10-11 18:50:00,0.0873221065649,0,0.992036226216,0.0,0.0,0.0,0
2013-10-11 18:55:00,0.0939548078157,0,0.991166438811,0.0,0.0,0.0,0
2013-10-11 19:00:00,0.0997614145955,0,0.992368092345,0.0,0.0,0.0,0
2013-10-11 19:05:00,0.102628812934,0,0.994361996663,0.0,0.0,0.0,0
2013-10-11 19:10:00,0.0873603185635,0,0.993861383462,0.0,0.0,0.0,0
2013-10-11 19:15:00,0.0725624380698,0,0.993016340441,0.0,0.0,0.0,0
2013-10-11 19:20:00,0.089836606245,0,0.993327419733,0.0,0.0,0.0,0
2013-10-11 19:25:00,0.0868385039681,0,0.992351688993,0.0,0.0,0.0,0
2013-10-11 19:30:00,0.081712856541,0,0.992188325064,0.0,0.0,0.0,0
2013-10-11 19:35:00,0.101633940844,0,0.993219817301,0.0,0.0,0.0,0
2013-10-11 19:40:00,0.0817884407502,0,0.992675883276,0.0,0.0,0.0,0
2013-10-11 19:45:00,0.09303841144,0,0.992582185568,0.0,0.0,0.0,0
2013-10-11 19:50:00,0.0862781579255,0,0.991076347491,0.0,0.0,0.0,0
2013-10-11 19:55:00,0.0779903531746,0,0.987623963184,0.0,0.0,0.0,0
2013-10-11 20:00:00,0.0805828642157,0,0.986491517985,0.0,0.0,0.0,0
2013-10-11 20:05:00,0.0798670388431,0,0.987708492545,0.0,0.0,0.0,0
2013-10-11 20:10:00,0.0798755058817,0,0.986023833548,0.0,0.0,0.0,0
2013-10-11 20:15:00,0.0786773128946,0,0.984498725779,0.0,0.0,0.0,0
2013-10-11 20:20:00,0.070601994256,0,0.982194329271,0.0,0.0,0.0,0
2013-10-11 20:25:00,0.0819144649293,0,0.977383294446,0.0,0.0,0.0,0
2013-10-11 20:30:00,0.100768359872,0,0.982031076727,0.0,0.0,0.0,0
2013-10-11 20:35:00,0.107843685361,0,0.985066648221,0.0,0.0,0.0,0
2013-10-11 20:40:00,0.158452847784,0,0.994356557668,0.0,0.0,0.0,0
2013-10-11 20:45:00,0.108255929035,0,0.996378067314,0.0,0.0,0.0,0
2013-10-11 20:50:00,0.0724523171693,0,0.995911338272,0.0,0.0,0.0,0
2013-10-11 20:55:00,0.0483143611512,0,0.99354922311,0.0,0.0,0.0,0
2013-10-11 21:00:00,0.0960619411787,0,0.994880079825,0.0,0.0,0.0,0
2013-10-11 21:05:00,0.0596890354123,0,0.993290076224,0.0,0.0,0.0,0
2013-10-11 21:10:00,0.140253355134,0,0.997610866049,0.0,0.0,0.0,0
2013-10-11 21:15:00,0.0521810676359,0,0.996236148377,0.0,0.0,0.0,0
2013-10-11 21:20:00,0.0610973137061,0,0.993313278104,0.0,0.0,0.0,0
2013-10-11 21:25:00,0.0661951196925,0,0.988239630347,0.0,0.0,0.0,0
2013-10-11 21:30:00,0.0564978774112,0,0.960262036883,0.0,0.0,0.0,0
2013-10-11 21:35:00,0.0640295305012,0,0.937240456042,0.0,0.0,0.0,0
2013-10-11 21:40:00,0.0532443149319,0,0.924458635611,0.0,0.0,0.0,0
2013-10-11 21:45:00,0.053284466676,0,0.927942088708,0.0,0.0,0.0,0
2013-10-11 21:50:00,0.0676751718634,0,0.906302083886,0.0,0.0,0.0,0
2013-10-11 21:55:00,0.0611014434868,0,0.907481239639,0.0,0.0,0.0,0
2013-10-11 22:00:00,0.0763275565582,0,0.842532800788,0.0,0.0,0.0,0
2013-10-11 22:05:00,0.0649857822253,0,0.857491356092,0.0,0.0,0.0,0
2013-10-11 22:10:00,0.0511667223452,0,0.845977061387,0.0,0.0,0.0,0
2013-10-11 22:15:00,0.0557543159832,0,0.833224927403,0.0,0.0,0.0,0
2013-10-11 22:20:00,0.0490550837667,0,0.823730208031,0.0,0.0,0.0,0
2013-10-11 22:25:00,0.0468290528957,0,0.800509628156,0.0,0.0,0.0,0
2013-10-11 22:30:00,0.0386389105441,0,0.779415684223,0.0,0.0,0.0,0
2013-10-11 22:35:00,0.0462848472482,0,0.768869810763,0.0,0.0,0.0,0
2013-10-11 22:40:00,0.0443124553924,0,0.731713964586,0.0,0.0,0.0,0
2013-10-11 22:45:00,0.0393946110247,0,0.694687492337,0.0,0.0,0.0,0
2013-10-11 22:50:00,0.042953978171,0,0.633775186248,0.0,0.0,0.0,0
2013-10-11 22:55:00,0.0434470818982,0,0.592464128195,0.0,0.0,0.0,0
2013-10-11 23:00:00,0.0519071320984,0,0.59390438532,0.0,0.0,0.0,0
2013-10-11 23:05:00,0.0464468077651,0,0.575713137953,0.0,0.0,0.0,0
2013-10-11 23:10:00,0.0299163558024,0,0.537838555636,0.0,0.0,0.0,0
2013-10-11 23:15:00,0.0286892411768,0,0.501615324234,0.0,0.0,0.0,0
2013-10-11 23:20:00,0.0494881245421,0,0.523300801349,0.0,0.0,0.0,0
2013-10-11 23:25:00,0.0533715740933,0,0.537432623881,0.0,0.0,0.0,0
2013-10-11 23:30:00,0.0378290486803,0,0.524505291737,0.0,0.0,0.0,0
2013-10-11 23:35:00,0.0305634272412,0,0.506857766055,0.0,0.0,0.0,0
2013-10-11 23:40:00,0.0350945871286,0,0.508860173073,0.0,0.0,0.0,0
2013-10-11 23:45:00,0.034224039882,0,0.527285938953,0.0,0.0,0.0,0
2013-10-11 23:50:00,0.0475637949036,0,0.535945271229,0.0,0.0,0.0,0
2013-10-11 23:55:00,0.0527549556711,0,0.523364198211,0.0,0.0,0.0,0
2013-10-12 00:00:00,0.0389519472674,0,0.505305974312,0.0,0.0,0.0,0
2013-10-12 00:05:00,0.0294336522727,0,0.503817229161,0.0,0.0,0.0,0
2013-10-12 00:10:00,0.0204371982197,0,0.56167225007,0.0,0.0,0.0,0
2013-10-12 00:15:00,0.0313153931354,0,0.604797679283,0.0,0.0,0.0,0
2013-10-12 00:20:00,0.0217186487726,0,0.635536012495,0.0,0.0,0.0,0
2013-10-12 00:25:00,0.0298498083703,0,0.636879251731,0.0,0.0,0.0,0
2013-10-12 00:30:00,0.0276463892016,0,0.650795773038,0.0,0.0,0.0,0
2013-10-12 00:35:00,0.0282823029871,0,0.661755020521,0.0,0.0,0.0,0
2013-10-12 00:40:00,0.0242374791239,0,0.703398457016,0.0,0.0,0.0,0
2013-10-12 00:45:00,0.0274616786643,0,0.745695000221,0.0,0.0,0.0,0
2013-10-12 00:50:00,0.0268228042147,0,0.764794650465,0.0,0.0,0.0,0
2013-10-12 00:55:00,0.0382226523547,0,0.751034523022,0.0,0.0,0.0,0
2013-10-12 01:00:00,0.0461322166108,0,0.708473698192,0.0,0.0,0.0,0
2013-10-12 01:05:00,0.0370796910687,0,0.698479704101,0.0,0.0,0.0,0
2013-10-12 01:10:00,0.026779089135,0,0.689581104585,0.0,0.0,0.0,0
2013-10-12 01:15:00,0.0264468492605,0,0.695577724179,0.0,0.0,0.0,0
2013-10-12 01:20:00,0.0315886008566,0,0.688626146936,0.0,0.0,0.0,0
2013-10-12 01:25:00,0.0348741213842,0,0.676851654612,0.0,0.0,0.0,0
2013-10-12 01:30:00,0.0358896324983,0,0.655604705536,0.0,0.0,0.0,0
2013-10-12 01:35:00,0.0309291993547,0,0.649182028559,0.0,0.0,0.0,0
2013-10-12 01:40:00,0.03664223729,0,0.630766836056,0.0,0.0,0.0,0
2013-10-12 01:45:00,0.0320678003299,0,0.642347738879,0.0,0.0,0.0,0
2013-10-12 01:50:00,0.0417144906696,0,0.650580738541,0.0,0.0,0.0,0
2013-10-12 01:55:00,0.0453292080753,0,0.635152501067,0.0,0.0,0.0,0
2013-10-12 02:00:00,0.0452451798806,0,0.599848396397,0.0,0.0,0.0,0
2013-10-12 02:05:00,0.0392642891073,0,0.574834726323,0.0,0.0,0.0,0
2013-10-12 02:10:00,0.0372697466093,0,0.563644238631,0.0,0.0,0.0,0
2013-10-12 02:15:00,0.0316593834547,0,0.569983350809,0.0,0.0,0.0,0
2013-10-12 02:20:00,0.0404010721886,0,0.561082555228,0.0,0.0,0.0,0
2013-10-12 02:25:00,0.0359152707305,0,0.55120946215,0.0,0.0,0.0,0
2013-10-12 02:30:00,0.0463113582012,0,0.531978071542,0.0,0.0,0.0,0
2013-10-12 02:35:00,0.0490367599229,0,0.501926001017,0.0,0.0,0.0,0
2013-10-12 02:40:00,0.0399680412931,0,0.501566935848,0.0,0.0,0.0,0
2013-10-12 02:45:00,0.0466580951212,0,0.580574000271,0.0,0.0,0.0,0
2013-10-12 02:50:00,0.044033731417,0,0.582668269474,0.0,0.0,0.0,0
2013-10-12 02:55:00,0.0441985636794,0,0.574124183659,0.0,0.0,0.0,0
2013-10-12 03:00:00,0.058254068328,0,0.537446183004,0.0,0.0,0.0,0
2013-10-12 03:05:00,0.0685561226009,0,0.527629589433,0.0,0.0,0.0,0
2013-10-12 03:10:00,0.0859587355204,0,0.606790078164,0.0,0.0,0.0,0
2013-10-12 03:15:00,0.0494397033566,0,0.629611725352,0.0,0.0,0.0,0
2013-10-12 03:20:00,0.0704386834918,0,0.669168728137,0.0,0.0,0.0,0
2013-10-12 03:25:00,0.055799667826,0,0.679947969275,0.0,0.0,0.0,0
2013-10-12 03:30:00,0.0482862002618,0,0.692999873529,0.0,0.0,0.0,0
2013-10-12 03:35:00,0.0858097505507,0,0.751008557997,0.0,0.0,0.0,0
2013-10-12 03:40:00,0.0472001206133,0,0.755431538933,0.0,0.0,0.0,0
2013-10-12 03:45:00,0.0519864937068,0,0.766127692222,0.0,0.0,0.0,0
2013-10-12 03:50:00,0.0507649381481,0,0.755846722247,0.0,0.0,0.0,0
2013-10-12 03:55:00,0.0521054900133,0,0.732433657781,0.0,0.0,0.0,0
2013-10-12 04:00:00,0.0507295122696,0,0.678767971249,0.0,0.0,0.0,0
2013-10-12 04:05:00,0.0497700858178,0,0.679291588068,0.0,0.0,0.0,0
2013-10-12 04:10:00,0.0494545099709,0,0.645365264484,0.0,0.0,0.0,0
2013-10-12 04:15:00,0.0464475158216,0,0.629844811785,0.0,0.0,0.0,0
2013-10-12 04:20:00,0.0556198082991,0,0.642034701684,0.0,0.0,0.0,0
2013-10-12 04:25:00,0.0503010195223,0,0.581890414503,0.0,0.0,0.0,0
2013-10-12 04:30:00,0.0544250436229,0,0.594335298332,0.0,0.0,0.0,0
2013-10-12 04:35:00,0.05627044966,0,0.601670457374,0.0,0.0,0.0,0
2013-10-12 04:40:00,0.0531566213098,0,0.60575019779,0.0,0.0,0.0,0
2013-10-12 04:45:00,0.0563487310705,0,0.612959592238,0.0,0.0,0.0,0
2013-10-12 04:50:00,0.0594043901084,0,0.627575348903,0.0,0.0,0.0,0
2013-10-12 04:55:00,0.0499277420098,0,0.627839352824,0.0,0.0,0.0,0
2013-10-12 05:00:00,0.0435335998173,0,0.617884245763,0.0,0.0,0.0,0
2013-10-12 05:05:00,0.0454894033909,0,0.61626577737,0.0,0.0,0.0,0
2013-10-12 05:10:00,0.0363536367495,0,0.583326485791,0.0,0.0,0.0,0
2013-10-12 05:15:00,0.0554729079795,0,0.592236919212,0.0,0.0,0.0,0
2013-10-12 05:20:00,0.044717434077,0,0.575476518707,0.0,0.0,0.0,0
2013-10-12 05:25:00,0.0462183393355,0,0.55797668015,0.0,0.0,0.0,0
2013-10-12 05:30:00,0.0439459851022,0,0.541840934679,0.0,0.0,0.0,0
2013-10-12 05:35:00,0.0545624955047,0,0.538702854495,0.0,0.0,0.0,0
2013-10-12 05:40:00,0.0482874550038,0,0.519125910076,0.0,0.0,0.0,0
2013-10-12 05:45:00,0.0415042439919,0,0.504258768063,0.0,0.0,0.0,0
2013-10-12 05:50:00,0.0393602225313,0,0.503110558664,0.0,0.0,0.0,0
2013-10-12 05:55:00,0.0324922061091,0,0.526042795729,0.0,0.0,0.0,0
2013-10-12 06:00:00,0.0443285332152,0,0.511977276832,0.0,0.0,0.0,0
2013-10-12 06:05:00,0.0383038977227,0,0.542217377291,0.0,0.0,0.0,0
2013-10-12 06:10:00,0.048877793003,0,0.534905377118,0.0,0.0,0.0,0
2013-10-12 06:15:00,0.0388006668773,0,0.547932407971,0.0,0.0,0.0,0
2013-10-12 06:20:00,0.0475625730945,0,0.541586465414,0.0,0.0,0.0,0
2013-10-12 06:25:00,0.0418709250524,0,0.563798720168,0.0,0.0,0.0,0
2013-10-12 06:30:00,0.0425949638806,0,0.573700734328,0.0,0.0,0.0,0
2013-10-12 06:35:00,0.0352835822311,0,0.584468399261,0.0,0.0,0.0,0
2013-10-12 06:40:00,0.0507029552105,0,0.564792870161,0.0,0.0,0.0,0
2013-10-12 06:45:00,0.0558251743268,0,0.523864270458,0.0,0.0,0.0,0
2013-10-12 06:50:00,0.0349434812827,0,0.540381640844,0.0,0.0,0.0,0
2013-10-12 06:55:00,0.0371478126916,0,0.542412077846,0.0,0.0,0.0,0
2013-10-12 07:00:00,0.0511102391953,0,0.538490274849,0.0,0.0,0.0,0
2013-10-12 07:05:00,0.0446094439326,0,0.52826922257,0.0,0.0,0.0,0
2013-10-12 07:10:00,0.0279077806123,0,0.562738906759,0.0,0.0,0.0,0
2013-10-12 07:15:00,0.0389198805407,0,0.56787990193,0.0,0.0,0.0,0
2013-10-12 07:20:00,0.0357980363321,0,0.579675757548,0.0,0.0,0.0,0
2013-10-12 07:25:00,0.0398221651854,0,0.571806447508,0.0,0.0,0.0,0
2013-10-12 07:30:00,0.0502636077923,0,0.572569520651,0.0,0.0,0.0,0
2013-10-12 07:35:00,0.0316596106914,0,0.614047051157,0.0,0.0,0.0,0
2013-10-12 07:40:00,0.0285738246723,0,0.624786563403,0.0,0.0,0.0,0
2013-10-12 07:45:00,0.0307048804656,0,0.635552058592,0.0,0.0,0.0,0
2013-10-12 07:50:00,0.0326801308936,0,0.665736700928,0.0,0.0,0.0,0
2013-10-12 07:55:00,0.0384689967412,0,0.675571357774,0.0,0.0,0.0,0
2013-10-12 08:00:00,0.0302768817112,0,0.671790977028,0.0,0.0,0.0,0
2013-10-12 08:05:00,0.0322888226397,0,0.68232661722,0.0,0.0,0.0,0
2013-10-12 08:10:00,0.0219248348285,0,0.703889790114,0.0,0.0,0.0,0
2013-10-12 08:15:00,0.0268952795618,0,0.723355502243,0.0,0.0,0.0,0
2013-10-12 08:20:00,0.0280371310103,0,0.755286032387,0.0,0.0,0.0,0
2013-10-12 08:25:00,0.0233125366707,0,0.766743793885,0.0,0.0,0.0,0
2013-10-12 08:30:00,0.02394656011,0,0.772964927886,0.0,0.0,0.0,0
2013-10-12 08:35:00,0.0246938363648,0,0.780904967022,0.0,0.0,0.0,0
2013-10-12 08:40:00,0.0254552935095,0,0.790233635533,0.0,0.0,0.0,0
2013-10-12 08:45:00,0.0196999335547,0,0.813349977101,0.0,0.0,0.0,0
2013-10-12 08:50:00,0.0195148475828,0,0.82586351701,0.0,0.0,0.0,0
2013-10-12 08:55:00,0.0188021574185,0,0.840772995786,0.0,0.0,0.0,0
2013-10-12 09:00:00,0.0241585917487,0,0.838363113638,0.0,0.0,0.0,0
2013-10-12 09:05:00,0.012735552288,0,0.853239153937,0.0,0.0,0.0,0
2013-10-12 09:10:00,0.0146678582654,0,0.866414966863,0.0,0.0,0.0,0
2013-10-12 09:15:00,0.0106252474905,0,0.878144330168,0.0,0.0,0.0,0
2013-10-12 09:20:00,0.010798507272,0,0.889515785781,0.0,0.0,0.0,0
2013-10-12 09:25:00,0.00725754630163,0,0.903393802232,0.0,0.0,0.0,0
2013-10-12 09:30:00,0.00827750664519,0,0.915769826433,0.0,0.0,0.0,0
2013-10-12 09:35:00,0.00967988337025,0,0.922417064409,0.0,0.0,0.0,0
2013-10-12 09:40:00,0.0168768299144,0,0.924099049903,0.0,0.0,0.0,0
2013-10-12 09:45:00,0.0141050587246,0,0.927024952393,0.0,0.0,0.0,0
2013-10-12 09:50:00,0.0131736548441,0,0.933529984661,0.0,0.0,0.0,0
2013-10-12 09:55:00,0.034891891956,0,0.919920770296,0.0,0.0,0.0,0
2013-10-12 10:00:00,0.0233743253045,0,0.914030793527,0.0,0.0,0.0,0
2013-10-12 10:05:00,0.0247625277262,0,0.903785403609,0.0,0.0,0.0,0
2013-10-12 10:10:00,0.0284660815244,0,0.889754820729,0.0,0.0,0.0,0
2013-10-12 10:15:00,0.0260028681887,0,0.873325695675,0.0,0.0,0.0,0
2013-10-12 10:20:00,0.0268117552398,0,0.855476888776,0.0,0.0,0.0,0
2013-10-12 10:25:00,0.0293917715534,0,0.834714990252,0.0,0.0,0.0,0
2013-10-12 10:30:00,0.029161037343,0,0.820845829329,0.0,0.0,0.0,0
2013-10-12 10:35:00,0.0363712821764,0,0.793902562129,0.0,0.0,0.0,0
2013-10-12 10:40:00,0.0275749117202,0,0.775263397527,0.0,0.0,0.0,0
2013-10-12 10:45:00,0.031380909769,0,0.779893647548,0.0,0.0,0.0,0
2013-10-12 10:50:00,0.0344411958739,0,0.765113748546,0.0,0.0,0.0,0
2013-10-12 10:55:00,0.0349491654945,0,0.751038241713,0.0,0.0,0.0,0
2013-10-12 11:00:00,0.0388494075115,0,0.73624163418,0.0,0.0,0.0,0
2013-10-12 11:05:00,0.0412782290604,0,0.703676581298,0.0,0.0,0.0,0
2013-10-12 11:10:00,0.0478597658184,0,0.668665836151,0.0,0.0,0.0,0
2013-10-12 11:15:00,0.0351640425324,0,0.658783194153,0.0,0.0,0.0,0
2013-10-12 11:20:00,0.0467443726303,0,0.628026497701,0.0,0.0,0.0,0
2013-10-12 11:25:00,0.0371869764498,0,0.626577843022,0.0,0.0,0.0,0
2013-10-12 11:30:00,0.0277453359824,0,0.62627494653,0.0,0.0,0.0,0
2013-10-12 11:35:00,0.032010786961,0,0.6251547848,0.0,0.0,0.0,0
2013-10-12 11:40:00,0.0343627761453,0,0.625294302746,0.0,0.0,0.0,0
2013-10-12 11:45:00,0.0269498526057,0,0.639436899343,0.0,0.0,0.0,0
2013-10-12 11:50:00,0.0343835567806,0,0.64725164706,0.0,0.0,0.0,0
2013-10-12 11:55:00,0.0238268656268,0,0.677171984576,0.0,0.0,0.0,0
2013-10-12 12:00:00,0.0269245008893,0,0.711594330806,0.0,0.0,0.0,0
2013-10-12 12:05:00,0.0205266570432,0,0.734584317066,0.0,0.0,0.0,0
2013-10-12 12:10:00,0.040893833414,0,0.743506046337,0.0,0.0,0.0,0
2013-10-12 12:15:00,0.0236422275418,0,0.763545486955,0.0,0.0,0.0,0
2013-10-12 12:20:00,0.0326656503147,0,0.756367149986,0.0,0.0,0.0,0
2013-10-12 12:25:00,0.040874518291,0,0.743144221625,0.0,0.0,0.0,0
2013-10-12 12:30:00,0.0292068831787,0,0.750880922213,0.0,0.0,0.0,0
2013-10-12 12:35:00,0.0415869515789,0,0.72859750809,0.0,0.0,0.0,0
2013-10-12 12:40:00,0.0280003515912,0,0.73843607217,0.0,0.0,0.0,0
2013-10-12 12:45:00,0.0312183828068,0,0.727026679405,0.0,0.0,0.0,0
2013-10-12 12:50:00,0.0328219891922,0,0.71774981645,0.0,0.0,0.0,0
2013-10-12 12:55:00,0.0280758864011,0,0.705657809191,0.0,0.0,0.0,0
2013-10-12 13:00:00,0.0350009787646,0,0.715117280652,0.0,0.0,0.0,0
2013-10-12 13:05:00,0.0215885409188,0,0.718379533283,0.0,0.0,0.0,0
2013-10-12 13:10:00,0.0352876165066,0,0.714211402463,0.0,0.0,0.0,0
2013-10-12 13:15:00,0.0382703029112,0,0.718351413718,0.0,0.0,0.0,0
2013-10-12 13:20:00,0.0311100962667,0,0.715328652658,0.0,0.0,0.0,0
2013-10-12 13:25:00,0.0360863569432,0,0.724022285702,0.0,0.0,0.0,0
2013-10-12 13:30:00,0.0451037793488,0,0.696573603502,0.0,0.0,0.0,0
2013-10-12 13:35:00,0.0481563822172,0,0.668249964006,0.0,0.0,0.0,0
2013-10-12 13:40:00,0.0282650791008,0,0.675974043048,0.0,0.0,0.0,0
2013-10-12 13:45:00,0.0360170530306,0,0.662466682576,0.0,0.0,0.0,0
2013-10-12 13:50:00,0.0307048376529,0,0.669801501795,0.0,0.0,0.0,0
2013-10-12 13:55:00,0.0322408855673,0,0.651501260128,0.0,0.0,0.0,0
2013-10-12 14:00:00,0.0434000636526,0,0.637321112081,0.0,0.0,0.0,0
2013-10-12 14:05:00,0.0340988060916,0,0.644637657559,0.0,0.0,0.0,0
2013-10-12 14:10:00,0.0298506679179,0,0.646836324721,0.0,0.0,0.0,0
2013-10-12 14:15:00,0.0374575297825,0,0.644442343827,0.0,0.0,0.0,0
2013-10-12 14:20:00,0.0311027061327,0,0.668603984627,0.0,0.0,0.0,0
2013-10-12 14:25:00,0.0332830426591,0,0.693521797799,0.0,0.0,0.0,0
2013-10-12 14:30:00,0.0361666867777,0,0.680385814332,0.0,0.0,0.0,0
2013-10-12 14:35:00,0.0368966140013,0,0.678909087402,0.0,0.0,0.0,0
2013-10-12 14:40:00,0.0198113091971,0,0.6969926814,0.0,0.0,0.0,0
2013-10-12 14:45:00,0.0249936966504,0,0.708764714151,0.0,0.0,0.0,0
2013-10-12 14:50:00,0.0350188613081,0,0.722106304108,0.0,0.0,0.0,0
2013-10-12 14:55:00,0.0399955138857,0,0.712750708132,0.0,0.0,0.0,0
2013-10-12 15:00:00,0.0566837834114,0,0.668406946255,0.0,0.0,0.0,0
2013-10-12 15:05:00,0.0576927277129,0,0.633282785417,0.0,0.0,0.0,0
2013-10-12 15:10:00,0.0813682404974,0,0.541684690479,0.0,0.0,0.0,0
2013-10-12 15:15:00,0.0418566585371,0,0.525692198833,0.0,0.0,0.0,0
2013-10-12 15:20:00,0.0509439545938,0,0.501954844138,0.0,0.0,0.0,0
2013-10-12 15:25:00,0.0408624549841,0,0.509378522891,0.0,0.0,0.0,0
2013-10-12 15:30:00,0.0354532490375,0,0.538602556825,0.0,0.0,0.0,0
2013-10-12 15:35:00,0.0478344042222,0,0.580861781314,0.0,0.0,0.0,0
2013-10-12 15:40:00,0.0469679472368,0,0.60263453867,0.0,0.0,0.0,0
2013-10-12 15:45:00,0.0484927815121,0,0.617929523028,0.0,0.0,0.0,0
2013-10-12 15:50:00,0.0428892815657,0,0.593017422168,0.0,0.0,0.0,0
2013-10-12 15:55:00,0.0451095788256,0,0.569957021183,0.0,0.0,0.0,0
2013-10-12 16:00:00,0.0481772814108,0,0.508181388057,0.0,0.0,0.0,0
2013-10-12 16:05:00,0.0486921833986,0,0.520969227666,0.0,0.0,0.0,0
2013-10-12 16:10:00,0.0562918132069,0,0.530959591067,0.0,0.0,0.0,0
2013-10-12 16:15:00,0.0529250967106,0,0.553412874552,0.0,0.0,0.0,0
2013-10-12 16:20:00,0.0499654534289,0,0.58019421083,0.0,0.0,0.0,0
2013-10-12 16:25:00,0.0425714004185,0,0.570517794041,0.0,0.0,0.0,0
2013-10-12 16:30:00,0.0453017190163,0,0.567445170113,0.0,0.0,0.0,0
2013-10-12 16:35:00,0.0388137181701,0,0.549521455263,0.0,0.0,0.0,0
2013-10-12 16:40:00,0.055634898136,0,0.573096784866,0.0,0.0,0.0,0
2013-10-12 16:45:00,0.0421545428511,0,0.567650944106,0.0,0.0,0.0,0
2013-10-12 16:50:00,0.0394858383429,0,0.551562635822,0.0,0.0,0.0,0
2013-10-12 16:55:00,0.0399817216035,0,0.535353600545,0.0,0.0,0.0,0
2013-10-12 17:00:00,0.0397808739644,0,0.504489427409,0.0,0.0,0.0,0
2013-10-12 17:05:00,0.0234574313791,0,0.550541554403,0.0,0.0,0.0,0
2013-10-12 17:10:00,0.0209533318966,0,0.603792238731,0.0,0.0,0.0,0
2013-10-12 17:15:00,0.0289852351446,0,0.62814003438,0.0,0.0,0.0,0
2013-10-12 17:20:00,0.0214591213618,0,0.669603157699,0.0,0.0,0.0,0
2013-10-12 17:25:00,0.0388709653623,0,0.669505815832,0.0,0.0,0.0,0
2013-10-12 17:30:00,0.0219452762553,0,0.724627681407,0.0,0.0,0.0,0
2013-10-12 17:35:00,0.032917632807,0,0.738910720468,0.0,0.0,0.0,0
2013-10-12 17:40:00,0.0252196424229,0,0.760197489979,0.0,0.0,0.0,0
2013-10-12 17:45:00,0.0345971955429,0,0.767978581701,0.0,0.0,0.0,0
2013-10-12 17:50:00,0.0534387801826,0,0.747969392672,0.0,0.0,0.0,0
2013-10-12 17:55:00,0.0445799393825,0,0.715319061481,0.0,0.0,0.0,0
2013-10-12 18:00:00,0.0391945208414,0,0.685590896418,0.0,0.0,0.0,0
2013-10-12 18:05:00,0.0364677853389,0,0.673023513271,0.0,0.0,0.0,0
2013-10-12 18:10:00,0.044071821564,0,0.633885720995,0.0,0.0,0.0,0
2013-10-12 18:15:00,0.0418592602331,0,0.628596850505,0.0,0.0,0.0,0
2013-10-12 18:20:00,0.0354754062664,0,0.604359045731,0.0,0.0,0.0,0
2013-10-12 18:25:00,0.0444880534071,0,0.583302626911,0.0,0.0,0.0,0
2013-10-12 18:30:00,0.0555169853206,0,0.527176040276,0.0,0.0,0.0,0
2013-10-12 18:35:00,0.033500383075,0,0.529224271693,0.0,0.0,0.0,0
2013-10-12 18:40:00,0.0403260906507,0,0.553636384454,0.0,0.0,0.0,0
2013-10-12 18:45:00,0.042113666584,0,0.558208082687,0.0,0.0,0.0,0
2013-10-12 18:50:00,0.0381165229169,0,0.560203957641,0.0,0.0,0.0,0
2013-10-12 18:55:00,0.0371230603533,0,0.558990918206,0.0,0.0,0.0,0
2013-10-12 19:00:00,0.0436654662858,0,0.559743225513,0.0,0.0,0.0,0
2013-10-12 19:05:00,0.0511947679696,0,0.542410894875,0.0,0.0,0.0,0
2013-10-12 19:10:00,0.0417862810132,0,0.530646170897,0.0,0.0,0.0,0
2013-10-12 19:15:00,0.0490672755118,0,0.522092212058,0.0,0.0,0.0,0
2013-10-12 19:20:00,0.0552585249345,0,0.522575322764,0.0,0.0,0.0,0
2013-10-12 19:25:00,0.0604590287546,0,0.551128160247,0.0,0.0,0.0,0
2013-10-12 19:30:00,0.0427571351678,0,0.555985328318,0.0,0.0,0.0,0
2013-10-12 19:35:00,0.10506131967,0,0.676855849921,0.0,0.0,0.0,0
2013-10-12 19:40:00,0.050159325888,0,0.698393920062,0.0,0.0,0.0,0
2013-10-12 19:45:00,0.0503839181199,0,0.721332619562,0.0,0.0,0.0,0
2013-10-12 19:50:00,0.0648556052125,0,0.756126321455,0.0,0.0,0.0,0
2013-10-12 19:55:00,0.0471486663113,0,0.749668786593,0.0,0.0,0.0,0
2013-10-12 20:00:00,0.0433675457457,0,0.752203208114,0.0,0.0,0.0,0
2013-10-12 20:05:00,0.0416542268273,0,0.740204183655,0.0,0.0,0.0,0
2013-10-12 20:10:00,0.0434197278639,0,0.720438221552,0.0,0.0,0.0,0
2013-10-12 20:15:00,0.0411004311307,0,0.686625901883,0.0,0.0,0.0,0
2013-10-12 20:20:00,0.0503916672221,0,0.700171020182,0.0,0.0,0.0,0
2013-10-12 20:25:00,0.0476879913089,0,0.592871462571,0.0,0.0,0.0,0
2013-10-12 20:30:00,0.0426430754971,0,0.5780674133,0.0,0.0,0.0,0
2013-10-12 20:35:00,0.045725670322,0,0.568835393766,0.0,0.0,0.0,0
2013-10-12 20:40:00,0.0461179731484,0,0.53136964153,0.0,0.0,0.0,0
2013-10-12 20:45:00,0.0430264107054,0,0.523077924907,0.0,0.0,0.0,0
2013-10-12 20:50:00,0.0454251019799,0,0.527218073753,0.0,0.0,0.0,0
2013-10-12 20:55:00,0.0465971890881,0,0.537151285789,0.0,0.0,0.0,0
2013-10-12 21:00:00,0.0487271383372,0,0.547790980834,0.0,0.0,0.0,0
2013-10-12 21:05:00,0.0456092032592,0,0.55680307478,0.0,0.0,0.0,0
2013-10-12 21:10:00,0.0722680314659,0,0.600031269353,0.0,0.0,0.0,0
2013-10-12 21:15:00,0.0993437765192,0,0.696544335646,0.0,0.0,0.0,0
2013-10-12 21:20:00,0.047142158778,0,0.704443859622,0.0,0.0,0.0,0
2013-10-12 21:25:00,0.0515964566613,0,0.714607175845,0.0,0.0,0.0,0
2013-10-12 21:30:00,0.0439483200421,0,0.710870566042,0.0,0.0,0.0,0
2013-10-12 21:35:00,0.0685874055255,0,0.753362917821,0.0,0.0,0.0,0
2013-10-12 21:40:00,0.0571885980639,0,0.771731482325,0.0,0.0,0.0,0
2013-10-12 21:45:00,0.0404910381781,0,0.762294196616,0.0,0.0,0.0,0
2013-10-12 21:50:00,0.0316664706064,0,0.734827730636,0.0,0.0,0.0,0
2013-10-12 21:55:00,0.0609076105471,0,0.759531283581,0.0,0.0,0.0,0
2013-10-12 22:00:00,0.0492445992084,0,0.721881246333,0.0,0.0,0.0,0
2013-10-12 22:05:00,0.0495991412164,0,0.631956092261,0.0,0.0,0.0,0
2013-10-12 22:10:00,0.0431459899236,0,0.624318498506,0.0,0.0,0.0,0
2013-10-12 22:15:00,0.0530880880261,0,0.627175232558,0.0,0.0,0.0,0
2013-10-12 22:20:00,0.050188263993,0,0.639048514638,0.0,0.0,0.0,0
2013-10-12 22:25:00,0.048180080704,0,0.599781519275,0.0,0.0,0.0,0
2013-10-12 22:30:00,0.0389773813159,0,0.563853011323,0.0,0.0,0.0,0
2013-10-12 22:35:00,0.0437610868476,0,0.570352468277,0.0,0.0,0.0,0
2013-10-12 22:40:00,0.0513710147616,0,0.609054237933,0.0,0.0,0.0,0
2013-10-12 22:45:00,0.054235584167,0,0.596049842361,0.0,0.0,0.0,0
2013-10-12 22:50:00,0.0431616231527,0,0.584099915782,0.0,0.0,0.0,0
2013-10-12 22:55:00,0.0467772857316,0,0.578529181538,0.0,0.0,0.0,0
2013-10-12 23:00:00,0.0459391180738,0,0.58404328709,0.0,0.0,0.0,0
2013-10-12 23:05:00,0.044933233235,0,0.567901865171,0.0,0.0,0.0,0
2013-10-12 23:10:00,0.0465274669282,0,0.560617089453,0.0,0.0,0.0,0
2013-10-12 23:15:00,0.0459428065542,0,0.556154751591,0.0,0.0,0.0,0
2013-10-12 23:20:00,0.051457503041,0,0.580940268353,0.0,0.0,0.0,0
2013-10-12 23:25:00,0.0368296252688,0,0.567207512616,0.0,0.0,0.0,0
2013-10-12 23:30:00,0.0476126343364,0,0.55972613704,0.0,0.0,0.0,0
2013-10-12 23:35:00,0.0471843754125,0,0.54563450183,0.0,0.0,0.0,0
2013-10-12 23:40:00,0.0383338106403,0,0.535951918821,0.0,0.0,0.0,0
2013-10-12 23:45:00,0.0440494601514,0,0.530471232776,0.0,0.0,0.0,0
2013-10-12 23:50:00,0.0444653659592,0,0.527507732202,0.0,0.0,0.0,0
2013-10-12 23:55:00,0.0451365673052,0,0.527916701654,0.0,0.0,0.0,0
2013-10-13 00:00:00,0.0452294379731,0,0.525305465223,0.0,0.0,0.0,0
2013-10-13 00:05:00,0.0436193899201,0,0.520628821215,0.0,0.0,0.0,0
2013-10-13 00:10:00,0.0296874394859,0,0.523241274686,0.0,0.0,0.0,0
2013-10-13 00:15:00,0.0192752610193,0,0.558436714694,0.0,0.0,0.0,0
2013-10-13 00:20:00,0.0203428883858,0,0.612110283405,0.0,0.0,0.0,0
2013-10-13 00:25:00,0.0152617266673,0,0.672257312729,0.0,0.0,0.0,0
2013-10-13 00:30:00,0.0164586418594,0,0.711136573017,0.0,0.0,0.0,0
2013-10-13 00:35:00,0.0181575328914,0,0.754135487456,0.0,0.0,0.0,0
2013-10-13 00:40:00,0.0154300234666,0,0.797944283479,0.0,0.0,0.0,0
2013-10-13 00:45:00,0.0179321206312,0,0.834421842061,0.0,0.0,0.0,0
2013-10-13 00:50:00,0.016507007059,0,0.867991195078,0.0,0.0,0.0,0
2013-10-13 00:55:00,0.0110060501618,0,0.900037915152,0.0,0.0,0.0,0
2013-10-13 01:00:00,0.0156591604334,0,0.911918517566,0.0,0.0,0.0,0
2013-10-13 01:05:00,0.0167500779191,0,0.913940390733,0.0,0.0,0.0,0
2013-10-13 01:10:00,0.0249844458098,0,0.910196865124,0.0,0.0,0.0,0
2013-10-13 01:15:00,0.0381882803277,0,0.889919766029,0.0,0.0,0.0,0
2013-10-13 01:20:00,0.0438147377714,0,0.861669031186,0.0,0.0,0.0,0
2013-10-13 01:25:00,0.0473410765515,0,0.826483564907,0.0,0.0,0.0,0
2013-10-13 01:30:00,0.0548050196794,0,0.770764163121,0.0,0.0,0.0,0
2013-10-13 01:35:00,0.0537372342351,0,0.712401131348,0.0,0.0,0.0,0
2013-10-13 01:40:00,0.0561837143841,0,0.6405367711,0.0,0.0,0.0,0
2013-10-13 01:45:00,0.0578701699678,0,0.548966601158,0.0,0.0,0.0,0
2013-10-13 01:50:00,0.0614921655358,0,0.543232612161,0.0,0.0,0.0,0
2013-10-13 01:55:00,0.0586599197334,0,0.625662152147,0.0,0.0,0.0,0
2013-10-13 02:00:00,0.0560423138523,0,0.683442500241,0.0,0.0,0.0,0
2013-10-13 02:05:00,0.0607992844875,0,0.722947164371,0.0,0.0,0.0,0
2013-10-13 02:10:00,0.063472355893,0,0.755206315402,0.0,0.0,0.0,0
2013-10-13 02:15:00,0.0600400733639,0,0.774918637541,0.0,0.0,0.0,0
2013-10-13 02:20:00,0.0597380197497,0,0.782326423738,0.0,0.0,0.0,0
2013-10-13 02:25:00,0.0608763704351,0,0.792794033053,0.0,0.0,0.0,0
2013-10-13 02:30:00,0.0617302602407,0,0.800717120325,0.0,0.0,0.0,0
2013-10-13 02:35:00,0.0604594865214,0,0.804352557134,0.0,0.0,0.0,0
2013-10-13 02:40:00,0.0605833568913,0,0.803081187599,0.0,0.0,0.0,0
2013-10-13 02:45:00,0.0629423508952,0,0.809028305366,0.0,0.0,0.0,0
2013-10-13 02:50:00,0.0608426438922,0,0.815562103001,0.0,0.0,0.0,0
2013-10-13 02:55:00,0.063434851951,0,0.819089546116,0.0,0.0,0.0,0
2013-10-13 03:00:00,0.0675682717967,0,0.824486966259,0.0,0.0,0.0,0
2013-10-13 03:05:00,0.0783807491883,0,0.847387157543,0.0,0.0,0.0,0
2013-10-13 03:10:00,0.0887565566033,0,0.879390641528,0.0,0.0,0.0,0
2013-10-13 03:15:00,0.0710628962317,0,0.889415762792,0.0,0.0,0.0,0
2013-10-13 03:20:00,0.0602998313047,0,0.888045214295,0.0,0.0,0.0,0
2013-10-13 03:25:00,0.0607836216188,0,0.888356839794,0.0,0.0,0.0,0
2013-10-13 03:30:00,0.0642890216859,0,0.891875453549,0.0,0.0,0.0,0
2013-10-13 03:35:00,0.0599547904271,0,0.88904501823,0.0,0.0,0.0,0
2013-10-13 03:40:00,0.0611239069913,0,0.889313730294,0.0,0.0,0.0,0
2013-10-13 03:45:00,0.0633637993035,0,0.892547558648,0.0,0.0,0.0,0
2013-10-13 03:50:00,0.0675802626514,0,0.892559234931,0.0,0.0,0.0,0
2013-10-13 03:55:00,0.0624205659394,0,0.87619912559,0.0,0.0,0.0,0
2013-10-13 04:00:00,0.0632558420919,0,0.846582593557,0.0,0.0,0.0,0
2013-10-13 04:05:00,0.0612592182371,0,0.834039487378,0.0,0.0,0.0,0
2013-10-13 04:10:00,0.0616198659975,0,0.835765952387,0.0,0.0,0.0,0
2013-10-13 04:15:00,0.0685216287223,0,0.845651268869,0.0,0.0,0.0,0
2013-10-13 04:20:00,0.0651172172734,0,0.846685483636,0.0,0.0,0.0,0
2013-10-13 04:25:00,0.0671022520544,0,0.855419835906,0.0,0.0,0.0,0
2013-10-13 04:30:00,0.0640765586267,0,0.858928238161,0.0,0.0,0.0,0
2013-10-13 04:35:00,0.0589221212925,0,0.853628432751,0.0,0.0,0.0,0
2013-10-13 04:40:00,0.0641877959512,0,0.849491611249,0.0,0.0,0.0,0
2013-10-13 04:45:00,0.0693494093557,0,0.857858731922,0.0,0.0,0.0,0
2013-10-13 04:50:00,0.063044706227,0,0.857608512808,0.0,0.0,0.0,0
2013-10-13 04:55:00,0.0624854337956,0,0.859057556356,0.0,0.0,0.0,0
2013-10-13 05:00:00,0.0652942017615,0,0.86333954337,0.0,0.0,0.0,0
2013-10-13 05:05:00,0.066896312995,0,0.861456533727,0.0,0.0,0.0,0
2013-10-13 05:10:00,0.0659679257646,0,0.862444315827,0.0,0.0,0.0,0
2013-10-13 05:15:00,0.0665761825334,0,0.861834050141,0.0,0.0,0.0,0
2013-10-13 05:20:00,0.0642232350028,0,0.862004387021,0.0,0.0,0.0,0
2013-10-13 05:25:00,0.064866443417,0,0.8687872476,0.0,0.0,0.0,0
2013-10-13 05:30:00,0.0648215625141,0,0.869496592608,0.0,0.0,0.0,0
2013-10-13 05:35:00,0.0599390386397,0,0.858689874881,0.0,0.0,0.0,0
2013-10-13 05:40:00,0.0630289280933,0,0.858671260443,0.0,0.0,0.0,0
2013-10-13 05:45:00,0.0685472439016,0,0.86570062074,0.0,0.0,0.0,0
2013-10-13 05:50:00,0.0570912452336,0,0.856129794114,0.0,0.0,0.0,0
2013-10-13 05:55:00,0.0639626043412,0,0.852597805704,0.0,0.0,0.0,0
2013-10-13 06:00:00,0.0601141591279,0,0.845377949937,0.0,0.0,0.0,0
2013-10-13 06:05:00,0.0633137446481,0,0.841254400852,0.0,0.0,0.0,0
2013-10-13 06:10:00,0.0562771844301,0,0.830912178102,0.0,0.0,0.0,0
2013-10-13 06:15:00,0.0539131418186,0,0.815963003087,0.0,0.0,0.0,0
2013-10-13 06:20:00,0.0566762615459,0,0.804329217947,0.0,0.0,0.0,0
2013-10-13 06:25:00,0.0601626066597,0,0.804654377897,0.0,0.0,0.0,0
2013-10-13 06:30:00,0.0622397612394,0,0.803505138492,0.0,0.0,0.0,0
2013-10-13 06:35:00,0.0566886937009,0,0.785747067111,0.0,0.0,0.0,0
2013-10-13 06:40:00,0.0616000700548,0,0.792606419649,0.0,0.0,0.0,0
2013-10-13 06:45:00,0.0724349450851,0,0.805138738967,0.0,0.0,0.0,0
2013-10-13 06:50:00,0.0498457589457,0,0.789889735347,0.0,0.0,0.0,0
2013-10-13 06:55:00,0.0536849697848,0,0.774973161008,0.0,0.0,0.0,0
2013-10-13 07:00:00,0.0632784175681,0,0.785877930981,0.0,0.0,0.0,0
2013-10-13 07:05:00,0.058313960029,0,0.792572089158,0.0,0.0,0.0,0
2013-10-13 07:10:00,0.0570896973892,0,0.793194552164,0.0,0.0,0.0,0
2013-10-13 07:15:00,0.0613338967926,0,0.794952014994,0.0,0.0,0.0,0
2013-10-13 07:20:00,0.0566751780548,0,0.786523648471,0.0,0.0,0.0,0
2013-10-13 07:25:00,0.0527959208568,0,0.780509299267,0.0,0.0,0.0,0
2013-10-13 07:30:00,0.0499256540664,0,0.761899860014,0.0,0.0,0.0,0
2013-10-13 07:35:00,0.0478128134385,0,0.719968012968,0.0,0.0,0.0,0
2013-10-13 07:40:00,0.0539986651653,0,0.727283963282,0.0,0.0,0.0,0
2013-10-13 07:45:00,0.0545359252724,0,0.728771253095,0.0,0.0,0.0,0
2013-10-13 07:50:00,0.0562475283888,0,0.71636288203,0.0,0.0,0.0,0
2013-10-13 07:55:00,0.052684057808,0,0.7062349499,0.0,0.0,0.0,0
2013-10-13 08:00:00,0.0500428160125,0,0.69332731115,0.0,0.0,0.0,0
2013-10-13 08:05:00,0.0469607053007,0,0.666257666225,0.0,0.0,0.0,0
2013-10-13 08:10:00,0.0417338486053,0,0.637171760763,0.0,0.0,0.0,0
2013-10-13 08:15:00,0.0460206795972,0,0.623704628695,0.0,0.0,0.0,0
2013-10-13 08:20:00,0.0430104613209,0,0.609802350255,0.0,0.0,0.0,0
2013-10-13 08:25:00,0.0392229419004,0,0.592337674885,0.0,0.0,0.0,0
2013-10-13 08:30:00,0.0353895008985,0,0.553911913586,0.0,0.0,0.0,0
2013-10-13 08:35:00,0.0310539622052,0,0.504737512276,0.0,0.0,0.0,0
2013-10-13 08:40:00,0.0203058553836,0,0.57041208817,0.0,0.0,0.0,0
2013-10-13 08:45:00,0.0300285909926,0,0.616669788319,0.0,0.0,0.0,0
2013-10-13 08:50:00,0.0376280100306,0,0.641373585148,0.0,0.0,0.0,0
2013-10-13 08:55:00,0.0438768722002,0,0.64742390437,0.0,0.0,0.0,0
2013-10-13 09:00:00,0.0520878775193,0,0.626971106896,0.0,0.0,0.0,0
2013-10-13 09:05:00,0.0585726707049,0,0.60169334256,0.0,0.0,0.0,0
2013-10-13 09:10:00,0.064230822734,0,0.558026838807,0.0,0.0,0.0,0
2013-10-13 09:15:00,0.0627674016579,0,0.508761514821,0.0,0.0,0.0,0
2013-10-13 09:20:00,0.0114067607475,0,0.558937824543,0.0,0.0,0.0,0
2013-10-13 09:25:00,0.0553273414408,0,0.508150971917,0.0,0.0,0.0,0
2013-10-13 09:30:00,0.0708459180773,0,0.597063395581,0.0,0.0,0.0,0
2013-10-13 09:35:00,0.0680330302105,0,0.672171188877,0.0,0.0,0.0,0
2013-10-13 09:40:00,0.0612587868166,0,0.71578858843,0.0,0.0,0.0,0
2013-10-13 09:45:00,0.0669850966948,0,0.755557407094,0.0,0.0,0.0,0
2013-10-13 09:50:00,0.063322652987,0,0.773750320214,0.0,0.0,0.0,0
2013-10-13 09:55:00,0.0652575935932,0,0.784201894698,0.0,0.0,0.0,0
2013-10-13 10:00:00,0.0627492095455,0,0.781909904729,0.0,0.0,0.0,0
2013-10-13 10:05:00,0.0605590195071,0,0.778467724671,0.0,0.0,0.0,0
2013-10-13 10:10:00,0.0627542120471,0,0.850240888648,0.0,0.0,0.0,0
2013-10-13 10:15:00,0.0605463996347,0,0.856551856438,0.0,0.0,0.0,0
2013-10-13 10:20:00,0.0663033173139,0,0.851069160944,0.0,0.0,0.0,0
2013-10-13 10:25:00,0.0596585395831,0,0.840599013976,0.0,0.0,0.0,0
2013-10-13 10:30:00,0.0576272407189,0,0.835912402276,0.0,0.0,0.0,0
2013-10-13 10:35:00,0.0661478182243,0,0.834819317851,0.0,0.0,0.0,0
2013-10-13 10:40:00,0.0617672866563,0,0.832776275249,0.0,0.0,0.0,0
2013-10-13 10:45:00,0.0524200515281,0,0.815295563399,0.0,0.0,0.0,0
2013-10-13 10:50:00,0.0553524165211,0,0.804725864605,0.0,0.0,0.0,0
2013-10-13 10:55:00,0.0595890150203,0,0.803313014361,0.0,0.0,0.0,0
2013-10-13 11:00:00,0.0596527071734,0,0.798754168331,0.0,0.0,0.0,0
2013-10-13 11:05:00,0.0531030955309,0,0.787558044045,0.0,0.0,0.0,0
2013-10-13 11:10:00,0.0603639647582,0,0.778368644877,0.0,0.0,0.0,0
2013-10-13 11:15:00,0.0613931825289,0,0.781075717248,0.0,0.0,0.0,0
2013-10-13 11:20:00,0.0729425392711,0,0.804137846458,0.0,0.0,0.0,0
2013-10-13 11:25:00,0.0615717082749,0,0.797406394507,0.0,0.0,0.0,0
2013-10-13 11:30:00,0.0695655082028,0,0.80879511948,0.0,0.0,0.0,0
2013-10-13 11:35:00,0.0708375267843,0,0.834093029475,0.0,0.0,0.0,0
2013-10-13 11:40:00,0.0685905868399,0,0.850874160853,0.0,0.0,0.0,0
2013-10-13 11:45:00,0.0714637253758,0,0.864928228381,0.0,0.0,0.0,0
2013-10-13 11:50:00,0.077931581191,0,0.884736779331,0.0,0.0,0.0,0
2013-10-13 11:55:00,0.0770017877274,0,0.907393583739,0.0,0.0,0.0,0
2013-10-13 12:00:00,0.0723114600297,0,0.917400996593,0.0,0.0,0.0,0
2013-10-13 12:05:00,0.0688509046393,0,0.913360989311,0.0,0.0,0.0,0
2013-10-13 12:10:00,0.0761989570295,0,0.916091944762,0.0,0.0,0.0,0
2013-10-13 12:15:00,0.0756029677514,0,0.927123544636,0.0,0.0,0.0,0
2013-10-13 12:20:00,0.0800092396435,0,0.934586843797,0.0,0.0,0.0,0
2013-10-13 12:25:00,0.0732342848998,0,0.936212941028,0.0,0.0,0.0,0
2013-10-13 12:30:00,0.0622005513751,0,0.931806399035,0.0,0.0,0.0,0
2013-10-13 12:35:00,0.069508369689,0,0.930412068304,0.0,0.0,0.0,0
2013-10-13 12:40:00,0.0660684203898,0,0.921477708761,0.0,0.0,0.0,0
2013-10-13 12:45:00,0.0777588186956,0,0.922072638579,0.0,0.0,0.0,0
2013-10-13 12:50:00,0.0753435687787,0,0.924421241948,0.0,0.0,0.0,0
2013-10-13 12:55:00,0.0752405844292,0,0.92919348423,0.0,0.0,0.0,0
2013-10-13 13:00:00,0.0727353191234,0,0.926636175216,0.0,0.0,0.0,0
2013-10-13 13:05:00,0.076602750131,0,0.927381493076,0.0,0.0,0.0,0
2013-10-13 13:10:00,0.0695572947473,0,0.919298046129,0.0,0.0,0.0,0
2013-10-13 13:15:00,0.0707646134301,0,0.917292323395,0.0,0.0,0.0,0
2013-10-13 13:20:00,0.0675043952196,0,0.92155428093,0.0,0.0,0.0,0
2013-10-13 13:25:00,0.0712038949826,0,0.922881006715,0.0,0.0,0.0,0
2013-10-13 13:30:00,0.075596529377,0,0.930021476012,0.0,0.0,0.0,0
2013-10-13 13:35:00,0.0715628005947,0,0.925438546061,0.0,0.0,0.0,0
2013-10-13 13:40:00,0.0812895441328,0,0.929840826859,0.0,0.0,0.0,0
2013-10-13 13:45:00,0.0718413467327,0,0.927349246227,0.0,0.0,0.0,0
2013-10-13 13:50:00,0.0722770978825,0,0.927008258615,0.0,0.0,0.0,0
2013-10-13 13:55:00,0.0744857764291,0,0.925416981244,0.0,0.0,0.0,0
2013-10-13 14:00:00,0.0691637338856,0,0.925118254021,0.0,0.0,0.0,0
2013-10-13 14:05:00,0.0715616742908,0,0.925722307423,0.0,0.0,0.0,0
2013-10-13 14:10:00,0.066197289968,0,0.924729754612,0.0,0.0,0.0,0
2013-10-13 14:15:00,0.0666514736401,0,0.921193845424,0.0,0.0,0.0,0
2013-10-13 14:20:00,0.0706647478225,0,0.917222789143,0.0,0.0,0.0,0
2013-10-13 14:25:00,0.0667970335923,0,0.913244138345,0.0,0.0,0.0,0
2013-10-13 14:30:00,0.0691297965724,0,0.902447834531,0.0,0.0,0.0,0
2013-10-13 14:35:00,0.0627175116668,0,0.893722282355,0.0,0.0,0.0,0
2013-10-13 14:40:00,0.0605544286662,0,0.881702265621,0.0,0.0,0.0,0
2013-10-13 14:45:00,0.0571627490613,0,0.862230951296,0.0,0.0,0.0,0
2013-10-13 14:50:00,0.0736650434279,0,0.867489055042,0.0,0.0,0.0,0
2013-10-13 14:55:00,0.0650664710279,0,0.859856928296,0.0,0.0,0.0,0
2013-10-13 15:00:00,0.0737513703363,0,0.868705599476,0.0,0.0,0.0,0
2013-10-13 15:05:00,0.0916495174282,0,0.895206505677,0.0,0.0,0.0,0
2013-10-13 15:10:00,0.0948276109633,0,0.916915650548,0.0,0.0,0.0,0
2013-10-13 15:15:00,0.0711473262074,0,0.920436017327,0.0,0.0,0.0,0
2013-10-13 15:20:00,0.0750093298795,0,0.925013006447,0.0,0.0,0.0,0
2013-10-13 15:25:00,0.0650198051639,0,0.926749510562,0.0,0.0,0.0,0
2013-10-13 15:30:00,0.0710895389162,0,0.934305501346,0.0,0.0,0.0,0
2013-10-13 15:35:00,0.0732044378479,0,0.944632642144,0.0,0.0,0.0,0
2013-10-13 15:40:00,0.0731741593756,0,0.944336864297,0.0,0.0,0.0,0
2013-10-13 15:45:00,0.0698143884196,0,0.947145912917,0.0,0.0,0.0,0
2013-10-13 15:50:00,0.0613284925101,0,0.939548396704,0.0,0.0,0.0,0
2013-10-13 15:55:00,0.0678569711358,0,0.922641588771,0.0,0.0,0.0,0
2013-10-13 16:00:00,0.0645861715971,0,0.89624926635,0.0,0.0,0.0,0
2013-10-13 16:05:00,0.0762572975927,0,0.901116691932,0.0,0.0,0.0,0
2013-10-13 16:10:00,0.0771803859257,0,0.903133338901,0.0,0.0,0.0,0
2013-10-13 16:15:00,0.071390851541,0,0.908876694987,0.0,0.0,0.0,0
2013-10-13 16:20:00,0.0693549321965,0,0.907338611157,0.0,0.0,0.0,0
2013-10-13 16:25:00,0.0690106553613,0,0.903540780992,0.0,0.0,0.0,0
2013-10-13 16:30:00,0.0782706776871,0,0.908141450568,0.0,0.0,0.0,0
2013-10-13 16:35:00,0.0722714498969,0,0.910300502664,0.0,0.0,0.0,0
2013-10-13 16:40:00,0.0755006552322,0,0.922022533514,0.0,0.0,0.0,0
2013-10-13 16:45:00,0.0687634876532,0,0.922730778251,0.0,0.0,0.0,0
2013-10-13 16:50:00,0.063162372046,0,0.921616188434,0.0,0.0,0.0,0
2013-10-13 16:55:00,0.0718893760171,0,0.918120777316,0.0,0.0,0.0,0
2013-10-13 17:00:00,0.065358348388,0,0.908072270116,0.0,0.0,0.0,0
2013-10-13 17:05:00,0.0668018813094,0,0.903934935219,0.0,0.0,0.0,0
2013-10-13 17:10:00,0.0687814854617,0,0.903408451889,0.0,0.0,0.0,0
2013-10-13 17:15:00,0.0660234867943,0,0.900631615902,0.0,0.0,0.0,0
2013-10-13 17:20:00,0.0729139667209,0,0.895506736421,0.0,0.0,0.0,0
2013-10-13 17:25:00,0.0667997571399,0,0.890076881885,0.0,0.0,0.0,0
2013-10-13 17:30:00,0.0669821294441,0,0.881225445493,0.0,0.0,0.0,0
2013-10-13 17:35:00,0.0743650873735,0,0.887100860752,0.0,0.0,0.0,0
2013-10-13 17:40:00,0.0728861154004,0,0.896801647289,0.0,0.0,0.0,0
2013-10-13 17:45:00,0.0714150835401,0,0.896342981479,0.0,0.0,0.0,0
2013-10-13 17:50:00,0.0646597172622,0,0.895664677159,0.0,0.0,0.0,0
2013-10-13 17:55:00,0.0725262975481,0,0.90112842222,0.0,0.0,0.0,0
2013-10-13 18:00:00,0.062654823966,0,0.895272679072,0.0,0.0,0.0,0
2013-10-13 18:05:00,0.0744844426482,0,0.903295279083,0.0,0.0,0.0,0
2013-10-13 18:10:00,0.0750815285906,0,0.905275944752,0.0,0.0,0.0,0
2013-10-13 18:15:00,0.0802612517754,0,0.916911492701,0.0,0.0,0.0,0
2013-10-13 18:20:00,0.0720549822018,0,0.92100563445,0.0,0.0,0.0,0
2013-10-13 18:25:00,0.082599372932,0,0.927323338569,0.0,0.0,0.0,0
2013-10-13 18:30:00,0.0812789463381,0,0.933356929733,0.0,0.0,0.0,0
2013-10-13 18:35:00,0.0828026147901,0,0.940914470466,0.0,0.0,0.0,0
2013-10-13 18:40:00,0.0864392588947,0,0.953482420377,0.0,0.0,0.0,0
2013-10-13 18:45:00,0.0881995334863,0,0.961123180545,0.0,0.0,0.0,0
2013-10-13 18:50:00,0.0943701175387,0,0.973467837132,0.0,0.0,0.0,0
2013-10-13 18:55:00,0.0926134458021,0,0.978916716536,0.0,0.0,0.0,0
2013-10-13 19:00:00,0.104257319855,0,0.98569226978,0.0,0.0,0.0,0
2013-10-13 19:05:00,0.114346387436,0,0.991154234305,0.0,0.0,0.0,0
2013-10-13 19:10:00,0.105091970283,0,0.994608349014,0.0,0.0,0.0,0
2013-10-13 19:15:00,0.0952197853515,0,0.995571186458,0.0,0.0,0.0,0
2013-10-13 19:20:00,0.0968101988328,0,0.996543523985,0.0,0.0,0.0,0
2013-10-13 19:25:00,0.0947020906571,0,0.997153768109,0.0,0.0,0.0,0
2013-10-13 19:30:00,0.119335551208,0,0.998368789985,0.0,0.0,0.0,0
2013-10-13 19:35:00,0.0986454286159,0,0.998641346463,0.0,0.0,0.0,0
2013-10-13 19:40:00,0.103994206056,0,0.998854942212,0.0,0.0,0.0,0
2013-10-13 19:45:00,0.0964255990026,0,0.998930686812,0.0,0.0,0.0,0
2013-10-13 19:50:00,0.104385448444,0,0.998933150933,0.0,0.0,0.0,0
2013-10-13 19:55:00,0.100383733696,0,0.998631768827,0.0,0.0,0.0,0
2013-10-13 20:00:00,0.103417232212,0,0.998590817219,0.0,0.0,0.0,0
2013-10-13 20:05:00,0.104107867239,0,0.99879601786,0.0,0.0,0.0,0
2013-10-13 20:10:00,0.0979188770105,0,0.998819598222,0.0,0.0,0.0,0
2013-10-13 20:15:00,0.100377947392,0,0.998933827453,0.0,0.0,0.0,0
2013-10-13 20:20:00,0.0994537031158,0,0.998482901687,0.0,0.0,0.0,0
2013-10-13 20:25:00,0.0968285654894,0,0.994504360483,0.0,0.0,0.0,0
2013-10-13 20:30:00,0.102084735724,0,0.994354561495,0.0,0.0,0.0,0
2013-10-13 20:35:00,0.103733229599,0,0.994908919903,0.0,0.0,0.0,0
2013-10-13 20:40:00,0.104338736474,0,0.994905536016,0.0,0.0,0.0,0
2013-10-13 20:45:00,0.105229830533,0,0.995246108833,0.0,0.0,0.0,0
2013-10-13 20:50:00,0.106403050531,0,0.995445694122,0.0,0.0,0.0,0
2013-10-13 20:55:00,0.104546141046,0,0.995474351945,0.0,0.0,0.0,0
2013-10-13 21:00:00,0.108167596515,0,0.996100172882,0.0,0.0,0.0,0
2013-10-13 21:05:00,0.0971732441055,0,0.995913367794,0.0,0.0,0.0,0
2013-10-13 21:10:00,0.109167217524,0,0.996456204936,0.0,0.0,0.0,0
2013-10-13 21:15:00,0.107952459307,0,0.99699765285,0.0,0.0,0.0,0
2013-10-13 21:20:00,0.104011858069,0,0.997083485873,0.0,0.0,0.0,0
2013-10-13 21:25:00,0.109494514176,0,0.997327057559,0.0,0.0,0.0,0
2013-10-13 21:30:00,0.10470153475,0,0.997341762502,0.0,0.0,0.0,0
2013-10-13 21:35:00,0.103566740814,0,0.997273748739,0.0,0.0,0.0,0
2013-10-13 21:40:00,0.107418070946,0,0.997315443404,0.0,0.0,0.0,0
2013-10-13 21:45:00,0.108353611194,0,0.997466763349,0.0,0.0,0.0,0
2013-10-13 21:50:00,0.104674184009,0,0.997328227015,0.0,0.0,0.0,0
2013-10-13 21:55:00,0.108522237322,0,0.99775485921,0.0,0.0,0.0,0
2013-10-13 22:00:00,0.109585827119,0,0.997769343553,0.0,0.0,0.0,0
2013-10-13 22:05:00,0.101603342923,0,0.997540298327,0.0,0.0,0.0,0
2013-10-13 22:10:00,0.115054101445,0,0.997926031528,0.0,0.0,0.0,0
2013-10-13 22:15:00,0.10981585986,0,0.997936385848,0.0,0.0,0.0,0
2013-10-13 22:20:00,0.105441783133,0,0.997960059684,0.0,0.0,0.0,0
2013-10-13 22:25:00,0.105911280585,0,0.998033422634,0.0,0.0,0.0,0
2013-10-13 22:30:00,0.113512639369,0,0.998213053538,0.0,0.0,0.0,0
2013-10-13 22:35:00,0.107972337582,0,0.998202269318,0.0,0.0,0.0,0
2013-10-13 22:40:00,0.11425318744,0,0.998456014202,0.0,0.0,0.0,0
2013-10-13 22:45:00,0.100540958467,0,0.998247068297,0.0,0.0,0.0,0
2013-10-13 22:50:00,0.0962860855237,0,0.997841088929,0.0,0.0,0.0,0
2013-10-13 22:55:00,0.102444981704,0,0.997869111153,0.0,0.0,0.0,0
2013-10-13 23:00:00,0.095023400115,0,0.997104480649,0.0,0.0,0.0,0
2013-10-13 23:05:00,0.0963128368867,0,0.996457626464,0.0,0.0,0.0,0
2013-10-13 23:10:00,0.117426133569,0,0.997037464888,0.0,0.0,0.0,0
2013-10-13 23:15:00,0.120779759253,0,0.997637290982,0.0,0.0,0.0,0
2013-10-13 23:20:00,0.107966610558,0,0.997427763843,0.0,0.0,0.0,0
2013-10-13 23:25:00,0.120563591247,0,0.997881138824,0.0,0.0,0.0,0
2013-10-13 23:30:00,0.111739178459,0,0.997796874324,0.0,0.0,0.0,0
2013-10-13 23:35:00,0.105530787483,0,0.997961255755,0.0,0.0,0.0,0
2013-10-13 23:40:00,0.118138066277,0,0.998557826273,0.0,0.0,0.0,0
2013-10-13 23:45:00,0.111278210618,0,0.998749980914,0.0,0.0,0.0,0
2013-10-13 23:50:00,0.118540107351,0,0.999153065431,0.0,0.0,0.0,0
2013-10-13 23:55:00,0.115237705438,0,0.999386463552,0.0,0.0,0.0,0
