timestamp,value,is_anomaly,error_prediction,convergence_loss,anomaly_score,prediction
2011-07-01 00:15:01,0.016375181592836754,0,0.0,0,0,0.0
2011-07-01 01:15:01,0.02188790135374391,0,0.0,0,0,0.0
2011-07-01 02:15:01,0.01325457579337075,0,0.0,0,0,0.0
2011-07-01 03:15:01,0.00916544130201595,0,0.0,0,0,0.0
2011-07-01 04:15:01,0.008612198817021991,0,0.0,0,0,0.0
2011-07-01 05:15:01,0.004293980747070987,0,0.0,0,0,0.0
2011-07-01 06:15:01,0.0,0,0.0,0,0,0.0
2011-07-01 07:15:01,0.0016127734758823369,0,0.0,0,0,0.0
2011-07-01 08:15:01,0.0019835846893322246,0,0.0,0,0,0.0
2011-07-01 09:15:01,0.014742183648910731,0,0.0,0,0,0.0
2011-07-01 10:15:01,0.023724976108407767,0,,[nan],[nan],
2011-07-01 11:15:01,0.06601686622045727,0,,[nan],[nan],
2011-07-01 12:15:01,0.07471866540635758,0,,[nan],[nan],
2011-07-01 13:15:01,0.05341267393145323,0,,[nan],[nan],
2011-07-01 14:15:01,0.05398553091943248,0,,[nan],[nan],
2011-07-01 15:15:01,0.04136889644038227,0,,[nan],[nan],
2011-07-01 16:15:01,0.02869001213988692,0,,[nan],[nan],
2011-07-01 17:15:01,0.035698362696197,0,,[nan],[nan],
2011-07-01 18:15:01,0.02567687122608969,0,,[nan],[nan],
2011-07-01 19:15:01,0.050064255547563816,0,,[nan],[nan],
2011-07-01 20:15:01,0.11751622688311998,0,,[nan],[nan],
2011-07-01 21:15:01,0.03116141112350417,0,,[nan],[nan],
2011-07-01 22:15:01,0.2460780702470721,0,,[nan],[nan],
2011-07-01 23:15:01,0.5215906931963469,0,,[nan],[nan],
2011-07-02 00:15:01,0.4837265235628387,0,,[nan],[nan],
2011-07-02 01:15:01,0.13443487835651466,0,,[nan],[nan],
2011-07-02 02:15:01,0.04438390685460046,0,,[nan],[nan],
2011-07-02 03:15:01,0.07131919911012395,0,,[nan],[nan],
2011-07-02 04:15:01,0.06234332626938002,0,,[nan],[nan],
2011-07-02 05:15:01,0.05460428593302967,0,,[nan],[nan],
2011-07-02 06:15:01,0.05415362332666559,0,,[nan],[nan],
2011-07-02 07:15:01,0.06263564361306666,0,,[nan],[nan],
2011-07-02 08:15:01,0.05780425362553465,0,,[nan],[nan],
2011-07-02 09:15:01,0.0754817691497222,0,,[nan],[nan],
2011-07-02 10:15:01,0.09704333384053117,0,,[nan],[nan],
2011-07-02 11:15:01,0.12787602196528025,0,,[nan],[nan],
2011-07-02 12:15:01,0.2900077930391708,0,,[nan],[nan],
2011-07-02 13:15:01,0.21890783240968265,0,,[nan],[nan],
2011-07-02 14:15:01,0.19633915423346845,0,,[nan],[nan],
2011-07-02 15:15:01,0.14805552359519128,0,,[nan],[nan],
2011-07-02 16:15:01,0.11417143896502499,0,,[nan],[nan],
2011-07-02 17:15:01,0.0932146856399367,0,,[nan],[nan],
2011-07-02 18:15:01,0.15426285008344462,0,,[nan],[nan],
2011-07-02 19:15:01,0.08250648775389499,0,,[nan],[nan],
2011-07-02 20:15:01,0.09259212318363362,0,,[nan],[nan],
2011-07-02 21:15:01,0.08602416290064825,0,,[nan],[nan],
2011-07-02 22:15:01,0.07442663402470705,0,,[nan],[nan],
2011-07-02 23:15:01,0.2189028721381507,0,,[nan],[nan],
2011-07-03 00:15:01,0.20637315316794716,0,,[nan],[nan],
2011-07-03 01:15:01,0.11690110449839194,0,,[nan],[nan],
2011-07-03 02:15:01,0.09866257568180636,0,,[nan],[nan],
2011-07-03 03:15:01,0.031364243938131815,0,,[nan],[nan],
2011-07-03 04:15:01,0.07202205593688339,0,,[nan],[nan],
2011-07-03 05:15:01,0.06944064793491413,0,,[nan],[nan],
2011-07-03 06:15:01,0.07260282880257013,0,,[nan],[nan],
2011-07-03 07:15:01,0.0813939617909343,0,,[nan],[nan],
2011-07-03 08:15:01,0.07583492796833204,0,,[nan],[nan],
2011-07-03 09:15:01,0.08437567632082618,0,,[nan],[nan],
2011-07-03 10:15:01,0.12408112951565188,0,,[nan],[nan],
2011-07-03 11:15:01,0.2630094725659036,0,,[nan],[nan],
2011-07-03 12:15:01,0.3389120248166213,0,,[nan],[nan],
2011-07-03 13:15:01,0.31468318516693,0,,[nan],[nan],
2011-07-03 14:15:01,0.20638601928259045,0,,[nan],[nan],
2011-07-03 15:15:01,0.15383961298206578,0,,[nan],[nan],
2011-07-03 16:15:01,0.13193339074602844,0,,[nan],[nan],
2011-07-03 17:15:01,0.12337083671456492,0,,[nan],[nan],
2011-07-03 18:15:01,0.09937122581441277,0,,[nan],[nan],
2011-07-03 19:15:01,0.09541906242317996,0,,[nan],[nan],
2011-07-03 20:15:01,0.0979480731601966,0,,[nan],[nan],
2011-07-03 21:15:01,0.10860343788560167,0,,[nan],[nan],
2011-07-03 22:15:01,0.13076837623068166,0,,[nan],[nan],
2011-07-03 23:15:01,0.27540345262095,0,,[nan],[nan],
2011-07-04 00:15:01,0.2147859168898337,0,,[nan],[nan],
2011-07-04 01:15:01,0.12035312314458148,0,,[nan],[nan],
2011-07-04 02:15:01,0.04597231325151326,0,,[nan],[nan],
2011-07-04 03:15:01,0.07630511028698629,0,,[nan],[nan],
2011-07-04 04:15:01,0.07957412357660952,0,,[nan],[nan],
2011-07-04 05:15:01,0.06185141573911646,0,,[nan],[nan],
2011-07-04 06:15:01,0.0584810243561093,0,,[nan],[nan],
2011-07-04 07:15:01,0.06828073063818575,0,,[nan],[nan],
2011-07-04 08:15:01,0.08893094001746515,0,,[nan],[nan],
2011-07-04 09:15:01,0.07028700676898496,0,,[nan],[nan],
2011-07-04 10:15:01,0.1117385551454746,0,,[nan],[nan],
2011-07-04 11:15:01,0.2543385035847334,0,,[nan],[nan],
2011-07-04 12:15:01,0.27524661324578953,0,,[nan],[nan],
2011-07-04 13:15:01,0.3198724327625161,0,,[nan],[nan],
2011-07-04 14:15:01,0.24489974684989785,0,,[nan],[nan],
2011-07-04 15:15:01,0.14038657601651675,0,,[nan],[nan],
2011-07-04 16:15:01,0.0691771633470961,0,,[nan],[nan],
2011-07-04 17:15:01,0.05446534688708767,0,,[nan],[nan],
2011-07-04 18:15:01,0.048326338943221386,0,,[nan],[nan],
2011-07-04 19:15:01,0.04431001163616731,0,,[nan],[nan],
2011-07-04 20:15:01,0.052975224511624314,0,,[nan],[nan],
2011-07-04 21:15:01,0.05052040133033316,0,,[nan],[nan],
2011-07-04 22:15:01,0.06861662051862683,0,,[nan],[nan],
2011-07-04 23:15:01,0.14245983638867085,0,,[nan],[nan],
2011-07-05 00:15:01,0.14919578420549975,0,,[nan],[nan],
2011-07-05 01:15:01,0.05766692141169255,0,,[nan],[nan],
2011-07-05 02:15:01,0.04357184703067447,0,,[nan],[nan],
2011-07-05 03:15:01,0.022920366272242088,0,,[nan],[nan],
2011-07-05 04:15:01,0.02786901044581034,0,,[nan],[nan],
2011-07-05 05:15:01,0.026444831016634952,0,,[nan],[nan],
2011-07-05 06:15:01,0.02037645854412207,0,,[nan],[nan],
2011-07-05 07:15:01,0.02752171185450057,0,,[nan],[nan],
2011-07-05 08:15:01,0.02900162289937988,0,,[nan],[nan],
2011-07-05 09:15:01,0.02267958520360566,0,,[nan],[nan],
2011-07-05 10:15:01,0.08301798058074182,0,,[nan],[nan],
2011-07-05 11:15:01,0.09013531117622553,0,,[nan],[nan],
2011-07-05 12:15:01,0.14620929630354715,0,,[nan],[nan],
2011-07-05 13:15:01,0.13094200468003686,0,,[nan],[nan],
2011-07-05 14:15:01,0.12209922400224008,0,,[nan],[nan],
2011-07-05 15:15:01,0.07478993734536077,0,,[nan],[nan],
2011-07-05 16:15:01,0.05640488853285373,0,,[nan],[nan],
2011-07-05 17:15:01,0.05061876160296844,0,,[nan],[nan],
2011-07-05 18:15:01,0.06378055744047753,0,,[nan],[nan],
2011-07-05 19:15:01,0.057211561874915384,0,,[nan],[nan],
2011-07-05 20:15:01,0.05174935299987325,0,,[nan],[nan],
2011-07-05 21:15:01,0.03963339361304577,0,,[nan],[nan],
2011-07-05 22:15:01,0.05019281561786789,0,,[nan],[nan],
2011-07-05 23:15:01,0.10229824655903924,0,,[nan],[nan],
2011-07-06 00:15:01,0.12923764095717635,0,,[nan],[nan],
2011-07-06 01:15:01,0.042768868228397865,0,,[nan],[nan],
2011-07-06 02:15:01,0.01873956296163863,0,,[nan],[nan],
2011-07-06 03:15:01,0.020687980192777903,0,,[nan],[nan],
2011-07-06 04:15:01,0.02097199068270633,0,,[nan],[nan],
2011-07-06 05:15:01,0.016696140855228442,0,,[nan],[nan],
2011-07-06 06:15:01,0.01918593100310396,0,,[nan],[nan],
2011-07-06 07:15:01,0.019188584819593908,0,,[nan],[nan],
2011-07-06 08:15:01,0.01910836124202699,0,,[nan],[nan],
2011-07-06 09:15:01,0.04277647160979852,0,,[nan],[nan],
2011-07-06 10:15:01,0.03909272602576655,0,,[nan],[nan],
2011-07-06 11:15:01,0.10434087994345327,0,,[nan],[nan],
2011-07-06 12:15:01,0.13863476881139772,0,,[nan],[nan],
2011-07-06 13:15:01,0.1365519990716167,0,,[nan],[nan],
2011-07-06 14:15:01,0.07848645240107055,0,,[nan],[nan],
2011-07-06 15:15:01,0.07283175994234632,0,,[nan],[nan],
2011-07-06 16:15:01,0.056496938524197425,0,,[nan],[nan],
2011-07-06 17:15:01,0.05190035343966775,0,,[nan],[nan],
2011-07-06 18:15:01,0.07426220087584474,0,,[nan],[nan],
2011-07-06 19:15:01,0.07019057363427135,0,,[nan],[nan],
2011-07-06 20:15:01,0.02570550319074891,0,,[nan],[nan],
2011-07-06 21:15:01,0.07121443755194515,0,,[nan],[nan],
2011-07-06 22:15:01,0.04803956833572226,0,,[nan],[nan],
2011-07-06 23:15:01,0.052732229975241705,0,,[nan],[nan],
2011-07-07 00:15:01,0.033721594316874236,0,,[nan],[nan],
2011-07-07 01:15:01,0.041023516340103816,0,,[nan],[nan],
2011-07-07 02:15:01,0.03730396051717234,0,,[nan],[nan],
2011-07-07 05:15:01,0.03167150995916605,0,,[nan],[nan],
2011-07-07 06:15:01,0.010086178942737731,0,,[nan],[nan],
2011-07-07 07:15:01,0.05010245429656183,0,,[nan],[nan],
2011-07-07 08:15:01,0.024612781694053308,0,,[nan],[nan],
2011-07-07 09:15:01,0.05654257854317338,0,,[nan],[nan],
2011-07-07 10:15:01,0.0575282727120792,0,,[nan],[nan],
2011-07-07 11:15:01,0.09994978237261744,0,,[nan],[nan],
2011-07-07 12:15:01,0.18078577451416247,0,,[nan],[nan],
2011-07-07 13:15:01,0.15972458808832948,0,,[nan],[nan],
2011-07-07 14:15:01,0.13428649781284466,0,,[nan],[nan],
2011-07-07 15:15:01,0.11453237736850967,0,,[nan],[nan],
2011-07-07 16:15:01,0.057496748097189215,0,,[nan],[nan],
2011-07-07 17:15:01,0.08557190714510983,0,,[nan],[nan],
2011-07-07 18:15:01,0.0857571728744175,0,,[nan],[nan],
2011-07-07 19:15:01,0.17333533900238626,0,,[nan],[nan],
2011-07-07 20:15:01,0.13411535754655796,0,,[nan],[nan],
2011-07-07 21:15:01,0.13722977074194825,0,,[nan],[nan],
2011-07-07 22:15:01,0.10739044323741848,0,,[nan],[nan],
2011-07-07 23:15:01,0.0448694226455288,0,,[nan],[nan],
2011-07-08 00:15:01,0.03377584833366703,0,,[nan],[nan],
2011-07-08 01:15:01,0.10183528798883866,0,,[nan],[nan],
2011-07-08 02:15:01,0.062313640895237624,0,,[nan],[nan],
2011-07-08 06:15:01,0.07455299951389383,0,,[nan],[nan],
2011-07-08 09:15:01,0.06967499870251698,0,,[nan],[nan],
2011-07-08 10:15:01,0.052154123671728184,0,,[nan],[nan],
2011-07-08 14:15:01,0.17833106605503113,0,,[nan],[nan],
2011-07-08 16:15:01,0.4388600407029831,0,,[nan],[nan],
2011-07-08 17:15:01,0.19965538119807136,0,,[nan],[nan],
2011-07-08 18:15:01,0.07344299823603295,0,,[nan],[nan],
2011-07-08 19:15:01,0.12548149686683516,0,,[nan],[nan],
2011-07-08 20:15:01,0.16612240456062569,0,,[nan],[nan],
2011-07-08 21:15:01,0.14024240937348548,0,,[nan],[nan],
2011-07-08 22:15:01,0.14974825778328993,0,,[nan],[nan],
2011-07-08 23:15:01,0.12927008574016274,0,,[nan],[nan],
2011-07-09 09:15:01,0.07766829546437767,0,,[nan],[nan],
2011-07-09 15:15:01,0.06802546953167614,0,,[nan],[nan],
2011-07-09 17:15:01,0.07920670383836237,0,,[nan],[nan],
2011-07-09 18:15:01,0.1518182859967427,0,,[nan],[nan],
2011-07-09 19:15:01,0.12178676046607705,0,,[nan],[nan],
2011-07-09 20:15:01,0.10536769846805408,0,,[nan],[nan],
2011-07-09 21:15:01,0.09684810129385188,0,,[nan],[nan],
2011-07-09 22:15:01,0.13730428934507985,0,,[nan],[nan],
2011-07-09 23:15:01,0.16318602552150746,0,,[nan],[nan],
2011-07-10 00:15:01,0.14200812340495295,0,,[nan],[nan],
2011-07-10 01:15:01,0.11843403297013795,0,,[nan],[nan],
2011-07-10 02:15:01,0.10270101360863512,0,,[nan],[nan],
2011-07-10 03:15:01,0.04669332697639742,0,,[nan],[nan],
2011-07-10 04:15:01,0.07139711439930879,0,,[nan],[nan],
2011-07-10 05:15:01,0.06585560942671513,0,,[nan],[nan],
2011-07-10 06:15:01,0.0701306715042091,0,,[nan],[nan],
2011-07-10 07:15:01,0.051116070451546466,0,,[nan],[nan],
2011-07-10 08:15:01,0.07826586036433744,0,,[nan],[nan],
2011-07-10 09:15:01,0.14387632151119864,0,,[nan],[nan],
2011-07-10 10:15:01,0.09496940282422343,0,,[nan],[nan],
2011-07-10 11:15:01,0.1602259547407385,0,,[nan],[nan],
2011-07-10 12:15:01,0.3071612904853994,0,,[nan],[nan],
2011-07-10 13:15:01,0.3047365476814297,0,,[nan],[nan],
2011-07-10 14:15:01,0.24841549886209824,0,,[nan],[nan],
2011-07-10 15:15:01,0.2025118889686357,0,,[nan],[nan],
2011-07-10 16:15:01,0.17669708088054428,0,,[nan],[nan],
2011-07-10 17:15:01,0.18918688017103052,0,,[nan],[nan],
2011-07-10 18:15:01,0.13696261418755046,0,,[nan],[nan],
2011-07-10 19:15:01,0.1181957568058062,0,,[nan],[nan],
2011-07-10 20:15:01,0.11807020145514173,0,,[nan],[nan],
2011-07-10 21:15:01,0.10486488895844197,0,,[nan],[nan],
2011-07-10 22:15:01,0.1296328806451443,0,,[nan],[nan],
2011-07-10 23:15:01,0.10473551339562888,0,,[nan],[nan],
2011-07-11 00:15:01,0.08254925815847843,0,,[nan],[nan],
2011-07-11 01:15:01,0.10228795358870592,0,,[nan],[nan],
2011-07-11 02:15:01,0.06449367788230087,0,,[nan],[nan],
2011-07-11 03:15:01,0.07881747635716531,0,,[nan],[nan],
2011-07-11 04:15:01,0.07135014325275926,0,,[nan],[nan],
2011-07-11 05:15:01,0.07293241750061875,0,,[nan],[nan],
2011-07-11 06:15:01,0.06135552618842306,0,,[nan],[nan],
2011-07-11 07:15:01,0.06782007022596077,0,,[nan],[nan],
2011-07-11 08:15:01,0.06195035364909975,0,,[nan],[nan],
2011-07-11 09:15:01,0.051751118438588865,0,,[nan],[nan],
2011-07-11 10:15:01,0.12722308013167594,0,,[nan],[nan],
2011-07-11 11:15:01,0.3320669887031511,0,,[nan],[nan],
2011-07-11 12:15:01,0.21509943587241714,0,,[nan],[nan],
2011-07-11 13:15:01,0.2297302657139183,0,,[nan],[nan],
2011-07-11 14:15:01,0.20690344852282616,0,,[nan],[nan],
2011-07-11 15:15:01,0.15196485452199365,0,,[nan],[nan],
2011-07-11 16:15:01,0.13078889028359295,0,,[nan],[nan],
2011-07-11 17:15:01,0.10003425705771764,0,,[nan],[nan],
2011-07-11 18:15:01,0.05232327624578334,0,,[nan],[nan],
2011-07-11 19:15:01,0.03912787966755618,0,,[nan],[nan],
2011-07-11 20:15:01,0.036076441945307916,0,,[nan],[nan],
2011-07-11 21:15:01,0.04214319054923758,0,,[nan],[nan],
2011-07-11 22:15:01,0.041815906131179865,0,,[nan],[nan],
2011-07-11 23:15:01,0.04913452429655385,0,,[nan],[nan],
2011-07-12 00:15:01,0.02206784643569431,0,,[nan],[nan],
2011-07-12 01:15:01,0.04787106517956317,0,,[nan],[nan],
2011-07-12 02:15:01,0.049394763558305584,0,,[nan],[nan],
2011-07-12 03:15:01,0.04655609441137955,0,,[nan],[nan],
2011-07-12 04:15:01,0.03593407452015316,0,,[nan],[nan],
2011-07-12 05:15:01,0.04101729791936975,0,,[nan],[nan],
2011-07-12 06:15:01,0.04114374293719271,0,,[nan],[nan],
2011-07-12 07:15:01,0.043017056949338224,0,,[nan],[nan],
2011-07-12 08:15:01,0.06051642464108866,0,,[nan],[nan],
2011-07-12 09:15:01,0.06813991577528912,0,,[nan],[nan],
2011-07-12 10:15:01,0.06749905457276283,0,,[nan],[nan],
2011-07-12 11:15:01,0.07380295763706285,0,,[nan],[nan],
2011-07-12 12:15:01,0.1303695199157299,0,,[nan],[nan],
2011-07-12 13:15:01,0.1639237745703616,0,,[nan],[nan],
2011-07-12 14:15:01,0.13395093629885646,0,,[nan],[nan],
2011-07-12 15:15:01,0.13057794167006892,0,,[nan],[nan],
2011-07-12 16:15:01,0.06926462832212997,0,,[nan],[nan],
2011-07-12 17:15:01,0.08450831189187964,0,,[nan],[nan],
2011-07-12 18:15:01,0.08563658707286285,0,,[nan],[nan],
2011-07-12 19:15:01,0.07495191829569367,0,,[nan],[nan],
2011-07-12 20:15:01,0.07608042739144122,0,,[nan],[nan],
2011-07-12 21:15:01,0.08532063084474305,0,,[nan],[nan],
2011-07-12 22:15:01,0.07387753783721529,0,,[nan],[nan],
2011-07-12 23:15:01,0.07478940635918767,0,,[nan],[nan],
2011-07-13 00:15:01,0.049461197662607134,0,,[nan],[nan],
2011-07-13 01:15:01,0.06931273957442273,0,,[nan],[nan],
2011-07-13 02:15:01,0.04573007748130374,0,,[nan],[nan],
2011-07-13 03:15:01,0.040706297288160616,0,,[nan],[nan],
2011-07-13 04:15:01,0.04037253647884892,0,,[nan],[nan],
2011-07-13 05:15:01,0.03846268994550445,0,,[nan],[nan],
2011-07-13 06:15:01,0.03709030148753946,0,,[nan],[nan],
2011-07-13 07:15:01,0.045382751802688574,0,,[nan],[nan],
2011-07-13 08:15:01,0.0648004869548567,0,,[nan],[nan],
2011-07-13 09:15:01,0.09027289399342303,0,,[nan],[nan],
2011-07-13 10:15:01,0.07184568919812083,0,,[nan],[nan],
2011-07-13 11:15:01,0.11872631838480915,0,,[nan],[nan],
2011-07-13 12:15:01,0.146497452597245,0,,[nan],[nan],
2011-07-13 13:15:01,0.18250800655339194,0,,[nan],[nan],
2011-07-13 14:15:01,0.0845049294541493,0,,[nan],[nan],
2011-07-13 15:15:01,0.10442816450244527,0,,[nan],[nan],
2011-07-13 16:15:01,0.09625853029469866,0,,[nan],[nan],
2011-07-13 17:15:01,0.08909088264285057,0,,[nan],[nan],
2011-07-13 18:15:01,0.08372747609928759,0,,[nan],[nan],
2011-07-13 19:15:01,0.0800256729340957,0,,[nan],[nan],
2011-07-13 20:15:01,0.07145041911835383,0,,[nan],[nan],
2011-07-13 21:15:01,0.07903986359642984,0,,[nan],[nan],
2011-07-13 22:15:01,0.08293868387220572,0,,[nan],[nan],
2011-07-13 23:15:01,0.09039473091949896,0,,[nan],[nan],
2011-07-14 00:15:01,0.05383955996260791,0,,[nan],[nan],
2011-07-14 01:15:01,0.05746345599988556,0,,[nan],[nan],
2011-07-14 02:15:01,0.033221126190803744,0,,[nan],[nan],
2011-07-14 03:15:01,0.021892473802469656,0,,[nan],[nan],
2011-07-14 04:15:01,0.015699503705073156,0,,[nan],[nan],
2011-07-14 05:15:01,0.013600899703352957,0,,[nan],[nan],
2011-07-14 06:15:01,0.014189647859058638,0,,[nan],[nan],
2011-07-14 07:15:01,0.018200284182702937,0,,[nan],[nan],
2011-07-14 08:15:01,0.0267693436305688,0,,[nan],[nan],
2011-07-14 09:15:01,0.04519012559051666,0,,[nan],[nan],
2011-07-14 10:15:01,0.05134306773624071,0,,[nan],[nan],
2011-07-14 11:15:01,0.0876414414411703,0,,[nan],[nan],
2011-07-14 12:15:01,0.14894888344760734,0,,[nan],[nan],
2011-07-14 13:15:01,0.13551013868650202,0,,[nan],[nan],
2011-07-14 14:15:01,0.1172041062024177,0,,[nan],[nan],
2011-07-14 15:15:01,0.08455576547653564,0,,[nan],[nan],
2011-07-14 16:15:01,0.05944114244488422,0,,[nan],[nan],
2011-07-14 17:15:01,0.05799336546593811,0,,[nan],[nan],
2011-07-14 18:15:01,0.053868513077804624,0,,[nan],[nan],
2011-07-14 19:15:01,0.04849139676577998,0,,[nan],[nan],
2011-07-14 20:15:01,0.04506333480737775,0,,[nan],[nan],
2011-07-14 21:15:01,0.0507350976924222,0,,[nan],[nan],
2011-07-14 22:15:01,0.04390664093804672,0,,[nan],[nan],
2011-07-14 23:15:01,0.05088537885983247,0,,[nan],[nan],
2011-07-15 00:15:01,0.02899045877686528,0,,[nan],[nan],
2011-07-15 01:15:01,0.056604396993465575,0,,[nan],[nan],
2011-07-15 02:15:01,0.03465888593871275,0,,[nan],[nan],
2011-07-15 03:15:01,0.02804681719276827,0,,[nan],[nan],
2011-07-15 04:15:01,0.017306209422685338,0,,[nan],[nan],
2011-07-15 05:15:01,0.01293011261374995,0,,[nan],[nan],
2011-07-15 06:15:01,0.02001975919846513,0,,[nan],[nan],
2011-07-15 07:15:01,0.019135218628699744,0,,[nan],[nan],
2011-07-15 08:15:01,0.03284029776698555,0,,[nan],[nan],
2011-07-15 09:15:01,0.05000076124863845,0,,[nan],[nan],
2011-07-15 10:15:01,0.05962588594134372,0,,[nan],[nan],
2011-07-15 11:15:01,0.06904117004252659,0,,[nan],[nan],
2011-07-15 12:15:01,0.1172294272950938,0,,[nan],[nan],
2011-07-15 13:15:01,0.1311683499960758,0,,[nan],[nan],
2011-07-15 14:15:01,0.06676174212136554,0,,[nan],[nan],
2011-07-15 15:15:01,0.07280550128097217,0,,[nan],[nan],
2011-07-15 16:15:01,0.061920143764873176,0,,[nan],[nan],
2011-07-15 17:15:01,0.06041799202386016,0,,[nan],[nan],
2011-07-15 18:15:01,0.050491056855457725,0,,[nan],[nan],
2011-07-15 19:15:01,0.04683580266655337,0,,[nan],[nan],
2011-07-15 20:15:01,0.03985600278459089,0,,[nan],[nan],
2011-07-15 21:15:01,0.040106685246569934,0,,[nan],[nan],
2011-07-15 22:15:01,0.029857801425424067,0,,[nan],[nan],
2011-07-15 23:15:01,0.024543581408308715,0,,[nan],[nan],
2011-07-16 00:15:01,0.04877465301522548,0,,[nan],[nan],
2011-07-16 01:15:01,0.0656514799841847,0,,[nan],[nan],
2011-07-16 02:15:01,0.06432605705414493,0,,[nan],[nan],
2011-07-16 03:15:01,0.04238156033406381,0,,[nan],[nan],
2011-07-16 04:15:01,0.03769115245231039,0,,[nan],[nan],
2011-07-16 05:15:01,0.02098247738054852,0,,[nan],[nan],
2011-07-16 06:15:01,0.016793866099301853,0,,[nan],[nan],
2011-07-16 07:15:01,0.019474246780585156,0,,[nan],[nan],
2011-07-16 08:15:01,0.04044668230141015,0,,[nan],[nan],
2011-07-16 09:15:01,0.049963078616075136,0,,[nan],[nan],
2011-07-16 10:15:01,0.0868563233236537,0,,[nan],[nan],
2011-07-16 11:15:01,0.09424599795947662,0,,[nan],[nan],
2011-07-16 12:15:01,0.1006620092640628,0,,[nan],[nan],
2011-07-16 13:15:01,0.15903921056194545,0,,[nan],[nan],
2011-07-16 14:15:01,0.07194685004910549,0,,[nan],[nan],
2011-07-16 15:15:01,0.08586887184214666,0,,[nan],[nan],
2011-07-16 16:15:01,0.06930170464221394,0,,[nan],[nan],
2011-07-16 17:15:01,0.05394976141406235,0,,[nan],[nan],
2011-07-16 18:15:01,0.049535192667978366,0,,[nan],[nan],
2011-07-16 19:15:01,0.05633551079771321,0,,[nan],[nan],
2011-07-16 22:15:01,0.045252156559908906,0,,[nan],[nan],
2011-07-16 23:15:01,0.045860465703651515,0,,[nan],[nan],
2011-07-17 00:15:01,0.044662174536567886,0,,[nan],[nan],
2011-07-17 01:15:01,0.05667998745190402,0,,[nan],[nan],
2011-07-17 02:15:01,0.05668557582602486,0,,[nan],[nan],
2011-07-17 03:15:01,0.043915794790874936,0,,[nan],[nan],
2011-07-17 04:15:01,0.03898503360232817,0,,[nan],[nan],
2011-07-17 05:15:01,0.02460698699644409,0,,[nan],[nan],
2011-07-17 06:15:01,0.019700043251079716,0,,[nan],[nan],
2011-07-17 07:15:01,0.02486691174098457,0,,[nan],[nan],
2011-07-17 08:15:01,0.03210458247894872,0,,[nan],[nan],
2011-07-17 09:15:01,0.044988463580565456,0,,[nan],[nan],
2011-07-17 10:15:01,0.08329461603428065,0,,[nan],[nan],
2011-07-17 11:15:01,0.0834510820167272,0,,[nan],[nan],
2011-07-17 12:15:01,0.11753997636580847,0,,[nan],[nan],
2011-07-17 13:15:01,0.17149806098340664,0,,[nan],[nan],
2011-07-17 14:15:01,0.08866360784198916,0,,[nan],[nan],
2011-07-17 15:15:01,0.10077486642252444,0,,[nan],[nan],
2011-07-17 16:15:01,0.06570783990916536,0,,[nan],[nan],
2011-07-17 17:15:01,0.05480493567615299,0,,[nan],[nan],
2011-07-17 18:15:01,0.04340232605879615,0,,[nan],[nan],
2011-07-17 19:15:01,0.044985298187432125,0,,[nan],[nan],
2011-07-17 20:15:01,0.04406589771478316,0,,[nan],[nan],
2011-07-17 21:15:01,0.042053832060523724,0,,[nan],[nan],
2011-07-17 22:15:01,0.04168366838102026,0,,[nan],[nan],
2011-07-17 23:15:01,0.041326541080160914,0,,[nan],[nan],
2011-07-18 00:15:01,0.037012244552887416,0,,[nan],[nan],
2011-07-18 01:15:01,0.04743615120457596,0,,[nan],[nan],
2011-07-18 02:15:01,0.03899510873415146,0,,[nan],[nan],
2011-07-18 03:15:01,0.029069623229162126,0,,[nan],[nan],
2011-07-18 04:15:01,0.02068794329243799,0,,[nan],[nan],
2011-07-18 05:15:01,0.013211059512785759,0,,[nan],[nan],
2011-07-18 06:15:01,0.01207321517731494,0,,[nan],[nan],
2011-07-18 07:15:01,0.021442600737319392,0,,[nan],[nan],
2011-07-18 08:15:01,0.02513860242728075,0,,[nan],[nan],
2011-07-18 09:15:01,0.04994878169663855,0,,[nan],[nan],
2011-07-18 10:15:01,0.05773868483709185,0,,[nan],[nan],
2011-07-18 11:15:01,0.07779345416647372,0,,[nan],[nan],
2011-07-18 12:15:01,0.13412958080226955,0,,[nan],[nan],
2011-07-18 13:15:01,0.1015316847759899,0,,[nan],[nan],
2011-07-18 14:15:01,0.1001910546236064,0,,[nan],[nan],
2011-07-18 15:15:01,0.07817562750606659,0,,[nan],[nan],
2011-07-18 16:15:01,0.0779371268306859,0,,[nan],[nan],
2011-07-18 17:15:01,0.06381361470992039,0,,[nan],[nan],
2011-07-18 18:15:01,0.054479356497926776,0,,[nan],[nan],
2011-07-18 19:15:01,0.05130629874681385,0,,[nan],[nan],
2011-07-18 20:15:01,0.046804837188328466,0,,[nan],[nan],
2011-07-18 21:15:01,0.03754708391489881,0,,[nan],[nan],
2011-07-18 22:15:01,0.037674005103745065,0,,[nan],[nan],
2011-07-18 23:15:01,0.03869631602395738,0,,[nan],[nan],
2011-07-19 00:15:01,0.02382329725195188,0,,[nan],[nan],
2011-07-19 01:15:01,0.05718464814089876,0,,[nan],[nan],
2011-07-19 02:15:01,0.04297288658686008,0,,[nan],[nan],
2011-07-19 03:15:01,0.02565681607669156,0,,[nan],[nan],
2011-07-19 04:15:01,0.019494089976473738,0,,[nan],[nan],
2011-07-19 05:15:01,0.006448908367224724,0,,[nan],[nan],
2011-07-19 06:15:01,0.003439269088784644,0,,[nan],[nan],
2011-07-19 07:15:01,0.01743396664668308,0,,[nan],[nan],
2011-07-19 08:15:01,0.024521229624629774,0,,[nan],[nan],
2011-07-19 09:15:01,0.04606722920814741,0,,[nan],[nan],
2011-07-19 10:15:01,0.07706785180882281,0,,[nan],[nan],
2011-07-19 11:15:01,0.08625770727927723,0,,[nan],[nan],
2011-07-19 12:15:01,0.12008068584805914,0,,[nan],[nan],
2011-07-19 13:15:01,0.13185296628433926,0,,[nan],[nan],
2011-07-19 14:15:01,0.10475256480531936,0,,[nan],[nan],
2011-07-19 15:15:01,0.07981380529582573,0,,[nan],[nan],
2011-07-19 16:15:01,0.05881768001987087,0,,[nan],[nan],
2011-07-19 17:15:01,0.036454360619633024,0,,[nan],[nan],
2011-07-19 18:15:01,0.04223693075478921,0,,[nan],[nan],
2011-07-19 19:15:01,0.03588938760893444,0,,[nan],[nan],
2011-07-19 20:15:01,0.032353596121418284,0,,[nan],[nan],
2011-07-19 21:15:01,0.02243898104755636,0,,[nan],[nan],
2011-07-19 22:15:01,0.03007623927536945,0,,[nan],[nan],
2011-07-19 23:15:01,0.02651579864011173,0,,[nan],[nan],
2011-07-20 00:15:01,0.02104160743161854,0,,[nan],[nan],
2011-07-20 01:15:01,0.04710321206020501,0,,[nan],[nan],
2011-07-20 02:15:01,0.036488034784550025,0,,[nan],[nan],
2011-07-20 03:15:01,0.027536599830732027,0,,[nan],[nan],
2011-07-20 04:15:01,0.01669380846106075,0,,[nan],[nan],
2011-07-20 05:15:01,0.0073814163075309564,0,,[nan],[nan],
2011-07-20 06:15:01,0.010246927355963891,0,,[nan],[nan],
2011-07-20 07:15:01,0.022900812446613503,0,,[nan],[nan],
2011-07-20 08:15:01,0.018286778707134656,0,,[nan],[nan],
2011-07-20 09:15:01,0.042888069807953316,0,,[nan],[nan],
2011-07-20 10:15:01,0.04929342125397665,0,,[nan],[nan],
2011-07-20 11:15:01,0.07207033373318289,0,,[nan],[nan],
2011-07-20 12:15:01,0.1232399491408674,0,,[nan],[nan],
2011-07-20 13:15:01,0.12713969537238445,0,,[nan],[nan],
2011-07-20 14:15:01,0.101741701328756,0,,[nan],[nan],
2011-07-20 15:15:01,0.06599153548801671,0,,[nan],[nan],
2011-07-20 16:15:01,0.050738588816449166,0,,[nan],[nan],
2011-07-20 17:15:01,0.04116696165604237,0,,[nan],[nan],
2011-07-20 18:15:01,0.04138525152138645,0,,[nan],[nan],
2011-07-20 19:15:01,0.03357135169886346,0,,[nan],[nan],
2011-07-20 20:15:01,0.029376625775406506,0,,[nan],[nan],
2011-07-20 21:15:01,0.030911037685283718,0,,[nan],[nan],
2011-07-20 22:15:01,0.019789393672208555,0,,[nan],[nan],
2011-07-20 23:15:01,0.031999450354463374,0,,[nan],[nan],
2011-07-21 00:15:01,0.01959021599996697,0,,[nan],[nan],
2011-07-21 01:15:01,0.038507157121900934,0,,[nan],[nan],
2011-07-21 02:15:01,0.035313165855804345,0,,[nan],[nan],
2011-07-21 03:15:01,0.023682434430338548,0,,[nan],[nan],
2011-07-21 04:15:01,0.012260803538751709,0,,[nan],[nan],
2011-07-21 05:15:01,0.00807660637758115,0,,[nan],[nan],
2011-07-21 06:15:01,0.008121894746240735,0,,[nan],[nan],
2011-07-21 07:15:01,0.011919744226258808,0,,[nan],[nan],
2011-07-21 08:15:01,0.01707678864897659,0,,[nan],[nan],
2011-07-21 09:15:01,0.04036700919352871,0,,[nan],[nan],
2011-07-21 10:15:01,0.04917901730216445,0,,[nan],[nan],
2011-07-21 11:15:01,0.05179750389913566,0,,[nan],[nan],
2011-07-21 12:15:01,0.10182259785610792,0,,[nan],[nan],
2011-07-21 13:15:01,0.09092150250217801,0,,[nan],[nan],
2011-07-21 14:15:01,0.11122810944190432,0,,[nan],[nan],
2011-07-21 15:15:01,0.06656138141722223,0,,[nan],[nan],
2011-07-21 16:15:01,0.05275533084341224,0,,[nan],[nan],
2011-07-21 17:15:01,0.04804769585420325,0,,[nan],[nan],
2011-07-21 18:15:01,0.0605873392721316,0,,[nan],[nan],
2011-07-21 22:15:01,0.0320232798641568,0,,[nan],[nan],
2011-07-22 00:15:01,0.019691720390993338,0,,[nan],[nan],
2011-07-22 01:15:01,0.032116442655853665,0,,[nan],[nan],
2011-07-22 02:15:01,0.02833877940624998,0,,[nan],[nan],
2011-07-22 03:15:01,0.021965505946544308,0,,[nan],[nan],
2011-07-22 04:15:01,0.012761335143088314,0,,[nan],[nan],
2011-07-22 05:15:01,0.009437049362063256,0,,[nan],[nan],
2011-07-22 06:15:01,0.014863254609896806,0,,[nan],[nan],
2011-07-22 07:15:01,0.017327509772391517,0,,[nan],[nan],
2011-07-22 08:15:01,0.019846501780367457,0,,[nan],[nan],
2011-07-22 09:15:01,0.03293304556241871,0,,[nan],[nan],
2011-07-22 10:15:01,0.028583029001562395,0,,[nan],[nan],
2011-07-22 11:15:01,0.050204677636419066,0,,[nan],[nan],
2011-07-22 12:15:01,0.09913349653923838,0,,[nan],[nan],
2011-07-22 13:15:01,0.11117143029379824,0,,[nan],[nan],
2011-07-22 14:15:01,0.08635894706008299,0,,[nan],[nan],
2011-07-22 15:15:01,0.04663801494639218,0,,[nan],[nan],
2011-07-22 16:15:01,0.05504236017992877,0,,[nan],[nan],
2011-07-22 17:15:01,0.02965191615844454,0,,[nan],[nan],
2011-07-22 18:15:01,0.04000567332380328,0,,[nan],[nan],
2011-07-22 19:15:01,0.04829029379050217,0,,[nan],[nan],
2011-07-22 20:15:01,0.032155068871343666,0,,[nan],[nan],
2011-07-22 21:15:01,0.02429888875780136,0,,[nan],[nan],
2011-07-22 22:15:01,0.03341380148476045,0,,[nan],[nan],
2011-07-22 23:15:01,0.018516795192749784,0,,[nan],[nan],
2011-07-23 03:15:01,0.029124742980211574,0,,[nan],[nan],
2011-07-23 05:15:01,0.021014681376884205,0,,[nan],[nan],
2011-07-23 06:15:01,0.021560301815410163,0,,[nan],[nan],
2011-07-23 07:15:01,0.0258028027931711,0,,[nan],[nan],
2011-07-23 08:15:01,0.014172199718124627,0,,[nan],[nan],
2011-07-23 11:15:01,0.039374862152702084,0,,[nan],[nan],
2011-07-23 12:15:01,0.060612252147710675,0,,[nan],[nan],
2011-07-23 13:15:01,0.13932711843495355,0,,[nan],[nan],
2011-07-23 14:15:01,0.11196143924115463,0,,[nan],[nan],
2011-07-23 15:15:01,0.09296610668624904,0,,[nan],[nan],
2011-07-23 16:15:01,0.06641797359599587,0,,[nan],[nan],
2011-07-23 17:15:01,0.08234459240186562,0,,[nan],[nan],
2011-07-23 18:15:01,0.0509294356311387,0,,[nan],[nan],
2011-07-23 19:15:01,0.04450588600158559,0,,[nan],[nan],
2011-07-23 20:15:01,0.04229160907826183,0,,[nan],[nan],
2011-07-23 21:15:01,0.026701013072791355,0,,[nan],[nan],
2011-07-23 22:15:01,0.03626539411262522,0,,[nan],[nan],
2011-07-23 23:15:01,0.025984031975618826,0,,[nan],[nan],
2011-07-24 00:15:01,0.006556452490621432,0,,[nan],[nan],
2011-07-24 01:15:01,0.10179810369736607,0,,[nan],[nan],
2011-07-24 02:15:01,0.05844876963472422,0,,[nan],[nan],
2011-07-24 03:15:01,0.02593747976708179,0,,[nan],[nan],
2011-07-24 04:15:01,0.013056151941668872,0,,[nan],[nan],
2011-07-24 05:15:01,0.008026984725602935,0,,[nan],[nan],
2011-07-24 06:15:01,0.012745449886826124,0,,[nan],[nan],
2011-07-24 07:15:01,0.021648217727784483,0,,[nan],[nan],
2011-07-24 08:15:01,0.02765673371134412,0,,[nan],[nan],
2011-07-24 09:15:01,0.0459845990650471,0,,[nan],[nan],
2011-07-24 10:15:01,0.04179326558919135,0,,[nan],[nan],
2011-07-24 11:15:01,0.06720167485126002,0,,[nan],[nan],
2011-07-24 12:15:01,0.13138524768329252,0,,[nan],[nan],
2011-07-24 13:15:01,0.10712733878960863,0,,[nan],[nan],
2011-07-24 14:15:01,0.11980325237253908,0,,[nan],[nan],
2011-07-24 15:15:01,0.04013252771173216,0,,[nan],[nan],
2011-07-24 16:15:01,0.06452460099281061,0,,[nan],[nan],
2011-07-24 17:15:01,0.050419486840195316,0,,[nan],[nan],
2011-07-24 18:15:01,0.03740734522032326,0,,[nan],[nan],
2011-07-24 19:15:01,0.02729031517073072,0,,[nan],[nan],
2011-07-24 20:15:01,0.01972651075405643,0,,[nan],[nan],
2011-07-24 21:15:01,0.017602899507357408,0,,[nan],[nan],
2011-07-24 22:15:01,0.019752862832327942,0,,[nan],[nan],
2011-07-24 23:15:01,0.010301426817802745,0,,[nan],[nan],
2011-07-25 00:15:01,0.013838050935916665,0,,[nan],[nan],
2011-07-25 01:15:01,0.0587860962462966,0,,[nan],[nan],
2011-07-25 02:15:01,0.02832095676846423,0,,[nan],[nan],
2011-07-25 03:15:01,0.032971913824196036,0,,[nan],[nan],
2011-07-25 04:15:01,0.011641808351613185,0,,[nan],[nan],
2011-07-25 05:15:01,0.0029297030432747216,0,,[nan],[nan],
2011-07-25 06:15:01,0.014508121334801269,0,,[nan],[nan],
2011-07-25 07:15:01,0.013216135340955388,0,,[nan],[nan],
2011-07-25 08:15:01,0.015698404944616568,0,,[nan],[nan],
2011-07-25 09:15:01,0.04625325470113832,0,,[nan],[nan],
2011-07-25 10:15:01,0.060196056097064736,0,,[nan],[nan],
2011-07-25 11:15:01,0.08389335731388561,0,,[nan],[nan],
2011-07-25 12:15:01,0.12274572635439547,0,,[nan],[nan],
2011-07-25 13:15:01,0.12989654820130886,0,,[nan],[nan],
2011-07-25 14:15:01,0.11139418219872237,0,,[nan],[nan],
2011-07-25 15:15:01,0.06899891700860578,0,,[nan],[nan],
2011-07-25 16:15:01,0.056434467849497925,0,,[nan],[nan],
2011-07-25 17:15:01,0.045142882754399635,0,,[nan],[nan],
2011-07-25 18:15:01,0.02612851080106193,0,,[nan],[nan],
2011-07-25 19:15:01,0.02776499228627699,0,,[nan],[nan],
2011-07-25 20:15:01,0.015610664132930746,0,,[nan],[nan],
2011-07-25 21:15:01,0.007598880294593832,0,,[nan],[nan],
2011-07-25 22:15:01,0.015968241376904255,0,,[nan],[nan],
2011-07-25 23:15:01,0.01463122310270755,0,,[nan],[nan],
2011-07-26 00:15:01,0.004863783731574035,0,,[nan],[nan],
2011-07-26 01:15:01,0.026685148928432337,0,,[nan],[nan],
2011-07-26 02:15:01,0.03054416558451967,0,,[nan],[nan],
2011-07-26 03:15:01,0.015107656662959459,0,,[nan],[nan],
2011-07-26 04:15:01,0.02467714451018031,0,,[nan],[nan],
2011-07-26 05:15:01,0.0005409430632899153,0,,[nan],[nan],
2011-07-26 06:15:01,0.00866455770623147,0,,[nan],[nan],
2011-07-26 07:15:01,0.01418964183072886,0,,[nan],[nan],
2011-07-26 08:15:01,0.023440312641882958,0,,[nan],[nan],
2011-07-26 09:15:01,0.03945425447578702,0,,[nan],[nan],
2011-07-26 10:15:01,0.07169895555655426,0,,[nan],[nan],
2011-07-26 11:15:01,0.0919134204888806,0,,[nan],[nan],
2011-07-26 12:15:01,0.10100415419842902,0,,[nan],[nan],
2011-07-26 13:15:01,0.104411049934565,0,,[nan],[nan],
2011-07-26 14:15:01,0.10558735855046382,0,,[nan],[nan],
2011-07-26 15:15:01,0.04259268588065061,0,,[nan],[nan],
2011-07-26 16:15:01,0.057910606462846126,0,,[nan],[nan],
2011-07-26 17:15:01,0.0396180174386859,0,,[nan],[nan],
2011-07-26 19:15:01,0.031718386097322186,0,,[nan],[nan],
2011-07-26 20:15:01,0.031597276609923425,0,,[nan],[nan],
2011-07-26 21:15:01,0.014678427336497563,0,,[nan],[nan],
2011-07-26 22:15:01,0.019643207286621955,0,,[nan],[nan],
2011-07-26 23:15:01,0.005256515465916146,0,,[nan],[nan],
2011-07-27 00:15:01,0.006761053915946324,0,,[nan],[nan],
2011-07-27 01:15:01,0.029394021674743517,0,,[nan],[nan],
2011-07-27 02:15:01,0.020089452062767327,0,,[nan],[nan],
2011-07-27 05:15:01,0.00945367686029188,0,,[nan],[nan],
2011-07-27 06:15:01,0.004119346227851749,0,,[nan],[nan],
2011-07-27 07:15:01,0.012444128250375878,0,,[nan],[nan],
2011-07-27 08:15:01,0.02491619418138861,0,,[nan],[nan],
2011-07-27 09:15:01,0.031751512457087835,0,,[nan],[nan],
2011-07-27 10:15:01,0.03539392673240794,0,,[nan],[nan],
2011-07-27 11:15:01,0.06359521801750408,0,,[nan],[nan],
2011-07-27 12:15:01,0.11199673644713104,0,,[nan],[nan],
2011-07-27 13:15:01,0.11612416870793853,0,,[nan],[nan],
2011-07-27 14:15:01,0.0924526917978874,0,,[nan],[nan],
2011-07-27 15:15:01,0.04756830054006931,0,,[nan],[nan],
2011-07-27 16:15:01,0.05249512237601787,0,,[nan],[nan],
2011-07-27 17:15:01,0.0300290811265843,0,,[nan],[nan],
2011-07-27 18:15:01,0.03307730237734892,0,,[nan],[nan],
2011-07-27 19:15:01,0.0298290131402707,0,,[nan],[nan],
2011-07-27 20:15:01,0.024461429366348042,0,,[nan],[nan],
2011-07-27 21:15:01,0.030586953107875237,0,,[nan],[nan],
2011-07-27 22:15:01,0.023666534715781867,0,,[nan],[nan],
2011-07-27 23:15:01,0.008059574516886379,0,,[nan],[nan],
2011-07-28 00:15:01,0.0063206541034967435,0,,[nan],[nan],
2011-07-28 01:15:01,0.034701957245383275,0,,[nan],[nan],
2011-07-28 02:15:01,0.025707574150540983,0,,[nan],[nan],
2011-07-28 03:15:01,0.024002976341770958,0,,[nan],[nan],
2011-07-28 04:15:01,0.013092399923114185,0,,[nan],[nan],
2011-07-28 05:15:01,0.0030369739976442768,0,,[nan],[nan],
2011-07-28 06:15:01,0.006994079395581997,0,,[nan],[nan],
2011-07-28 07:15:01,0.03487048185496331,0,,[nan],[nan],
2011-07-28 08:15:01,0.019038577145923143,0,,[nan],[nan],
2011-07-28 09:15:01,0.055159018361218726,0,,[nan],[nan],
2011-07-28 10:15:01,0.05641133343261366,0,,[nan],[nan],
2011-07-28 11:15:01,0.10210461769256744,0,,[nan],[nan],
2011-07-28 12:15:01,0.16865945000035912,0,,[nan],[nan],
2011-07-28 13:15:01,0.07206620924819758,0,,[nan],[nan],
2011-07-28 14:15:01,0.09850401597841177,0,,[nan],[nan],
2011-07-28 15:15:01,0.0621699018347912,0,,[nan],[nan],
2011-07-28 16:15:01,0.04419854371738923,0,,[nan],[nan],
2011-07-28 17:15:01,0.029178944317499664,0,,[nan],[nan],
2011-07-28 18:15:01,0.03919497669515958,0,,[nan],[nan],
2011-07-28 19:15:01,0.02694732239470366,0,,[nan],[nan],
2011-07-28 20:15:01,0.031738338532542126,0,,[nan],[nan],
2011-07-28 21:15:01,0.03769053932473549,0,,[nan],[nan],
2011-07-28 22:15:01,0.024654587508889297,0,,[nan],[nan],
2011-07-28 23:15:01,0.021247999561986936,0,,[nan],[nan],
2011-07-29 00:15:01,0.02082615437487035,0,,[nan],[nan],
2011-07-29 01:15:01,0.03538506990289012,0,,[nan],[nan],
2011-07-29 02:15:01,0.03253572751542864,0,,[nan],[nan],
2011-07-29 03:15:01,0.02120479663150321,0,,[nan],[nan],
2011-07-29 04:15:01,0.019473023365364345,0,,[nan],[nan],
2011-07-29 05:15:01,0.011816669169634223,0,,[nan],[nan],
2011-07-29 06:15:01,0.01807383709974045,0,,[nan],[nan],
2011-07-29 07:15:01,0.02100852520549312,0,,[nan],[nan],
2011-07-29 08:15:01,0.0416287539914917,0,,[nan],[nan],
2011-07-29 09:15:01,0.07773069300018465,0,,[nan],[nan],
2011-07-29 10:15:01,0.091873029865796,0,,[nan],[nan],
2011-07-29 11:15:01,0.13798513992380168,0,,[nan],[nan],
2011-07-29 12:15:01,0.1506825058660431,0,,[nan],[nan],
2011-07-29 13:15:01,0.12752345584441188,0,,[nan],[nan],
2011-07-29 14:15:01,0.13163398154755448,0,,[nan],[nan],
2011-07-29 15:15:01,0.08002133766348349,0,,[nan],[nan],
2011-07-29 16:15:01,0.08417464509828045,0,,[nan],[nan],
2011-07-29 17:15:01,0.05360766716572593,0,,[nan],[nan],
2011-07-29 18:15:01,0.06825063095178104,0,,[nan],[nan],
2011-07-29 19:15:01,0.06357175854464876,0,,[nan],[nan],
2011-07-29 20:15:01,0.05253760595240807,0,,[nan],[nan],
2011-07-29 21:15:01,0.06553449936973392,0,,[nan],[nan],
2011-07-29 22:15:01,0.05909558821264563,0,,[nan],[nan],
2011-07-29 23:15:01,0.04988808078989482,0,,[nan],[nan],
2011-07-30 00:15:01,0.05563900808744388,0,,[nan],[nan],
2011-07-30 01:15:01,0.0676371187438251,0,,[nan],[nan],
2011-07-30 02:15:01,0.06169931477776942,0,,[nan],[nan],
2011-07-30 03:15:01,0.06548400459083664,0,,[nan],[nan],
2011-07-30 04:15:01,0.029866932471702308,0,,[nan],[nan],
2011-07-30 05:15:01,0.03714575666371984,0,,[nan],[nan],
2011-07-30 06:15:01,0.03936066597676243,0,,[nan],[nan],
2011-07-30 07:15:01,0.04895135493495696,0,,[nan],[nan],
2011-07-30 08:15:01,0.04792104087885676,0,,[nan],[nan],
2011-07-30 09:15:01,0.0625515820850951,0,,[nan],[nan],
2011-07-30 10:15:01,0.0462095706443396,0,,[nan],[nan],
2011-07-30 11:15:01,0.12542353266070708,0,,[nan],[nan],
2011-07-30 12:15:01,0.1450210933975981,0,,[nan],[nan],
2011-07-30 13:15:01,0.1372097754164987,0,,[nan],[nan],
2011-07-30 14:15:01,0.1190608890571882,0,,[nan],[nan],
2011-07-30 15:15:01,0.09628755229893904,0,,[nan],[nan],
2011-07-30 16:15:01,0.0701268852433325,0,,[nan],[nan],
2011-07-30 17:15:01,0.04142687568101952,0,,[nan],[nan],
2011-07-30 20:15:01,0.049397992360744734,0,,[nan],[nan],
2011-07-30 21:15:01,0.0449844778870172,0,,[nan],[nan],
2011-07-30 22:15:01,0.039228400449307865,0,,[nan],[nan],
2011-07-30 23:15:01,0.03790660897870928,0,,[nan],[nan],
2011-07-31 00:15:01,0.02291806209752672,0,,[nan],[nan],
2011-07-31 01:15:01,0.06330832407611098,0,,[nan],[nan],
2011-07-31 02:15:01,0.050460853246813625,0,,[nan],[nan],
2011-07-31 04:15:01,0.040269010481793266,0,,[nan],[nan],
2011-07-31 05:15:01,0.03185042154204288,0,,[nan],[nan],
2011-07-31 06:15:01,0.034647339825271746,0,,[nan],[nan],
2011-07-31 07:15:01,0.037464589774495585,0,,[nan],[nan],
2011-07-31 08:15:01,0.041138842208938924,0,,[nan],[nan],
2011-07-31 09:15:01,0.06980144131638698,0,,[nan],[nan],
2011-07-31 10:15:01,0.059913441414855925,0,,[nan],[nan],
2011-07-31 11:15:01,0.10253711795835004,0,,[nan],[nan],
2011-07-31 12:15:01,0.1363683426788082,0,,[nan],[nan],
2011-07-31 13:15:01,0.18905710282355387,0,,[nan],[nan],
2011-07-31 14:15:01,0.11223520425412924,0,,[nan],[nan],
2011-07-31 15:15:01,0.09891538712238818,0,,[nan],[nan],
2011-07-31 16:15:01,0.06901430546080045,0,,[nan],[nan],
2011-07-31 17:15:01,0.06078832905686413,0,,[nan],[nan],
2011-07-31 18:15:01,0.0427047994623676,0,,[nan],[nan],
2011-07-31 19:15:01,0.04572525164183479,0,,[nan],[nan],
2011-07-31 20:15:01,0.05624878877569043,0,,[nan],[nan],
2011-07-31 21:15:01,0.03914285652340488,0,,[nan],[nan],
2011-07-31 23:15:01,0.038191712106306286,0,,[nan],[nan],
2011-08-01 00:15:01,0.03439868442124392,0,,[nan],[nan],
2011-08-01 03:15:01,0.04943236524207503,0,,[nan],[nan],
2011-08-01 05:15:01,0.045131448633294186,0,,[nan],[nan],
2011-08-01 06:15:01,0.030010458129120336,0,,[nan],[nan],
2011-08-01 07:15:01,0.02492744688449922,0,,[nan],[nan],
2011-08-01 08:15:01,0.04463938583477636,0,,[nan],[nan],
2011-08-01 09:15:01,0.08411325802184554,0,,[nan],[nan],
2011-08-01 10:15:01,0.07992175210867641,0,,[nan],[nan],
2011-08-01 11:15:01,0.10156841978768093,0,,[nan],[nan],
2011-08-01 12:15:01,0.16552550599779348,0,,[nan],[nan],
2011-08-01 13:15:01,0.0888203737867694,0,,[nan],[nan],
2011-08-01 14:15:01,0.13304688191551614,0,,[nan],[nan],
2011-08-01 15:15:01,0.0963985618608642,0,,[nan],[nan],
2011-08-01 16:15:01,0.08568334711525456,0,,[nan],[nan],
2011-08-01 17:15:01,0.0661482435905401,0,,[nan],[nan],
2011-08-01 18:15:01,0.06430779360903892,0,,[nan],[nan],
2011-08-01 20:15:01,0.049648372804715776,0,,[nan],[nan],
2011-08-01 21:15:01,0.04331434750688323,0,,[nan],[nan],
2011-08-01 23:15:01,0.040777630990887034,0,,[nan],[nan],
2011-08-02 00:15:01,0.04907099162130588,0,,[nan],[nan],
2011-08-02 01:15:01,0.0608546206860498,0,,[nan],[nan],
2011-08-02 02:15:01,0.05174539962205906,0,,[nan],[nan],
2011-08-02 03:15:01,0.02813479337839564,0,,[nan],[nan],
2011-08-02 05:15:01,0.02049997630966547,0,,[nan],[nan],
2011-08-02 06:15:01,0.021490749677876852,0,,[nan],[nan],
2011-08-02 07:15:01,0.03209233493240544,0,,[nan],[nan],
2011-08-02 08:15:01,0.038684615950319655,0,,[nan],[nan],
2011-08-02 09:15:01,0.059970929125055215,0,,[nan],[nan],
2011-08-02 10:15:01,0.09025798207926737,0,,[nan],[nan],
2011-08-02 11:15:01,0.16039775484527016,0,,[nan],[nan],
2011-08-02 12:15:01,0.2094041954917276,0,,[nan],[nan],
2011-08-02 13:15:01,0.1156141983013146,0,,[nan],[nan],
2011-08-02 14:15:01,0.1177617568235862,0,,[nan],[nan],
2011-08-02 15:15:01,0.11408068359709883,0,,[nan],[nan],
2011-08-02 16:15:01,0.046650002490114334,0,,[nan],[nan],
2011-08-02 18:15:01,0.06265982455808254,0,,[nan],[nan],
2011-08-02 19:15:01,0.06336540520687603,0,,[nan],[nan],
2011-08-02 20:15:01,0.04269071516440915,0,,[nan],[nan],
2011-08-02 21:15:01,0.0595720169891374,0,,[nan],[nan],
2011-08-02 22:15:01,0.07337172762910364,0,,[nan],[nan],
2011-08-02 23:15:01,0.041171669708190736,0,,[nan],[nan],
2011-08-03 00:15:01,0.0231402834016443,0,,[nan],[nan],
2011-08-03 01:15:01,0.07707985121391348,0,,[nan],[nan],
2011-08-03 02:15:01,0.07540201181153999,0,,[nan],[nan],
2011-08-03 03:15:01,0.05299114744494759,0,,[nan],[nan],
2011-08-03 04:15:01,0.024803590213356853,0,,[nan],[nan],
2011-08-03 05:15:01,0.03034736815892107,0,,[nan],[nan],
2011-08-03 06:15:01,0.03535867353007098,0,,[nan],[nan],
2011-08-03 07:15:01,0.05398068556477189,0,,[nan],[nan],
2011-08-03 08:15:01,0.046534292296905484,0,,[nan],[nan],
2011-08-03 09:15:01,0.09147359906384328,0,,[nan],[nan],
2011-08-03 10:15:01,0.0898257282425193,0,,[nan],[nan],
2011-08-03 11:15:01,0.15823600579910094,0,,[nan],[nan],
2011-08-03 12:15:01,0.16812877012311106,0,,[nan],[nan],
2011-08-03 13:15:01,0.16571160282685707,0,,[nan],[nan],
2011-08-03 14:15:01,0.08294452264994817,0,,[nan],[nan],
2011-08-03 15:15:01,0.0960469257918256,0,,[nan],[nan],
2011-08-03 17:15:01,0.07767079866283194,0,,[nan],[nan],
2011-08-03 18:15:01,0.050917421716371286,0,,[nan],[nan],
2011-08-03 19:15:01,0.05915852357599188,0,,[nan],[nan],
2011-08-03 20:15:01,0.05080017808667297,0,,[nan],[nan],
2011-08-03 21:15:01,0.06132165877079958,0,,[nan],[nan],
2011-08-03 22:15:01,0.04506437920701136,0,,[nan],[nan],
2011-08-03 23:15:01,0.0729496950188424,0,,[nan],[nan],
2011-08-04 00:15:01,0.05124745586139838,0,,[nan],[nan],
2011-08-04 01:15:01,0.06957024829002607,0,,[nan],[nan],
2011-08-04 02:15:01,0.060500721765754675,0,,[nan],[nan],
2011-08-04 03:15:01,0.09657811892181994,0,,[nan],[nan],
2011-08-04 04:15:01,0.045711245337421005,0,,[nan],[nan],
2011-08-04 05:15:01,0.018168089519770145,0,,[nan],[nan],
2011-08-04 06:15:01,0.03950840951307632,0,,[nan],[nan],
2011-08-04 07:15:01,0.0440482067672598,0,,[nan],[nan],
2011-08-04 08:15:01,0.04553681401761371,0,,[nan],[nan],
2011-08-04 09:15:01,0.06784042021434629,0,,[nan],[nan],
2011-08-04 10:15:01,0.09568364303023348,0,,[nan],[nan],
2011-08-04 11:15:01,0.1107460470892494,0,,[nan],[nan],
2011-08-04 12:15:01,0.14796389335933938,0,,[nan],[nan],
2011-08-04 13:15:01,0.15498435258267185,0,,[nan],[nan],
2011-08-04 14:15:01,0.1215795543906538,0,,[nan],[nan],
2011-08-04 16:15:01,0.07635870984115538,0,,[nan],[nan],
2011-08-04 17:15:01,0.09178787292358538,0,,[nan],[nan],
2011-08-04 18:15:01,0.06316234054185091,0,,[nan],[nan],
2011-08-04 19:15:01,0.045403272845704015,0,,[nan],[nan],
2011-08-04 20:15:01,0.2124968741321248,0,,[nan],[nan],
2011-08-04 21:15:01,0.052466855670424715,0,,[nan],[nan],
2011-08-04 22:15:01,0.04782673892136327,0,,[nan],[nan],
2011-08-04 23:15:01,0.05488193087045135,0,,[nan],[nan],
2011-08-05 00:15:01,0.045277916777814266,0,,[nan],[nan],
2011-08-05 01:15:01,0.0706523666432911,0,,[nan],[nan],
2011-08-05 02:15:01,0.06642057764824495,0,,[nan],[nan],
2011-08-05 03:15:01,0.08328031686716253,0,,[nan],[nan],
2011-08-05 04:15:01,0.04173507575203687,0,,[nan],[nan],
2011-08-05 05:15:01,0.05099117152510815,0,,[nan],[nan],
2011-08-05 06:15:01,0.04305357776080407,0,,[nan],[nan],
2011-08-05 07:15:01,0.042714550096856416,0,,[nan],[nan],
2011-08-05 08:15:01,0.05616724032894061,0,,[nan],[nan],
2011-08-05 09:15:01,0.07848620483023082,0,,[nan],[nan],
2011-08-05 10:15:01,0.09316456493582308,0,,[nan],[nan],
2011-08-05 11:15:01,0.1393592183850372,0,,[nan],[nan],
2011-08-05 12:15:01,0.14242040386243934,0,,[nan],[nan],
2011-08-05 13:15:01,0.15973698518006355,0,,[nan],[nan],
2011-08-05 14:15:01,0.130444686343523,0,,[nan],[nan],
2011-08-05 15:15:01,0.09991986057660698,0,,[nan],[nan],
2011-08-05 17:15:01,0.06165852902787952,0,,[nan],[nan],
2011-08-05 19:15:01,0.0686540979316464,0,,[nan],[nan],
2011-08-05 20:15:01,0.04312657251235142,0,,[nan],[nan],
2011-08-05 21:15:01,0.04957461436241704,0,,[nan],[nan],
2011-08-05 22:15:01,0.04308972641466046,0,,[nan],[nan],
2011-08-05 23:15:01,0.04902136524313103,0,,[nan],[nan],
2011-08-06 00:15:01,0.04173256878259267,0,,[nan],[nan],
2011-08-06 01:15:01,0.07738088944642718,0,,[nan],[nan],
2011-08-06 02:15:01,0.07698260279144703,0,,[nan],[nan],
2011-08-06 03:15:01,0.06651413071769682,0,,[nan],[nan],
2011-08-06 04:15:01,0.06846925665060932,0,,[nan],[nan],
2011-08-06 05:15:01,0.047860373374793125,0,,[nan],[nan],
2011-08-06 06:15:01,0.04637827753633311,0,,[nan],[nan],
2011-08-06 07:15:01,0.05198760693522187,0,,[nan],[nan],
2011-08-06 08:15:01,0.06848051371734369,0,,[nan],[nan],
2011-08-06 09:15:01,0.07596825898646142,0,,[nan],[nan],
2011-08-06 10:15:01,0.07724236528065599,0,,[nan],[nan],
2011-08-06 11:15:01,0.12603158949080104,0,,[nan],[nan],
2011-08-06 12:15:01,0.1391663687024025,0,,[nan],[nan],
2011-08-06 13:15:01,0.15069187531761952,0,,[nan],[nan],
2011-08-06 15:15:01,0.10385214369563693,0,,[nan],[nan],
2011-08-06 16:15:01,0.07680455149573405,0,,[nan],[nan],
2011-08-06 17:15:01,0.06409885223345829,0,,[nan],[nan],
2011-08-06 18:15:01,0.054564971099660485,0,,[nan],[nan],
2011-08-06 19:15:01,0.057047858110106674,0,,[nan],[nan],
2011-08-06 20:15:01,0.038240575207877985,0,,[nan],[nan],
2011-08-06 21:15:01,0.05629522090305863,0,,[nan],[nan],
2011-08-06 22:15:01,0.054753174070642965,0,,[nan],[nan],
2011-08-06 23:15:01,0.03839366889903351,0,,[nan],[nan],
2011-08-07 00:15:01,0.06075811035228399,0,,[nan],[nan],
2011-08-07 01:15:01,0.0705890041385515,0,,[nan],[nan],
2011-08-07 02:15:01,0.05572239298658765,0,,[nan],[nan],
2011-08-07 03:15:01,0.05060417567912858,0,,[nan],[nan],
2011-08-07 04:15:01,0.053656240570393664,0,,[nan],[nan],
2011-08-07 05:15:01,0.046457997555584274,0,,[nan],[nan],
2011-08-07 06:15:01,0.05267743173614363,0,,[nan],[nan],
2011-08-07 07:15:01,0.05841349069936987,0,,[nan],[nan],
2011-08-07 08:15:01,0.07083863689365648,0,,[nan],[nan],
2011-08-07 09:15:01,0.06654915186275533,0,,[nan],[nan],
2011-08-07 10:15:01,0.10222025300722926,0,,[nan],[nan],
2011-08-07 11:15:01,0.12094572968149107,0,,[nan],[nan],
2011-08-07 12:15:01,0.14129979337611653,0,,[nan],[nan],
2011-08-07 13:15:01,0.2271895146111192,0,,[nan],[nan],
2011-08-07 14:15:01,0.10568006272627192,0,,[nan],[nan],
2011-08-07 15:15:01,0.0963865714204222,0,,[nan],[nan],
2011-08-07 16:15:01,0.08101276862863283,0,,[nan],[nan],
2011-08-07 17:15:01,0.07429676102076448,0,,[nan],[nan],
2011-08-07 18:15:01,0.06331862088484921,0,,[nan],[nan],
2011-08-07 19:15:01,0.045480205718994735,0,,[nan],[nan],
2011-08-07 20:15:01,0.05874794360702874,0,,[nan],[nan],
2011-08-07 21:15:01,0.05500262515026263,0,,[nan],[nan],
2011-08-07 22:15:01,0.04784704045150435,0,,[nan],[nan],
2011-08-07 23:15:01,0.04406103723926812,0,,[nan],[nan],
2011-08-08 00:15:01,0.05520391621646057,0,,[nan],[nan],
2011-08-08 01:15:01,0.06291967064323457,0,,[nan],[nan],
2011-08-08 02:15:01,0.050155919635014035,0,,[nan],[nan],
2011-08-08 03:15:01,0.04736168440358832,0,,[nan],[nan],
2011-08-08 04:15:01,0.0480093910113918,0,,[nan],[nan],
2011-08-08 05:15:01,0.0421219977461476,0,,[nan],[nan],
2011-08-08 06:15:01,0.03730394805061418,0,,[nan],[nan],
2011-08-08 07:15:01,0.046074302074507266,0,,[nan],[nan],
2011-08-08 08:15:01,0.049169619125812976,0,,[nan],[nan],
2011-08-08 09:15:01,0.06418858155215051,0,,[nan],[nan],
2011-08-08 10:15:01,0.08197757110805269,0,,[nan],[nan],
2011-08-08 11:15:01,0.10371662051908036,0,,[nan],[nan],
2011-08-08 12:15:01,0.10718850496720196,0,,[nan],[nan],
2011-08-08 13:15:01,0.10320702092582253,0,,[nan],[nan],
2011-08-08 14:15:01,0.0908108264514934,0,,[nan],[nan],
2011-08-08 16:15:01,0.07573884682835011,0,,[nan],[nan],
2011-08-08 17:15:01,0.056993631682078674,0,,[nan],[nan],
2011-08-08 18:15:01,0.05303393152009391,0,,[nan],[nan],
2011-08-08 19:15:01,0.0606675900239287,0,,[nan],[nan],
2011-08-08 20:15:01,0.043829552504950235,0,,[nan],[nan],
2011-08-08 21:15:01,0.052185592933693736,0,,[nan],[nan],
2011-08-08 22:15:01,0.048297321864718315,0,,[nan],[nan],
2011-08-08 23:15:01,0.04266735338263898,0,,[nan],[nan],
2011-08-09 00:15:01,0.04162425043161645,0,,[nan],[nan],
2011-08-09 01:15:01,0.051439621306196726,0,,[nan],[nan],
2011-08-09 02:15:01,0.05377939298202637,0,,[nan],[nan],
2011-08-09 03:15:01,0.049741716253525935,0,,[nan],[nan],
2011-08-09 04:15:01,0.034995477592228555,0,,[nan],[nan],
2011-08-09 05:15:01,0.03816017866005225,0,,[nan],[nan],
2011-08-09 06:15:01,0.03686685504187505,0,,[nan],[nan],
2011-08-09 07:15:01,0.053396067275081484,0,,[nan],[nan],
2011-08-09 08:15:01,0.05371538644196599,0,,[nan],[nan],
2011-08-09 09:15:01,0.08943530952198323,0,,[nan],[nan],
2011-08-09 10:15:01,0.090396493411851,0,,[nan],[nan],
2011-08-09 11:15:01,0.10478650806596858,0,,[nan],[nan],
2011-08-09 12:15:01,0.18396473051443812,0,,[nan],[nan],
2011-08-09 14:15:01,0.10882793316367688,0,,[nan],[nan],
2011-08-09 15:15:01,0.09309064996151327,0,,[nan],[nan],
2011-08-09 16:15:01,0.07787792194047476,0,,[nan],[nan],
2011-08-09 17:15:01,0.06585741487864345,0,,[nan],[nan],
2011-08-09 18:15:01,0.05736885865442647,0,,[nan],[nan],
2011-08-09 19:15:01,0.05973643201611568,0,,[nan],[nan],
2011-08-09 20:15:01,0.05428645503594173,0,,[nan],[nan],
2011-08-09 21:15:01,0.0627030055435374,0,,[nan],[nan],
2011-08-09 22:15:01,0.05206522534577776,0,,[nan],[nan],
2011-08-09 23:15:01,0.057875346496988965,0,,[nan],[nan],
2011-08-10 00:15:01,0.04607676402638282,0,,[nan],[nan],
2011-08-10 01:15:01,0.052060495861649896,0,,[nan],[nan],
2011-08-10 02:15:01,0.052311832603324296,0,,[nan],[nan],
2011-08-10 03:15:01,0.062145224397864324,0,,[nan],[nan],
2011-08-10 04:15:01,0.03851718764334988,0,,[nan],[nan],
2011-08-10 05:15:01,0.03511316480601079,0,,[nan],[nan],
2011-08-10 06:15:01,0.035507205854636965,0,,[nan],[nan],
2011-08-10 07:15:01,0.03584907281747878,0,,[nan],[nan],
2011-08-10 08:15:01,0.04373179313652792,0,,[nan],[nan],
2011-08-10 09:15:01,0.05862880172431852,0,,[nan],[nan],
2011-08-10 10:15:01,0.09674217004556546,0,,[nan],[nan],
2011-08-10 11:15:01,0.12392958026218548,0,,[nan],[nan],
2011-08-10 12:15:01,0.15683072526662736,0,,[nan],[nan],
2011-08-10 13:15:01,0.12080533686890026,0,,[nan],[nan],
2011-08-10 15:15:01,0.12803820949659206,0,,[nan],[nan],
2011-08-10 17:15:01,0.09664018449538582,0,,[nan],[nan],
2011-08-10 18:15:01,0.07924716136648087,0,,[nan],[nan],
2011-08-10 19:15:01,0.0588299252491928,0,,[nan],[nan],
2011-08-10 20:15:01,0.0792986831917359,0,,[nan],[nan],
2011-08-10 21:15:01,0.06871904843671614,0,,[nan],[nan],
2011-08-10 23:15:01,0.0656461572328615,0,,[nan],[nan],
2011-08-11 00:15:01,0.04518933524457256,0,,[nan],[nan],
2011-08-11 01:15:01,0.07631974973601229,0,,[nan],[nan],
2011-08-11 02:15:01,0.0447757867446856,0,,[nan],[nan],
2011-08-11 03:15:01,0.055664413162009034,0,,[nan],[nan],
2011-08-11 04:15:01,0.04726823097600673,0,,[nan],[nan],
2011-08-11 05:15:01,0.0434551382186002,0,,[nan],[nan],
2011-08-11 06:15:01,0.03882662363014343,0,,[nan],[nan],
2011-08-11 07:15:01,0.04953097647909329,0,,[nan],[nan],
2011-08-11 08:15:01,0.06348776613114579,0,,[nan],[nan],
2011-08-11 09:15:01,0.08517283871129827,0,,[nan],[nan],
2011-08-11 10:15:01,0.12329011913770327,0,,[nan],[nan],
2011-08-11 11:15:01,0.1078592695755468,0,,[nan],[nan],
2011-08-11 12:15:01,0.1367935435518794,0,,[nan],[nan],
2011-08-11 14:15:01,0.15594234470874738,0,,[nan],[nan],
2011-08-11 15:15:01,0.09382954786151566,0,,[nan],[nan],
2011-08-11 16:15:01,0.13094659319072266,0,,[nan],[nan],
2011-08-11 17:15:01,0.09212797764306632,0,,[nan],[nan],
2011-08-11 18:15:01,0.06437120098357503,0,,[nan],[nan],
2011-08-11 19:15:01,0.06719080137139098,0,,[nan],[nan],
2011-08-11 20:15:01,0.07419976858094486,0,,[nan],[nan],
2011-08-11 21:15:01,0.057469005795052513,0,,[nan],[nan],
2011-08-11 22:15:01,0.07395804423960659,0,,[nan],[nan],
2011-08-11 23:15:01,0.06276269367793741,0,,[nan],[nan],
2011-08-12 00:15:01,0.061952011143856324,0,,[nan],[nan],
2011-08-12 01:15:01,0.07429806189233483,0,,[nan],[nan],
2011-08-12 02:15:01,0.056451198184758425,0,,[nan],[nan],
2011-08-12 03:15:01,0.0531143638061719,0,,[nan],[nan],
2011-08-12 04:15:01,0.014845828708956378,0,,[nan],[nan],
2011-08-12 05:15:01,0.02179112015329849,0,,[nan],[nan],
2011-08-12 06:15:01,0.02549561441199429,0,,[nan],[nan],
2011-08-12 07:15:01,0.04516546378111913,0,,[nan],[nan],
2011-08-12 08:15:01,0.0853357375072908,0,,[nan],[nan],
2011-08-12 09:15:01,0.08165900068955062,0,,[nan],[nan],
2011-08-12 10:15:01,0.1775497240167956,0,,[nan],[nan],
2011-08-12 11:15:01,0.17910422415848154,0,,[nan],[nan],
2011-08-12 13:15:01,0.2412867634841662,0,,[nan],[nan],
2011-08-12 14:15:01,0.19003855094935695,0,,[nan],[nan],
2011-08-12 15:15:01,0.11449712821416293,0,,[nan],[nan],
2011-08-12 16:15:01,0.09205895225634476,0,,[nan],[nan],
2011-08-12 17:15:01,0.05177251407716571,0,,[nan],[nan],
2011-08-12 18:15:01,0.05815134217065765,0,,[nan],[nan],
2011-08-12 19:15:01,0.04658627701339605,0,,[nan],[nan],
2011-08-12 21:15:01,0.0514375879317118,0,,[nan],[nan],
2011-08-12 22:15:01,0.03666440278352867,0,,[nan],[nan],
2011-08-12 23:15:01,0.017627653431325992,0,,[nan],[nan],
2011-08-13 00:15:01,0.031001362298063887,0,,[nan],[nan],
2011-08-13 01:15:01,0.07854133014968137,0,,[nan],[nan],
2011-08-13 02:15:01,0.07187522905111005,0,,[nan],[nan],
2011-08-13 03:15:01,0.05524920354492033,0,,[nan],[nan],
2011-08-13 04:15:01,0.031089625546001882,0,,[nan],[nan],
2011-08-13 05:15:01,0.025413878032913787,0,,[nan],[nan],
2011-08-13 06:15:01,0.035305735633385835,0,,[nan],[nan],
2011-08-13 07:15:01,0.052431093541297866,0,,[nan],[nan],
2011-08-13 08:15:01,0.06756760292771269,0,,[nan],[nan],
2011-08-13 09:15:01,0.08898638273423455,0,,[nan],[nan],
2011-08-13 10:15:01,0.15470709289488987,0,,[nan],[nan],
2011-08-13 11:15:01,0.15916188388555255,0,,[nan],[nan],
2011-08-13 12:15:01,0.39120034742505855,0,,[nan],[nan],
2011-08-13 13:15:01,0.28193157560978194,0,,[nan],[nan],
2011-08-13 15:15:01,0.16279972011670255,0,,[nan],[nan],
2011-08-13 17:15:01,0.09330232808329683,0,,[nan],[nan],
2011-08-13 18:15:01,0.0994166912262398,0,,[nan],[nan],
2011-08-13 19:15:01,0.05706732921058533,0,,[nan],[nan],
2011-08-13 20:15:01,0.044532033413154926,0,,[nan],[nan],
2011-08-13 21:15:01,0.033992902129088294,0,,[nan],[nan],
2011-08-13 22:15:01,0.029171213353901507,0,,[nan],[nan],
2011-08-13 23:15:01,0.06289540251807743,0,,[nan],[nan],
2011-08-14 00:15:01,0.055993873913935135,0,,[nan],[nan],
2011-08-14 01:15:01,0.08109265469468104,0,,[nan],[nan],
2011-08-14 02:15:01,0.06873491795476476,0,,[nan],[nan],
2011-08-14 03:15:01,0.07326875843487947,0,,[nan],[nan],
2011-08-14 04:15:01,0.050460518210333004,0,,[nan],[nan],
2011-08-14 05:15:01,0.049038536597615034,0,,[nan],[nan],
2011-08-14 06:15:01,0.05166297257425416,0,,[nan],[nan],
2011-08-14 07:15:01,0.06996006671173198,0,,[nan],[nan],
2011-08-14 08:15:01,0.07376114449717262,0,,[nan],[nan],
2011-08-14 09:15:01,0.09484749568610876,0,,[nan],[nan],
2011-08-14 10:15:01,0.1233384560803244,0,,[nan],[nan],
2011-08-14 11:15:01,0.15806062426825626,0,,[nan],[nan],
2011-08-14 12:15:01,0.1930314384850892,0,,[nan],[nan],
2011-08-14 13:15:01,0.1600354130441808,0,,[nan],[nan],
2011-08-14 14:15:01,0.16483467086653467,0,,[nan],[nan],
2011-08-14 15:15:01,0.11395038067287434,0,,[nan],[nan],
2011-08-14 16:15:01,0.08990313787386532,0,,[nan],[nan],
2011-08-14 17:15:01,0.09444897042223327,0,,[nan],[nan],
2011-08-14 18:15:01,0.08398243359803162,0,,[nan],[nan],
2011-08-14 19:15:01,0.08277991887412582,0,,[nan],[nan],
2011-08-14 20:15:01,0.06662563901110154,0,,[nan],[nan],
2011-08-14 21:15:01,0.0774419852688456,0,,[nan],[nan],
2011-08-14 22:15:01,0.07041729723418473,0,,[nan],[nan],
2011-08-14 23:15:01,0.045669780486949016,0,,[nan],[nan],
2011-08-15 01:15:01,0.06093065304319735,0,,[nan],[nan],
2011-08-15 02:15:01,0.06692842413528799,0,,[nan],[nan],
2011-08-15 03:15:01,0.08005308931738807,0,,[nan],[nan],
2011-08-15 04:15:01,0.050226750981884116,0,,[nan],[nan],
2011-08-15 05:15:01,0.049958876738678284,0,,[nan],[nan],
2011-08-15 06:15:01,0.0544345030021364,0,,[nan],[nan],
2011-08-15 07:15:01,0.06253424249755937,0,,[nan],[nan],
2011-08-15 08:15:01,0.07603533906624474,0,,[nan],[nan],
2011-08-15 09:15:01,0.10204649877598523,0,,[nan],[nan],
2011-08-15 10:15:01,0.12476781021286318,0,,[nan],[nan],
2011-08-15 11:15:01,0.14098403789825484,0,,[nan],[nan],
2011-08-15 12:15:01,0.13943986879126144,0,,[nan],[nan],
2011-08-15 14:15:01,0.11826178495981572,0,,[nan],[nan],
2011-08-15 15:15:01,0.09775577630097712,0,,[nan],[nan],
2011-08-15 16:15:01,0.08813294352987773,0,,[nan],[nan],
2011-08-15 17:15:01,0.07640725862718131,0,,[nan],[nan],
2011-08-15 18:15:01,0.0755194516316159,0,,[nan],[nan],
2011-08-15 19:15:01,0.07492538385774226,0,,[nan],[nan],
2011-08-15 20:15:01,0.06627279221708669,0,,[nan],[nan],
2011-08-15 21:15:01,0.0582878907307976,0,,[nan],[nan],
2011-08-15 22:15:01,0.0554312842430494,0,,[nan],[nan],
2011-08-15 23:15:01,0.0560997551062998,0,,[nan],[nan],
2011-08-16 00:15:01,0.04693064336081928,0,,[nan],[nan],
2011-08-16 01:15:01,0.0707513821434881,0,,[nan],[nan],
2011-08-16 02:15:01,0.0686217046504305,0,,[nan],[nan],
2011-08-16 03:15:01,0.06696372245795798,0,,[nan],[nan],
2011-08-16 04:15:01,0.05941331186368391,0,,[nan],[nan],
2011-08-16 05:15:01,0.05317138700273298,0,,[nan],[nan],
2011-08-16 06:15:01,0.0606091350179171,0,,[nan],[nan],
2011-08-16 07:15:01,0.0705536174050786,0,,[nan],[nan],
2011-08-16 08:15:01,0.09763609021624413,0,,[nan],[nan],
2011-08-16 09:15:01,0.11046773862913124,0,,[nan],[nan],
2011-08-16 10:15:01,0.15456541847789496,1,,[nan],[nan],
2011-08-16 11:15:01,0.15546565568334078,1,,[nan],[nan],
2011-08-16 12:15:01,0.1547463292125862,1,,[nan],[nan],
2011-08-16 13:15:01,0.1411347976058714,1,,[nan],[nan],
2011-08-16 14:15:01,0.12479138838516972,1,,[nan],[nan],
2011-08-16 15:15:01,0.1293945026161792,1,,[nan],[nan],
2011-08-16 16:15:01,0.10799905617417303,1,,[nan],[nan],
2011-08-16 17:15:01,0.07607442311530051,1,,[nan],[nan],
2011-08-16 18:15:01,0.10751407264489404,1,,[nan],[nan],
2011-08-16 19:15:01,0.07825045535954069,1,,[nan],[nan],
2011-08-16 20:15:01,0.08519594505341171,1,,[nan],[nan],
2011-08-16 21:15:01,0.07612348467753173,1,,[nan],[nan],
2011-08-16 22:15:01,0.06879706613429712,1,,[nan],[nan],
2011-08-16 23:15:01,0.07548277085692835,1,,[nan],[nan],
2011-08-17 00:15:01,0.055456751188545005,1,,[nan],[nan],
2011-08-17 01:15:01,0.08023698960894741,1,,[nan],[nan],
2011-08-17 02:15:01,0.06649365011034851,1,,[nan],[nan],
2011-08-17 03:15:01,0.057676907898402324,1,,[nan],[nan],
2011-08-17 04:15:01,0.04444598885772162,1,,[nan],[nan],
2011-08-17 05:15:01,0.045374744703224085,1,,[nan],[nan],
2011-08-17 06:15:01,0.057182868614767714,1,,[nan],[nan],
2011-08-17 07:15:01,0.07197114393123268,1,,[nan],[nan],
2011-08-17 08:15:01,0.09462028192337392,1,,[nan],[nan],
2011-08-17 09:15:01,0.11821376357441245,1,,[nan],[nan],
2011-08-17 10:15:01,0.15160977040652893,1,,[nan],[nan],
2011-08-17 11:15:01,0.17842222628475807,1,,[nan],[nan],
2011-08-17 12:15:01,0.14620105927897234,1,,[nan],[nan],
2011-08-17 13:15:01,0.12994592944292405,1,,[nan],[nan],
2011-08-17 14:15:01,0.13825177088464635,1,,[nan],[nan],
2011-08-17 15:15:01,0.11713388173381062,1,,[nan],[nan],
2011-08-17 16:15:01,0.09673499514014318,1,,[nan],[nan],
2011-08-17 18:15:01,0.08537314485160093,1,,[nan],[nan],
2011-08-17 19:15:01,0.0759937034168948,1,,[nan],[nan],
2011-08-17 20:15:01,0.08016611939491948,1,,[nan],[nan],
2011-08-17 21:15:01,0.06683721949067092,1,,[nan],[nan],
2011-08-17 22:15:01,0.058166188083603874,1,,[nan],[nan],
2011-08-17 23:15:01,0.044002619249882455,1,,[nan],[nan],
2011-08-18 00:15:01,0.043332603415804326,1,,[nan],[nan],
2011-08-18 01:15:01,0.08460471404621689,1,,[nan],[nan],
2011-08-18 02:15:01,0.07953266903522277,1,,[nan],[nan],
2011-08-18 03:15:01,0.04829096767038223,1,,[nan],[nan],
2011-08-18 04:15:01,0.041217465925386665,1,,[nan],[nan],
2011-08-18 05:15:01,0.0429052023265724,1,,[nan],[nan],
2011-08-18 06:15:01,0.047685974463826,1,,[nan],[nan],
2011-08-18 07:15:01,0.07009350215298063,1,,[nan],[nan],
2011-08-18 08:15:01,0.07675617078919271,1,,[nan],[nan],
2011-08-18 09:15:01,0.11890653414162518,1,,[nan],[nan],
2011-08-18 10:15:01,0.12691421646475212,1,,[nan],[nan],
2011-08-18 11:15:01,0.12231652882463018,1,,[nan],[nan],
2011-08-18 12:15:01,0.12319420013850528,1,,[nan],[nan],
2011-08-18 13:15:01,0.12780111070555228,1,,[nan],[nan],
2011-08-18 14:15:01,0.1204430420684234,1,,[nan],[nan],
2011-08-18 15:15:01,0.07563708300028629,1,,[nan],[nan],
2011-08-18 16:15:01,0.08858509613178497,1,,[nan],[nan],
2011-08-18 18:15:01,0.08689133203846927,1,,[nan],[nan],
2011-08-18 20:15:01,0.08733729357911897,1,,[nan],[nan],
2011-08-18 21:15:01,0.09115881667523358,1,,[nan],[nan],
2011-08-18 22:15:01,0.11041033821053008,1,,[nan],[nan],
2011-08-18 23:15:01,0.11743345785605602,1,,[nan],[nan],
2011-08-19 00:15:01,0.0943329086480547,1,,[nan],[nan],
2011-08-19 01:15:01,0.08740620945202011,1,,[nan],[nan],
2011-08-19 02:15:01,0.0701183508334539,1,,[nan],[nan],
2011-08-19 03:15:01,0.06677879555485795,1,,[nan],[nan],
2011-08-19 04:15:01,0.05447546151173402,1,,[nan],[nan],
2011-08-19 05:15:01,0.056971694743027976,1,,[nan],[nan],
2011-08-19 06:15:01,0.06943492400102624,1,,[nan],[nan],
2011-08-19 07:15:01,0.076259772599527,1,,[nan],[nan],
2011-08-19 08:15:01,0.08841521262757415,1,,[nan],[nan],
2011-08-19 09:15:01,0.11978002364768192,1,,[nan],[nan],
2011-08-19 10:15:01,0.14365023726097428,1,,[nan],[nan],
2011-08-19 11:15:01,0.1376450796296419,1,,[nan],[nan],
2011-08-19 12:15:01,0.14459555769029128,1,,[nan],[nan],
2011-08-19 13:15:01,0.11239023225932954,1,,[nan],[nan],
2011-08-19 14:15:01,0.12119220955908508,1,,[nan],[nan],
2011-08-19 15:15:01,0.11978315112828465,1,,[nan],[nan],
2011-08-19 16:15:01,0.11852150442879425,1,,[nan],[nan],
2011-08-19 18:15:01,1.0,1,,[nan],[nan],
2011-08-19 19:15:01,0.10482665620621023,1,,[nan],[nan],
2011-08-19 20:15:01,0.07391478637884602,1,,[nan],[nan],
2011-08-19 21:15:01,0.07590914753767973,1,,[nan],[nan],
2011-08-19 22:15:01,0.06452619689653454,1,,[nan],[nan],
2011-08-19 23:15:01,0.06828076671486515,1,,[nan],[nan],
2011-08-20 00:15:01,0.06607308128162923,1,,[nan],[nan],
2011-08-20 01:15:01,0.0914534040188703,1,,[nan],[nan],
2011-08-20 02:15:01,0.06999075091239344,1,,[nan],[nan],
2011-08-20 03:15:01,0.06711483051526064,1,,[nan],[nan],
2011-08-20 04:15:01,0.06254619974587239,1,,[nan],[nan],
2011-08-20 05:15:01,0.060107770672298486,1,,[nan],[nan],
2011-08-20 06:15:01,0.06633899599545816,1,,[nan],[nan],
2011-08-20 07:15:01,0.07169537943574321,1,,[nan],[nan],
2011-08-20 08:15:01,0.07927491243488463,1,,[nan],[nan],
2011-08-20 09:15:01,0.115036949554368,1,,[nan],[nan],
2011-08-20 10:15:01,0.1555966984990857,1,,[nan],[nan],
2011-08-20 11:15:01,0.20442324355315136,1,,[nan],[nan],
2011-08-20 12:15:01,0.2240604251563784,1,,[nan],[nan],
2011-08-20 13:15:01,0.15358954653395046,1,,[nan],[nan],
2011-08-20 14:15:01,0.15079571241323167,1,,[nan],[nan],
2011-08-20 15:15:01,0.11538359584593565,1,,[nan],[nan],
2011-08-20 16:15:01,0.1058592334585618,1,,[nan],[nan],
2011-08-20 17:15:01,0.0934686951005696,1,,[nan],[nan],
2011-08-20 18:15:01,0.08208462613838212,1,,[nan],[nan],
2011-08-20 19:15:01,0.07204689697975956,1,,[nan],[nan],
2011-08-20 20:15:01,0.07584287994609197,1,,[nan],[nan],
2011-08-20 21:15:01,0.07221963865268798,1,,[nan],[nan],
2011-08-20 22:15:01,0.06872247843910424,1,,[nan],[nan],
2011-08-20 23:15:01,0.07428410861493165,1,,[nan],[nan],
2011-08-21 00:15:01,0.07205378900549826,1,,[nan],[nan],
2011-08-21 01:15:01,0.08133986046446386,1,,[nan],[nan],
2011-08-21 02:15:01,0.08117174908039324,1,,[nan],[nan],
2011-08-21 03:15:01,0.08393178335938865,1,,[nan],[nan],
2011-08-21 04:15:01,0.06624847415615714,1,,[nan],[nan],
2011-08-21 05:15:01,0.06272494025538218,1,,[nan],[nan],
2011-08-21 06:15:01,0.06354582417623929,1,,[nan],[nan],
2011-08-21 07:15:01,0.07496248800051528,1,,[nan],[nan],
2011-08-21 08:15:01,0.0718421278699749,1,,[nan],[nan],
2011-08-21 09:15:01,0.08099951583549972,1,,[nan],[nan],
2011-08-21 10:15:01,0.14557678029072996,1,,[nan],[nan],
2011-08-21 11:15:01,0.18875819855178474,1,,[nan],[nan],
2011-08-21 12:15:01,0.16633752561669274,1,,[nan],[nan],
2011-08-21 13:15:01,0.1876075848278908,1,,[nan],[nan],
2011-08-21 15:15:01,0.11909821660339535,1,,[nan],[nan],
2011-08-21 16:15:01,0.1156025984094466,1,,[nan],[nan],
2011-08-21 17:15:01,0.08401435662084747,1,,[nan],[nan],
2011-08-21 18:15:01,0.0820223034793837,1,,[nan],[nan],
2011-08-21 19:15:01,0.07531627680025499,1,,[nan],[nan],
2011-08-21 20:15:01,0.06522801178749485,1,,[nan],[nan],
2011-08-21 21:15:01,0.07806870479900507,1,,[nan],[nan],
2011-08-21 22:15:01,0.07431184757471412,1,,[nan],[nan],
2011-08-21 23:15:01,0.07130853512920192,1,,[nan],[nan],
2011-08-22 00:15:01,0.05529300763285787,1,,[nan],[nan],
2011-08-22 01:15:01,0.0638776697474379,1,,[nan],[nan],
2011-08-22 02:15:01,0.059629402568713526,1,,[nan],[nan],
2011-08-22 03:15:01,0.058544636788509075,1,,[nan],[nan],
2011-08-22 04:15:01,0.049595205759255176,1,,[nan],[nan],
2011-08-22 05:15:01,0.04872362250290333,1,,[nan],[nan],
2011-08-22 06:15:01,0.05281331690165626,1,,[nan],[nan],
2011-08-22 07:15:01,0.05065928593625401,1,,[nan],[nan],
2011-08-22 08:15:01,0.07988708972341513,1,,[nan],[nan],
2011-08-22 09:15:01,0.09384108276880776,1,,[nan],[nan],
2011-08-22 10:15:01,0.12525255489545928,1,,[nan],[nan],
2011-08-22 11:15:01,0.10217789786721734,1,,[nan],[nan],
2011-08-22 12:15:01,0.11009070863546502,1,,[nan],[nan],
2011-08-22 13:15:01,0.12589022617081724,1,,[nan],[nan],
2011-08-22 15:15:01,0.09846805072791212,1,,[nan],[nan],
2011-08-22 16:15:01,0.09083146907735147,1,,[nan],[nan],
2011-08-22 17:15:01,0.10573591880396024,1,,[nan],[nan],
2011-08-22 18:15:01,0.08356715984958199,1,,[nan],[nan],
2011-08-22 19:15:01,0.08359477394018583,1,,[nan],[nan],
2011-08-22 20:15:01,0.07784918482078962,1,,[nan],[nan],
2011-08-22 21:15:01,0.06200199795310207,1,,[nan],[nan],
2011-08-22 22:15:01,0.09137981563504352,1,,[nan],[nan],
2011-08-22 23:15:01,0.08852512905674588,1,,[nan],[nan],
2011-08-23 00:15:01,0.07540234253133629,1,,[nan],[nan],
2011-08-23 01:15:01,0.07389603362683783,0,,[nan],[nan],
2011-08-23 02:15:01,0.06734854390849168,0,,[nan],[nan],
2011-08-23 03:15:01,0.05845148807650101,0,,[nan],[nan],
2011-08-23 04:15:01,0.05365725027274748,0,,[nan],[nan],
2011-08-23 05:15:01,0.05755883196880671,0,,[nan],[nan],
2011-08-23 06:15:01,0.06823736296361765,0,,[nan],[nan],
2011-08-23 07:15:01,0.08805119265966445,0,,[nan],[nan],
2011-08-23 08:15:01,0.11272826698272445,0,,[nan],[nan],
2011-08-23 09:15:01,0.18798697789147797,0,,[nan],[nan],
2011-08-23 10:15:01,0.1574042119237731,0,,[nan],[nan],
2011-08-23 11:15:01,0.1360827914839337,0,,[nan],[nan],
2011-08-23 12:15:01,0.16774629208378425,0,,[nan],[nan],
2011-08-23 13:15:01,0.18362808818551668,0,,[nan],[nan],
2011-08-23 14:15:01,0.1619635359162798,0,,[nan],[nan],
2011-08-23 16:15:01,0.14251903060973506,0,,[nan],[nan],
2011-08-23 17:15:01,0.11705569845670158,0,,[nan],[nan],
2011-08-23 18:15:01,0.08813572449143015,0,,[nan],[nan],
2011-08-23 19:15:01,0.117321428014384,0,,[nan],[nan],
2011-08-23 20:15:01,0.09996510663202436,0,,[nan],[nan],
2011-08-23 21:15:01,0.09643095464409772,0,,[nan],[nan],
2011-08-23 22:15:01,0.07322022352475202,0,,[nan],[nan],
2011-08-23 23:15:01,0.10078122860582688,0,,[nan],[nan],
2011-08-24 00:15:01,0.09113942453142612,0,,[nan],[nan],
2011-08-24 01:15:01,0.07585810714355594,0,,[nan],[nan],
2011-08-24 02:15:01,0.07407650723904667,0,,[nan],[nan],
2011-08-24 03:15:01,0.061910783526743424,0,,[nan],[nan],
2011-08-24 04:15:01,0.060638486760090086,0,,[nan],[nan],
2011-08-24 05:15:01,0.06282223761688364,0,,[nan],[nan],
2011-08-24 06:15:01,0.06536615941406836,0,,[nan],[nan],
2011-08-24 07:15:01,0.09508723885380103,0,,[nan],[nan],
2011-08-24 08:15:01,0.10826220999525546,0,,[nan],[nan],
2011-08-24 09:15:01,0.17936132464056873,0,,[nan],[nan],
2011-08-24 10:15:01,0.20173582821706004,0,,[nan],[nan],
2011-08-24 11:15:01,0.3152008440662862,0,,[nan],[nan],
2011-08-24 12:15:01,0.2368852932905413,0,,[nan],[nan],
2011-08-24 13:15:01,0.2403984177599413,0,,[nan],[nan],
2011-08-24 15:15:01,0.17458652543148426,0,,[nan],[nan],
2011-08-24 16:15:01,0.16140167202110364,0,,[nan],[nan],
2011-08-24 17:15:01,0.19646898562304396,0,,[nan],[nan],
2011-08-24 18:15:01,0.1373086682289426,0,,[nan],[nan],
2011-08-24 19:15:01,0.11868128413358392,0,,[nan],[nan],
2011-08-24 20:15:01,0.07544044320253046,0,,[nan],[nan],
2011-08-24 21:15:01,0.08633000486901261,0,,[nan],[nan],
2011-08-24 22:15:01,0.08022285348817625,0,,[nan],[nan],
2011-08-24 23:15:01,0.08746601132420516,0,,[nan],[nan],
2011-08-25 00:15:01,0.07185362490414228,0,,[nan],[nan],
2011-08-25 01:15:01,0.0973107166379058,0,,[nan],[nan],
2011-08-25 02:15:01,0.07920925213590138,0,,[nan],[nan],
2011-08-25 03:15:01,0.0761920888704463,0,,[nan],[nan],
2011-08-25 04:15:01,0.08194599495662225,0,,[nan],[nan],
2011-08-25 05:15:01,0.08051913862798618,0,,[nan],[nan],
2011-08-25 06:15:01,0.07659686197426327,0,,[nan],[nan],
2011-08-25 07:15:01,0.09908923764059244,0,,[nan],[nan],
2011-08-25 08:15:01,0.12222077049622157,0,,[nan],[nan],
2011-08-25 09:15:01,0.19133167875074,0,,[nan],[nan],
2011-08-25 10:15:01,0.16376381585906344,0,,[nan],[nan],
2011-08-25 11:15:01,0.1384522124187863,0,,[nan],[nan],
2011-08-25 12:15:01,0.1454325336749734,0,,[nan],[nan],
2011-08-25 13:15:01,0.1668212822773262,0,,[nan],[nan],
2011-08-25 15:15:01,0.09644923875701784,0,,[nan],[nan],
2011-08-25 16:15:01,0.14799344527381728,0,,[nan],[nan],
2011-08-25 17:15:01,0.17321063238465134,0,,[nan],[nan],
2011-08-25 18:15:01,0.13210871090025492,0,,[nan],[nan],
2011-08-25 19:15:01,0.13794510461095288,0,,[nan],[nan],
2011-08-25 20:15:01,0.12131535411851305,0,,[nan],[nan],
2011-08-25 21:15:01,0.13000382738397764,0,,[nan],[nan],
2011-08-25 22:15:01,0.11267584487215986,0,,[nan],[nan],
2011-08-25 23:15:01,0.09033669633038008,0,,[nan],[nan],
2011-08-26 00:15:01,0.09231537457045608,0,,[nan],[nan],
2011-08-26 01:15:01,0.07987732245577392,0,,[nan],[nan],
2011-08-26 02:15:01,0.08151391980901053,0,,[nan],[nan],
2011-08-26 03:15:01,0.06861733006683303,0,,[nan],[nan],
2011-08-26 04:15:01,0.07440142059377416,0,,[nan],[nan],
2011-08-26 05:15:01,0.07853795942149093,0,,[nan],[nan],
2011-08-26 06:15:01,0.08358433204008918,0,,[nan],[nan],
2011-08-26 07:15:01,0.10715022989593301,0,,[nan],[nan],
2011-08-26 08:15:01,0.11680469350129387,0,,[nan],[nan],
2011-08-26 10:15:01,0.16874134719181985,0,,[nan],[nan],
2011-08-26 11:15:01,0.102509515577093,0,,[nan],[nan],
2011-08-26 12:15:01,0.1913610453068265,0,,[nan],[nan],
2011-08-26 13:15:01,0.16756720793030938,0,,[nan],[nan],
2011-08-26 14:15:01,0.1508992876238114,0,,[nan],[nan],
2011-08-26 15:15:01,0.1416178664674571,0,,[nan],[nan],
2011-08-26 16:15:01,0.1451695181492773,0,,[nan],[nan],
2011-08-26 17:15:01,0.09061133421471483,0,,[nan],[nan],
2011-08-26 18:15:01,0.1100112447582228,0,,[nan],[nan],
2011-08-26 19:15:01,0.11587232655548485,0,,[nan],[nan],
2011-08-26 20:15:01,0.12174873091518895,0,,[nan],[nan],
2011-08-26 21:15:01,0.09686363573446873,0,,[nan],[nan],
2011-08-26 22:15:01,0.09772091243548282,0,,[nan],[nan],
2011-08-26 23:15:01,0.09103490559787417,0,,[nan],[nan],
2011-08-27 00:15:01,0.07381983879453567,0,,[nan],[nan],
2011-08-27 01:15:01,0.10505803072068533,0,,[nan],[nan],
2011-08-27 02:15:01,0.09449725304730064,0,,[nan],[nan],
2011-08-27 03:15:01,0.08461458739685425,0,,[nan],[nan],
2011-08-27 04:15:01,0.09390353996553104,0,,[nan],[nan],
2011-08-27 05:15:01,0.070969201734013,0,,[nan],[nan],
2011-08-27 06:15:01,0.0963976028113156,0,,[nan],[nan],
2011-08-27 07:15:01,0.09673620176941712,0,,[nan],[nan],
2011-08-27 08:15:01,0.14311220100757474,0,,[nan],[nan],
2011-08-27 09:15:01,0.2168338319541941,0,,[nan],[nan],
2011-08-27 10:15:01,0.17508503341777276,0,,[nan],[nan],
2011-08-27 11:15:01,0.2434449079124922,0,,[nan],[nan],
2011-08-27 12:15:01,0.23139981859810185,0,,[nan],[nan],
2011-08-27 13:15:01,0.14336687163311787,0,,[nan],[nan],
2011-08-27 14:15:01,0.1888454537670973,0,,[nan],[nan],
2011-08-27 15:15:01,0.1647553457579359,0,,[nan],[nan],
2011-08-27 16:15:01,0.11933178088837745,0,,[nan],[nan],
2011-08-27 17:15:01,0.07709436898158213,0,,[nan],[nan],
2011-08-27 18:15:01,0.09129103010171613,0,,[nan],[nan],
2011-08-27 19:15:01,0.09665909645707453,0,,[nan],[nan],
2011-08-27 20:15:01,0.08820682531746722,0,,[nan],[nan],
2011-08-27 21:15:01,0.08506301771239491,0,,[nan],[nan],
2011-08-27 22:15:01,0.09152339239109432,0,,[nan],[nan],
2011-08-27 23:15:01,0.0761958918477299,0,,[nan],[nan],
2011-08-28 00:15:01,0.06750203705878331,0,,[nan],[nan],
2011-08-28 01:15:01,0.0438421091417013,0,,[nan],[nan],
2011-08-28 17:15:01,0.10211421746659702,0,,[nan],[nan],
2011-08-28 18:15:01,0.10273090423400047,0,,[nan],[nan],
2011-08-28 19:15:01,0.09361899929860257,0,,[nan],[nan],
2011-08-28 20:15:01,0.10992666708754598,0,,[nan],[nan],
2011-08-28 21:15:01,0.08846305194691008,0,,[nan],[nan],
2011-08-28 22:15:01,0.07052840919079123,0,,[nan],[nan],
2011-08-28 23:15:01,0.0784895094048037,0,,[nan],[nan],
2011-08-29 00:15:01,0.06284184766217328,0,,[nan],[nan],
2011-08-29 01:15:01,0.08825455505576082,0,,[nan],[nan],
2011-08-29 02:15:01,0.07774225352304913,0,,[nan],[nan],
2011-08-29 03:15:01,0.0987572066829932,0,,[nan],[nan],
2011-08-29 04:15:01,0.06829973822408163,0,,[nan],[nan],
2011-08-29 05:15:01,0.07601104143109211,0,,[nan],[nan],
2011-08-29 06:15:01,0.09178751417151483,0,,[nan],[nan],
2011-08-29 07:15:01,0.10289458773915514,0,,[nan],[nan],
2011-08-29 08:15:01,0.13825580435263074,0,,[nan],[nan],
2011-08-29 09:15:01,0.1640116478382136,0,,[nan],[nan],
2011-08-29 10:15:01,0.20272949089063685,0,,[nan],[nan],
2011-08-29 11:15:01,0.1688550739586788,0,,[nan],[nan],
2011-08-29 12:15:01,0.2294963744946173,0,,[nan],[nan],
2011-08-29 13:15:01,0.1804470627632448,0,,[nan],[nan],
2011-08-29 14:15:01,0.16667585556888434,0,,[nan],[nan],
2011-08-29 15:15:01,0.09997001118187762,0,,[nan],[nan],
2011-08-29 16:15:01,0.1425157954994547,0,,[nan],[nan],
2011-08-29 17:15:01,0.1535305589697795,0,,[nan],[nan],
2011-08-29 18:15:01,0.10777862428919187,0,,[nan],[nan],
2011-08-29 19:15:01,0.15042212390220525,0,,[nan],[nan],
2011-08-29 20:15:01,0.10628063722602137,0,,[nan],[nan],
2011-08-29 21:15:01,0.10101559223906917,0,,[nan],[nan],
2011-08-29 22:15:01,0.08815919452197553,0,,[nan],[nan],
2011-08-29 23:15:01,0.07106736227920503,0,,[nan],[nan],
2011-08-30 00:15:01,0.07285972556215138,0,,[nan],[nan],
2011-08-30 01:15:01,0.08703432028075778,0,,[nan],[nan],
2011-08-30 02:15:01,0.07224619553113945,0,,[nan],[nan],
2011-08-30 03:15:01,0.0899522759640895,0,,[nan],[nan],
2011-08-30 04:15:01,0.06451946455894897,0,,[nan],[nan],
2011-08-30 05:15:01,0.0777319940264811,0,,[nan],[nan],
2011-08-30 06:15:01,0.08770211291479864,0,,[nan],[nan],
2011-08-30 07:15:01,0.10898601457006132,0,,[nan],[nan],
2011-08-30 08:15:01,0.14763440792386762,0,,[nan],[nan],
2011-08-30 09:15:01,0.15963239616775754,0,,[nan],[nan],
2011-08-30 10:15:01,0.20974058459718767,0,,[nan],[nan],
2011-08-30 11:15:01,0.12504251942902098,0,,[nan],[nan],
2011-08-30 12:15:01,0.2768255902935809,0,,[nan],[nan],
2011-08-30 13:15:01,0.17423147039332276,0,,[nan],[nan],
2011-08-30 15:15:01,0.17909003631399187,0,,[nan],[nan],
2011-08-30 16:15:01,0.1397819387514634,0,,[nan],[nan],
2011-08-30 17:15:01,0.116725723790242,0,,[nan],[nan],
2011-08-30 18:15:01,0.17061331242660582,0,,[nan],[nan],
2011-08-30 19:15:01,0.1189515246335662,0,,[nan],[nan],
2011-08-30 21:15:01,0.106071049349547,0,,[nan],[nan],
2011-08-30 22:15:01,0.09656168926109676,0,,[nan],[nan],
2011-08-30 23:15:01,0.10328971582363104,0,,[nan],[nan],
2011-08-31 00:15:01,0.12372234744503108,0,,[nan],[nan],
2011-08-31 01:15:01,0.12317554590220856,0,,[nan],[nan],
2011-08-31 02:15:01,0.09545059965027533,0,,[nan],[nan],
2011-08-31 03:15:01,0.08710700009650278,0,,[nan],[nan],
2011-08-31 04:15:01,0.08608443260641843,0,,[nan],[nan],
2011-08-31 05:15:01,0.0779578948254435,0,,[nan],[nan],
2011-08-31 06:15:01,0.0912154162184028,0,,[nan],[nan],
2011-08-31 07:15:01,0.1201439630044522,0,,[nan],[nan],
2011-08-31 08:15:01,0.15854534007424873,0,,[nan],[nan],
2011-08-31 09:15:01,0.2285557211917189,0,,[nan],[nan],
2011-08-31 10:15:01,0.19494690399529094,0,,[nan],[nan],
2011-08-31 11:15:01,0.1998233788883988,0,,[nan],[nan],
2011-08-31 12:15:01,0.19051183702433155,0,,[nan],[nan],
2011-08-31 13:15:01,0.20101814225827894,0,,[nan],[nan],
2011-08-31 14:15:01,0.18167891235877,0,,[nan],[nan],
2011-08-31 15:15:01,0.18787358654221648,0,,[nan],[nan],
2011-08-31 16:15:01,0.15665356029243488,0,,[nan],[nan],
2011-08-31 17:15:01,0.10769598243461996,0,,[nan],[nan],
2011-08-31 19:15:01,0.13262610241320635,0,,[nan],[nan],
2011-08-31 20:15:01,0.09834639717930864,0,,[nan],[nan],
2011-08-31 21:15:01,0.0910045361037268,0,,[nan],[nan],
2011-08-31 22:15:01,0.08803783723251712,0,,[nan],[nan],
2011-08-31 23:15:01,0.13502767996923298,0,,[nan],[nan],
2011-09-01 00:15:01,0.06797029644512971,0,,[nan],[nan],
2011-09-01 01:15:01,0.093648845676746,0,,[nan],[nan],
2011-09-01 02:15:01,0.07284502633901369,0,,[nan],[nan],
2011-09-01 03:15:01,0.06771405267064412,0,,[nan],[nan],
2011-09-01 04:15:01,0.0706915927057956,0,,[nan],[nan],
2011-09-01 05:15:01,0.07909934539072916,0,,[nan],[nan],
2011-09-01 06:15:01,0.08740802520163682,0,,[nan],[nan],
2011-09-01 07:15:01,0.1159322687122814,0,,[nan],[nan],
2011-09-01 08:15:01,0.1427691073149739,0,,[nan],[nan],
2011-09-01 09:15:01,0.1809111974693149,0,,[nan],[nan],
2011-09-01 10:15:01,0.2647203341722654,0,,[nan],[nan],
2011-09-01 13:15:01,0.20631613678145924,0,,[nan],[nan],
2011-09-01 18:15:01,0.1669135796511726,0,,[nan],[nan],
2011-09-01 19:15:01,0.13268702434338386,0,,[nan],[nan],
2011-09-01 20:15:01,0.10996475505709878,0,,[nan],[nan],
2011-09-01 21:15:01,0.10792345299400394,0,,[nan],[nan],
2011-09-01 22:15:01,0.09521369733743074,0,,[nan],[nan],
2011-09-01 23:15:01,0.06716096551964468,0,,[nan],[nan],
2011-09-02 00:15:01,0.060663931309320684,0,,[nan],[nan],
2011-09-02 01:15:01,0.07525366726805563,0,,[nan],[nan],
2011-09-02 02:15:01,0.07277782865348592,0,,[nan],[nan],
2011-09-02 03:15:01,0.07814908141150277,0,,[nan],[nan],
2011-09-02 04:15:01,0.0556438283140835,0,,[nan],[nan],
2011-09-02 05:15:01,0.06110311446292253,0,,[nan],[nan],
2011-09-02 06:15:01,0.10053902206301074,0,,[nan],[nan],
2011-09-02 07:15:01,0.08703284407708586,0,,[nan],[nan],
2011-09-02 08:15:01,0.13630236318702654,0,,[nan],[nan],
2011-09-02 09:15:01,0.20538704565203028,0,,[nan],[nan],
2011-09-02 10:15:01,0.26679540622672937,0,,[nan],[nan],
2011-09-02 11:15:01,0.1909379896348392,0,,[nan],[nan],
2011-09-02 12:15:01,0.21799134077922527,0,,[nan],[nan],
2011-09-02 13:15:01,0.15246592144425478,0,,[nan],[nan],
2011-09-02 14:15:01,0.17006300626014556,0,,[nan],[nan],
2011-09-02 15:15:01,0.1321190509558075,0,,[nan],[nan],
2011-09-02 16:15:01,0.1794706278577519,0,,[nan],[nan],
2011-09-02 17:15:01,0.1178095952381318,0,,[nan],[nan],
2011-09-02 18:15:01,0.0726351565676168,0,,[nan],[nan],
2011-09-02 19:15:01,0.3064204611779236,0,,[nan],[nan],
2011-09-02 20:15:01,0.1587472543864518,0,,[nan],[nan],
2011-09-02 21:15:01,0.1530124401128023,0,,[nan],[nan],
2011-09-02 22:15:01,0.07230995886958565,0,,[nan],[nan],
2011-09-02 23:15:01,0.15525117720418993,0,,[nan],[nan],
2011-09-03 00:15:01,0.25335320026207064,0,,[nan],[nan],
2011-09-03 01:15:01,0.15560774773718095,0,,[nan],[nan],
2011-09-03 02:15:01,0.17444954837720827,0,,[nan],[nan],
2011-09-03 03:15:01,0.09960781938610083,0,,[nan],[nan],
2011-09-03 04:15:01,0.08573844806814516,0,,[nan],[nan],
2011-09-03 05:15:01,0.09739362612207866,0,,[nan],[nan],
2011-09-03 06:15:01,0.10397148424975096,0,,[nan],[nan],
2011-09-03 07:15:01,0.14340171538692345,0,,[nan],[nan],
2011-09-03 08:15:01,0.2095343334900983,0,,[nan],[nan],
2011-09-03 09:15:01,0.2750571540794806,0,,[nan],[nan],
2011-09-03 10:15:01,0.3311348483665619,0,,[nan],[nan],
2011-09-03 11:15:01,0.31191634914941496,0,,[nan],[nan],
2011-09-03 12:15:01,0.3773694806839251,0,,[nan],[nan],
2011-09-03 13:15:01,0.3515013856801417,0,,[nan],[nan],
2011-09-03 14:15:01,0.2807883244317668,0,,[nan],[nan],
2011-09-03 15:15:01,0.1813369465730825,0,,[nan],[nan],
2011-09-03 16:15:01,0.13682476950038755,0,,[nan],[nan],
2011-09-03 17:15:01,0.1166656153701091,0,,[nan],[nan],
2011-09-03 18:15:01,0.11379088351146595,0,,[nan],[nan],
2011-09-03 19:15:01,0.10596441196359624,0,,[nan],[nan],
2011-09-03 20:15:01,0.042621288079369206,0,,[nan],[nan],
2011-09-03 21:15:01,0.16556400127211948,0,,[nan],[nan],
2011-09-03 22:15:01,0.15775923584672827,0,,[nan],[nan],
2011-09-03 23:15:01,0.1101080015378286,0,,[nan],[nan],
2011-09-04 00:15:01,0.05598729416777083,0,,[nan],[nan],
2011-09-04 01:15:01,0.1138045007539126,0,,[nan],[nan],
2011-09-04 02:15:01,0.1308345866248012,0,,[nan],[nan],
2011-09-04 03:15:01,0.08488633273951765,0,,[nan],[nan],
2011-09-04 04:15:01,0.0724309979083171,0,,[nan],[nan],
2011-09-04 05:15:01,0.08409770823243819,0,,[nan],[nan],
2011-09-04 06:15:01,0.09067888762617196,0,,[nan],[nan],
2011-09-04 07:15:01,0.11526203100599736,0,,[nan],[nan],
2011-09-04 08:15:01,0.15772860651124665,0,,[nan],[nan],
2011-09-04 09:15:01,0.2123932953750141,0,,[nan],[nan],
2011-09-04 10:15:01,0.2528733892560816,0,,[nan],[nan],
2011-09-04 11:15:01,0.4015672843389229,0,,[nan],[nan],
2011-09-04 12:15:01,0.3061970088244651,0,,[nan],[nan],
2011-09-04 13:15:01,0.21060815966752955,0,,[nan],[nan],
2011-09-04 14:15:01,0.2305547491750526,0,,[nan],[nan],
2011-09-04 15:15:01,0.11339436948967535,0,,[nan],[nan],
2011-09-04 16:15:01,0.12149971939020696,0,,[nan],[nan],
2011-09-04 17:15:01,0.10292463737292193,0,,[nan],[nan],
2011-09-04 19:15:01,0.07985913309008652,0,,[nan],[nan],
2011-09-04 21:15:01,0.06648443868897992,0,,[nan],[nan],
2011-09-04 22:15:01,0.08316297463675955,0,,[nan],[nan],
2011-09-04 23:15:01,0.07326446620381433,0,,[nan],[nan],
2011-09-05 00:15:01,0.03696371029855915,0,,[nan],[nan],
2011-09-05 01:15:01,0.08651447216180444,0,,[nan],[nan],
2011-09-05 02:15:01,0.07732811990217044,0,,[nan],[nan],
2011-09-05 03:15:01,0.09928563661731396,0,,[nan],[nan],
2011-09-05 04:15:01,0.059318777682402735,0,,[nan],[nan],
2011-09-05 05:15:01,0.06385167392668907,0,,[nan],[nan],
2011-09-05 06:15:01,0.09854882330053398,0,,[nan],[nan],
2011-09-05 07:15:01,0.07497696659794836,0,,[nan],[nan],
2011-09-05 08:15:01,0.1147715128578446,0,,[nan],[nan],
2011-09-05 09:15:01,0.16824516813275267,0,,[nan],[nan],
2011-09-05 10:15:01,0.2565060302232613,0,,[nan],[nan],
2011-09-05 11:15:01,0.2763304700767954,0,,[nan],[nan],
2011-09-05 12:15:01,0.3703017822357171,0,,[nan],[nan],
2011-09-05 13:15:01,0.2593515965752905,0,,[nan],[nan],
2011-09-05 15:15:01,0.09895335816111914,0,,[nan],[nan],
2011-09-05 17:15:01,0.11845790763570695,0,,[nan],[nan],
2011-09-05 18:15:01,0.07125051257336945,0,,[nan],[nan],
2011-09-05 19:15:01,0.08658741202286714,0,,[nan],[nan],
2011-09-05 20:15:01,0.07306604294648478,0,,[nan],[nan],
2011-09-05 21:15:01,0.0696688808182057,0,,[nan],[nan],
2011-09-05 22:15:01,0.048247779276811655,0,,[nan],[nan],
2011-09-05 23:15:01,0.0598433060114988,0,,[nan],[nan],
2011-09-06 01:15:01,0.05670871292057856,0,,[nan],[nan],
2011-09-06 02:15:01,0.06475281686685527,0,,[nan],[nan],
2011-09-06 03:15:01,0.07200970706116333,0,,[nan],[nan],
2011-09-06 04:15:01,0.056146239520852174,0,,[nan],[nan],
2011-09-06 05:15:01,0.09410624386067183,0,,[nan],[nan],
2011-09-06 06:15:01,0.06433562681556064,0,,[nan],[nan],
2011-09-06 07:15:01,0.11911721945614055,0,,[nan],[nan],
2011-09-06 08:15:01,0.19711324054285276,0,,[nan],[nan],
2011-09-06 09:15:01,0.2224537234552703,0,,[nan],[nan],
2011-09-06 10:15:01,0.2715405620378388,0,,[nan],[nan],
2011-09-06 11:15:01,0.1929798647157131,0,,[nan],[nan],
2011-09-06 12:15:01,0.18201179054356847,0,,[nan],[nan],
2011-09-06 14:15:01,0.1702009139136842,0,,[nan],[nan],
2011-09-06 15:15:01,0.15175179476142214,0,,[nan],[nan],
2011-09-06 16:15:01,0.21996811023467672,0,,[nan],[nan],
2011-09-06 17:15:01,0.15025151200913292,0,,[nan],[nan],
2011-09-06 18:15:01,0.12222480356628372,0,,[nan],[nan],
2011-09-06 19:15:01,0.10782801358776783,0,,[nan],[nan],
2011-09-06 20:15:01,0.15453871602516958,0,,[nan],[nan],
2011-09-06 21:15:01,0.12965078043079326,0,,[nan],[nan],
2011-09-06 22:15:01,0.09871098559932193,0,,[nan],[nan],
2011-09-06 23:15:01,0.05405223945877225,0,,[nan],[nan],
2011-09-07 00:15:01,0.045437771268238066,0,,[nan],[nan],
2011-09-07 01:15:01,0.09719254900595573,0,,[nan],[nan],
2011-09-07 02:15:01,0.06914506230697577,0,,[nan],[nan],
2011-09-07 03:15:01,0.07086572758604065,0,,[nan],[nan],
2011-09-07 04:15:01,0.06506735287124499,0,,[nan],[nan],
2011-09-07 05:15:01,0.08358745938257807,0,,[nan],[nan],
2011-09-07 06:15:01,0.10780974192749794,0,,[nan],[nan],
2011-09-07 07:15:01,0.15887507988638375,0,,[nan],[nan],
2011-09-07 08:15:01,0.16175867909804434,0,,[nan],[nan],
2011-09-07 09:15:01,0.25376580000198445,0,,[nan],[nan],
2011-09-07 10:15:01,0.2760547663849933,0,,[nan],[nan],
2011-09-07 11:15:01,0.3271752811548625,0,,[nan],[nan],
2011-09-07 12:15:01,0.22664448118371586,0,,[nan],[nan],
2011-09-07 13:15:01,0.11354731986833964,0,,[nan],[nan],
2011-09-07 14:15:01,0.19814882405901416,0,,[nan],[nan],
