timestamp,value,error_prediction,anomaly_score,prediction
2015-09-08 11:39:00,73,0.0,0.5,0
2015-09-08 11:44:00,62,0.0,0.5,0
2015-09-08 11:59:00,66,0.0,0.5,0
2015-09-08 12:19:00,69,0.0,0.5,0
2015-09-08 12:24:00,65,0.0,0.5,0
2015-09-08 12:27:00,76,0.0,0.5,0
2015-09-08 12:32:00,65,0.0,0.5,0
2015-09-08 12:46:00,62,0.0,0.5,0
2015-09-08 12:51:00,61,0.0,0.5,0
2015-09-08 13:01:00,65,0.0,0.5,0
2015-09-08 13:21:00,68,0.0,0.5,0
2015-09-08 13:26:00,66,-66.0,0.5,[[ 0.]]
2015-09-08 13:31:00,67,-67.0,0.5,[[ 0.]]
2015-09-08 13:36:00,65,-65.0,0.5,[[ 0.]]
2015-09-08 13:41:00,67,-67.0,0.5,[[ 0.]]
2015-09-08 13:46:00,67,-67.0,0.5,[[ 0.]]
2015-09-08 13:56:00,69,-69.0,0.5,[[ 0.]]
2015-09-08 14:11:00,68,-68.0,0.5,[[ 0.]]
2015-09-08 14:16:00,68,-68.0,0.5,[[ 0.]]
2015-09-08 14:21:00,67,-67.0,0.5,[[ 0.]]
2015-09-08 14:46:00,66,-66.0,0.5,[[ 0.]]
2015-09-08 14:51:00,68,-68.0,0.4629685646213826,[[ 0.]]
2015-09-08 15:16:00,69,-69.0,0.4558996727262249,[[ 0.]]
2015-09-08 15:21:00,65,-65.0,0.42045278033515165,[[ 0.]]
2015-09-08 15:26:00,70,-70.0,0.42035315797124173,[[ 0.]]
2015-09-08 15:29:00,66,-66.0,0.4217696199463825,[[ 0.]]
2015-09-08 15:41:00,65,-65.0,0.47489536053284587,[[ 0.]]
2015-09-08 16:15:00,64,-64.0,0.5127596870437754,[[ 0.]]
2015-09-08 16:31:00,66,-66.0,0.5375971519796459,[[ 0.]]
2015-09-08 16:36:00,69,-69.0,0.5228087739948041,[[ 0.]]
2015-09-08 16:41:00,64,-64.0,0.5278753403174528,[[ 0.]]
2015-09-08 16:56:00,69,-69.0,0.5277314719089277,[[ 0.]]
2015-09-08 17:11:00,65,-65.0,0.5693233823819563,[[ 0.]]
2015-09-08 17:16:00,68,-68.0,0.537080370296297,[[ 0.]]
2015-09-08 17:21:00,67,-67.0,0.5820456208001218,[[ 0.]]
2015-09-08 17:26:00,69,-69.0,0.5504633231794698,[[ 0.]]
2015-09-08 17:31:00,66,-66.0,0.5321708860835795,[[ 0.]]
2015-09-08 17:36:00,69,-69.0,0.47167793367934596,[[ 0.]]
2015-09-08 17:41:00,66,-66.0,0.4658309632193566,[[ 0.]]
2015-09-08 17:46:00,65,-65.0,0.513840860306762,[[ 0.]]
2015-09-08 17:51:00,66,-66.0,0.4804198669191879,[[ 0.]]
2015-09-08 17:56:00,65,-65.0,0.5300665937069459,[[ 0.]]
2015-09-08 17:57:00,64,-64.0,0.5301716094215153,[[ 0.]]
2015-09-08 18:36:00,70,-70.0,0.515115307400144,[[ 0.]]
2015-09-08 18:46:00,69,-69.0,0.4977739660041439,[[ 0.]]
2015-09-08 18:51:00,66,-66.0,0.5331193369218117,[[ 0.]]
2015-09-08 18:56:00,68,-68.0,0.5116510184041305,[[ 0.]]
2015-09-08 19:06:00,71,-71.0,0.5,[[ 0.]]
2015-09-08 20:11:00,63,-63.0,0.5208422883697077,[[ 0.]]
2015-09-08 20:31:00,67,-67.0,0.49971824071636717,[[ 0.]]
2015-09-08 20:41:00,62,-62.0,0.5265804856833254,[[ 0.]]
2015-09-08 20:51:00,64,-64.0,0.5291162951356531,[[ 0.]]
2015-09-08 21:01:00,59,-59.0,0.5452533490654856,[[ 0.]]
2015-09-08 21:06:00,65,-65.0,0.5796816523408378,[[ 0.]]
2015-09-08 21:31:00,58,-58.0,0.613945336631184,[[ 0.]]
2015-09-08 21:41:00,64,-64.0,0.6228579713590658,[[ 0.]]
2015-09-08 22:31:00,63,-63.0,0.6449105086173181,[[ 0.]]
2015-09-08 22:41:00,66,-66.0,0.6746768724690265,[[ 0.]]
2015-09-08 23:16:00,66,-66.0,0.6615643872572453,[[ 0.]]
2015-09-08 23:31:00,60,-60.0,0.6772192529923734,[[ 0.]]
2015-09-09 00:06:00,57,-57.0,0.6626497032537142,[[ 0.]]
2015-09-09 01:16:00,58,-58.0,0.6633697222902174,[[ 0.]]
2015-09-09 07:34:00,69,-69.0,0.6273721610246095,[[ 0.]]
2015-09-09 09:20:00,70,-70.0,0.6093531685516183,[[ 0.]]
2015-09-09 09:58:00,66,-66.0,0.5795853212261918,[[ 0.]]
2015-09-09 10:23:00,68,-68.0,0.565645473146223,[[ 0.]]
2015-09-09 10:33:00,65,-65.0,0.5577427662320904,[[ 0.]]
2015-09-09 10:38:00,68,-68.0,0.5514259584278546,[[ 0.]]
2015-09-09 10:43:00,68,-68.0,0.5449189061110165,[[ 0.]]
2015-09-09 10:48:00,70,-70.0,0.5049598466400299,[[ 0.]]
2015-09-09 10:53:00,67,-67.0,0.4627387185965287,[[ 0.]]
2015-09-09 11:03:00,73,-73.0,0.40997589055765915,[[ 0.]]
2015-09-09 11:08:00,77,-77.0,0.40209301051682633,[[ 0.]]
2015-09-09 11:13:00,75,-75.0,0.39852531479441444,[[ 0.]]
2015-09-09 11:18:00,71,-71.0,0.38649187395215645,[[ 0.]]
2015-09-09 11:23:00,73,-73.0,0.3785441421375889,[[ 0.]]
2015-09-09 11:43:00,68,-68.0,0.3688521209401,[[ 0.]]
2015-09-09 11:48:00,58,-58.0,0.4011603633374403,[[ 0.]]
2015-09-09 12:03:00,65,-65.0,0.40779289960714316,[[ 0.]]
2015-09-09 12:13:00,65,-65.0,0.4204239915484367,[[ 0.]]
2015-09-09 12:33:00,65,-65.0,0.4246966029106951,[[ 0.]]
2015-09-09 12:48:00,66,-66.0,0.44431349716758417,[[ 0.]]
2015-09-09 13:08:00,74,-74.0,0.45832630776244876,[[ 0.]]
2015-09-09 13:33:00,64,-64.0,0.4889531324644397,[[ 0.]]
2015-09-09 13:38:00,68,-68.0,0.4982488245610889,[[ 0.]]
2015-09-09 13:43:00,65,-65.0,0.5214313599141139,[[ 0.]]
2015-09-09 13:48:00,69,-69.0,0.5195684654006887,[[ 0.]]
2015-09-09 13:53:00,70,-70.0,0.4849045603578376,[[ 0.]]
2015-09-09 13:58:00,64,-64.0,0.4868229294739185,[[ 0.]]
2015-09-09 14:08:00,65,-65.0,0.4860807696382258,[[ 0.]]
2015-09-09 14:13:00,67,-67.0,0.4799028685387966,[[ 0.]]
2015-09-09 14:38:00,68,-68.0,0.4740107500003805,[[ 0.]]
2015-09-09 14:48:00,66,-66.0,0.4987655972909456,[[ 0.]]
2015-09-09 14:53:00,63,-63.0,0.5005717016610653,[[ 0.]]
2015-09-09 15:03:00,68,-68.0,0.501141036666692,[[ 0.]]
2015-09-09 15:08:00,68,-68.0,0.4920293656467577,[[ 0.]]
2015-09-09 15:13:00,73,-73.0,0.4820332862616442,[[ 0.]]
2015-09-09 15:18:00,79,-79.0,0.4629314672324495,[[ 0.]]
2015-09-09 15:23:00,64,-64.0,0.4618539019503207,[[ 0.]]
2015-09-09 15:28:00,67,-67.0,0.4558611751711149,[[ 0.]]
2015-09-09 15:38:00,62,-62.0,0.4687005400945494,[[ 0.]]
2015-09-09 15:43:00,68,-68.0,0.4688045784146866,[[ 0.]]
2015-09-09 15:48:00,70,-70.0,0.4583738599427857,[[ 0.]]
2015-09-09 16:08:00,67,-67.0,0.4465469495621247,[[ 0.]]
2015-09-09 16:13:00,70,-70.0,0.4416748062363237,[[ 0.]]
2015-09-09 16:23:00,65,-65.0,0.449326398723339,[[ 0.]]
2015-09-09 16:33:00,67,-67.0,0.4664539166273165,[[ 0.]]
2015-09-09 16:43:00,71,-71.0,0.4913087938688815,[[ 0.]]
2015-09-09 16:48:00,69,-69.0,0.47713910843260143,[[ 0.]]
2015-09-09 16:53:00,64,-64.0,0.48509517313023864,[[ 0.]]
2015-09-09 16:58:00,63,-63.0,0.48101331364019717,[[ 0.]]
2015-09-09 17:03:00,62,-62.0,0.49743123108327336,[[ 0.]]
2015-09-09 17:08:00,55,-55.0,0.535108813406351,[[ 0.]]
2015-09-09 17:13:00,48,-48.0,0.5668856974274584,[[ 0.]]
2015-09-09 17:18:00,56,-56.0,0.5909378708062653,[[ 0.]]
2015-09-09 17:23:00,51,-51.0,0.6055522174606707,[[ 0.]]
2015-09-09 17:28:00,60,-60.0,0.6165048873406193,[[ 0.]]
2015-09-09 17:33:00,43,-43.0,0.6338465336944208,[[ 0.]]
2015-09-09 17:38:00,62,-62.0,0.6440449305175003,[[ 0.]]
2015-09-09 17:43:00,70,-70.0,0.6362426082230447,[[ 0.]]
2015-09-09 17:48:00,65,-65.0,0.6343157180716479,[[ 0.]]
2015-09-09 17:58:00,70,-70.0,0.6232873373437107,[[ 0.]]
2015-09-09 18:03:00,67,-67.0,0.6061327262679177,[[ 0.]]
2015-09-09 18:13:00,70,-70.0,0.57273147194254,[[ 0.]]
2015-09-09 18:18:00,67,-67.0,0.555978876263509,[[ 0.]]
2015-09-09 18:23:00,69,-69.0,0.5276880202328653,[[ 0.]]
2015-09-09 18:28:00,69,-69.0,0.5136053565967058,[[ 0.]]
2015-09-09 18:38:00,68,-68.0,0.4729397498045782,[[ 0.]]
2015-09-09 18:43:00,67,-67.0,0.4645954794814646,[[ 0.]]
2015-09-09 19:03:00,66,-66.0,0.47094630181943964,[[ 0.]]
2015-09-09 19:38:00,63,-63.0,0.4737200679082276,[[ 0.]]
2015-09-09 19:48:00,68,-68.0,0.4771854329623868,[[ 0.]]
2015-09-09 20:03:00,68,-68.0,0.47559995025689406,[[ 0.]]
2015-09-09 20:13:00,65,-65.0,0.4838269599130849,[[ 0.]]
2015-09-09 20:18:00,60,-60.0,0.4950150587049492,[[ 0.]]
2015-09-09 20:23:00,65,-65.0,0.5017207601939683,[[ 0.]]
2015-09-09 20:38:00,64,-64.0,0.5101169281581379,[[ 0.]]
2015-09-09 20:58:00,57,-57.0,0.5273902425649724,[[ 0.]]
2015-09-09 21:13:00,57,-57.0,0.542357511260817,[[ 0.]]
2015-09-09 21:28:00,62,-62.0,0.5486386525411036,[[ 0.]]
2015-09-09 21:33:00,55,-55.0,0.5587849241175604,[[ 0.]]
2015-09-09 21:48:00,61,-61.0,0.5694830929880884,[[ 0.]]
2015-09-09 21:53:00,61,-61.0,0.5801620608050407,[[ 0.]]
2015-09-09 22:33:00,58,-58.0,0.5894681409839251,[[ 0.]]
2015-09-09 22:41:00,65,-65.0,0.5821245748968749,[[ 0.]]
2015-09-09 23:38:00,65,-65.0,0.582649126738686,[[ 0.]]
2015-09-09 23:53:00,62,-62.0,0.5857183013987641,[[ 0.]]
2015-09-10 05:33:00,68,-68.0,0.5686744939874773,[[ 0.]]
2015-09-10 05:45:00,61,-61.0,0.5616848103729581,[[ 0.]]
2015-09-10 08:00:00,62,-62.0,0.5614794960769074,[[ 0.]]
2015-09-10 08:18:00,73,-73.0,0.5324458070173039,[[ 0.]]
2015-09-10 08:33:00,70,-70.0,0.5182410822390964,[[ 0.]]
2015-09-10 08:43:00,65,-65.0,0.511680096966113,[[ 0.]]
2015-09-10 08:53:00,65,-65.0,0.5000233144168673,[[ 0.]]
2015-09-10 09:13:00,61,-61.0,0.506163520668188,[[ 0.]]
2015-09-10 09:23:00,64,-64.0,0.5076987598079854,[[ 0.]]
2015-09-10 09:28:00,62,-62.0,0.5073132213850378,[[ 0.]]
2015-09-10 09:48:00,75,-75.0,0.49667113331428603,[[ 0.]]
2015-09-10 09:52:00,66,-66.0,0.4883734947711884,[[ 0.]]
2015-09-10 10:02:00,71,-71.0,0.47405003560924497,[[ 0.]]
2015-09-10 10:07:00,66,-66.0,0.4856139983454629,[[ 0.]]
2015-09-10 10:22:00,67,-67.0,0.49072517550110917,[[ 0.]]
2015-09-10 10:27:00,65,-65.0,0.49059252847636525,[[ 0.]]
2015-09-10 10:32:00,67,-67.0,0.487278397419043,[[ 0.]]
2015-09-10 10:42:00,67,-67.0,0.47707238460568735,[[ 0.]]
2015-09-10 10:47:00,65,-65.0,0.475130098968258,[[ 0.]]
2015-09-10 10:52:00,68,-68.0,0.46489102330315013,[[ 0.]]
2015-09-10 11:27:00,64,-64.0,0.4836518816576818,[[ 0.]]
2015-09-10 11:37:00,72,-72.0,0.47402299710428364,[[ 0.]]
2015-09-10 11:42:00,62,-62.0,0.48919762323076144,[[ 0.]]
2015-09-10 11:47:00,72,-72.0,0.4795439731089768,[[ 0.]]
2015-09-10 11:52:00,72,-72.0,0.47169591192411575,[[ 0.]]
2015-09-10 11:57:00,68,-68.0,0.46661331506721104,[[ 0.]]
2015-09-10 12:07:00,64,-64.0,0.4714587849607609,[[ 0.]]
2015-09-10 12:12:00,63,-63.0,0.4780328431112454,[[ 0.]]
2015-09-10 12:37:00,65,-65.0,0.4778230474029834,[[ 0.]]
2015-09-10 12:42:00,72,-72.0,0.47158213974592955,[[ 0.]]
2015-09-10 12:57:00,67,-67.0,0.46628005284217744,[[ 0.]]
2015-09-10 13:07:00,66,-66.0,0.47671170834948073,[[ 0.]]
2015-09-10 13:17:00,71,-71.0,0.46139546719327673,[[ 0.]]
2015-09-10 13:32:00,71,-71.0,0.4637355333560159,[[ 0.]]
2015-09-10 13:42:00,67,-67.0,0.4725195908062615,[[ 0.]]
2015-09-10 13:47:00,68,-68.0,0.4726145001016281,[[ 0.]]
2015-09-10 14:02:00,65,-65.0,0.4705787018502494,[[ 0.]]
2015-09-10 14:07:00,70,-70.0,0.4584202016077078,[[ 0.]]
2015-09-10 14:17:00,71,-71.0,0.44827128149047424,[[ 0.]]
2015-09-10 14:32:00,65,-65.0,0.46046387268899047,[[ 0.]]
2015-09-10 14:37:00,69,-69.0,0.45704438139895975,[[ 0.]]
2015-09-10 14:42:00,69,-69.0,0.45179641488959243,[[ 0.]]
2015-09-10 14:47:00,69,-69.0,0.45557639101022107,[[ 0.]]
2015-09-10 14:57:00,69,-69.0,0.45938187257438645,[[ 0.]]
2015-09-10 15:02:00,71,-71.0,0.4526469455693095,[[ 0.]]
2015-09-10 15:07:00,64,-64.0,0.45953920342966137,[[ 0.]]
2015-09-10 15:12:00,64,-64.0,0.46099477557995305,[[ 0.]]
2015-09-10 15:17:00,66,-66.0,0.46817856449477524,[[ 0.]]
2015-09-10 15:22:00,76,-76.0,0.4607080475726283,[[ 0.]]
2015-09-10 15:27:00,64,-64.0,0.4621566533087238,[[ 0.]]
2015-09-10 15:32:00,67,-67.0,0.46571788123039637,[[ 0.]]
2015-09-10 15:37:00,64,-64.0,0.4745723580803979,[[ 0.]]
2015-09-10 15:42:00,70,-70.0,0.47307984439894313,[[ 0.]]
2015-09-10 15:47:00,70,-70.0,0.47157859998103124,[[ 0.]]
2015-09-10 15:52:00,68,-68.0,0.47720861259422787,[[ 0.]]
2015-09-10 15:57:00,69,-69.0,0.46811858764636904,[[ 0.]]
2015-09-10 16:02:00,68,-68.0,0.46070450473390356,[[ 0.]]
2015-09-10 16:12:00,68,-68.0,0.45697765176020133,[[ 0.]]
2015-09-10 16:17:00,69,-69.0,0.4702741332518682,[[ 0.]]
2015-09-10 16:22:00,63,-63.0,0.4717783407358179,[[ 0.]]
2015-09-10 16:27:00,67,-67.0,0.4717259840487038,[[ 0.]]
2015-09-10 16:32:00,66,-66.0,0.46776118676880707,[[ 0.]]
2015-09-10 16:37:00,68,-68.0,0.47163486457759185,[[ 0.]]
2015-09-10 16:42:00,66,-66.0,0.47918058956851495,[[ 0.]]
2015-09-10 16:47:00,67,-67.0,0.48110068259646244,[[ 0.]]
2015-09-10 16:52:00,67,-67.0,0.4849853266641809,[[ 0.]]
2015-09-10 16:57:00,68,-68.0,0.4851038214658261,[[ 0.]]
2015-09-10 17:02:00,64,-64.0,0.49268864005182844,[[ 0.]]
2015-09-10 17:07:00,67,-67.0,0.4966814861705907,[[ 0.]]
2015-09-10 17:12:00,62,-62.0,0.4982564906036666,[[ 0.]]
2015-09-10 17:17:00,67,-67.0,0.49833344221029907,[[ 0.]]
2015-09-10 17:22:00,66,-66.0,0.4983142919011524,[[ 0.]]
2015-09-10 17:32:00,66,-66.0,0.502298679670613,[[ 0.]]
2015-09-10 17:37:00,67,-67.0,0.5003830436285008,[[ 0.]]
2015-09-10 17:42:00,62,-62.0,0.5100513918844345,[[ 0.]]
2015-09-10 17:47:00,63,-63.0,0.5178454642097425,[[ 0.]]
2015-09-10 17:52:00,66,-66.0,0.5219700711960347,[[ 0.]]
2015-09-10 18:07:00,69,-69.0,0.5121536420006607,[[ 0.]]
2015-09-10 18:12:00,70,-70.0,0.5064341319811649,[[ 0.]]
2015-09-10 18:17:00,70,-70.0,0.4905155276587059,[[ 0.]]
2015-09-10 18:22:00,67,-67.0,0.49055489731859026,[[ 0.]]
2015-09-10 18:37:00,66,-66.0,0.49049839318919064,[[ 0.]]
2015-09-10 18:42:00,68,-68.0,0.486513983568166,[[ 0.]]
2015-09-10 18:47:00,71,-71.0,0.47874576927555357,[[ 0.]]
2015-09-10 18:52:00,62,-62.0,0.4783472113075521,[[ 0.]]
2015-09-10 18:57:00,68,-68.0,0.4681147770721362,[[ 0.]]
2015-09-10 19:32:00,62,-62.0,0.4759760011921019,[[ 0.]]
2015-09-10 19:37:00,64,-64.0,0.48607171942893845,[[ 0.]]
2015-09-10 19:47:00,69,-69.0,0.4883836236547143,[[ 0.]]
2015-09-10 19:57:00,63,-63.0,0.5026785118187784,[[ 0.]]
2015-09-10 20:02:00,64,-64.0,0.5087738685041304,[[ 0.]]
2015-09-10 21:02:00,62,-62.0,0.5167774135708267,[[ 0.]]
2015-09-10 21:12:00,69,-69.0,0.5149853105392685,[[ 0.]]
2015-09-10 21:27:00,65,-65.0,0.5275811695919647,[[ 0.]]
2015-09-10 21:57:00,56,-56.0,0.5385434641275602,[[ 0.]]
2015-09-10 22:12:00,64,-64.0,0.5467492376864067,[[ 0.]]
2015-09-10 23:42:00,70,-70.0,0.5305881143103867,[[ 0.]]
2015-09-10 23:47:00,61,-61.0,0.5363012305244899,[[ 0.]]
2015-09-11 05:27:00,64,-64.0,0.5465977682082848,[[ 0.]]
2015-09-11 05:47:00,68,-68.0,0.536536717351884,[[ 0.]]
2015-09-11 06:17:00,65,-65.0,0.5344998001563195,[[ 0.]]
2015-09-11 06:37:00,70,-70.0,0.518114459767991,[[ 0.]]
2015-09-11 06:42:00,65,-65.0,0.5265108723142564,[[ 0.]]
2015-09-11 06:57:00,65,-65.0,0.5265219396331783,[[ 0.]]
2015-09-11 07:07:00,70,-70.0,0.49725827153369817,[[ 0.]]
2015-09-11 07:12:00,73,-73.0,0.4789479169984696,[[ 0.]]
2015-09-11 07:32:00,69,-69.0,0.48125765424005573,[[ 0.]]
2015-09-11 07:42:00,68,-68.0,0.46657683062759536,[[ 0.]]
2015-09-11 08:12:00,65,-65.0,0.4642361874099683,[[ 0.]]
2015-09-11 08:42:00,68,-68.0,0.46428088111188237,[[ 0.]]
2015-09-11 08:47:00,69,-69.0,0.45594550453379434,[[ 0.]]
2015-09-11 09:12:00,71,-71.0,0.4542875629580154,[[ 0.]]
2015-09-11 09:17:00,70,-70.0,0.44398415453183626,[[ 0.]]
2015-09-11 09:27:00,64,-64.0,0.44575456079390186,[[ 0.]]
2015-09-11 09:32:00,68,-68.0,0.44999598250361295,[[ 0.]]
2015-09-11 09:37:00,70,-70.0,0.45668803149005277,[[ 0.]]
2015-09-11 09:52:00,66,-66.0,0.46294737649339923,[[ 0.]]
2015-09-11 09:57:00,71,-71.0,0.45695140643734344,[[ 0.]]
2015-09-11 10:07:00,68,-68.0,0.4505142832768304,[[ 0.]]
2015-09-11 10:27:00,63,-63.0,0.46093268059528203,[[ 0.]]
2015-09-11 10:39:00,66,-66.0,0.46726784222852424,[[ 0.]]
2015-09-11 10:49:00,65,-65.0,0.4801275516622936,[[ 0.]]
2015-09-11 11:19:00,69,-69.0,0.48250799110514053,[[ 0.]]
2015-09-11 11:29:00,70,-70.0,0.4696910056997795,[[ 0.]]
2015-09-11 11:34:00,67,-67.0,0.47183782823697473,[[ 0.]]
2015-09-11 11:39:00,63,-63.0,0.486919706623558,[[ 0.]]
2015-09-11 11:44:00,68,-68.0,0.48261297862540775,[[ 0.]]
2015-09-11 11:54:00,71,-71.0,0.48303029560268673,[[ 0.]]
2015-09-11 12:04:00,60,-60.0,0.5001658946777026,[[ 0.]]
2015-09-11 12:14:00,81,-81.0,0.4633914722139879,[[ 0.]]
2015-09-11 12:39:00,69,-69.0,0.45720931278349564,[[ 0.]]
2015-09-11 12:44:00,71,-71.0,0.4450191947178578,[[ 0.]]
2015-09-11 12:49:00,64,-64.0,0.45520834696187984,[[ 0.]]
2015-09-11 12:54:00,65,-65.0,0.4655384349052203,[[ 0.]]
2015-09-11 12:59:00,69,-69.0,0.46142899037452023,[[ 0.]]
2015-09-11 13:09:00,66,-66.0,0.45488197328012114,[[ 0.]]
2015-09-11 13:24:00,65,-65.0,0.4610351438202239,[[ 0.]]
2015-09-11 13:29:00,67,-67.0,0.46953773306315183,[[ 0.]]
2015-09-11 13:39:00,67,-67.0,0.4544213460627533,[[ 0.]]
2015-09-11 13:44:00,66,-66.0,0.4866844482330006,[[ 0.]]
2015-09-11 13:49:00,69,-69.0,0.4868684392420455,[[ 0.]]
2015-09-11 13:54:00,70,-70.0,0.48932188349404504,[[ 0.]]
2015-09-11 14:04:00,65,-65.0,0.48700191570055307,[[ 0.]]
2015-09-11 14:14:00,68,-68.0,0.48052984277313826,[[ 0.]]
2015-09-11 14:19:00,68,-68.0,0.4827977226997765,[[ 0.]]
2015-09-11 14:24:00,66,-66.0,0.48271214253653816,[[ 0.]]
2015-09-11 14:29:00,67,-67.0,0.4782866777410236,[[ 0.]]
2015-09-11 14:39:00,66,-66.0,0.4804026883471191,[[ 0.]]
2015-09-11 14:44:00,67,-67.0,0.4803888584618553,[[ 0.]]
2015-09-11 14:54:00,66,-66.0,0.4802955680185169,[[ 0.]]
2015-09-11 14:59:00,65,-65.0,0.48909364741703676,[[ 0.]]
2015-09-11 15:09:00,69,-69.0,0.49152706062596374,[[ 0.]]
2015-09-11 15:14:00,69,-69.0,0.4827156887248726,[[ 0.]]
2015-09-11 15:19:00,70,-70.0,0.47848387279230364,[[ 0.]]
2015-09-11 15:24:00,67,-67.0,0.4807206902080111,[[ 0.]]
2015-09-11 15:29:00,68,-68.0,0.476263887433821,[[ 0.]]
2015-09-11 15:34:00,64,-64.0,0.4828363441530801,[[ 0.]]
2015-09-11 15:39:00,66,-66.0,0.4827514800267142,[[ 0.]]
2015-09-11 15:44:00,66,-66.0,0.4849533015451759,[[ 0.]]
2015-09-11 15:49:00,62,-62.0,0.4937701773005492,[[ 0.]]
2015-09-11 15:54:00,66,-66.0,0.49142868569384,[[ 0.]]
2015-09-11 15:59:00,60,-60.0,0.511549677311311,[[ 0.]]
2015-09-11 16:04:00,66,-66.0,0.5184398824843182,[[ 0.]]
2015-09-11 16:09:00,68,-68.0,0.5232143168814547,[[ 0.]]
2015-09-11 16:14:00,64,-64.0,0.5299910294893525,[[ 0.]]
2015-09-11 16:19:00,66,-66.0,0.5346769526697325,[[ 0.]]
2015-09-11 16:24:00,60,-60.0,0.5432206079889019,[[ 0.]]
2015-09-11 16:29:00,70,-70.0,0.534356421094579,[[ 0.]]
2015-09-11 16:34:00,65,-65.0,0.5366627437362417,[[ 0.]]
2015-09-11 16:39:00,59,-59.0,0.5427264425368215,[[ 0.]]
2015-09-11 16:44:00,23,-23.0,0.6015821646208188,[[ 0.]]
2015-09-11 16:49:00,52,-52.0,0.6113314789031044,[[ 0.]]
2015-09-11 16:54:00,56,-56.0,0.6254460868309687,[[ 0.]]
2015-09-11 16:59:00,67,-67.0,0.6274403514137038,[[ 0.]]
2015-09-11 17:04:00,63,-63.0,0.6290999875423062,[[ 0.]]
2015-09-11 17:09:00,61,-61.0,0.6366412370749751,[[ 0.]]
2015-09-11 17:14:00,65,-65.0,0.6291562201569493,[[ 0.]]
2015-09-11 17:19:00,63,-63.0,0.6402272601669906,[[ 0.]]
2015-09-11 17:24:00,62,-62.0,0.6448444091099628,[[ 0.]]
2015-09-11 17:29:00,66,-66.0,0.6343137385239633,[[ 0.]]
2015-09-11 17:34:00,62,-62.0,0.5712749302191683,[[ 0.]]
2015-09-11 17:39:00,70,-70.0,0.5417291177357249,[[ 0.]]
2015-09-11 17:44:00,68,-68.0,0.5218648335734063,[[ 0.]]
2015-09-11 17:49:00,69,-69.0,0.5187051816941162,[[ 0.]]
2015-09-11 17:54:00,69,-69.0,0.5087930995174672,[[ 0.]]
2015-09-11 17:59:00,69,-69.0,0.49545885046330906,[[ 0.]]
2015-09-11 18:04:00,64,-64.0,0.49703356374567265,[[ 0.]]
2015-09-11 18:09:00,68,-68.0,0.4886446283436977,[[ 0.]]
2015-09-11 18:11:00,70,-70.0,0.475262977488782,[[ 0.]]
2015-09-11 18:16:00,65,-65.0,0.476836949126366,[[ 0.]]
2015-09-11 18:21:00,70,-70.0,0.46341273690819906,[[ 0.]]
2015-09-11 18:26:00,67,-67.0,0.46846805984430284,[[ 0.]]
2015-09-11 18:31:00,64,-64.0,0.47512532343815395,[[ 0.]]
2015-09-11 18:36:00,67,-67.0,0.47853642320867995,[[ 0.]]
2015-09-11 18:41:00,67,-67.0,0.48196910307398055,[[ 0.]]
2015-09-11 18:51:00,68,-68.0,0.48375259163895523,[[ 0.]]
2015-09-11 18:56:00,68,-68.0,0.4768861492921377,[[ 0.]]
2015-09-11 19:01:00,68,-68.0,0.4769285502341277,[[ 0.]]
2015-09-11 19:26:00,63,-63.0,0.4889048064193152,[[ 0.]]
2015-09-11 19:41:00,62,-62.0,0.4939114464643126,[[ 0.]]
2015-09-11 19:46:00,69,-69.0,0.49579867467904104,[[ 0.]]
2015-09-11 20:01:00,61,-61.0,0.5060099813167189,[[ 0.]]
2015-09-11 20:06:00,58,-58.0,0.5159772687927575,[[ 0.]]
2015-09-11 20:16:00,61,-61.0,0.5261147345659005,[[ 0.]]
2015-09-11 20:26:00,63,-63.0,0.5329434108212014,[[ 0.]]
2015-09-11 20:36:00,62,-62.0,0.5431630009359316,[[ 0.]]
2015-09-11 20:46:00,66,-66.0,0.546757520545077,[[ 0.]]
2015-09-11 20:51:00,65,-65.0,0.5520473660888238,[[ 0.]]
2015-09-11 21:01:00,60,-60.0,0.5568551944767817,[[ 0.]]
2015-09-11 21:21:00,64,-64.0,0.5534235174398638,[[ 0.]]
2015-09-11 21:51:00,59,-59.0,0.5701535800322174,[[ 0.]]
2015-09-11 21:56:00,56,-56.0,0.5775128509991011,[[ 0.]]
2015-09-11 21:59:00,47,-47.0,0.591453904954661,[[ 0.]]
2015-09-11 22:16:00,60,-60.0,0.5926893722357551,[[ 0.]]
2015-09-11 22:41:00,56,-56.0,0.6026336333789838,[[ 0.]]
2015-09-11 23:41:00,57,-57.0,0.6095000949882098,[[ 0.]]
2015-09-12 00:16:00,79,-79.0,0.5880118234594858,[[ 0.]]
2015-09-12 00:46:00,62,-62.0,0.5926437969655916,[[ 0.]]
2015-09-12 02:56:00,64,-64.0,0.5865016390146846,[[ 0.]]
2015-09-12 03:41:00,58,-58.0,0.5951947611863295,[[ 0.]]
2015-09-12 05:06:00,78,-78.0,0.564959272588312,[[ 0.]]
2015-09-12 06:51:00,75,-75.0,0.5352931120402387,[[ 0.]]
2015-09-12 07:11:00,71,-71.0,0.4978092329012349,[[ 0.]]
2015-09-12 07:41:00,70,-70.0,0.4822500616107107,[[ 0.]]
2015-09-12 07:51:00,73,-73.0,0.45600179663160856,[[ 0.]]
2015-09-12 08:01:00,70,-70.0,0.4358979259693867,[[ 0.]]
2015-09-12 08:16:00,70,-70.0,0.4500250505657596,[[ 0.]]
2015-09-12 08:46:00,80,-80.0,0.42407966289293797,[[ 0.]]
2015-09-12 08:56:00,66,-66.0,0.420837662448444,[[ 0.]]
2015-09-12 09:16:00,68,-68.0,0.40559416870071363,[[ 0.]]
2015-09-12 09:21:00,76,-76.0,0.4097305940305612,[[ 0.]]
2015-09-12 09:26:00,66,-66.0,0.4230769405771164,[[ 0.]]
2015-09-12 09:56:00,69,-69.0,0.42610481059889194,[[ 0.]]
2015-09-12 10:06:00,69,-69.0,0.4276230587655341,[[ 0.]]
2015-09-12 10:16:00,70,-70.0,0.4322948710876394,[[ 0.]]
2015-09-12 10:46:00,72,-72.0,0.4295584379438179,[[ 0.]]
2015-09-12 10:51:00,67,-67.0,0.434009302148179,[[ 0.]]
2015-09-12 10:56:00,71,-71.0,0.4480340133447782,[[ 0.]]
2015-09-12 11:06:00,64,-64.0,0.4509230564701553,[[ 0.]]
2015-09-12 11:31:00,67,-67.0,0.45238659557014715,[[ 0.]]
2015-09-12 11:41:00,75,-75.0,0.4545610146451008,[[ 0.]]
2015-09-12 11:46:00,68,-68.0,0.45144765910991425,[[ 0.]]
2015-09-12 12:06:00,67,-67.0,0.4544597744621828,[[ 0.]]
2015-09-12 12:11:00,71,-71.0,0.45155595715120245,[[ 0.]]
2015-09-12 12:16:00,65,-65.0,0.459160695939282,[[ 0.]]
2015-09-12 12:26:00,67,-67.0,0.46690009935745014,[[ 0.]]
2015-09-12 12:31:00,77,-77.0,0.4522042734581435,[[ 0.]]
2015-09-12 12:36:00,67,-67.0,0.4583077120711603,[[ 0.]]
2015-09-12 12:46:00,67,-67.0,0.45358460315102267,[[ 0.]]
2015-09-12 12:51:00,68,-68.0,0.4520035380987113,[[ 0.]]
2015-09-12 13:06:00,70,-70.0,0.4598903843991553,[[ 0.]]
2015-09-12 13:11:00,67,-67.0,0.4613872294663245,[[ 0.]]
2015-09-12 13:16:00,62,-62.0,0.46901440074858214,[[ 0.]]
2015-09-12 13:21:00,67,-67.0,0.47525765525145913,[[ 0.]]
2015-09-12 13:36:00,67,-67.0,0.47208008458832973,[[ 0.]]
2015-09-12 13:41:00,65,-65.0,0.4751257118038561,[[ 0.]]
2015-09-12 14:16:00,73,-73.0,0.4817647130786411,[[ 0.]]
2015-09-12 14:21:00,69,-69.0,0.4786874227286473,[[ 0.]]
2015-09-12 14:31:00,70,-70.0,0.47407603595282843,[[ 0.]]
2015-09-12 14:41:00,70,-70.0,0.4710386483882857,[[ 0.]]
2015-09-12 14:56:00,69,-69.0,0.47268593575847706,[[ 0.]]
2015-09-12 15:01:00,72,-72.0,0.4650311574851562,[[ 0.]]
2015-09-12 15:11:00,70,-70.0,0.452505100231395,[[ 0.]]
2015-09-12 15:16:00,64,-64.0,0.45706680013941103,[[ 0.]]
2015-09-12 15:21:00,68,-68.0,0.4554594380424468,[[ 0.]]
2015-09-12 15:31:00,66,-66.0,0.4537522542564788,[[ 0.]]
2015-09-12 15:36:00,72,-72.0,0.4556074641720719,[[ 0.]]
2015-09-12 15:41:00,71,-71.0,0.4526110034885813,[[ 0.]]
2015-09-12 15:46:00,68,-68.0,0.45576054995475324,[[ 0.]]
2015-09-12 15:51:00,66,-66.0,0.46203074980614656,[[ 0.]]
2015-09-12 15:56:00,70,-70.0,0.46053918675920613,[[ 0.]]
2015-09-12 16:01:00,68,-68.0,0.4669397632477188,[[ 0.]]
2015-09-12 16:11:00,65,-65.0,0.47486526159799947,[[ 0.]]
2015-09-12 16:16:00,72,-72.0,0.46224790429085993,[[ 0.]]
2015-09-12 16:21:00,65,-65.0,0.46694379266963904,[[ 0.]]
2015-09-12 16:31:00,71,-71.0,0.4590716253064302,[[ 0.]]
2015-09-12 16:36:00,65,-65.0,0.4702299172743094,[[ 0.]]
2015-09-12 16:41:00,64,-64.0,0.4814302025251561,[[ 0.]]
2015-09-12 16:46:00,69,-69.0,0.47988185027920816,[[ 0.]]
2015-09-12 16:51:00,68,-68.0,0.47665213615710755,[[ 0.]]
2015-09-12 16:56:00,72,-72.0,0.4736435250738217,[[ 0.]]
2015-09-12 17:01:00,71,-71.0,0.4689466101483608,[[ 0.]]
2015-09-12 17:06:00,69,-69.0,0.46249675324960393,[[ 0.]]
2015-09-12 17:21:00,71,-71.0,0.46429527584886976,[[ 0.]]
2015-09-12 17:46:00,69,-69.0,0.45783119223900404,[[ 0.]]
2015-09-12 18:21:00,73,-73.0,0.4549262842549463,[[ 0.]]
2015-09-12 18:41:00,70,-70.0,0.44691374272643225,[[ 0.]]
2015-09-12 19:01:00,68,-68.0,0.4403845584542453,[[ 0.]]
2015-09-12 19:21:00,62,-62.0,0.4515455846258425,[[ 0.]]
2015-09-12 19:26:00,69,-69.0,0.4499391382138693,[[ 0.]]
2015-09-12 19:46:00,72,-72.0,0.45019131453466943,[[ 0.]]
2015-09-12 19:51:00,65,-65.0,0.45982626672249594,[[ 0.]]
2015-09-12 20:06:00,60,-60.0,0.4743574583338128,[[ 0.]]
2015-09-12 20:31:00,62,-62.0,0.4889328561656586,[[ 0.]]
2015-09-12 20:51:00,66,-66.0,0.4938286301414101,[[ 0.]]
2015-09-12 21:21:00,68,-68.0,0.5021215111160044,[[ 0.]]
2015-09-12 21:36:00,63,-63.0,0.51354782955731,[[ 0.]]
2015-09-12 21:51:00,70,-70.0,0.5103988463105033,[[ 0.]]
2015-09-12 22:46:00,74,-74.0,0.49089656713400054,[[ 0.]]
2015-09-12 23:01:00,62,-62.0,0.5022596979147527,[[ 0.]]
2015-09-12 23:06:00,59,-59.0,0.5233228595168954,[[ 0.]]
2015-09-12 23:31:00,59,-59.0,0.5327922787020998,[[ 0.]]
2015-09-13 06:31:00,62,-62.0,0.5293812609889543,[[ 0.]]
2015-09-13 07:51:00,70,-70.0,0.5164426517271491,[[ 0.]]
2015-09-13 08:01:00,62,-62.0,0.5228511754624358,[[ 0.]]
2015-09-13 08:26:00,67,-67.0,0.5245707896851668,[[ 0.]]
2015-09-13 09:21:00,69,-69.0,0.5148335796583974,[[ 0.]]
2015-09-13 09:26:00,72,-72.0,0.5117416273698769,[[ 0.]]
2015-09-13 09:41:00,67,-67.0,0.5233350614805554,[[ 0.]]
2015-09-13 10:06:00,69,-69.0,0.5119111034797578,[[ 0.]]
2015-09-13 10:11:00,72,-72.0,0.4906401400615421,[[ 0.]]
2015-09-13 10:16:00,65,-65.0,0.48064632313535005,[[ 0.]]
2015-09-13 10:46:00,76,-76.0,0.4581657577310547,[[ 0.]]
2015-09-13 10:51:00,67,-67.0,0.4630191197666218,[[ 0.]]
2015-09-13 10:56:00,72,-72.0,0.44688347607026346,[[ 0.]]
2015-09-13 11:06:00,70,-70.0,0.4420627885131895,[[ 0.]]
2015-09-13 11:11:00,65,-65.0,0.44844236739524457,[[ 0.]]
2015-09-13 11:26:00,71,-71.0,0.4502359366207064,[[ 0.]]
2015-09-13 11:31:00,69,-69.0,0.44696931075078516,[[ 0.]]
2015-09-13 11:46:00,64,-64.0,0.45502219269278055,[[ 0.]]
2015-09-13 11:51:00,67,-67.0,0.46321226239092306,[[ 0.]]
2015-09-13 11:56:00,69,-69.0,0.45662622321686963,[[ 0.]]
2015-09-13 12:06:00,66,-66.0,0.4731310070685464,[[ 0.]]
2015-09-13 12:21:00,73,-73.0,0.4634599892464085,[[ 0.]]
2015-09-13 12:26:00,70,-70.0,0.46687344779758755,[[ 0.]]
2015-09-13 12:31:00,66,-66.0,0.47344922194654127,[[ 0.]]
2015-09-13 12:41:00,66,-66.0,0.47170772170615705,[[ 0.]]
2015-09-13 12:53:00,66,-66.0,0.480003455258907,[[ 0.]]
2015-09-13 12:58:00,70,-70.0,0.478436586585104,[[ 0.]]
2015-09-13 13:03:00,67,-67.0,0.47337366682309956,[[ 0.]]
2015-09-13 13:08:00,72,-72.0,0.4652098658350001,[[ 0.]]
2015-09-13 13:13:00,69,-69.0,0.4652484458924494,[[ 0.]]
2015-09-13 13:18:00,66,-66.0,0.4651594191277514,[[ 0.]]
2015-09-13 13:23:00,68,-68.0,0.4735780883292603,[[ 0.]]
2015-09-13 13:28:00,65,-65.0,0.48193234898698,[[ 0.]]
2015-09-13 13:38:00,67,-67.0,0.4802191871928101,[[ 0.]]
2015-09-13 13:43:00,64,-64.0,0.48349756187851844,[[ 0.]]
2015-09-13 13:53:00,66,-66.0,0.483447552389077,[[ 0.]]
2015-09-13 13:58:00,68,-68.0,0.4868846131003922,[[ 0.]]
2015-09-13 14:13:00,68,-68.0,0.4852069662720008,[[ 0.]]
2015-09-13 14:23:00,67,-67.0,0.4937627948777238,[[ 0.]]
2015-09-13 14:28:00,59,-59.0,0.5106029098979972,[[ 0.]]
2015-09-13 14:38:00,64,-64.0,0.5139547228418946,[[ 0.]]
2015-09-13 14:48:00,67,-67.0,0.5157182637476118,[[ 0.]]
2015-09-13 14:53:00,65,-65.0,0.5156975968570084,[[ 0.]]
2015-09-13 15:13:00,67,-67.0,0.5157506609072822,[[ 0.]]
2015-09-13 15:23:00,66,-66.0,0.5123194278186508,[[ 0.]]
2015-09-13 15:28:00,68,-68.0,0.5089426602500979,[[ 0.]]
2015-09-13 15:33:00,66,-66.0,0.5124092856176715,[[ 0.]]
2015-09-13 15:38:00,72,-72.0,0.5056771154333355,[[ 0.]]
2015-09-13 15:43:00,71,-71.0,0.4989157103692671,[[ 0.]]
2015-09-13 15:48:00,69,-69.0,0.4816730875200179,[[ 0.]]
2015-09-13 16:03:00,61,-61.0,0.4866854441263829,[[ 0.]]
2015-09-13 16:08:00,67,-67.0,0.48667874229290986,[[ 0.]]
2015-09-13 16:18:00,66,-66.0,0.48489772156006705,[[ 0.]]
2015-09-13 16:28:00,74,-74.0,0.47308496318680504,[[ 0.]]
2015-09-13 16:48:00,65,-65.0,0.47471847748313634,[[ 0.]]
2015-09-13 16:53:00,69,-69.0,0.473035095685832,[[ 0.]]
2015-09-13 16:58:00,64,-64.0,0.4763875879443914,[[ 0.]]
2015-09-13 17:03:00,67,-67.0,0.48508169336608253,[[ 0.]]
2015-09-13 17:13:00,69,-69.0,0.4886459546625398,[[ 0.]]
2015-09-13 17:18:00,62,-62.0,0.500730662385262,[[ 0.]]
2015-09-13 17:23:00,63,-63.0,0.4971084865423402,[[ 0.]]
2015-09-13 17:43:00,73,-73.0,0.4868577123247746,[[ 0.]]
2015-09-13 17:48:00,64,-64.0,0.4902524575987426,[[ 0.]]
2015-09-13 17:53:00,67,-67.0,0.5025296359924819,[[ 0.]]
2015-09-13 17:58:00,65,-65.0,0.502483762128975,[[ 0.]]
2015-09-13 18:08:00,67,-67.0,0.5060291434844677,[[ 0.]]
2015-09-13 18:18:00,65,-65.0,0.5042260015105203,[[ 0.]]
2015-09-13 18:23:00,74,-74.0,0.4921672400048429,[[ 0.]]
2015-09-13 18:33:00,65,-65.0,0.4991487155681914,[[ 0.]]
2015-09-13 18:38:00,70,-70.0,0.4851690716711541,[[ 0.]]
2015-09-13 18:43:00,70,-70.0,0.4729430457888498,[[ 0.]]
2015-09-13 18:48:00,69,-69.0,0.48004918315969025,[[ 0.]]
2015-09-13 18:58:00,69,-69.0,0.47127677373961785,[[ 0.]]
2015-09-13 19:08:00,63,-63.0,0.4782016213895429,[[ 0.]]
2015-09-13 19:13:00,63,-63.0,0.48160338856113694,[[ 0.]]
2015-09-13 19:33:00,65,-65.0,0.4850694667182611,[[ 0.]]
2015-09-13 19:43:00,56,-56.0,0.5006845956807782,[[ 0.]]
2015-09-13 19:48:00,69,-69.0,0.5095985635367837,[[ 0.]]
2015-09-13 20:13:00,63,-63.0,0.5130221197721248,[[ 0.]]
2015-09-13 20:33:00,66,-66.0,0.5201070819395199,[[ 0.]]
2015-09-13 20:43:00,66,-66.0,0.5272127439951702,[[ 0.]]
2015-09-13 20:48:00,64,-64.0,0.5360211899405046,[[ 0.]]
2015-09-13 21:08:00,68,-68.0,0.5379076309573931,[[ 0.]]
2015-09-13 21:28:00,55,-55.0,0.5511937118638515,[[ 0.]]
2015-09-13 22:48:00,75,-75.0,0.5303091706764953,[[ 0.]]
2015-09-13 22:53:00,69,-69.0,0.5234212384414029,[[ 0.]]
2015-09-13 23:33:00,62,-62.0,0.5127407812129694,[[ 0.]]
2015-09-14 00:33:00,68,-68.0,0.5145752741824305,[[ 0.]]
2015-09-14 05:53:00,66,-66.0,0.5092972575929393,[[ 0.]]
2015-09-14 06:18:00,66,-66.0,0.5093004629476322,[[ 0.]]
2015-09-14 06:28:00,75,-75.0,0.49370423323280666,[[ 0.]]
2015-09-14 06:48:00,65,-65.0,0.4918823529200669,[[ 0.]]
2015-09-14 06:53:00,68,-68.0,0.4919205811278723,[[ 0.]]
2015-09-14 06:58:00,71,-71.0,0.4638537534219491,[[ 0.]]
2015-09-14 07:08:00,69,-69.0,0.474471655823127,[[ 0.]]
2015-09-14 07:28:00,67,-67.0,0.4779806873778234,[[ 0.]]
2015-09-14 07:33:00,68,-68.0,0.4673688835116173,[[ 0.]]
2015-09-14 07:38:00,67,-67.0,0.4690995384939415,[[ 0.]]
2015-09-14 07:48:00,71,-71.0,0.4603855564739182,[[ 0.]]
2015-09-14 07:58:00,67,-67.0,0.4585576104759045,[[ 0.]]
2015-09-14 08:13:00,65,-65.0,0.4762289249915572,[[ 0.]]
2015-09-14 08:28:00,66,-66.0,0.47438496136290764,[[ 0.]]
2015-09-14 08:33:00,64,-64.0,0.4814208186737935,[[ 0.]]
2015-09-14 08:48:00,60,-60.0,0.5008972285286342,[[ 0.]]
2015-09-14 08:53:00,69,-69.0,0.5009824656755335,[[ 0.]]
2015-09-14 09:03:00,66,-66.0,0.5027627061601925,[[ 0.]]
2015-09-14 09:08:00,73,-73.0,0.49402115967989846,[[ 0.]]
2015-09-14 09:13:00,70,-70.0,0.48875793475120644,[[ 0.]]
2015-09-14 09:23:00,72,-72.0,0.48715654106416517,[[ 0.]]
2015-09-14 09:28:00,62,-62.0,0.4959605252686523,[[ 0.]]
2015-09-14 09:33:00,70,-70.0,0.4871123349962091,[[ 0.]]
2015-09-14 09:38:00,69,-69.0,0.48179750174747027,[[ 0.]]
2015-09-14 09:43:00,69,-69.0,0.47288485349699794,[[ 0.]]
2015-09-14 09:48:00,69,-69.0,0.45680022829808276,[[ 0.]]
2015-09-14 09:53:00,71,-71.0,0.4533626270317238,[[ 0.]]
2015-09-14 09:58:00,68,-68.0,0.4497568831471511,[[ 0.]]
2015-09-14 10:13:00,63,-63.0,0.46754578391551915,[[ 0.]]
2015-09-14 10:18:00,68,-68.0,0.47114535386418854,[[ 0.]]
2015-09-14 10:23:00,68,-68.0,0.4783725416817667,[[ 0.]]
2015-09-14 10:28:00,66,-66.0,0.4710799076426897,[[ 0.]]
2015-09-14 10:33:00,70,-70.0,0.47117008900475177,[[ 0.]]
2015-09-14 10:43:00,70,-70.0,0.46944896066603714,[[ 0.]]
2015-09-14 10:48:00,65,-65.0,0.4766102112740458,[[ 0.]]
2015-09-14 11:03:00,74,-74.0,0.46786793747131983,[[ 0.]]
2015-09-14 11:13:00,67,-67.0,0.4750765392022034,[[ 0.]]
2015-09-14 11:18:00,64,-64.0,0.4822309522238696,[[ 0.]]
2015-09-14 11:23:00,70,-70.0,0.4696062803796105,[[ 0.]]
2015-09-14 11:28:00,70,-70.0,0.4660606777704476,[[ 0.]]
2015-09-14 11:33:00,66,-66.0,0.46962357878058947,[[ 0.]]
2015-09-14 11:43:00,67,-67.0,0.46776253151981706,[[ 0.]]
2015-09-14 12:03:00,63,-63.0,0.4804077609739511,[[ 0.]]
2015-09-14 12:08:00,70,-70.0,0.48050374791079364,[[ 0.]]
2015-09-14 12:13:00,63,-63.0,0.48403793296742914,[[ 0.]]
2015-09-14 12:23:00,71,-71.0,0.4896752500527426,[[ 0.]]
2015-09-14 12:28:00,62,-62.0,0.49869459380212344,[[ 0.]]
2015-09-14 12:38:00,67,-67.0,0.4931982481975974,[[ 0.]]
2015-09-14 12:43:00,68,-68.0,0.4969130728822031,[[ 0.]]
2015-09-14 12:48:00,73,-73.0,0.4916155351769458,[[ 0.]]
2015-09-14 12:53:00,67,-67.0,0.48977659023541054,[[ 0.]]
2015-09-14 13:15:00,65,-65.0,0.49339562607911536,[[ 0.]]
2015-09-14 13:20:00,63,-63.0,0.49327805174386874,[[ 0.]]
2015-09-14 13:25:00,72,-72.0,0.4897716967617892,[[ 0.]]
2015-09-14 13:35:00,65,-65.0,0.4860178913522747,[[ 0.]]
2015-09-14 13:40:00,64,-64.0,0.4988507940103768,[[ 0.]]
2015-09-14 13:45:00,71,-71.0,0.4823669594441269,[[ 0.]]
2015-09-14 13:50:00,66,-66.0,0.48416924330607947,[[ 0.]]
2015-09-14 13:55:00,59,-59.0,0.5005837254924821,[[ 0.]]
2015-09-14 14:15:00,57,-57.0,0.5296278115770263,[[ 0.]]
2015-09-14 14:20:00,66,-66.0,0.5314950708770405,[[ 0.]]
2015-09-14 14:25:00,71,-71.0,0.5206280436086679,[[ 0.]]
2015-09-14 14:35:00,69,-69.0,0.5096905786259411,[[ 0.]]
2015-09-14 14:40:00,67,-67.0,0.5189379307686104,[[ 0.]]
2015-09-14 14:45:00,66,-66.0,0.5171074505597432,[[ 0.]]
2015-09-14 14:50:00,67,-67.0,0.5116025319167881,[[ 0.]]
2015-09-14 14:55:00,65,-65.0,0.5226824037083169,[[ 0.]]
2015-09-14 15:00:00,70,-70.0,0.5153968514080891,[[ 0.]]
2015-09-14 15:10:00,66,-66.0,0.5024043365609936,[[ 0.]]
2015-09-14 15:15:00,66,-66.0,0.4856460019242421,[[ 0.]]
2015-09-14 15:20:00,61,-61.0,0.4947793652597473,[[ 0.]]
2015-09-14 15:30:00,68,-68.0,0.5004048841233988,[[ 0.]]
2015-09-14 15:35:00,69,-69.0,0.5004825154492227,[[ 0.]]
2015-09-14 15:40:00,63,-63.0,0.5078366752021981,[[ 0.]]
2015-09-14 15:50:00,67,-67.0,0.5059957308899521,[[ 0.]]
2015-09-14 15:55:00,66,-66.0,0.5078612434565279,[[ 0.]]
2015-09-14 16:00:00,65,-65.0,0.5078256347210519,[[ 0.]]
2015-09-14 16:05:00,67,-67.0,0.513485379031323,[[ 0.]]
2015-09-14 16:20:00,65,-65.0,0.5153376416774232,[[ 0.]]
2015-09-14 16:25:00,66,-66.0,0.5153466435150381,[[ 0.]]
2015-09-14 16:30:00,65,-65.0,0.5077790269719825,[[ 0.]]
2015-09-14 16:35:00,64,-64.0,0.515261877704176,[[ 0.]]
2015-09-14 16:40:00,66,-66.0,0.5209405486338672,[[ 0.]]
2015-09-14 16:45:00,62,-62.0,0.5226914048535269,[[ 0.]]
2015-09-14 16:50:00,65,-65.0,0.5264604395109753,[[ 0.]]
2015-09-14 16:55:00,67,-67.0,0.5246248068785107,[[ 0.]]
2015-09-14 17:00:00,59,-59.0,0.5356503019920579,[[ 0.]]
2015-09-14 17:05:00,36,-36.0,0.5866205274970246,[[ 0.]]
2015-09-14 17:10:00,21,-21.0,0.6398440989034198,[[ 0.]]
2015-09-14 17:15:00,52,-52.0,0.6578718480500896,[[ 0.]]
2015-09-14 17:20:00,60,-60.0,0.6645864105556489,[[ 0.]]
2015-09-14 17:25:00,51,-51.0,0.6799964717400232,[[ 0.]]
2015-09-14 17:30:00,68,-68.0,0.6775703567207433,[[ 0.]]
2015-09-14 17:35:00,60,-60.0,0.6800026455533051,[[ 0.]]
2015-09-14 17:40:00,42,-42.0,0.7035778718744914,[[ 0.]]
2015-09-14 17:45:00,65,-65.0,0.7063537033494545,[[ 0.]]
2015-09-14 17:50:00,59,-59.0,0.7059316266626818,[[ 0.]]
2015-09-14 17:55:00,69,-69.0,0.6634136121793209,[[ 0.]]
2015-09-14 18:00:00,68,-68.0,0.5989350751545719,[[ 0.]]
2015-09-14 18:05:00,66,-66.0,0.5791378472132567,[[ 0.]]
2015-09-14 18:10:00,66,-66.0,0.5706291281323814,[[ 0.]]
2015-09-14 18:20:00,66,-66.0,0.5489929485693907,[[ 0.]]
2015-09-14 18:25:00,68,-68.0,0.54910237376094,[[ 0.]]
2015-09-14 18:30:00,67,-67.0,0.5389652366946915,[[ 0.]]
2015-09-14 18:35:00,67,-67.0,0.5022850700185546,[[ 0.]]
2015-09-14 18:45:00,65,-65.0,0.502259187447631,[[ 0.]]
2015-09-14 18:50:00,66,-66.0,0.49191601007632346,[[ 0.]]
2015-09-14 19:01:00,68,-68.0,0.49342461033364493,[[ 0.]]
2015-09-14 19:05:00,68,-68.0,0.4934561040786055,[[ 0.]]
2015-09-14 19:15:00,66,-66.0,0.4934398005182187,[[ 0.]]
2015-09-14 19:20:00,69,-69.0,0.4890409250633827,[[ 0.]]
2015-09-14 19:30:00,64,-64.0,0.49194818430439957,[[ 0.]]
2015-09-14 19:35:00,68,-68.0,0.49197757361094807,[[ 0.]]
2015-09-14 19:45:00,65,-65.0,0.4949192409971547,[[ 0.]]
2015-09-14 20:00:00,65,-65.0,0.4978699598077837,[[ 0.]]
2015-09-14 20:10:00,66,-66.0,0.4963645299175463,[[ 0.]]
2015-09-14 20:15:00,58,-58.0,0.5081214276593341,[[ 0.]]
2015-09-14 20:20:00,71,-71.0,0.5037554048410038,[[ 0.]]
2015-09-14 20:25:00,61,-61.0,0.5140806984142346,[[ 0.]]
2015-09-14 20:30:00,72,-72.0,0.5052575165114869,[[ 0.]]
2015-09-14 20:35:00,64,-64.0,0.5126809262999704,[[ 0.]]
2015-09-14 20:40:00,64,-64.0,0.5126449165241999,[[ 0.]]
2015-09-14 20:45:00,67,-67.0,0.5141788640940824,[[ 0.]]
2015-09-14 20:50:00,65,-65.0,0.5141706708951899,[[ 0.]]
2015-09-14 21:30:00,65,-65.0,0.5141624830652243,[[ 0.]]
2015-09-14 21:35:00,65,-65.0,0.5156580650766657,[[ 0.]]
2015-09-14 21:45:00,74,-74.0,0.4917803774957942,[[ 0.]]
2015-09-14 22:06:00,61,-61.0,0.5066774856168339,[[ 0.]]
2015-09-14 22:21:00,60,-60.0,0.5080301799693234,[[ 0.]]
2015-09-14 22:30:00,64,-64.0,0.5200019684627775,[[ 0.]]
2015-09-14 22:40:00,66,-66.0,0.5170205334355547,[[ 0.]]
2015-09-14 22:45:00,66,-66.0,0.5140290082993835,[[ 0.]]
2015-09-14 22:50:00,70,-70.0,0.5096023940609569,[[ 0.]]
2015-09-15 03:45:00,62,-62.0,0.5140351942452062,[[ 0.]]
2015-09-15 04:10:00,64,-64.0,0.5155113086298649,[[ 0.]]
2015-09-15 04:31:00,61,-61.0,0.5214278896532555,[[ 0.]]
2015-09-15 04:55:00,90,-90.0,0.49787331084988373,[[ 0.]]
2015-09-15 05:26:00,60,-60.0,0.49920145359522206,[[ 0.]]
2015-09-15 05:31:00,66,-66.0,0.49039413184991854,[[ 0.]]
2015-09-15 05:41:00,63,-63.0,0.4917816774211864,[[ 0.]]
2015-09-15 05:46:00,76,-76.0,0.47740984644860085,[[ 0.]]
2015-09-15 05:51:00,56,-56.0,0.4918366743968259,[[ 0.]]
2015-09-15 06:05:00,72,-72.0,0.4890531474735186,[[ 0.]]
2015-09-15 06:45:00,66,-66.0,0.48320178086901355,[[ 0.]]
2015-09-15 07:06:00,67,-67.0,0.47881727169600286,[[ 0.]]
2015-09-15 07:11:00,63,-63.0,0.47580854457379607,[[ 0.]]
2015-09-15 07:16:00,67,-67.0,0.5094438055969688,[[ 0.]]
2015-09-15 07:21:00,70,-70.0,0.49488366336540957,[[ 0.]]
2015-09-15 07:26:00,70,-70.0,0.489098601101115,[[ 0.]]
2015-09-15 07:31:00,71,-71.0,0.4774782202211578,[[ 0.]]
2015-09-15 07:46:00,62,-62.0,0.4979022842542824,[[ 0.]]
2015-09-15 07:51:00,69,-69.0,0.47887655280872554,[[ 0.]]
2015-09-15 07:56:00,67,-67.0,0.4862088731636497,[[ 0.]]
2015-09-15 08:11:00,66,-66.0,0.4861829467041051,[[ 0.]]
2015-09-15 08:21:00,65,-65.0,0.4890850822959619,[[ 0.]]
2015-09-15 08:26:00,61,-61.0,0.49192076198726153,[[ 0.]]
2015-09-15 08:31:00,68,-68.0,0.49047153006000743,[[ 0.]]
2015-09-15 08:41:00,66,-66.0,0.49636735323168724,[[ 0.]]
2015-09-15 08:46:00,67,-67.0,0.5008216561538167,[[ 0.]]
2015-09-15 08:51:00,66,-66.0,0.5082332517682365,[[ 0.]]
2015-09-15 08:56:00,66,-66.0,0.5022984476729258,[[ 0.]]
2015-09-15 09:01:00,70,-70.0,0.5008944872743033,[[ 0.]]
2015-09-15 09:06:00,71,-71.0,0.49504972720790896,[[ 0.]]
2015-09-15 09:16:00,65,-65.0,0.49650442469501554,[[ 0.]]
2015-09-15 09:21:00,63,-63.0,0.49941126251704515,[[ 0.]]
2015-09-15 09:31:00,63,-63.0,0.4963575740959314,[[ 0.]]
2015-09-15 09:36:00,63,-63.0,0.503748043595245,[[ 0.]]
2015-09-15 09:41:00,62,-62.0,0.509631339680356,[[ 0.]]
2015-09-15 09:46:00,65,-65.0,0.5126074678362369,[[ 0.]]
2015-09-15 09:51:00,61,-61.0,0.5199652476944884,[[ 0.]]
2015-09-15 10:01:00,72,-72.0,0.511119291408936,[[ 0.]]
2015-09-15 10:16:00,67,-67.0,0.5156396034398666,[[ 0.]]
2015-09-15 10:26:00,66,-66.0,0.5231435060131334,[[ 0.]]
2015-09-15 10:31:00,74,-74.0,0.509811575807644,[[ 0.]]
2015-09-15 10:36:00,66,-66.0,0.5053251172856256,[[ 0.]]
2015-09-15 10:41:00,70,-70.0,0.4949117015129296,[[ 0.]]
2015-09-15 10:46:00,67,-67.0,0.488914855297507,[[ 0.]]
2015-09-15 11:06:00,68,-68.0,0.4799234571102696,[[ 0.]]
2015-09-15 11:11:00,66,-66.0,0.4783857324598859,[[ 0.]]
2015-09-15 11:16:00,65,-65.0,0.4723106512322428,[[ 0.]]
2015-09-15 11:21:00,60,-60.0,0.4902552737127521,[[ 0.]]
2015-09-15 11:31:00,66,-66.0,0.49174458765774753,[[ 0.]]
2015-09-15 11:36:00,67,-67.0,0.49023855371725056,[[ 0.]]
2015-09-15 11:41:00,66,-66.0,0.5023228425344062,[[ 0.]]
2015-09-15 11:46:00,67,-67.0,0.5008268262036157,[[ 0.]]
2015-09-15 11:51:00,66,-66.0,0.5068912773909329,[[ 0.]]
2015-09-15 11:56:00,67,-67.0,0.5069166402523624,[[ 0.]]
2015-09-15 12:06:00,69,-69.0,0.5054613298207842,[[ 0.]]
2015-09-15 12:11:00,69,-69.0,0.5009581469519852,[[ 0.]]
2015-09-15 12:16:00,71,-71.0,0.49192344373667807,[[ 0.]]
2015-09-15 12:21:00,64,-64.0,0.4857709645124434,[[ 0.]]
2015-09-15 12:26:00,69,-69.0,0.4812409969238667,[[ 0.]]
2015-09-15 12:31:00,68,-68.0,0.4797286124842072,[[ 0.]]
2015-09-15 12:36:00,67,-67.0,0.4781886900003578,[[ 0.]]
2015-09-15 12:41:00,66,-66.0,0.47968257715170826,[[ 0.]]
2015-09-15 12:46:00,68,-68.0,0.47663110613733883,[[ 0.]]
2015-09-15 12:51:00,72,-72.0,0.4691116850216639,[[ 0.]]
2015-09-15 12:56:00,66,-66.0,0.4736576566021695,[[ 0.]]
2015-09-15 13:01:00,62,-62.0,0.48429364548336984,[[ 0.]]
2015-09-15 13:06:00,71,-71.0,0.4843904337816518,[[ 0.]]
2015-09-15 13:11:00,74,-74.0,0.46927070570143115,[[ 0.]]
2015-09-15 13:16:00,65,-65.0,0.4753316529113253,[[ 0.]]
2015-09-15 13:21:00,61,-61.0,0.48595825735171294,[[ 0.]]
2015-09-15 13:26:00,63,-63.0,0.49202228884909327,[[ 0.]]
2015-09-15 13:31:00,66,-66.0,0.4920054848221064,[[ 0.]]
2015-09-15 13:36:00,63,-63.0,0.49962971796080724,[[ 0.]]
2015-09-15 13:41:00,60,-60.0,0.517959525913463,[[ 0.]]
2015-09-15 13:46:00,59,-59.0,0.5285212873763274,[[ 0.]]
2015-09-15 13:51:00,60,-60.0,0.53143408365198,[[ 0.]]
2015-09-15 13:54:00,56,-56.0,0.5539004795145416,[[ 0.]]
2015-09-15 13:59:00,49,-49.0,0.5898926212531577,[[ 0.]]
2015-09-15 14:04:00,43,-43.0,0.6184270678356794,[[ 0.]]
2015-09-15 14:09:00,59,-59.0,0.6209544540120859,[[ 0.]]
2015-09-15 14:14:00,51,-51.0,0.6360356589429225,[[ 0.]]
2015-09-15 14:19:00,42,-42.0,0.6637032672942345,[[ 0.]]
2015-09-15 14:24:00,25,-25.0,0.6965664290558562,[[ 0.]]
2015-09-15 14:29:00,10,-10.0,0.7239496234353654,[[ 0.]]
2015-09-15 14:34:00,8,-8.0,0.7438129541821694,[[ 0.]]
2015-09-15 14:39:00,46,-46.0,0.7523566397521556,[[ 0.]]
2015-09-15 14:44:00,65,-65.0,0.7453781777730728,[[ 0.]]
2015-09-15 14:49:00,68,-68.0,0.7299732609486196,[[ 0.]]
2015-09-15 14:54:00,67,-67.0,0.7097578049205616,[[ 0.]]
2015-09-15 14:59:00,64,-64.0,0.7056033205741957,[[ 0.]]
2015-09-15 15:04:00,67,-67.0,0.6916838454167693,[[ 0.]]
2015-09-15 15:09:00,62,-62.0,0.6736449261520984,[[ 0.]]
2015-09-15 15:14:00,66,-66.0,0.6353671064912234,[[ 0.]]
2015-09-15 15:24:00,68,-68.0,0.5787031027076099,[[ 0.]]
2015-09-15 15:34:00,65,-65.0,0.5211989734713189,[[ 0.]]
2015-09-15 15:39:00,65,-65.0,0.501831800434308,[[ 0.]]
2015-09-15 15:44:00,68,-68.0,0.49879700546866657,[[ 0.]]
2015-09-15 15:49:00,66,-66.0,0.5008434481055419,[[ 0.]]
2015-09-15 15:54:00,64,-64.0,0.5038923118503649,[[ 0.]]
2015-09-15 15:59:00,64,-64.0,0.5038715771120752,[[ 0.]]
2015-09-15 16:04:00,63,-63.0,0.5079432293894777,[[ 0.]]
2015-09-15 16:09:00,63,-63.0,0.5068850242277556,[[ 0.]]
2015-09-15 16:14:00,67,-67.0,0.5058800517657651,[[ 0.]]
2015-09-15 16:19:00,63,-63.0,0.5109970652494684,[[ 0.]]
2015-09-15 16:24:00,66,-66.0,0.5099820852102563,[[ 0.]]
2015-09-15 16:29:00,67,-67.0,0.5079448571293528,[[ 0.]]
2015-09-15 16:34:00,65,-65.0,0.5110448857272898,[[ 0.]]
2015-09-15 16:39:00,65,-65.0,0.512082347702725,[[ 0.]]
2015-09-15 16:44:00,64,-64.0,0.5120714801110828,[[ 0.]]
2015-09-15 16:49:00,69,-69.0,0.5069384257514076,[[ 0.]]
2015-09-15 16:54:00,65,-65.0,0.5048577086925812,[[ 0.]]
2015-09-15 16:59:00,65,-65.0,0.502771568415247,[[ 0.]]
2015-09-15 17:04:00,62,-62.0,0.5079270282403618,[[ 0.]]
2015-09-15 17:09:00,57,-57.0,0.5140333833128974,[[ 0.]]
2015-09-15 17:14:00,52,-52.0,0.5282376422466994,[[ 0.]]
2015-09-15 17:19:00,51,-51.0,0.544254383276712,[[ 0.]]
2015-09-15 17:24:00,62,-62.0,0.5473064602018742,[[ 0.]]
2015-09-15 17:29:00,59,-59.0,0.5533287482666072,[[ 0.]]
2015-09-15 17:39:00,68,-68.0,0.5493317994455436,[[ 0.]]
2015-09-15 17:44:00,64,-64.0,0.554477913217538,[[ 0.]]
2015-09-15 17:49:00,65,-65.0,0.554535773580953,[[ 0.]]
2015-09-15 17:54:00,66,-66.0,0.5535835637053221,[[ 0.]]
2015-09-15 17:59:00,67,-67.0,0.5485322643051063,[[ 0.]]
2015-09-15 18:04:00,63,-63.0,0.5423685162778065,[[ 0.]]
2015-09-15 18:14:00,59,-59.0,0.535051830767816,[[ 0.]]
2015-09-15 18:19:00,68,-68.0,0.5175307938869538,[[ 0.]]
2015-09-15 18:24:00,66,-66.0,0.5134057326814596,[[ 0.]]
2015-09-15 18:29:00,66,-66.0,0.5061503723837228,[[ 0.]]
2015-09-15 18:34:00,65,-65.0,0.5092698119191439,[[ 0.]]
2015-09-15 18:39:00,64,-64.0,0.509256944936463,[[ 0.]]
2015-09-15 18:44:00,70,-70.0,0.5041053356005543,[[ 0.]]
2015-09-15 18:49:00,67,-67.0,0.5030821773210716,[[ 0.]]
2015-09-15 18:54:00,63,-63.0,0.5072287166344602,[[ 0.]]
2015-09-15 19:04:00,64,-64.0,0.5061672037051315,[[ 0.]]
2015-09-15 19:09:00,65,-65.0,0.49987860640725224,[[ 0.]]
2015-09-15 19:14:00,64,-64.0,0.5040503539420441,[[ 0.]]
2015-09-15 19:19:00,60,-60.0,0.5102679337665954,[[ 0.]]
2015-09-15 19:24:00,65,-65.0,0.5113203226257743,[[ 0.]]
2015-09-15 19:29:00,69,-69.0,0.5071690202893765,[[ 0.]]
2015-09-15 19:34:00,63,-63.0,0.5081916930433752,[[ 0.]]
2015-09-15 19:39:00,59,-59.0,0.519665813787147,[[ 0.]]
2015-09-15 19:44:00,69,-69.0,0.51762228687142,[[ 0.]]
2015-09-15 19:49:00,60,-60.0,0.5207051142768206,[[ 0.]]
2015-09-15 19:54:00,60,-60.0,0.5248392694233831,[[ 0.]]
2015-09-15 19:59:00,59,-59.0,0.5310475377517054,[[ 0.]]
2015-09-15 20:09:00,62,-62.0,0.533123793224705,[[ 0.]]
2015-09-15 20:14:00,61,-61.0,0.5320276267436999,[[ 0.]]
2015-09-15 20:24:00,58,-58.0,0.5392501266341185,[[ 0.]]
2015-09-15 20:29:00,63,-63.0,0.5455460736581074,[[ 0.]]
2015-09-15 20:34:00,65,-65.0,0.543493134954327,[[ 0.]]
2015-09-15 20:49:00,57,-57.0,0.5454223600234915,[[ 0.]]
2015-09-15 20:54:00,62,-62.0,0.5527423046733968,[[ 0.]]
2015-09-15 20:59:00,62,-62.0,0.5506406156669089,[[ 0.]]
2015-09-15 21:04:00,62,-62.0,0.5485342823152248,[[ 0.]]
2015-09-15 21:19:00,64,-64.0,0.5433104528285966,[[ 0.]]
2015-09-15 21:29:00,63,-63.0,0.5422649867527565,[[ 0.]]
2015-09-15 22:09:00,57,-57.0,0.5463074276771747,[[ 0.]]
2015-09-15 22:34:00,59,-59.0,0.5451601039904486,[[ 0.]]
2015-09-15 22:39:00,63,-63.0,0.5451702313052486,[[ 0.]]
2015-09-15 22:44:00,67,-67.0,0.5431323946146435,[[ 0.]]
2015-09-15 23:19:00,65,-65.0,0.5347246594268937,[[ 0.]]
2015-09-15 23:24:00,61,-61.0,0.5357399393062905,[[ 0.]]
2015-09-15 23:29:00,61,-61.0,0.5367561877938278,[[ 0.]]
2015-09-15 23:34:00,60,-60.0,0.5388057889483653,[[ 0.]]
2015-09-16 00:49:00,67,-67.0,0.5356899120682643,[[ 0.]]
2015-09-16 01:44:00,57,-57.0,0.5418816993651867,[[ 0.]]
2015-09-16 02:19:00,59,-59.0,0.5396739875028784,[[ 0.]]
2015-09-16 03:04:00,60,-60.0,0.5385516969120971,[[ 0.]]
2015-09-16 04:44:00,58,-58.0,0.5437101485788634,[[ 0.]]
2015-09-16 05:09:00,66,-66.0,0.5448239585515315,[[ 0.]]
2015-09-16 05:19:00,69,-69.0,0.5406726010496122,[[ 0.]]
2015-09-16 05:29:00,62,-62.0,0.5395984904801324,[[ 0.]]
2015-09-16 05:39:00,65,-65.0,0.5353916348805949,[[ 0.]]
2015-09-16 05:49:00,65,-65.0,0.5301063914769852,[[ 0.]]
2015-09-16 06:09:00,61,-61.0,0.5364485457198738,[[ 0.]]
2015-09-16 06:14:00,64,-64.0,0.5290093506732274,[[ 0.]]
2015-09-16 06:24:00,65,-65.0,0.5226265286353413,[[ 0.]]
2015-09-16 06:39:00,65,-65.0,0.5172934924876531,[[ 0.]]
2015-09-16 06:44:00,66,-66.0,0.5087396272423524,[[ 0.]]
2015-09-16 06:54:00,61,-61.0,0.5140506420313267,[[ 0.]]
2015-09-16 07:19:00,64,-64.0,0.5194146345383871,[[ 0.]]
2015-09-16 07:24:00,69,-69.0,0.5119504209534091,[[ 0.]]
2015-09-16 07:29:00,59,-59.0,0.5183112753936281,[[ 0.]]
2015-09-16 07:34:00,71,-71.0,0.5119353779366245,[[ 0.]]
2015-09-16 07:44:00,66,-66.0,0.5065711693853634,[[ 0.]]
2015-09-16 07:49:00,66,-66.0,0.5044276524458343,[[ 0.]]
2015-09-16 07:54:00,67,-67.0,0.5022915541684169,[[ 0.]]
2015-09-16 07:59:00,68,-68.0,0.49908277559118763,[[ 0.]]
2015-09-16 08:04:00,64,-64.0,0.5012245639342052,[[ 0.]]
2015-09-16 08:09:00,68,-68.0,0.4936770427491487,[[ 0.]]
2015-09-16 08:14:00,69,-69.0,0.4882981769449687,[[ 0.]]
2015-09-16 08:19:00,71,-71.0,0.48619696390695955,[[ 0.]]
2015-09-16 08:24:00,66,-66.0,0.47859668565236324,[[ 0.]]
2015-09-16 08:29:00,70,-70.0,0.47972455792726143,[[ 0.]]
2015-09-16 08:39:00,71,-71.0,0.4743661751681789,[[ 0.]]
2015-09-16 08:49:00,68,-68.0,0.47220126936079243,[[ 0.]]
2015-09-16 08:54:00,62,-62.0,0.47756339960735594,[[ 0.]]
2015-09-16 08:59:00,67,-67.0,0.47864338529988326,[[ 0.]]
2015-09-16 09:04:00,63,-63.0,0.47967846622390564,[[ 0.]]
2015-09-16 09:09:00,71,-71.0,0.47647489211699146,[[ 0.]]
2015-09-16 09:14:00,64,-64.0,0.4818795666120672,[[ 0.]]
2015-09-16 09:24:00,70,-70.0,0.4830159360172823,[[ 0.]]
2015-09-16 09:34:00,67,-67.0,0.48192197177266394,[[ 0.]]
2015-09-16 09:44:00,67,-67.0,0.48520046686605567,[[ 0.]]
2015-09-16 09:54:00,66,-66.0,0.4906650225555099,[[ 0.]]
2015-09-16 09:59:00,61,-61.0,0.4982760893161906,[[ 0.]]
2015-09-16 10:04:00,69,-69.0,0.49063675379742433,[[ 0.]]
2015-09-16 10:09:00,67,-67.0,0.49064363128668875,[[ 0.]]
2015-09-16 10:14:00,70,-70.0,0.4830038321907427,[[ 0.]]
2015-09-16 10:19:00,71,-71.0,0.4830672461943565,[[ 0.]]
2015-09-16 10:24:00,67,-67.0,0.4797674180299313,[[ 0.]]
2015-09-16 10:29:00,59,-59.0,0.4917840543195686,[[ 0.]]
2015-09-16 10:34:00,69,-69.0,0.4896179685479103,[[ 0.]]
2015-09-16 10:44:00,69,-69.0,0.48744866497429185,[[ 0.]]
2015-09-16 10:49:00,68,-68.0,0.48526095372233513,[[ 0.]]
2015-09-16 10:54:00,72,-72.0,0.4732262387368449,[[ 0.]]
2015-09-16 10:59:00,68,-68.0,0.4743312619225605,[[ 0.]]
2015-09-16 11:04:00,62,-62.0,0.4797819299660363,[[ 0.]]
2015-09-16 11:09:00,64,-64.0,0.48636986183572517,[[ 0.]]
2015-09-16 11:14:00,66,-66.0,0.49189296827036477,[[ 0.]]
2015-09-16 11:19:00,60,-60.0,0.4995721271259408,[[ 0.]]
2015-09-16 11:24:00,66,-66.0,0.4918156457913774,[[ 0.]]
2015-09-16 11:29:00,71,-71.0,0.48966350154735894,[[ 0.]]
2015-09-16 11:34:00,56,-56.0,0.5039501164439613,[[ 0.]]
2015-09-16 11:39:00,63,-63.0,0.5094593995144466,[[ 0.]]
2015-09-16 11:44:00,67,-67.0,0.5150295218207586,[[ 0.]]
2015-09-16 11:49:00,64,-64.0,0.5194615393598034,[[ 0.]]
2015-09-16 11:59:00,67,-67.0,0.5139466640868098,[[ 0.]]
2015-09-16 12:04:00,62,-62.0,0.5161337722335614,[[ 0.]]
2015-09-16 12:14:00,65,-65.0,0.5172561182551795,[[ 0.]]
2015-09-16 12:19:00,66,-66.0,0.5105953546769921,[[ 0.]]
2015-09-16 12:24:00,65,-65.0,0.511714543700927,[[ 0.]]
2015-09-16 12:29:00,73,-73.0,0.5095697818989747,[[ 0.]]
2015-09-16 12:34:00,67,-67.0,0.49731552402627055,[[ 0.]]
2015-09-16 12:39:00,62,-62.0,0.4983852323775372,[[ 0.]]
2015-09-16 12:44:00,68,-68.0,0.4972946181053176,[[ 0.]]
2015-09-16 12:49:00,62,-62.0,0.4994853768637927,[[ 0.]]
2015-09-16 12:54:00,67,-67.0,0.49950164320073887,[[ 0.]]
2015-09-16 12:59:00,63,-63.0,0.4983466736718771,[[ 0.]]
2015-09-16 13:04:00,68,-68.0,0.49500728141922745,[[ 0.]]
2015-09-16 13:09:00,69,-69.0,0.491675858162265,[[ 0.]]
2015-09-16 13:14:00,69,-69.0,0.4872162446401246,[[ 0.]]
2015-09-16 13:19:00,65,-65.0,0.4961947694366192,[[ 0.]]
2015-09-16 13:24:00,61,-61.0,0.502890031700161,[[ 0.]]
2015-09-16 13:29:00,73,-73.0,0.4906034313577211,[[ 0.]]
2015-09-16 13:34:00,66,-66.0,0.4928496424488409,[[ 0.]]
2015-09-16 13:39:00,51,-51.0,0.5050295508757416,[[ 0.]]
2015-09-16 13:44:00,50,-50.0,0.5237119837509931,[[ 0.]]
2015-09-16 13:49:00,34,-34.0,0.5538507980502492,[[ 0.]]
2015-09-16 13:54:00,24,-24.0,0.5953063692017,[[ 0.]]
2015-09-16 13:59:00,7,-7.0,0.6422597093139056,[[ 0.]]
2015-09-16 14:04:00,14,-14.0,0.6778002152330727,[[ 0.]]
2015-09-16 14:09:00,7,-7.0,0.7067100647962231,[[ 0.]]
2015-09-16 14:14:00,32,-32.0,0.7218096037158565,[[ 0.]]
2015-09-16 14:19:00,17,-17.0,0.7471683616444245,[[ 0.]]
2015-09-16 14:24:00,8,-8.0,0.7660606235209918,[[ 0.]]
2015-09-16 14:29:00,6,-6.0,0.7746788197133005,[[ 0.]]
2015-09-16 14:30:00,8,-8.0,0.7817229973919331,[[ 0.]]
2015-09-16 14:35:00,20,-20.0,0.7802994140622741,[[ 0.]]
2015-09-16 14:40:00,8,-8.0,0.7753814904462757,[[ 0.]]
2015-09-16 14:45:00,23,-23.0,0.7623476619379672,[[ 0.]]
2015-09-16 14:50:00,74,-74.0,0.7354259256837746,[[ 0.]]
2015-09-16 14:55:00,65,-65.0,0.7082014363965152,[[ 0.]]
2015-09-16 15:00:00,67,-67.0,0.6912103493255997,[[ 0.]]
2015-09-16 15:05:00,74,-74.0,0.6623287995010114,[[ 0.]]
2015-09-16 15:10:00,59,-59.0,0.6356624790103806,[[ 0.]]
2015-09-16 15:15:00,65,-65.0,0.6040307422762781,[[ 0.]]
2015-09-16 15:20:00,64,-64.0,0.5732876620322731,[[ 0.]]
2015-09-16 15:25:00,64,-64.0,0.5487687539676049,[[ 0.]]
2015-09-16 15:30:00,68,-68.0,0.5149835299028656,[[ 0.]]
2015-09-16 15:35:00,73,-73.0,0.4867305891461501,[[ 0.]]
2015-09-16 15:40:00,71,-71.0,0.48845908584681985,[[ 0.]]
2015-09-16 15:45:00,67,-67.0,0.4873262368288914,[[ 0.]]
2015-09-16 15:50:00,66,-66.0,0.4878865222026638,[[ 0.]]
2015-09-16 15:55:00,68,-68.0,0.4913015951615848,[[ 0.]]
2015-09-16 16:00:00,65,-65.0,0.4878809241083194,[[ 0.]]
2015-09-16 16:05:00,57,-57.0,0.49238061445701786,[[ 0.]]
2015-09-16 16:10:00,70,-70.0,0.48899157362984935,[[ 0.]]
2015-09-16 16:15:00,66,-66.0,0.4878471061584495,[[ 0.]]
2015-09-16 16:20:00,66,-66.0,0.48898100074730433,[[ 0.]]
2015-09-16 16:25:00,65,-65.0,0.4935366335061693,[[ 0.]]
2015-09-16 16:30:00,66,-66.0,0.49639407160032234,[[ 0.]]
2015-09-16 16:35:00,64,-64.0,0.49810106434509605,[[ 0.]]
2015-09-16 16:40:00,55,-55.0,0.5043331120697806,[[ 0.]]
2015-09-16 16:45:00,30,-30.0,0.5253951104743616,[[ 0.]]
2015-09-16 16:50:00,11,-11.0,0.553042741935047,[[ 0.]]
2015-09-16 16:55:00,12,-12.0,0.5738577153219211,[[ 0.]]
2015-09-16 17:00:00,33,-33.0,0.591325643139905,[[ 0.]]
2015-09-16 17:05:00,43,-43.0,0.602115432241204,[[ 0.]]
2015-09-16 17:10:00,1,-1.0,0.6269122126557214,[[ 0.]]
2015-09-16 17:15:00,19,-19.0,0.6441062500565151,[[ 0.]]
2015-09-16 17:20:00,23,-23.0,0.6595998905931666,[[ 0.]]
2015-09-16 17:25:00,53,-53.0,0.6641195302353522,[[ 0.]]
2015-09-16 17:30:00,60,-60.0,0.6621058522756965,[[ 0.]]
2015-09-16 17:35:00,56,-56.0,0.6510036946413323,[[ 0.]]
2015-09-16 17:40:00,44,-44.0,0.6361166910084555,[[ 0.]]
2015-09-16 17:45:00,57,-57.0,0.6164417805820634,[[ 0.]]
2015-09-16 17:50:00,55,-55.0,0.6066528655543708,[[ 0.]]
2015-09-16 17:55:00,63,-63.0,0.5978308943311492,[[ 0.]]
2015-09-16 18:00:00,68,-68.0,0.5676757085284467,[[ 0.]]
2015-09-16 18:05:00,70,-70.0,0.5444208953065475,[[ 0.]]
2015-09-16 18:10:00,62,-62.0,0.526488022262773,[[ 0.]]
2015-09-16 18:15:00,66,-66.0,0.5205142270274848,[[ 0.]]
2015-09-16 18:20:00,67,-67.0,0.5173058435107101,[[ 0.]]
2015-09-16 18:25:00,68,-68.0,0.5117761061040129,[[ 0.]]
2015-09-16 18:30:00,67,-67.0,0.5011233317003891,[[ 0.]]
2015-09-16 18:35:00,66,-66.0,0.49694906759040147,[[ 0.]]
2015-09-16 18:40:00,68,-68.0,0.4909170369977749,[[ 0.]]
2015-09-16 18:45:00,69,-69.0,0.48813919085447854,[[ 0.]]
2015-09-16 18:50:00,68,-68.0,0.4881452139065974,[[ 0.]]
2015-09-16 18:55:00,71,-71.0,0.4877039231379595,[[ 0.]]
2015-09-16 19:05:00,67,-67.0,0.4853721279117651,[[ 0.]]
2015-09-16 19:10:00,64,-64.0,0.48628800129643324,[[ 0.]]
2015-09-16 19:15:00,64,-64.0,0.48767319591114755,[[ 0.]]
2015-09-16 19:25:00,64,-64.0,0.48952928757346614,[[ 0.]]
2015-09-16 19:30:00,63,-63.0,0.4913848512093546,[[ 0.]]
2015-09-16 19:35:00,65,-65.0,0.4918470333305852,[[ 0.]]
2015-09-16 19:40:00,64,-64.0,0.4937135861976437,[[ 0.]]
2015-09-16 19:45:00,65,-65.0,0.49558890489090446,[[ 0.]]
2015-09-16 19:50:00,66,-66.0,0.496532208237067,[[ 0.]]
2015-09-16 20:00:00,63,-63.0,0.5002882970672538,[[ 0.]]
2015-09-16 20:05:00,67,-67.0,0.5003002879537687,[[ 0.]]
2015-09-16 20:10:00,62,-62.0,0.501231802054755,[[ 0.]]
2015-09-16 20:15:00,61,-61.0,0.5026322961577351,[[ 0.]]
2015-09-16 20:20:00,62,-62.0,0.5035677078386531,[[ 0.]]
2015-09-16 20:25:00,65,-65.0,0.5026272798111555,[[ 0.]]
2015-09-16 20:30:00,63,-63.0,0.5035695166504754,[[ 0.]]
2015-09-16 20:35:00,61,-61.0,0.5049773890047393,[[ 0.]]
2015-09-16 20:40:00,59,-59.0,0.5077992877468254,[[ 0.]]
2015-09-16 20:45:00,56,-56.0,0.5125012947919807,[[ 0.]]
2015-09-16 20:50:00,65,-65.0,0.5115669014960738,[[ 0.]]
2015-09-16 20:55:00,63,-63.0,0.5134711243828503,[[ 0.]]
2015-09-16 21:00:00,67,-67.0,0.5111179877352618,[[ 0.]]
2015-09-16 21:05:00,63,-63.0,0.5101694375828754,[[ 0.]]
2015-09-16 21:10:00,57,-57.0,0.5125174709964062,[[ 0.]]
2015-09-16 21:15:00,58,-58.0,0.5158264549253698,[[ 0.]]
2015-09-16 21:25:00,68,-68.0,0.5134732933090894,[[ 0.]]
2015-09-16 21:40:00,62,-62.0,0.5129965152478957,[[ 0.]]
2015-09-16 21:45:00,64,-64.0,0.5106184326599899,[[ 0.]]
2015-09-16 21:55:00,66,-66.0,0.5058530110913362,[[ 0.]]
2015-09-16 22:05:00,65,-65.0,0.5058611350389874,[[ 0.]]
2015-09-16 22:14:00,57,-57.0,0.5087006624910676,[[ 0.]]
2015-09-16 22:20:00,61,-61.0,0.5115668839468731,[[ 0.]]
2015-09-16 22:25:00,58,-58.0,0.5139385039882145,[[ 0.]]
2015-09-16 22:30:00,62,-62.0,0.5115400645888587,[[ 0.]]
2015-09-16 22:40:00,61,-61.0,0.5100921008083821,[[ 0.]]
2015-09-16 22:45:00,63,-63.0,0.5124986227834927,[[ 0.]]
2015-09-16 22:55:00,59,-59.0,0.5139233041576474,[[ 0.]]
2015-09-16 23:10:00,64,-64.0,0.5139347270489378,[[ 0.]]
2015-09-16 23:35:00,64,-64.0,0.5149099903882626,[[ 0.]]
2015-09-16 23:55:00,59,-59.0,0.5177859548263193,[[ 0.]]
2015-09-17 00:10:00,66,-66.0,0.5134666122624578,[[ 0.]]
2015-09-17 00:45:00,63,-63.0,0.5125060373786801,[[ 0.]]
2015-09-17 01:05:00,57,-57.0,0.5129576535117992,[[ 0.]]
2015-09-17 01:40:00,56,-56.0,0.5158190906644401,[[ 0.]]
2015-09-17 01:55:00,53,-53.0,0.5196186468510728,[[ 0.]]
2015-09-17 02:10:00,66,-66.0,0.5181947723188841,[[ 0.]]
2015-09-17 02:50:00,61,-61.0,0.5172260146912061,[[ 0.]]
2015-09-17 03:20:00,56,-56.0,0.5210582523199465,[[ 0.]]
2015-09-17 04:35:00,58,-58.0,0.5239406461032521,[[ 0.]]
2015-09-17 04:55:00,62,-62.0,0.5224982480593884,[[ 0.]]
2015-09-17 05:10:00,64,-64.0,0.5234874898820974,[[ 0.]]
2015-09-17 05:15:00,65,-65.0,0.5225427378017775,[[ 0.]]
2015-09-17 05:30:00,73,-73.0,0.5148182335909754,[[ 0.]]
2015-09-17 05:35:00,63,-63.0,0.5114220017319097,[[ 0.]]
2015-09-17 05:40:00,63,-63.0,0.506557899236513,[[ 0.]]
2015-09-17 05:45:00,66,-66.0,0.5065714855210475,[[ 0.]]
2015-09-17 05:50:00,62,-62.0,0.5060780166647973,[[ 0.]]
2015-09-17 05:55:00,72,-72.0,0.49830821114532553,[[ 0.]]
2015-09-17 06:15:00,56,-56.0,0.4992439873295862,[[ 0.]]
2015-09-17 06:20:00,52,-52.0,0.5040618383924601,[[ 0.]]
2015-09-17 06:25:00,61,-61.0,0.5055129294244276,[[ 0.]]
2015-09-17 06:30:00,51,-51.0,0.5122656808033954,[[ 0.]]
2015-09-17 06:40:00,64,-64.0,0.5166639947772088,[[ 0.]]
2015-09-17 06:55:00,60,-60.0,0.518118900835574,[[ 0.]]
2015-09-17 07:00:00,59,-59.0,0.5200567324831478,[[ 0.]]
2015-09-17 07:05:00,38,-38.0,0.5333395722066946,[[ 0.]]
2015-09-17 07:10:00,53,-53.0,0.537614065821267,[[ 0.]]
2015-09-17 07:15:00,56,-56.0,0.5452963543494094,[[ 0.]]
2015-09-17 07:25:00,53,-53.0,0.5466632255070701,[[ 0.]]
2015-09-17 07:35:00,68,-68.0,0.5390027051846519,[[ 0.]]
2015-09-17 07:40:00,56,-56.0,0.5413826415614523,[[ 0.]]
2015-09-17 07:45:00,62,-62.0,0.5360935208249975,[[ 0.]]
2015-09-17 07:50:00,65,-65.0,0.5356469337286056,[[ 0.]]
2015-09-17 07:55:00,61,-61.0,0.5351764086919877,[[ 0.]]
2015-09-17 08:00:00,64,-64.0,0.5327830911009328,[[ 0.]]
2015-09-17 08:05:00,60,-60.0,0.5220946388429721,[[ 0.]]
2015-09-17 08:10:00,58,-58.0,0.5196421559265365,[[ 0.]]
2015-09-17 08:15:00,62,-62.0,0.5167247171637872,[[ 0.]]
2015-09-17 08:20:00,67,-67.0,0.5099196389207676,[[ 0.]]
2015-09-17 08:25:00,61,-61.0,0.5133316411978524,[[ 0.]]
2015-09-17 08:30:00,59,-59.0,0.5118489066396501,[[ 0.]]
2015-09-17 08:35:00,60,-60.0,0.5128157206159621,[[ 0.]]
2015-09-17 08:40:00,59,-59.0,0.5157349721983844,[[ 0.]]
2015-09-17 08:45:00,59,-59.0,0.51669914826476,[[ 0.]]
2015-09-17 08:50:00,63,-63.0,0.5171985355904538,[[ 0.]]
2015-09-17 08:55:00,55,-55.0,0.5196036048531425,[[ 0.]]
2015-09-17 09:00:00,54,-54.0,0.5215086486288181,[[ 0.]]
2015-09-17 09:05:00,64,-64.0,0.5205475743631025,[[ 0.]]
2015-09-17 09:10:00,63,-63.0,0.5225223741792184,[[ 0.]]
2015-09-17 09:15:00,67,-67.0,0.5196089014172713,[[ 0.]]
2015-09-17 09:20:00,62,-62.0,0.5181411954635431,[[ 0.]]
2015-09-17 09:25:00,67,-67.0,0.5147251889063769,[[ 0.]]
2015-09-17 09:30:00,65,-65.0,0.5117865147338148,[[ 0.]]
2015-09-17 09:35:00,63,-63.0,0.5098187110559884,[[ 0.]]
2015-09-17 09:40:00,61,-61.0,0.5107986251047093,[[ 0.]]
2015-09-17 09:45:00,69,-69.0,0.5039118510437512,[[ 0.]]
2015-09-17 09:50:00,65,-65.0,0.49847881575770103,[[ 0.]]
2015-09-17 09:55:00,63,-63.0,0.4989664291532756,[[ 0.]]
2015-09-17 10:00:00,65,-65.0,0.49797783451004973,[[ 0.]]
2015-09-17 10:05:00,71,-71.0,0.4960254618391855,[[ 0.]]
2015-09-17 10:10:00,66,-66.0,0.49404546393075643,[[ 0.]]
2015-09-17 10:15:00,64,-64.0,0.4955281243100027,[[ 0.]]
2015-09-17 10:20:00,61,-61.0,0.49749706730051335,[[ 0.]]
2015-09-17 10:25:00,65,-65.0,0.4965031614818157,[[ 0.]]
2015-09-17 10:30:00,65,-65.0,0.4945117188837428,[[ 0.]]
2015-09-17 10:35:00,62,-62.0,0.4979844566477911,[[ 0.]]
2015-09-17 10:45:00,64,-64.0,0.49848000489025746,[[ 0.]]
2015-09-17 10:50:00,61,-61.0,0.49946190870233076,[[ 0.]]
2015-09-17 10:55:00,59,-59.0,0.5024340350348899,[[ 0.]]
2015-09-17 11:00:00,64,-64.0,0.5059344507456682,[[ 0.]]
2015-09-17 11:05:00,55,-55.0,0.5113888508011328,[[ 0.]]
2015-09-17 11:10:00,62,-62.0,0.5123884256921519,[[ 0.]]
2015-09-17 11:15:00,61,-61.0,0.5123831891235561,[[ 0.]]
2015-09-17 11:20:00,66,-66.0,0.5119012067778133,[[ 0.]]
2015-09-17 11:25:00,61,-61.0,0.5139009090556688,[[ 0.]]
2015-09-17 11:30:00,69,-69.0,0.5104200961234138,[[ 0.]]
2015-09-17 11:35:00,66,-66.0,0.5094328567583111,[[ 0.]]
2015-09-17 11:40:00,68,-68.0,0.5059385879689052,[[ 0.]]
2015-09-17 11:45:00,69,-69.0,0.5009336466464606,[[ 0.]]
2015-09-17 11:50:00,66,-66.0,0.49993532597496027,[[ 0.]]
2015-09-17 11:55:00,66,-66.0,0.4943996034547229,[[ 0.]]
2015-09-17 12:00:00,64,-64.0,0.49338438138005514,[[ 0.]]
2015-09-17 12:05:00,63,-63.0,0.4923628774165265,[[ 0.]]
2015-09-17 12:10:00,68,-68.0,0.49136391730432716,[[ 0.]]
2015-09-17 12:20:00,62,-62.0,0.49084039395364587,[[ 0.]]
2015-09-17 12:25:00,66,-66.0,0.49235835263979544,[[ 0.]]
2015-09-17 12:30:00,71,-71.0,0.4898552209127369,[[ 0.]]
2015-09-17 12:35:00,67,-67.0,0.4903659180877745,[[ 0.]]
2015-09-17 12:40:00,66,-66.0,0.49188657233268496,[[ 0.]]
2015-09-17 12:45:00,62,-62.0,0.4938993135555151,[[ 0.]]
2015-09-17 12:50:00,62,-62.0,0.49591565498282186,[[ 0.]]
2015-09-17 12:55:00,62,-62.0,0.49691856292164605,[[ 0.]]
2015-09-17 13:00:00,59,-59.0,0.4989275106020077,[[ 0.]]
2015-09-17 13:05:00,56,-56.0,0.5049953253457077,[[ 0.]]
2015-09-17 13:10:00,41,-41.0,0.51548751090908,[[ 0.]]
2015-09-17 13:15:00,63,-63.0,0.5170140018335834,[[ 0.]]
2015-09-17 13:20:00,46,-46.0,0.5294875590013912,[[ 0.]]
2015-09-17 13:25:00,47,-47.0,0.5393759184608412,[[ 0.]]
2015-09-17 13:30:00,63,-63.0,0.5409103865130573,[[ 0.]]
2015-09-17 13:35:00,50,-50.0,0.5467959161986846,[[ 0.]]
2015-09-17 13:40:00,46,-46.0,0.5545510033057014,[[ 0.]]
2015-09-17 13:45:00,33,-33.0,0.5681178664462962,[[ 0.]]
2015-09-17 13:50:00,23,-23.0,0.584006335621443,[[ 0.]]
2015-09-17 13:55:00,26,-26.0,0.596682174092917,[[ 0.]]
2015-09-17 14:00:00,19,-19.0,0.6045798538186351,[[ 0.]]
2015-09-17 14:05:00,27,-27.0,0.619135993496304,[[ 0.]]
