timestamp,value,is_anomaly,anomaly_score,S(t)_reward_low_FP_rate,S(t)_reward_low_FN_rate,S(t)_standard
2013-10-09 16:25:00,0.150450037425,0,0.0,0.0,0.0,0.0
2013-10-09 16:30:00,0.822593658422,0,0.0,0.0,0.0,0.0
2013-10-09 16:35:00,1.0,0,0.0,0.0,0.0,0.0
2013-10-09 16:40:00,0.909055970319,0,0.0,0.0,0.0,0.0
2013-10-09 16:45:00,0.660093207242,0,0.0,0.0,0.0,0.0
2013-10-09 16:50:00,0.441121807851,0,0.0,0.0,0.0,0.0
2013-10-09 16:55:00,0.341952697346,0,0.0,0.0,0.0,0.0
2013-10-09 17:00:00,0.274176994631,0,0.0,0.0,0.0,0.0
2013-10-09 17:05:00,0.243433006393,0,0.0,0.0,0.0,0.0
2013-10-09 17:10:00,0.264638864175,0,0.0,0.0,0.0,0.0
2013-10-09 17:15:00,0.241864918099,0,0.0486589014581,0.0,0.0,0.0
2013-10-09 17:20:00,0.212234103374,0,0.753502889727,0.0,0.0,0.0
2013-10-09 17:25:00,0.176347777335,0,0.953669816256,0.0,0.0,0.0
2013-10-09 17:30:00,0.186637468612,0,0.87618169532,0.0,0.0,0.0
2013-10-09 17:35:00,0.136062144704,0,0.627156310113,0.0,0.0,0.0
2013-10-09 17:40:00,0.122071185169,0,0.408230906881,0.0,0.0,0.0
2013-10-09 17:45:00,0.123814746334,0,0.312676572213,0.0,0.0,0.0
2013-10-09 17:50:00,0.107004839286,0,0.244866719762,0.0,0.0,0.0
2013-10-09 17:55:00,0.119536326395,0,0.214829450759,0.0,0.0,0.0
2013-10-09 18:00:00,0.109584993918,0,0.24165904589,0.0,0.0,0.0
2013-10-09 18:05:00,0.101505242516,0,0.220746537969,0.0,0.0,0.0
2013-10-09 18:10:00,0.106064625866,0,0.19089586965,0.0,0.0,0.0
2013-10-09 18:15:00,0.119387957269,0,0.155526649294,0.0,0.0,0.0
2013-10-09 18:20:00,0.11940186811,0,0.167605442902,0.0,0.0,0.0
2013-10-09 18:25:00,0.129118978786,0,0.115295811958,0.0,0.0,0.0
2013-10-09 18:30:00,0.166004191431,0,0.100811026079,0.0,0.0,0.0
2013-10-09 18:35:00,0.18664087387,0,0.100287913873,0.0,0.0,0.0
2013-10-09 18:40:00,0.206301218832,0,0.0797746137829,0.0,0.0,0.0
2013-10-09 18:45:00,0.21204173924,0,0.090816435532,0.0,0.0,0.0
2013-10-09 18:50:00,0.22244785806,0,0.0772349939239,0.0,0.0,0.0
2013-10-09 18:55:00,0.195777938066,0,0.0645631032483,0.0,0.0,0.0
2013-10-09 19:00:00,0.215746857349,0,0.0671129309002,0.0,0.0,0.0
2013-10-09 19:05:00,0.219915745886,0,0.0799213973825,0.0,0.0,0.0
2013-10-09 19:10:00,0.209379953926,0,0.0784598883739,0.0,0.0,0.0
2013-10-09 19:15:00,0.194522023653,0,0.0871734878001,0.0,0.0,0.0
2013-10-09 19:20:00,0.191762661565,0,0.125742550286,0.0,0.0,0.0
2013-10-09 19:25:00,0.187780858025,0,0.14618764477,0.0,0.0,0.0
2013-10-09 19:30:00,0.177055409012,0,0.166924445892,0.0,0.0,0.0
2013-10-09 19:35:00,0.175255308711,0,0.175392217799,0.0,0.0,0.0
2013-10-09 19:40:00,0.19092383525,0,0.187712327445,0.0,0.0,0.0
2013-10-09 19:45:00,0.176920575292,0,0.159085762051,0.0,0.0,0.0
2013-10-09 19:50:00,0.220666664515,0,0.180605042849,0.0,0.0,0.0
2013-10-09 19:55:00,0.157505586731,0,0.185029557081,0.0,0.0,0.0
2013-10-09 20:00:00,0.178973711937,0,0.174772383307,0.0,0.0,0.0
2013-10-09 20:05:00,0.170418100454,0,0.159578524982,0.0,0.0,0.0
2013-10-09 20:10:00,0.120095223391,0,0.157419832427,0.0,0.0,0.0
2013-10-09 20:15:00,0.128593709534,0,0.155395449147,0.0,0.0,0.0
2013-10-09 20:20:00,0.13969056218,0,0.147814646197,0.0,0.0,0.0
2013-10-09 20:25:00,0.153262013051,0,0.145936229118,0.0,0.0,0.0
2013-10-09 20:30:00,0.103971225506,0,0.162156305375,0.0,0.0,0.0
2013-10-09 20:35:00,0.100372147915,0,0.151480817439,0.0,0.0,0.0
2013-10-09 20:40:00,0.142570251062,0,0.198604815502,0.0,0.0,0.0
2013-10-09 20:45:00,0.137693184162,0,0.130971331137,0.0,0.0,0.0
2013-10-09 20:50:00,0.11451577102,0,0.155579745679,0.0,0.0,0.0
2013-10-09 20:55:00,0.131599857309,0,0.150364892579,0.0,0.0,0.0
2013-10-09 21:00:00,0.12173906056,0,0.0959027635102,0.0,0.0,0.0
2013-10-09 21:05:00,0.123721302634,0,0.102008873811,0.0,0.0,0.0
2013-10-09 21:10:00,0.102784321903,0,0.116134901559,0.0,0.0,0.0
2013-10-09 21:15:00,0.121787491625,0,0.133539989073,0.0,0.0,0.0
2013-10-09 21:20:00,0.119680009174,0,0.0801572700197,0.0,0.0,0.0
2013-10-09 21:25:00,0.112688955583,0,0.0755706738509,0.0,0.0,0.0
2013-10-09 21:30:00,0.100901589761,0,0.121200298353,0.0,0.0,0.0
2013-10-09 21:35:00,0.100124723331,0,0.117090965356,0.0,0.0,0.0
2013-10-09 21:40:00,0.107111900724,0,0.0924023788906,0.0,0.0,0.0
2013-10-09 21:45:00,0.0793963393413,0,0.110915380367,0.0,0.0,0.0
2013-10-09 21:50:00,0.0869872353548,0,0.102900153899,0.0,0.0,0.0
2013-10-09 21:55:00,0.07402185451,0,0.106042518428,0.0,0.0,0.0
2013-10-09 22:00:00,0.0885623284692,0,0.0842030786713,0.0,0.0,0.0
2013-10-09 22:05:00,0.0855321858119,0,0.104811287856,0.0,0.0,0.0
2013-10-09 22:10:00,0.0755650653217,0,0.104247479091,0.0,0.0,0.0
2013-10-09 22:15:00,0.0635551919182,0,0.0974006836418,0.0,0.0,0.0
2013-10-09 22:20:00,0.0657944486262,0,0.0855750292865,0.0,0.0,0.0
2013-10-09 22:25:00,0.0454021741221,0,0.0855482463324,0.0,0.0,0.0
2013-10-09 22:30:00,0.0528856661962,0,0.0948304689075,0.0,0.0,0.0
2013-10-09 22:35:00,0.0463641034714,0,0.0676076218702,0.0,0.0,0.0
2013-10-09 22:40:00,0.0477594490306,0,0.0763141398827,0.0,0.0,0.0
2013-10-09 22:45:00,0.0421931829768,0,0.0629814603156,0.0,0.0,0.0
2013-10-09 22:50:00,0.0413670522797,0,0.0795292324463,0.0,0.0,0.0
2013-10-09 22:55:00,0.0408250267876,0,0.0770653897938,0.0,0.0,0.0
2013-10-09 23:00:00,0.041183718336,0,0.0672808122534,0.0,0.0,0.0
2013-10-09 23:05:00,0.0118886244892,0,0.0555927424645,0.0,0.0,0.0
2013-10-09 23:10:00,0.00940727502706,0,0.0594815409528,0.0,0.0,0.0
2013-10-09 23:15:00,0.00862728985476,0,0.0391952015976,0.0,0.0,0.0
2013-10-09 23:20:00,0.0223603883812,0,0.0481746496493,0.0,0.0,0.0
2013-10-09 23:25:00,0.0199092844585,0,0.0423056315905,0.0,0.0,0.0
2013-10-09 23:30:00,0.0122574363059,0,0.0450940243111,0.0,0.0,0.0
2013-10-09 23:35:00,0.00310056299384,0,0.0392722890246,0.0,0.0,0.0
2013-10-09 23:40:00,0.00304137605612,0,0.0382940107196,0.0,0.0,0.0
2013-10-09 23:45:00,0.00544154601603,0,0.038685203742,0.0,0.0,0.0
2013-10-09 23:50:00,0.00414296049558,0,0.0406951242199,0.0,0.0,0.0
2013-10-09 23:55:00,0.0086625247227,0,0.0109926165607,0.0,0.0,0.0
2013-10-10 00:00:00,0.0143824719722,0,0.00816412120725,0.0,0.0,0.0
2013-10-10 00:05:00,0.00150482756222,0,0.0065060038537,0.0,0.0,0.0
2013-10-10 00:10:00,0.00122659757967,0,0.0211379180716,0.0,0.0,0.0
2013-10-10 00:15:00,0.000690631733947,0,0.0192920682337,0.0,0.0,0.0
2013-10-10 00:20:00,0.00388778351571,0,0.0113245957919,0.0,0.0,0.0
2013-10-10 00:25:00,0.00438925218957,0,0.0018841934292,0.0,0.0,0.0
2013-10-10 00:30:00,0.009103634049,0,0.00253946425996,0.0,0.0,0.0
2013-10-10 00:35:00,0.00183667224242,0,0.00469265812508,0.0,0.0,0.0
2013-10-10 00:40:00,0.00336694043974,0,0.0028886036801,0.0,0.0,0.0
2013-10-10 00:45:00,0.00338482627652,0,0.0077937893534,0.0,0.0,0.0
2013-10-10 00:50:00,0.00415956524408,0,0.0139915687337,0.0,0.0,0.0
2013-10-10 00:55:00,0.0111764875971,0,0.00062699451015,0.0,0.0,0.0
2013-10-10 01:00:00,0.0178659683934,0,0.000328207502617,0.0,0.0,0.0
2013-10-10 01:05:00,0.00458872652842,0,0.000911344957798,0.0,0.0,0.0
2013-10-10 01:10:00,0.00341832228941,0,0.00222501567423,0.0,0.0,0.0
2013-10-10 01:15:00,0.00651495639294,0,0.00224590664918,0.0,0.0,0.0
2013-10-10 01:20:00,0.00763580326278,0,0.00714611832872,0.0,0.0,0.0
2013-10-10 01:25:00,0.00378446325101,0,0.000257512737377,0.0,0.0,0.0
2013-10-10 01:30:00,0.0111515903542,0,0.00218743390316,0.0,0.0,0.0
2013-10-10 01:35:00,0.00164374495633,0,0.00206259641804,0.0,0.0,0.0
2013-10-10 01:40:00,0.000595883892959,0,0.00226100457108,0.0,0.0,0.0
2013-10-10 01:45:00,0.00254972137482,0,0.0100176657349,0.0,0.0,0.0
2013-10-10 01:50:00,0.00369863362877,0,0.0173640163175,0.0,0.0,0.0
2013-10-10 01:55:00,0.00323091455082,0,0.0037067582877,0.0,0.0,0.0
2013-10-10 02:00:00,0.012619312462,0,0.00279281764296,0.0,0.0,0.0
2013-10-10 02:05:00,0.00212652752489,0,0.00567203309446,0.0,0.0,0.0
2013-10-10 02:10:00,0.00257592605229,0,0.00660602312822,0.0,0.0,0.0
2013-10-10 02:15:00,0.00680937287665,0,0.0024817228308,0.0,0.0,0.0
2013-10-10 02:20:00,0.000476485805542,0,0.0103799121849,0.0,0.0,0.0
2013-10-10 02:25:00,0.00793814339284,0,0.000629324426505,0.0,0.0,0.0
2013-10-10 02:30:00,0.00756871243843,0,0.000722483537981,0.0,0.0,0.0
2013-10-10 02:35:00,0.0027990000793,0,0.00158613359527,0.0,0.0,0.0
2013-10-10 02:40:00,0.00173130684706,0,0.00242788472107,0.0,0.0,0.0
2013-10-10 02:45:00,0.00403840195532,0,0.00176629978976,0.0,0.0,0.0
2013-10-10 02:50:00,0.00825460184039,0,0.0120997363288,0.0,0.0,0.0
2013-10-10 02:55:00,0.00456007493938,0,0.00100759502348,0.0,0.0,0.0
2013-10-10 03:00:00,0.0329501309542,0,0.00182080633275,0.0,0.0,0.0
2013-10-10 03:05:00,0.0276140326657,0,0.00490584324847,0.0,0.0,0.0
2013-10-10 03:10:00,0.0391639360934,0,0.00268743770388,0.0,0.0,0.0
2013-10-10 03:15:00,0.00943199113922,0,0.00424664217588,0.0,0.0,0.0
2013-10-10 03:20:00,0.00681759621204,0,0.00325767705121,0.0,0.0,0.0
2013-10-10 03:25:00,0.00169821920165,0,0.00346734332803,0.0,0.0,0.0
2013-10-10 03:30:00,0.0104262309184,0,0.00479873076839,0.0,0.0,0.0
2013-10-10 03:35:00,0.00795438917315,0,0.000320092850874,0.0,0.0,0.0
2013-10-10 03:40:00,0.00978055253964,0,0.00636837641848,0.0,0.0,0.0
2013-10-10 03:45:00,0.00302925347,0,0.00188828463013,0.0,0.0,0.0
2013-10-10 03:50:00,0.00742956451429,0,0.0311598578345,0.0,0.0,0.0
2013-10-10 03:55:00,0.00382866903028,0,0.0259598377649,0.0,0.0,0.0
2013-10-10 04:00:00,0.0165414186054,0,0.0378853201875,0.0,0.0,0.0
2013-10-10 04:05:00,0.00776026313092,0,0.00821172224337,0.0,0.0,0.0
2013-10-10 04:10:00,0.00775162813478,0,0.00543575938047,0.0,0.0,0.0
2013-10-10 04:15:00,0.00451964655927,0,0.00020856237213,0.0,0.0,0.0
2013-10-10 04:20:00,0.00392152652505,0,0.00873128623118,0.0,0.0,0.0
2013-10-10 04:25:00,0.00279036178987,0,0.00631869837137,0.0,0.0,0.0
2013-10-10 04:30:00,0.00272863902186,0,0.00850066805597,0.0,0.0,0.0
2013-10-10 04:35:00,0.007079669333,0,0.00213212120229,0.0,0.0,0.0
2013-10-10 04:40:00,0.00254106991225,0,0.00639304567883,0.0,0.0,0.0
2013-10-10 04:45:00,0.0,0,0.00260590779881,0.0,0.0,0.0
2013-10-10 04:50:00,0.0117971468814,0,0.016301977536,0.0,0.0,0.0
2013-10-10 04:55:00,0.00362018426067,0,0.00684752306102,0.0,0.0,0.0
2013-10-10 05:00:00,0.0184465417993,0,0.00687368646721,0.0,0.0,0.0
2013-10-10 05:05:00,0.00353235232049,0,0.00322487639765,0.0,0.0,0.0
2013-10-10 05:10:00,0.00017028265089,0,0.00264770518417,0.0,0.0,0.0
2013-10-10 05:15:00,0.0102843693265,0,0.00104811010685,0.0,0.0,0.0
2013-10-10 05:20:00,0.00534474975109,0,0.00032834484276,0.0,0.0,0.0
2013-10-10 05:25:00,0.00713246729569,0,0.00591268582543,0.0,0.0,0.0
2013-10-10 05:30:00,0.006381163352,0,0.000988778232121,0.0,0.0,0.0
2013-10-10 05:35:00,0.00241150874394,0,0.00133353704587,0.0,0.0,0.0
2013-10-10 05:40:00,0.00487955991686,0,0.0103790829986,0.0,0.0,0.0
2013-10-10 05:45:00,0.00124047878057,0,0.00148162921078,0.0,0.0,0.0
2013-10-10 05:50:00,0.00442743784186,0,0.0180037223041,0.0,0.0,0.0
2013-10-10 05:55:00,0.00349754887302,0,0.00268176260741,0.0,0.0,0.0
2013-10-10 06:00:00,0.0114920469775,0,0.000860428224167,0.0,0.0,0.0
2013-10-10 06:05:00,0.00398334150507,0,0.00946345114318,0.0,0.0,0.0
2013-10-10 06:10:00,0.000521580772057,0,0.00432125336636,0.0,0.0,0.0
2013-10-10 06:15:00,0.00179326673167,0,0.00639567775065,0.0,0.0,0.0
2013-10-10 06:20:00,0.00215466206801,0,0.00525403567759,0.0,0.0,0.0
2013-10-10 06:25:00,0.00775354482729,0,0.00132986837747,0.0,0.0,0.0
2013-10-10 06:30:00,0.00393799295553,0,0.00438953726827,0.0,0.0,0.0
2013-10-10 06:35:00,3.937123528e-05,0,0.000595554021168,0.0,0.0,0.0
2013-10-10 06:40:00,0.00241614898405,0,0.00362550350508,0.0,0.0,0.0
2013-10-10 06:45:00,0.00656706276555,0,0.00229830342014,0.0,0.0,0.0
2013-10-10 06:50:00,0.00619613665925,0,0.0110328709259,0.0,0.0,0.0
2013-10-10 06:55:00,0.00221313436265,0,0.00345114996729,0.0,0.0,0.0
2013-10-10 07:00:00,0.0150374242445,0,6.68270261477e-05,0.0,0.0,0.0
2013-10-10 07:05:00,0.0341171958011,0,0.000403766628712,0.0,0.0,0.0
2013-10-10 07:10:00,0.0058805311728,0,0.000237400616511,0.0,0.0,0.0
2013-10-10 07:15:00,0.00431560772589,0,0.00583028967056,0.0,0.0,0.0
2013-10-10 07:20:00,0.00670270004671,0,0.000842944708624,0.0,0.0,0.0
2013-10-10 07:25:00,0.0107028241377,0,0.00415684791097,0.0,0.0,0.0
2013-10-10 07:30:00,0.00485076012995,0,0.00125645569788,0.0,0.0,0.0
2013-10-10 07:35:00,0.00720269332841,0,0.00497021032703,0.0,0.0,0.0
2013-10-10 07:40:00,0.00265942402797,0,0.00500412374107,0.0,0.0,0.0
2013-10-10 07:45:00,0.00197583992627,0,0.000494287416985,0.0,0.0,0.0
2013-10-10 07:50:00,0.0145596112447,0,0.0134789120281,0.0,0.0,0.0
2013-10-10 07:55:00,0.007409785038,0,0.0297328928013,0.0,0.0,0.0
2013-10-10 08:00:00,0.0137353972401,0,0.00461912284844,0.0,0.0,0.0
2013-10-10 08:05:00,0.0182792329858,0,0.00270590862377,0.0,0.0,0.0
2013-10-10 08:10:00,0.00448032472328,0,0.0046004777531,0.0,0.0,0.0
2013-10-10 08:15:00,0.00626049405615,0,0.00863844636977,0.0,0.0,0.0
2013-10-10 08:20:00,0.00855394508011,0,0.00201670548852,0.0,0.0,0.0
2013-10-10 08:25:00,0.0100581963173,0,0.00522713649288,0.0,0.0,0.0
2013-10-10 08:30:00,0.011345584665,0,0.00047769006955,0.0,0.0,0.0
2013-10-10 08:35:00,0.0060124635071,0,6.61487843542e-05,0.0,0.0,0.0
2013-10-10 08:40:00,0.00542877794584,0,0.0131562019555,0.0,0.0,0.0
2013-10-10 08:45:00,0.00865718301265,0,0.00524473712048,0.0,0.0,0.0
2013-10-10 08:50:00,0.00867007293443,0,0.0121629837537,0.0,0.0,0.0
2013-10-10 08:55:00,0.00762553150344,0,0.0173349030944,0.0,0.0,0.0
2013-10-10 09:00:00,0.0135278082443,0,0.00304052575071,0.0,0.0,0.0
2013-10-10 09:05:00,0.0178589339343,0,0.00450511107406,0.0,0.0,0.0
2013-10-10 09:10:00,0.114352720426,0,0.00628316806882,0.0,0.0,0.0
2013-10-10 09:15:00,0.338167700583,0,0.0050773257947,0.0,0.0,0.0
2013-10-10 09:20:00,0.550796626147,0,0.00220364819045,0.0,0.0,0.0
2013-10-10 09:25:00,0.641006770074,0,0.0265379124015,0.0,0.0,0.0
2013-10-10 09:30:00,0.67223385045,0,0.0531477500371,0.0,0.0,0.0
2013-10-10 09:35:00,0.746780888587,0,0.0710373413947,0.0,0.0,0.0
2013-10-10 09:40:00,0.590205954867,0,0.097701739588,0.0,0.0,0.0
2013-10-10 09:45:00,0.363817304559,0,0.131855118922,0.0,0.0,0.0
2013-10-10 09:50:00,0.286609867581,0,0.141611041968,0.0,0.0,0.0
2013-10-10 09:55:00,0.229482363267,0,0.137343186608,0.0,0.0,0.0
2013-10-10 10:00:00,0.201405755637,0,0.0149836962958,0.0,0.0,0.0
2013-10-10 10:05:00,0.187875072353,0,0.25580456447,0.0,0.0,0.0
2013-10-10 10:10:00,0.165259856081,0,0.493163770076,0.0,0.0,0.0
2013-10-10 10:15:00,0.144218705417,0,0.589225708037,0.0,0.0,0.0
2013-10-10 10:20:00,0.120522599715,0,0.6286106489,0.0,0.0,0.0
2013-10-10 10:25:00,0.133971197842,0,0.722209501489,0.0,0.0,0.0
2013-10-10 10:30:00,0.114866641014,0,0.570137005779,0.0,0.0,0.0
2013-10-10 10:35:00,0.090846212497,1,0.340451531298,-1.0,-2.0,-1.0
2013-10-10 10:40:00,0.100813981765,1,0.265349030488,0.0,0.0,0.0
2013-10-10 10:45:00,0.126913224678,1,0.208386515556,0.0,0.0,0.0
2013-10-10 10:50:00,0.144586825644,1,0.179510840607,0.0,0.0,0.0
2013-10-10 10:55:00,0.164280284598,1,0.166808624634,0.0,0.0,0.0
2013-10-10 11:00:00,0.180117065124,1,0.143467529958,0.0,0.0,0.0
2013-10-10 11:05:00,0.188380924391,1,0.118231633501,0.0,0.0,0.0
2013-10-10 11:10:00,0.195872514656,1,0.0902876910297,0.0,0.0,0.0
2013-10-10 11:15:00,0.208409468619,1,0.103380453153,0.0,0.0,0.0
2013-10-10 11:20:00,0.217444147844,1,0.081630148589,0.0,0.0,0.0
2013-10-10 11:25:00,0.221115325346,1,0.0535431559291,0.0,0.0,0.0
2013-10-10 11:30:00,0.208763681298,1,0.061318230503,0.0,0.0,0.0
2013-10-10 11:35:00,0.208647046278,1,0.0866831553683,0.0,0.0,0.0
2013-10-10 11:40:00,0.214393830516,1,0.103478146617,0.0,0.0,0.0
2013-10-10 11:45:00,0.217673663538,1,0.122974586144,0.0,0.0,0.0
2013-10-10 11:50:00,0.202442291089,1,0.139155304096,0.0,0.0,0.0
2013-10-10 11:55:00,0.196276281411,1,0.148036950606,0.0,0.0,0.0
2013-10-10 12:00:00,0.198010298633,1,0.155555914303,0.0,0.0,0.0
2013-10-10 12:05:00,0.182572832339,1,0.168311576335,0.0,0.0,0.0
2013-10-10 12:10:00,0.179587784649,1,0.179144341428,0.0,0.0,0.0
2013-10-10 12:15:00,0.184542609326,1,0.185009606883,0.0,0.0,0.0
2013-10-10 12:20:00,0.184547170527,1,0.172442410088,0.0,0.0,0.0
2013-10-10 12:25:00,0.174324731446,1,0.172304071526,0.0,0.0,0.0
2013-10-10 12:30:00,0.171583966544,1,0.179771965959,0.0,0.0,0.0
2013-10-10 12:35:00,0.143082620513,1,0.184198007476,0.0,0.0,0.0
2013-10-10 12:40:00,0.131441759816,1,0.16931873829,0.0,0.0,0.0
2013-10-10 12:45:00,0.1060812866,1,0.165249655405,0.0,0.0,0.0
2013-10-10 12:50:00,0.069719874402,1,0.170269607775,0.0,0.0,0.0
2013-10-10 12:55:00,0.0631645093886,1,0.157651785769,0.0,0.0,0.0
2013-10-10 13:00:00,0.0528915545917,1,0.158335500822,0.0,0.0,0.0
2013-10-10 13:05:00,0.0461224289645,1,0.166790358669,0.0,0.0,0.0
2013-10-10 13:10:00,0.0439594282961,1,0.170344284266,0.0,0.0,0.0
2013-10-10 13:15:00,0.0546891585812,1,0.16313673473,0.0,0.0,0.0
2013-10-10 13:20:00,0.059794819055,1,0.16176672951,0.0,0.0,0.0
2013-10-10 13:25:00,0.0603535019882,1,0.133198329184,0.0,0.0,0.0
2013-10-10 13:30:00,0.110355392334,1,0.122899206294,0.0,0.0,0.0
2013-10-10 13:35:00,0.0965840389967,1,0.0955391518456,0.0,0.0,0.0
2013-10-10 13:40:00,0.0766309670063,1,0.0559657207778,0.0,0.0,0.0
2013-10-10 13:45:00,0.0883519039541,1,0.0492356973915,0.0,0.0,0.0
2013-10-10 13:50:00,0.0939064459094,1,0.0369875247605,0.0,0.0,0.0
2013-10-10 13:55:00,0.101437542434,1,0.0281789405305,0.0,0.0,0.0
2013-10-10 14:00:00,0.0996498479424,1,0.0258145152783,0.0,0.0,0.0
2013-10-10 14:05:00,0.0937680389746,1,0.0380477224365,0.0,0.0,0.0
2013-10-10 14:10:00,0.0894869317138,1,0.0406332538257,0.0,0.0,0.0
2013-10-10 14:15:00,0.0972392744917,1,0.039937266437,0.0,0.0,0.0
2013-10-10 14:20:00,0.0943695412136,1,0.0931608809656,0.0,0.0,0.0
2013-10-10 14:25:00,0.0556450875632,1,0.079303525576,0.0,0.0,0.0
2013-10-10 14:30:00,0.0518049480175,1,0.059561170906,0.0,0.0,0.0
2013-10-10 14:35:00,0.0507465583184,1,0.0728111802652,0.0,0.0,0.0
2013-10-10 14:40:00,0.0528985758777,1,0.079319702942,0.0,0.0,0.0
2013-10-10 14:45:00,0.0519911932261,1,0.0892026720896,0.0,0.0,0.0
2013-10-10 14:50:00,0.0586875207642,1,0.089732856947,0.0,0.0,0.0
2013-10-10 14:55:00,0.0586864175133,1,0.0831845534979,0.0,0.0,0.0
2013-10-10 15:00:00,0.0709730158676,1,0.0780031571934,0.0,0.0,0.0
2013-10-10 15:05:00,0.0820234364729,1,0.0868695927385,0.0,0.0,0.0
2013-10-10 15:10:00,0.0996779726057,1,0.0841598010741,0.0,0.0,0.0
2013-10-10 15:15:00,0.0739220119554,1,0.0422664124675,0.0,0.0,0.0
2013-10-10 15:20:00,0.0939616216246,1,0.0376541655292,0.0,0.0,0.0
2013-10-10 15:25:00,0.060713382413,1,0.0353401061991,0.0,0.0,0.0
2013-10-10 15:30:00,0.110493361262,1,0.0368387786205,0.0,0.0,0.0
2013-10-10 15:35:00,0.0619068594144,1,0.0354110287935,0.0,0.0,0.0
2013-10-10 15:40:00,0.066654832792,1,0.0433595931077,0.0,0.0,0.0
2013-10-10 15:45:00,0.0717215962637,1,0.0431826747812,0.0,0.0,0.0
2013-10-10 15:50:00,0.0732130333246,0,0.0555506604839,0.0,0.0,0.0
2013-10-10 15:55:00,0.0628773447209,0,0.0666094303962,0.0,0.0,0.0
2013-10-10 16:00:00,0.0635390152969,0,0.0874735453336,0.0,0.0,0.0
2013-10-10 16:05:00,0.0729980080888,0,0.0611296556431,0.0,0.0,0.0
2013-10-10 16:10:00,0.0696387475923,0,0.0805890029196,0.0,0.0,0.0
2013-10-10 16:15:00,0.0886166051173,0,0.0462384549652,0.0,0.0,0.0
2013-10-10 16:20:00,0.0726613980237,0,0.0993024439193,0.0,0.0,0.0
2013-10-10 16:25:00,0.0417305619057,0,0.047707286799,0.0,0.0,0.0
2013-10-10 16:30:00,0.0706739492639,0,0.0531084292945,0.0,0.0,0.0
2013-10-10 16:35:00,0.0569622175777,0,0.0585550308156,0.0,0.0,0.0
2013-10-10 16:40:00,0.0561511470779,0,0.0606350460486,0.0,0.0,0.0
2013-10-10 16:45:00,0.0729415644584,0,0.0513218630188,0.0,0.0,0.0
2013-10-10 16:50:00,0.0643005745335,0,0.0521272431874,0.0,0.0,0.0
2013-10-10 16:55:00,0.0883118575951,0,0.0599532158614,0.0,0.0,0.0
2013-10-10 17:00:00,0.078398829329,0,0.0561564861432,0.0,0.0,0.0
2013-10-10 17:05:00,0.0676212904096,0,0.0767538614714,0.0,0.0,0.0
2013-10-10 17:10:00,0.0803633074182,0,0.0594677105996,0.0,0.0,0.0
2013-10-10 17:15:00,0.0668692586497,0,0.0259936318334,0.0,0.0,0.0
2013-10-10 17:20:00,0.0622778415065,0,0.056818896152,0.0,0.0,0.0
2013-10-10 17:25:00,0.061694705924,0,0.0430734915667,0.0,0.0,0.0
2013-10-10 17:30:00,0.0600706284723,0,0.0428593038424,0.0,0.0,0.0
2013-10-10 17:35:00,0.0755063592037,0,0.0597726567341,0.0,0.0,0.0
2013-10-10 17:40:00,0.0580134773123,0,0.0507876269369,0.0,0.0,0.0
2013-10-10 17:45:00,0.0525876336844,0,0.076858557812,0.0,0.0,0.0
2013-10-10 17:50:00,0.057814734083,0,0.0667281160161,0.0,0.0,0.0
2013-10-10 17:55:00,0.0595501048451,0,0.0554894150287,0.0,0.0,0.0
2013-10-10 18:00:00,0.0590324134439,0,0.0691888893861,0.0,0.0,0.0
2013-10-10 18:05:00,0.0518126674801,1,0.0562183212042,-1.0,-2.0,-1.0
2013-10-10 18:10:00,0.0503333233657,1,0.0517787599321,0.0,0.0,0.0
2013-10-10 18:15:00,0.0477917429941,1,0.0505003501382,0.0,0.0,0.0
2013-10-10 18:20:00,0.0399685715121,1,0.0492079930237,0.0,0.0,0.0
2013-10-10 18:25:00,0.0499105378832,1,0.0667879868811,0.0,0.0,0.0
2013-10-10 18:30:00,0.0646894852752,1,0.0489515559244,0.0,0.0,0.0
2013-10-10 18:35:00,0.0432404644218,1,0.0425730121435,0.0,0.0,0.0
2013-10-10 18:40:00,0.0562081571535,1,0.0482567288245,0.0,0.0,0.0
2013-10-10 18:45:00,0.0471849352711,1,0.0502587372397,0.0,0.0,0.0
2013-10-10 18:50:00,0.0419250469162,1,0.0492476488336,0.0,0.0,0.0
2013-10-10 18:55:00,0.0386562958014,1,0.0421106769576,0.0,0.0,0.0
2013-10-10 19:00:00,0.0468819924697,1,0.0419379216047,0.0,0.0,0.0
2013-10-10 19:05:00,0.0441335509186,1,0.0390926667439,0.0,0.0,0.0
2013-10-10 19:10:00,0.0411881016998,1,0.0305407427979,0.0,0.0,0.0
2013-10-10 19:15:00,0.0459789174363,1,0.0416430430333,0.0,0.0,0.0
2013-10-10 19:20:00,0.0393187402996,1,0.0570213230448,0.0,0.0,0.0
2013-10-10 19:25:00,0.0394120687343,1,0.0343166982186,0.0,0.0,0.0
2013-10-10 19:30:00,0.0314872862032,1,0.0486961921544,0.0,0.0,0.0
2013-10-10 19:35:00,0.0323777446576,1,0.0399783881971,0.0,0.0,0.0
2013-10-10 19:40:00,0.0433859815613,1,0.0345376439831,0.0,0.0,0.0
2013-10-10 19:45:00,0.0317316183919,1,0.0311283125196,0.0,0.0,0.0
2013-10-10 19:50:00,0.0297350077102,1,0.0401671539128,0.0,0.0,0.0
2013-10-10 19:55:00,0.0404563401158,1,0.0377038195384,0.0,0.0,0.0
2013-10-10 20:00:00,0.0331056366304,1,0.0342331369838,0.0,0.0,0.0
2013-10-10 20:05:00,0.0279022182521,1,0.0392031904064,0.0,0.0,0.0
2013-10-10 20:10:00,0.0236726575054,1,0.0333883514877,0.0,0.0,0.0
2013-10-10 20:15:00,0.0312035827791,1,0.0339027113005,0.0,0.0,0.0
2013-10-10 20:20:00,0.0456311464245,1,0.0249252371682,0.0,0.0,0.0
2013-10-10 20:25:00,0.0526308909972,1,0.0259288005583,0.0,0.0,0.0
2013-10-10 20:30:00,0.0591560335241,1,0.0373649997428,0.0,0.0,0.0
2013-10-10 20:35:00,0.094217691085,1,0.0238501297409,0.0,0.0,0.0
2013-10-10 20:40:00,0.213523981446,1,0.0191516377176,0.0,0.0,0.0
2013-10-10 20:45:00,0.138549013714,1,0.0233892150487,0.0,0.0,0.0
2013-10-10 20:50:00,0.0756658925688,1,0.0138842600027,0.0,0.0,0.0
2013-10-10 20:55:00,0.0481811147958,1,0.00622250765533,0.0,0.0,0.0
2013-10-10 21:00:00,0.0376607979869,1,0.00882758344642,0.0,0.0,0.0
2013-10-10 21:05:00,0.0360951236708,1,0.000730775400452,0.0,0.0,0.0
2013-10-10 21:10:00,0.0282979526826,1,0.02447824403,0.0,0.0,0.0
2013-10-10 21:15:00,0.0343036254338,1,0.0435637784173,0.0,0.0,0.0
2013-10-10 21:20:00,0.0320625903513,1,0.0460480575792,0.0,0.0,0.0
2013-10-10 21:25:00,0.0339676707325,1,0.0816999771434,0.0,0.0,0.0
2013-10-10 21:30:00,0.0297677265076,1,0.210719706077,0.0,0.0,0.0
2013-10-10 21:35:00,0.0248647118072,1,0.135456949191,0.0,0.0,0.0
2013-10-10 21:40:00,0.0219699330883,1,0.0709777735187,0.0,0.0,0.0
2013-10-10 21:45:00,0.0173465908298,1,0.043035532891,0.0,0.0,0.0
2013-10-10 21:50:00,0.0284321145716,1,0.0328615176713,0.0,0.0,0.0
2013-10-10 21:55:00,0.0303969022297,1,0.0315303792504,0.0,0.0,0.0
2013-10-10 22:00:00,0.0353104093397,1,0.0232942889713,0.0,0.0,0.0
2013-10-10 22:05:00,0.0391173262153,1,0.0293038537195,0.0,0.0,0.0
2013-10-10 22:10:00,0.0297425526287,1,0.0264344823044,0.0,0.0,0.0
2013-10-10 22:15:00,0.0259447581556,1,0.0280849502695,0.0,0.0,0.0
2013-10-10 22:20:00,0.0266889782409,1,0.0238760546377,0.0,0.0,0.0
2013-10-10 22:25:00,0.0266986078094,1,0.0187945193695,0.0,0.0,0.0
2013-10-10 22:30:00,0.0333915498494,1,0.0162350591528,0.0,0.0,0.0
2013-10-10 22:35:00,0.0268459626025,1,0.0114790164658,0.0,0.0,0.0
2013-10-10 22:40:00,0.0213727615205,1,0.022923866343,0.0,0.0,0.0
2013-10-10 22:45:00,0.0193389992784,1,0.0247914500014,0.0,0.0,0.0
2013-10-10 22:50:00,0.020105370006,1,0.0302837619842,0.0,0.0,0.0
2013-10-10 22:55:00,0.0163267589243,1,0.034807452653,0.0,0.0,0.0
2013-10-10 23:00:00,0.0330932604613,1,0.025829667421,0.0,0.0,0.0
2013-10-10 23:05:00,0.0255075217337,1,0.0217813066628,0.0,0.0,0.0
2013-10-10 23:10:00,0.0189905004504,1,0.0220502970526,0.0,0.0,0.0
2013-10-10 23:15:00,0.0284614972701,1,0.022178478397,0.0,0.0,0.0
2013-10-10 23:20:00,0.0423175703927,0,0.029199675323,0.0,0.0,0.0
2013-10-10 23:25:00,0.0219009848506,0,0.0214556882641,0.0,0.0,0.0
2013-10-10 23:30:00,0.0234958903741,0,0.0163757651476,0.0,0.0,0.0
2013-10-10 23:35:00,0.0186510318129,0,0.0146128682974,0.0,0.0,0.0
2013-10-10 23:40:00,0.0220906945962,0,0.0145457612,0.0,0.0,0.0
2013-10-10 23:45:00,0.0227960868384,0,0.0102253024536,0.0,0.0,0.0
2013-10-10 23:50:00,0.0208063525381,0,0.0295773123855,0.0,0.0,0.0
2013-10-10 23:55:00,0.0281727024258,0,0.0215672370159,0.0,0.0,0.0
2013-10-11 00:00:00,0.0256136939842,0,0.0137540652345,0.0,0.0,0.0
2013-10-11 00:05:00,0.0225165823542,0,0.0236062337575,0.0,0.0,0.0
2013-10-11 00:10:00,0.0274809937873,0,0.0386529823026,0.0,0.0,0.0
2013-10-11 00:15:00,0.0273617801239,0,0.0173123259292,0.0,0.0,0.0
2013-10-11 00:20:00,0.0211474809918,0,0.0186460639228,0.0,0.0,0.0
2013-10-11 00:25:00,0.0334915438952,0,0.0138044328599,0.0,0.0,0.0
2013-10-11 00:30:00,0.037648642468,0,0.0172739808533,0.0,0.0,0.0
2013-10-11 00:35:00,0.0320076780989,0,0.017125029454,0.0,0.0,0.0
2013-10-11 00:40:00,0.0302620322842,0,0.0148738924647,0.0,0.0,0.0
2013-10-11 00:45:00,0.0293447335481,0,0.0227528665119,0.0,0.0,0.0
2013-10-11 00:50:00,0.0324925881303,0,0.0194360529985,0.0,0.0,0.0
2013-10-11 00:55:00,0.0425402426388,0,0.0159578329951,0.0,0.0,0.0
2013-10-11 01:00:00,0.0297542833138,0,0.0215433224984,0.0,0.0,0.0
2013-10-11 01:05:00,0.0293747287979,0,0.0212570933607,0.0,0.0,0.0
2013-10-11 01:10:00,0.0295704125644,0,0.014317324211,0.0,0.0,0.0
2013-10-11 01:15:00,0.0351768929347,0,0.0270605161139,0.0,0.0,0.0
2013-10-11 01:20:00,0.0318166543322,0,0.0314826751451,0.0,0.0,0.0
2013-10-11 01:25:00,0.0335307537594,0,0.0263023061342,0.0,0.0,0.0
2013-10-11 01:30:00,0.03928478652,0,0.0243264052484,0.0,0.0,0.0
2013-10-11 01:35:00,0.0328223119343,0,0.0224292177938,0.0,0.0,0.0
2013-10-11 01:40:00,0.0305748154245,0,0.0256768398411,0.0,0.0,0.0
2013-10-11 01:45:00,0.0240383835129,0,0.036847604182,0.0,0.0,0.0
2013-10-11 01:50:00,0.0261959864854,0,0.0236757709059,0.0,0.0,0.0
2013-10-11 01:55:00,0.042209830538,0,0.0232597676841,0.0,0.0,0.0
2013-10-11 02:00:00,0.0313069063371,0,0.0234512078793,0.0,0.0,0.0
2013-10-11 02:05:00,0.0333638302603,0,0.0294398946524,0.0,0.0,0.0
2013-10-11 02:10:00,0.0263207295762,0,0.0257426932978,0.0,0.0,0.0
2013-10-11 02:15:00,0.029931511505,0,0.0272351072186,0.0,0.0,0.0
2013-10-11 02:20:00,0.0241797214723,0,0.0332089609778,0.0,0.0,0.0
2013-10-11 02:25:00,0.0219022791121,0,0.0274200817423,0.0,0.0,0.0
2013-10-11 02:30:00,0.0237947429142,0,0.0257611377932,0.0,0.0,0.0
2013-10-11 02:35:00,0.0204090208639,0,0.018608708176,0.0,0.0,0.0
2013-10-11 02:40:00,0.0203007738432,0,0.0208923293374,0.0,0.0,0.0
2013-10-11 02:45:00,0.0277846644049,0,0.038281537064,0.0,0.0,0.0
2013-10-11 02:50:00,0.0252420137154,0,0.0269676928541,0.0,0.0,0.0
2013-10-11 02:55:00,0.0273696049717,0,0.0289985956246,0.0,0.0,0.0
2013-10-11 03:00:00,0.0487770876075,0,0.0217231951506,0.0,0.0,0.0
2013-10-11 03:05:00,0.0501578570824,0,0.0247567377598,0.0,0.0,0.0
2013-10-11 03:10:00,0.0628252745744,0,0.017590458726,0.0,0.0,0.0
2013-10-11 03:15:00,0.029778205744,0,0.0143294736031,0.0,0.0,0.0
2013-10-11 03:20:00,0.031809791124,0,0.0160711283408,0.0,0.0,0.0
2013-10-11 03:25:00,0.0265493396171,0,0.0104538242225,0.0,0.0,0.0
2013-10-11 03:30:00,0.0293738824234,0,0.00928279285785,0.0,0.0,0.0
2013-10-11 03:35:00,0.0177824539513,0,0.0207368309958,0.0,0.0,0.0
2013-10-11 03:40:00,0.0231445692,0,0.0194143767917,0.0,0.0,0.0
2013-10-11 03:45:00,0.0228772268213,0,0.0212532566529,0.0,0.0,0.0
2013-10-11 03:50:00,0.0236292091819,0,0.0431434684592,0.0,0.0,0.0
2013-10-11 03:55:00,0.020770528172,0,0.0455163488645,0.0,0.0,0.0
2013-10-11 04:00:00,0.0211807300082,0,0.0600667473998,0.0,0.0,0.0
2013-10-11 04:05:00,0.0255016596845,0,0.0254517606934,0.0,0.0,0.0
2013-10-11 04:10:00,0.0252362471714,0,0.0274783942313,0.0,0.0,0.0
2013-10-11 04:15:00,0.023451743874,0,0.0222681484618,0.0,0.0,0.0
2013-10-11 04:20:00,0.0192833493299,0,0.0254539238207,0.0,0.0,0.0
2013-10-11 04:25:00,0.0219467483542,0,0.0132000074171,0.0,0.0,0.0
2013-10-11 04:30:00,0.0207635958047,0,0.0186721789171,0.0,0.0,0.0
2013-10-11 04:35:00,0.0143795640005,0,0.0186374841771,0.0,0.0,0.0
2013-10-11 04:40:00,0.0189396224735,0,0.0199547798062,0.0,0.0,0.0
2013-10-11 04:45:00,0.0156092473893,0,0.0170052189425,0.0,0.0,0.0
2013-10-11 04:50:00,0.0202896030168,0,0.017305130067,0.0,0.0,0.0
2013-10-11 04:55:00,0.0200070851757,0,0.0220290085623,0.0,0.0,0.0
2013-10-11 05:00:00,0.022663301543,0,0.0220281491696,0.0,0.0,0.0
2013-10-11 05:05:00,0.0175174596856,0,0.0198576191843,0.0,0.0,0.0
2013-10-11 05:10:00,0.0195451556947,0,0.0154972287662,0.0,0.0,0.0
2013-10-11 05:15:00,0.0216661702587,0,0.0183862004045,0.0,0.0,0.0
2013-10-11 05:20:00,0.0159999694383,0,0.017088826962,0.0,0.0,0.0
2013-10-11 05:25:00,0.0224515234873,0,0.010562869048,0.0,0.0,0.0
2013-10-11 05:30:00,0.0163193325642,0,0.0153845800371,0.0,0.0,0.0
2013-10-11 05:35:00,0.0206146240082,0,0.0117003910831,0.0,0.0,0.0
2013-10-11 05:40:00,0.0169495950707,0,0.016504510866,0.0,0.0,0.0
2013-10-11 05:45:00,0.0181577765945,0,0.0164885214805,0.0,0.0,0.0
2013-10-11 05:50:00,0.0221014570552,0,0.0192340507514,0.0,0.0,0.0
2013-10-11 05:55:00,0.020548870258,0,0.0137760854462,0.0,0.0,0.0
2013-10-11 06:00:00,0.0202439613647,0,0.0158553993106,0.0,0.0,0.0
2013-10-11 06:05:00,0.0166217813727,0,0.0180813383056,0.0,0.0,0.0
2013-10-11 06:10:00,0.0167312008032,0,0.0121519990439,0.0,0.0,0.0
2013-10-11 06:15:00,0.0161092439643,0,0.018903591466,0.0,0.0,0.0
2013-10-11 06:20:00,0.0281350996851,0,0.0126961752902,0.0,0.0,0.0
2013-10-11 06:25:00,0.0238473630395,0,0.0171013080828,0.0,0.0,0.0
2013-10-11 06:30:00,0.0225502759642,0,0.012980186499,0.0,0.0,0.0
2013-10-11 06:35:00,0.0304618030188,0,0.0140468982611,0.0,0.0,0.0
2013-10-11 06:40:00,0.0227586191225,0,0.0176565915453,0.0,0.0,0.0
2013-10-11 06:45:00,0.028483792817,0,0.0157488309144,0.0,0.0,0.0
2013-10-11 06:50:00,0.0337768379764,0,0.0156694585465,0.0,0.0,0.0
2013-10-11 06:55:00,0.0356544721113,0,0.0116309256752,0.0,0.0,0.0
2013-10-11 07:00:00,0.0363851337377,0,0.0108139156999,0.0,0.0,0.0
2013-10-11 07:05:00,0.0465067389855,0,0.00990808102996,0.0,0.0,0.0
2013-10-11 07:10:00,0.038680419122,0,0.0217679936945,0.0,0.0,0.0
2013-10-11 07:15:00,0.0354704070581,0,0.0165586379241,0.0,0.0,0.0
2013-10-11 07:20:00,0.0373637666341,0,0.0151471080682,0.0,0.0,0.0
2013-10-11 07:25:00,0.0443953935095,0,0.0234368242656,0.0,0.0,0.0
2013-10-11 07:30:00,0.0369641955253,0,0.0147028939876,0.0,0.0,0.0
2013-10-11 07:35:00,0.0401816010165,0,0.0209670878516,0.0,0.0,0.0
2013-10-11 07:40:00,0.0398530430359,0,0.0265035066919,0.0,0.0,0.0
2013-10-11 07:45:00,0.0408194479609,0,0.0277281095446,0.0,0.0,0.0
2013-10-11 07:50:00,0.0541951360272,0,0.0282937128712,0.0,0.0,0.0
2013-10-11 07:55:00,0.055279687591,0,0.0390497355224,0.0,0.0,0.0
2013-10-11 08:00:00,0.0462665036446,0,0.0302337694738,0.0,0.0,0.0
2013-10-11 08:05:00,0.0492320353219,0,0.0264067943884,0.0,0.0,0.0
2013-10-11 08:10:00,0.0484922348266,0,0.0280802863996,0.0,0.0,0.0
2013-10-11 08:15:00,0.0502899145616,0,0.0349982397669,0.0,0.0,0.0
2013-10-11 08:20:00,0.0467289699312,0,0.0274330477473,0.0,0.0,0.0
2013-10-11 08:25:00,0.0404606082146,0,0.0312737688112,0.0,0.0,0.0
2013-10-11 08:30:00,0.0386947515031,0,0.0305507491541,0.0,0.0,0.0
2013-10-11 08:35:00,0.0367669408613,0,0.0314078652377,0.0,0.0,0.0
2013-10-11 08:40:00,0.0392831299971,0,0.0460259059535,0.0,0.0,0.0
2013-10-11 08:45:00,0.0353643862988,0,0.0477876351998,0.0,0.0,0.0
2013-10-11 08:50:00,0.0315495490701,0,0.0387686854354,0.0,0.0,0.0
2013-10-11 08:55:00,0.0245605900093,0,0.0421172430793,0.0,0.0,0.0
2013-10-11 09:00:00,0.0318106045657,0,0.0418161337008,0.0,0.0,0.0
2013-10-11 09:05:00,0.0285903207424,0,0.0441483846774,0.0,0.0,0.0
2013-10-11 09:10:00,0.0189937311641,0,0.0410526393984,0.0,0.0,0.0
2013-10-11 09:15:00,0.0218259868464,0,0.0353163543758,0.0,0.0,0.0
2013-10-11 09:20:00,0.0152534078266,0,0.0337821478566,0.0,0.0,0.0
2013-10-11 09:25:00,0.014813503843,0,0.0318988474489,0.0,0.0,0.0
2013-10-11 09:30:00,0.0135761503909,0,0.0354773520077,0.0,0.0,0.0
2013-10-11 09:35:00,0.0131158346201,0,0.0323724035631,0.0,0.0,0.0
2013-10-11 09:40:00,0.0190231566753,0,0.0284537217719,0.0,0.0,0.0
2013-10-11 09:45:00,0.0103691352173,0,0.0211906591106,0.0,0.0,0.0
2013-10-11 09:50:00,0.0207951981781,0,0.0293281435211,0.0,0.0,0.0
2013-10-11 09:55:00,0.0117567909535,0,0.0259959319538,0.0,0.0,0.0
2013-10-11 10:00:00,0.0104695672701,0,0.0160457408472,0.0,0.0,0.0
2013-10-11 10:05:00,0.0127525950436,0,0.0193439448969,0.0,0.0,0.0
2013-10-11 10:10:00,0.0107901093924,0,0.0126226387843,0.0,0.0,0.0
2013-10-11 10:15:00,0.0100864230724,0,0.0122468442528,0.0,0.0,0.0
2013-10-11 10:20:00,0.0138361849678,0,0.0112781687488,0.0,0.0,0.0
2013-10-11 10:25:00,0.00866226784638,0,0.0108841107584,0.0,0.0,0.0
2013-10-11 10:30:00,0.0100450297595,0,0.0168828812398,0.0,0.0,0.0
2013-10-11 10:35:00,0.0142159700137,0,0.00801861720304,0.0,0.0,0.0
2013-10-11 10:40:00,0.00869088979585,0,0.0190709292863,0.0,0.0,0.0
2013-10-11 10:45:00,0.00895035792751,0,0.009582756006,0.0,0.0,0.0
2013-10-11 10:50:00,0.0141129922508,0,0.00851227436876,0.0,0.0,0.0
2013-10-11 10:55:00,0.0106478789525,0,0.0107394106806,0.0,0.0,0.0
2013-10-11 11:00:00,0.0108276363875,0,0.0084801218381,0.0,0.0,0.0
2013-10-11 11:05:00,0.0135591076354,0,0.00809051381181,0.0,0.0,0.0
2013-10-11 11:10:00,0.0143674414144,0,0.0118951432961,0.0,0.0,0.0
2013-10-11 11:15:00,0.0124495962563,0,0.00601764933891,0.0,0.0,0.0
2013-10-11 11:20:00,0.0267088433426,0,0.00768506976408,0.0,0.0,0.0
2013-10-11 11:25:00,0.02638622645,0,0.0116261784662,0.0,0.0,0.0
2013-10-11 11:30:00,0.0215918770176,0,0.00509042489489,0.0,0.0,0.0
2013-10-11 11:35:00,0.0115084738886,0,0.0051657253844,0.0,0.0,0.0
2013-10-11 11:40:00,0.0199957562715,0,0.0103750420189,0.0,0.0,0.0
2013-10-11 11:45:00,0.0148435254391,0,0.00606193530205,0.0,0.0,0.0
2013-10-11 11:50:00,0.0209069064425,0,0.00627886321797,0.0,0.0,0.0
2013-10-11 11:55:00,0.0225799484719,0,0.0104089579212,0.0,0.0,0.0
2013-10-11 12:00:00,0.0295941604505,0,0.0108014759613,0.0,0.0,0.0
2013-10-11 12:05:00,0.037029310378,0,0.00762636511801,0.0,0.0,0.0
2013-10-11 12:10:00,0.036720479181,0,0.0221431326751,0.0,0.0,0.0
2013-10-11 12:15:00,0.0366641936284,0,0.0215348246665,0.0,0.0,0.0
2013-10-11 12:20:00,0.0444450365041,0,0.015981400304,0.0,0.0,0.0
2013-10-11 12:25:00,0.0469231585459,0,0.00445612729023,0.0,0.0,0.0
2013-10-11 12:30:00,0.057615845949,0,0.0127106316493,0.0,0.0,0.0
2013-10-11 12:35:00,0.0612297235668,0,0.0065663690488,0.0,0.0,0.0
2013-10-11 12:40:00,0.0508230646477,0,0.0117872719259,0.0,0.0,0.0
2013-10-11 12:45:00,0.0466194582887,0,0.0124982307275,0.0,0.0,0.0
2013-10-11 12:50:00,0.0630158142281,0,0.0191830078343,0.0,0.0,0.0
2013-10-11 12:55:00,0.0546490825827,0,0.0265805705141,0.0,0.0,0.0
2013-10-11 13:00:00,0.0587029004102,0,0.0261292749029,0.0,0.0,0.0
2013-10-11 13:05:00,0.0542830601794,0,0.0262620552834,0.0,0.0,0.0
2013-10-11 13:10:00,0.0553695020894,0,0.0336801536043,0.0,0.0,0.0
2013-10-11 13:15:00,0.0538400835599,0,0.0352573831053,0.0,0.0,0.0
2013-10-11 13:20:00,0.0611568266791,0,0.0471219369402,0.0,0.0,0.0
2013-10-11 13:25:00,0.0570757865487,0,0.0512051238359,0.0,0.0,0.0
2013-10-11 13:30:00,0.0620010605699,0,0.0399264983238,0.0,0.0,0.0
2013-10-11 13:35:00,0.052244552312,0,0.0351450221397,0.0,0.0,0.0
2013-10-11 13:40:00,0.0618582011123,0,0.0523777001632,0.0,0.0,0.0
2013-10-11 13:45:00,0.0547090796688,0,0.0433878485228,0.0,0.0,0.0
2013-10-11 13:50:00,0.0522517448488,0,0.0478967384999,0.0,0.0,0.0
2013-10-11 13:55:00,0.0572238625714,0,0.0435595345212,0.0,0.0,0.0
2013-10-11 14:00:00,0.0645814391449,0,0.0446956652845,0.0,0.0,0.0
2013-10-11 14:05:00,0.0530016623191,0,0.0424687951113,0.0,0.0,0.0
2013-10-11 14:10:00,0.0509959983939,0,0.0504590111118,0.0,0.0,0.0
2013-10-11 14:15:00,0.0587954779757,0,0.0466324669821,0.0,0.0,0.0
2013-10-11 14:20:00,0.0491907045814,0,0.0512569359189,0.0,0.0,0.0
2013-10-11 14:25:00,0.0602384411586,0,0.0412218020238,0.0,0.0,0.0
2013-10-11 14:30:00,0.0586359544905,0,0.0520725461577,0.0,0.0,0.0
2013-10-11 14:35:00,0.0528683632711,0,0.0441968589955,0.0,0.0,0.0
2013-10-11 14:40:00,0.048872003406,0,0.041064251979,0.0,0.0,0.0
2013-10-11 14:45:00,0.0481612167612,0,0.0468832790607,0.0,0.0,0.0
2013-10-11 14:50:00,0.0496017758452,0,0.0548340503723,0.0,0.0,0.0
2013-10-11 14:55:00,0.0556650778098,0,0.0429093014202,0.0,0.0,0.0
2013-10-11 15:00:00,0.0714241664232,0,0.0412101478616,0.0,0.0,0.0
2013-10-11 15:05:00,0.0837931364493,0,0.048670440693,0.0,0.0,0.0
2013-10-11 15:10:00,0.104489275875,0,0.0371495726156,0.0,0.0,0.0
2013-10-11 15:15:00,0.0851097790574,0,0.0470629322199,0.0,0.0,0.0
2013-10-11 15:20:00,0.0725941622947,0,0.0443332192736,0.0,0.0,0.0
2013-10-11 15:25:00,0.059995676574,0,0.0376407129788,0.0,0.0,0.0
2013-10-11 15:30:00,0.066949621417,0,0.0313333329556,0.0,0.0,0.0
2013-10-11 15:35:00,0.0680905046394,0,0.031678988348,0.0,0.0,0.0
2013-10-11 15:40:00,0.065852795776,0,0.0353775259757,0.0,0.0,0.0
2013-10-11 15:45:00,0.0643406604119,0,0.0420986061735,0.0,0.0,0.0
2013-10-11 15:50:00,0.0641033692688,0,0.0576666246475,0.0,0.0,0.0
2013-10-11 15:55:00,0.0548230438342,0,0.0702071629183,0.0,0.0,0.0
2013-10-11 16:00:00,0.0718351026623,0,0.093162939573,0.0,0.0,0.0
2013-10-11 16:05:00,0.0831735046703,0,0.0737698240255,0.0,0.0,0.0
2013-10-11 16:10:00,0.066886413377,0,0.0601877078731,0.0,0.0,0.0
2013-10-11 16:15:00,0.071740605111,0,0.0467943085327,0.0,0.0,0.0
2013-10-11 16:20:00,0.0614854834584,0,0.0539923316021,0.0,0.0,0.0
2013-10-11 16:25:00,0.0764905643401,0,0.0545573380297,0.0,0.0,0.0
2013-10-11 16:30:00,0.0688651942077,0,0.0521491803713,0.0,0.0,0.0
2013-10-11 16:35:00,0.0797993815736,0,0.0516904183366,0.0,0.0,0.0
2013-10-11 16:40:00,0.0713494516415,0,0.0508062500909,0.0,0.0,0.0
2013-10-11 16:45:00,0.0704196450048,0,0.0400942397152,0.0,0.0,0.0
2013-10-11 16:50:00,0.0708392425864,0,0.0576790935917,0.0,0.0,0.0
2013-10-11 16:55:00,0.0740527817597,0,0.0700311983127,0.0,0.0,0.0
2013-10-11 17:00:00,0.0630264680086,0,0.0530188954437,0.0,0.0,0.0
2013-10-11 17:05:00,0.070561210201,0,0.058548589411,0.0,0.0,0.0
2013-10-11 17:10:00,0.0684400671988,0,0.0477906653267,0.0,0.0,0.0
2013-10-11 17:15:00,0.086992728556,0,0.063177103245,0.0,0.0,0.0
2013-10-11 17:20:00,0.0775575462226,0,0.0547378391388,0.0,0.0,0.0
2013-10-11 17:25:00,0.0794758623206,0,0.0663994350702,0.0,0.0,0.0
2013-10-11 17:30:00,0.0875293958717,0,0.0570445566876,0.0,0.0,0.0
2013-10-11 17:35:00,0.0718713584489,0,0.0551998019898,0.0,0.0,0.0
2013-10-11 17:40:00,0.0673230207812,0,0.0556050134315,0.0,0.0,0.0
2013-10-11 17:45:00,0.0769175158295,0,0.0599964381745,0.0,0.0,0.0
2013-10-11 17:50:00,0.0764268557206,0,0.0482837098836,0.0,0.0,0.0
2013-10-11 17:55:00,0.0968362289661,0,0.0555190989234,0.0,0.0,0.0
2013-10-11 18:00:00,0.087372157927,0,0.0531943017512,0.0,0.0,0.0
2013-10-11 18:05:00,0.101544531419,0,0.0721825221875,0.0,0.0,0.0
2013-10-11 18:10:00,0.089082558994,0,0.060726727495,0.0,0.0,0.0
2013-10-11 18:15:00,0.0810925068257,0,0.0624201738947,0.0,0.0,0.0
2013-10-11 18:20:00,0.0933349652664,0,0.0712344396644,0.0,0.0,0.0
2013-10-11 18:25:00,0.0817322507029,0,0.0548188216186,0.0,0.0,0.0
2013-10-11 18:30:00,0.086581252218,0,0.0499603200059,0.0,0.0,0.0
2013-10-11 18:35:00,0.0966411445776,0,0.0601433047506,0.0,0.0,0.0
2013-10-11 18:40:00,0.08324510071,0,0.0591101119891,0.0,0.0,0.0
2013-10-11 18:45:00,0.0914399722205,0,0.0798622808599,0.0,0.0,0.0
2013-10-11 18:50:00,0.0873221065649,0,0.0703249016957,0.0,0.0,0.0
2013-10-11 18:55:00,0.0939548078157,0,0.0853702336396,0.0,0.0,0.0
2013-10-11 19:00:00,0.0997614145955,0,0.0718565055921,0.0,0.0,0.0
2013-10-11 19:05:00,0.102628812934,0,0.0636679885832,0.0,0.0,0.0
2013-10-11 19:10:00,0.0873603185635,0,0.0759157611505,0.0,0.0,0.0
2013-10-11 19:15:00,0.0725624380698,0,0.0634110718493,0.0,0.0,0.0
2013-10-11 19:20:00,0.089836606245,0,0.0690755990155,0.0,0.0,0.0
2013-10-11 19:25:00,0.0868385039681,0,0.0796901349465,0.0,0.0,0.0
2013-10-11 19:30:00,0.081712856541,0,0.0660237840148,0.0,0.0,0.0
2013-10-11 19:35:00,0.101633940844,0,0.0756763169156,0.0,0.0,0.0
2013-10-11 19:40:00,0.0817884407502,0,0.0705701354691,0.0,0.0,0.0
2013-10-11 19:45:00,0.09303841144,0,0.0763456846751,0.0,0.0,0.0
2013-10-11 19:50:00,0.0862781579255,0,0.0830132283946,0.0,0.0,0.0
2013-10-11 19:55:00,0.0779903531746,0,0.0869124054857,0.0,0.0,0.0
2013-10-11 20:00:00,0.0805828642157,0,0.0707686634731,0.0,0.0,0.0
2013-10-11 20:05:00,0.0798670388431,0,0.0558982534398,0.0,0.0,0.0
2013-10-11 20:10:00,0.0798755058817,0,0.074119006704,0.0,0.0,0.0
2013-10-11 20:15:00,0.0786773128946,0,0.0709645726198,0.0,0.0,0.0
2013-10-11 20:20:00,0.070601994256,0,0.0661212453867,0.0,0.0,0.0
2013-10-11 20:25:00,0.0819144649293,0,0.0872250283339,0.0,0.0,0.0
2013-10-11 20:30:00,0.100768359872,0,0.0663443045255,0.0,0.0,0.0
2013-10-11 20:35:00,0.107843685361,0,0.0778572658092,0.0,0.0,0.0
2013-10-11 20:40:00,0.158452847784,0,0.07012229847,0.0,0.0,0.0
2013-10-11 20:45:00,0.108255929035,0,0.0589747969733,0.0,0.0,0.0
2013-10-11 20:50:00,0.0724523171693,0,0.059950111067,0.0,0.0,0.0
2013-10-11 20:55:00,0.0483143611512,0,0.0591507739992,0.0,0.0,0.0
2013-10-11 21:00:00,0.0960619411787,0,0.0558449024133,0.0,0.0,0.0
2013-10-11 21:05:00,0.0596890354123,0,0.0588191686709,0.0,0.0,0.0
2013-10-11 21:10:00,0.140253355134,0,0.0545240753241,0.0,0.0,0.0
2013-10-11 21:15:00,0.0521810676359,0,0.0659552393343,0.0,0.0,0.0
2013-10-11 21:20:00,0.0610973137061,0,0.0832354822484,0.0,0.0,0.0
2013-10-11 21:25:00,0.0661951196925,0,0.0902673410498,0.0,0.0,0.0
2013-10-11 21:30:00,0.0564978774112,0,0.146439431978,0.0,0.0,0.0
2013-10-11 21:35:00,0.0640295305012,0,0.0955463738186,0.0,0.0,0.0
2013-10-11 21:40:00,0.0532443149319,0,0.0609261386007,0.0,0.0,0.0
2013-10-11 21:45:00,0.053284466676,0,0.0357656695581,0.0,0.0,0.0
2013-10-11 21:50:00,0.0676751718634,0,0.0835573570228,0.0,0.0,0.0
2013-10-11 21:55:00,0.0611014434868,0,0.0463576491516,0.0,0.0,0.0
2013-10-11 22:00:00,0.0763275565582,0,0.132556646004,0.0,0.0,0.0
2013-10-11 22:05:00,0.0649857822253,0,0.0399922986903,0.0,0.0,0.0
2013-10-11 22:10:00,0.0511667223452,0,0.0489091398755,0.0,0.0,0.0
2013-10-11 22:15:00,0.0557543159832,0,0.054172169006,0.0,0.0,0.0
2013-10-11 22:20:00,0.0490550837667,0,0.0443020229635,0.0,0.0,0.0
2013-10-11 22:25:00,0.0468290528957,0,0.0530428158774,0.0,0.0,0.0
2013-10-11 22:30:00,0.0386389105441,0,0.0426003605431,0.0,0.0,0.0
2013-10-11 22:35:00,0.0462848472482,0,0.0435105706002,0.0,0.0,0.0
2013-10-11 22:40:00,0.0443124553924,0,0.0581778683478,0.0,0.0,0.0
2013-10-11 22:45:00,0.0393946110247,0,0.0515965292031,0.0,0.0,0.0
2013-10-11 22:50:00,0.042953978171,0,0.0687776024456,0.0,0.0,0.0
2013-10-11 22:55:00,0.0434470818982,0,0.0573334273329,0.0,0.0,0.0
2013-10-11 23:00:00,0.0519071320984,0,0.0426269255383,0.0,0.0,0.0
2013-10-11 23:05:00,0.0464468077651,0,0.0475847301442,0.0,0.0,0.0
2013-10-11 23:10:00,0.0299163558024,0,0.0409506709502,0.0,0.0,0.0
2013-10-11 23:15:00,0.0286892411768,0,0.0388634304259,0.0,0.0,0.0
2013-10-11 23:20:00,0.0494881245421,0,0.0303105118544,0.0,0.0,0.0
2013-10-11 23:25:00,0.0533715740933,0,0.0384227058923,0.0,0.0,0.0
2013-10-11 23:30:00,0.0378290486803,0,0.0365233655823,0.0,0.0,0.0
2013-10-11 23:35:00,0.0305634272412,0,0.0319566107331,0.0,0.0,0.0
2013-10-11 23:40:00,0.0350945871286,0,0.0351424420899,0.0,0.0,0.0
2013-10-11 23:45:00,0.034224039882,0,0.034818359618,0.0,0.0,0.0
2013-10-11 23:50:00,0.0475637949036,0,0.044997882748,0.0,0.0,0.0
2013-10-11 23:55:00,0.0527549556711,0,0.0405531912937,0.0,0.0,0.0
2013-10-12 00:00:00,0.0389519472674,0,0.0220884442764,0.0,0.0,0.0
2013-10-12 00:05:00,0.0294336522727,0,0.0195913530424,0.0,0.0,0.0
2013-10-12 00:10:00,0.0204371982197,0,0.0418864056581,0.0,0.0,0.0
2013-10-12 00:15:00,0.0313153931354,0,0.046766673044,0.0,0.0,0.0
2013-10-12 00:20:00,0.0217186487726,0,0.0309701741023,0.0,0.0,0.0
2013-10-12 00:25:00,0.0298498083703,0,0.024911560224,0.0,0.0,0.0
2013-10-12 00:30:00,0.0276463892016,0,0.0297734355517,0.0,0.0,0.0
2013-10-12 00:35:00,0.0282823029871,0,0.0281602153624,0.0,0.0,0.0
2013-10-12 00:40:00,0.0242374791239,0,0.0419814827816,0.0,0.0,0.0
2013-10-12 00:45:00,0.0274616786643,0,0.048458044722,0.0,0.0,0.0
2013-10-12 00:50:00,0.0268228042147,0,0.0343902729519,0.0,0.0,0.0
2013-10-12 00:55:00,0.0382226523547,0,0.0244052619471,0.0,0.0,0.0
2013-10-12 01:00:00,0.0461322166108,0,0.0147734559084,0.0,0.0,0.0
2013-10-12 01:05:00,0.0370796910687,0,0.0255466395472,0.0,0.0,0.0
2013-10-12 01:10:00,0.026779089135,0,0.0149081801511,0.0,0.0,0.0
2013-10-12 01:15:00,0.0264468492605,0,0.0234528711862,0.0,0.0,0.0
2013-10-12 01:20:00,0.0315886008566,0,0.0205726394135,0.0,0.0,0.0
2013-10-12 01:25:00,0.0348741213842,0,0.0216556900146,0.0,0.0,0.0
2013-10-12 01:30:00,0.0358896324983,0,0.0182865662906,0.0,0.0,0.0
2013-10-12 01:35:00,0.0309291993547,0,0.0215092352025,0.0,0.0,0.0
2013-10-12 01:40:00,0.03664223729,0,0.0199357589914,0.0,0.0,0.0
2013-10-12 01:45:00,0.0320678003299,0,0.0314243365614,0.0,0.0,0.0
2013-10-12 01:50:00,0.0417144906696,0,0.040220128753,0.0,0.0,0.0
2013-10-12 01:55:00,0.0453292080753,0,0.0309967274046,0.0,0.0,0.0
2013-10-12 02:00:00,0.0452451798806,0,0.019777870749,0.0,0.0,0.0
2013-10-12 02:05:00,0.0392642891073,0,0.0186562358067,0.0,0.0,0.0
2013-10-12 02:10:00,0.0372697466093,0,0.0238251699148,0.0,0.0,0.0
2013-10-12 02:15:00,0.0316593834547,0,0.0270845151557,0.0,0.0,0.0
2013-10-12 02:20:00,0.0404010721886,0,0.028255074249,0.0,0.0,0.0
2013-10-12 02:25:00,0.0359152707305,0,0.0234434971865,0.0,0.0,0.0
2013-10-12 02:30:00,0.0463113582012,0,0.0296180520236,0.0,0.0,0.0
2013-10-12 02:35:00,0.0490367599229,0,0.0243015041742,0.0,0.0,0.0
2013-10-12 02:40:00,0.0399680412931,0,0.033798715378,0.0,0.0,0.0
2013-10-12 02:45:00,0.0466580951212,0,0.0374024040618,0.0,0.0,0.0
2013-10-12 02:50:00,0.044033731417,0,0.037417211544,0.0,0.0,0.0
2013-10-12 02:55:00,0.0441985636794,0,0.0309424459973,0.0,0.0,0.0
2013-10-12 03:00:00,0.058254068328,0,0.0288818131241,0.0,0.0,0.0
2013-10-12 03:05:00,0.0685561226009,0,0.0228093444718,0.0,0.0,0.0
2013-10-12 03:10:00,0.0859587355204,0,0.0306133413159,0.0,0.0,0.0
2013-10-12 03:15:00,0.0494397033566,0,0.0243069131892,0.0,0.0,0.0
2013-10-12 03:20:00,0.0704386834918,0,0.0351436391724,0.0,0.0,0.0
2013-10-12 03:25:00,0.055799667826,0,0.0370827168623,0.0,0.0,0.0
2013-10-12 03:30:00,0.0482862002618,0,0.0263893637431,0.0,0.0,0.0
2013-10-12 03:35:00,0.0858097505507,0,0.0348606008662,0.0,0.0,0.0
2013-10-12 03:40:00,0.0472001206133,0,0.0324585010197,0.0,0.0,0.0
2013-10-12 03:45:00,0.0519864937068,0,0.0314317358502,0.0,0.0,0.0
2013-10-12 03:50:00,0.0507649381481,0,0.0462621809747,0.0,0.0,0.0
2013-10-12 03:55:00,0.0521054900133,0,0.0576459943576,0.0,0.0,0.0
2013-10-12 04:00:00,0.0507295122696,0,0.0755838262536,0.0,0.0,0.0
2013-10-12 04:05:00,0.0497700858178,0,0.0389833350295,0.0,0.0,0.0
2013-10-12 04:10:00,0.0494545099709,0,0.0617817728711,0.0,0.0,0.0
2013-10-12 04:15:00,0.0464475158216,0,0.0452092365456,0.0,0.0,0.0
2013-10-12 04:20:00,0.0556198082991,0,0.037748438067,0.0,0.0,0.0
2013-10-12 04:25:00,0.0503010195223,0,0.0778508624745,0.0,0.0,0.0
2013-10-12 04:30:00,0.0544250436229,0,0.0374142840508,0.0,0.0,0.0
2013-10-12 04:35:00,0.05627044966,0,0.042333124742,0.0,0.0,0.0
2013-10-12 04:40:00,0.0531566213098,0,0.0407753300689,0.0,0.0,0.0
2013-10-12 04:45:00,0.0563487310705,0,0.0419155013629,0.0,0.0,0.0
2013-10-12 04:50:00,0.0594043901084,0,0.0406055730162,0.0,0.0,0.0
2013-10-12 04:55:00,0.0499277420098,0,0.0393565862687,0.0,0.0,0.0
2013-10-12 05:00:00,0.0435335998173,0,0.0389182695571,0.0,0.0,0.0
2013-10-12 05:05:00,0.0454894033909,0,0.0362221490206,0.0,0.0,0.0
2013-10-12 05:10:00,0.0363536367495,0,0.0459547773131,0.0,0.0,0.0
2013-10-12 05:15:00,0.0554729079795,0,0.0408254195479,0.0,0.0,0.0
2013-10-12 05:20:00,0.044717434077,0,0.0456089243394,0.0,0.0,0.0
2013-10-12 05:25:00,0.0462183393355,0,0.047623986616,0.0,0.0,0.0
2013-10-12 05:30:00,0.0439459851022,0,0.0441478169736,0.0,0.0,0.0
2013-10-12 05:35:00,0.0545624955047,0,0.0476804238555,0.0,0.0,0.0
2013-10-12 05:40:00,0.0482874550038,0,0.0505351826443,0.0,0.0,0.0
2013-10-12 05:45:00,0.0415042439919,0,0.04115002395,0.0,0.0,0.0
2013-10-12 05:50:00,0.0393602225313,0,0.034998222136,0.0,0.0,0.0
2013-10-12 05:55:00,0.0324922061091,0,0.036736110197,0.0,0.0,0.0
2013-10-12 06:00:00,0.0443285332152,0,0.0272067200695,0.0,0.0,0.0
2013-10-12 06:05:00,0.0383038977227,0,0.0479876081427,0.0,0.0,0.0
2013-10-12 06:10:00,0.048877793003,0,0.0372066234522,0.0,0.0,0.0
2013-10-12 06:15:00,0.0388006668773,0,0.0383158661242,0.0,0.0,0.0
2013-10-12 06:20:00,0.0475625730945,0,0.0357504358526,0.0,0.0,0.0
2013-10-12 06:25:00,0.0418709250524,0,0.0466644255865,0.0,0.0,0.0
2013-10-12 06:30:00,0.0425949638806,0,0.0404198477158,0.0,0.0,0.0
2013-10-12 06:35:00,0.0352835822311,0,0.0335290978175,0.0,0.0,0.0
2013-10-12 06:40:00,0.0507029552105,0,0.0316006500589,0.0,0.0,0.0
2013-10-12 06:45:00,0.0558251743268,0,0.02385530216,0.0,0.0,0.0
2013-10-12 06:50:00,0.0349434812827,0,0.0357247191572,0.0,0.0,0.0
2013-10-12 06:55:00,0.0371478126916,0,0.0298328138953,0.0,0.0,0.0
2013-10-12 07:00:00,0.0511102391953,0,0.0411162163244,0.0,0.0,0.0
2013-10-12 07:05:00,0.0446094439326,0,0.0295687288281,0.0,0.0,0.0
2013-10-12 07:10:00,0.0279077806123,0,0.0391224203525,0.0,0.0,0.0
2013-10-12 07:15:00,0.0389198805407,0,0.0348945827581,0.0,0.0,0.0
2013-10-12 07:20:00,0.0357980363321,0,0.0350041084088,0.0,0.0,0.0
2013-10-12 07:25:00,0.0398221651854,0,0.0263002421168,0.0,0.0,0.0
2013-10-12 07:30:00,0.0502636077923,0,0.0437512966897,0.0,0.0,0.0
2013-10-12 07:35:00,0.0316596106914,0,0.0497072041098,0.0,0.0,0.0
2013-10-12 07:40:00,0.0285738246723,0,0.0268917282385,0.0,0.0,0.0
2013-10-12 07:45:00,0.0307048804656,0,0.029383460206,0.0,0.0,0.0
2013-10-12 07:50:00,0.0326801308936,0,0.0447788601356,0.0,0.0,0.0
2013-10-12 07:55:00,0.0384689967412,0,0.0382723172156,0.0,0.0,0.0
2013-10-12 08:00:00,0.0302768817112,0,0.0214220185378,0.0,0.0,0.0
2013-10-12 08:05:00,0.0322888226397,0,0.0329150930248,0.0,0.0,0.0
2013-10-12 08:10:00,0.0219248348285,0,0.0288927949283,0.0,0.0,0.0
2013-10-12 08:15:00,0.0268952795618,0,0.0335780869069,0.0,0.0,0.0
2013-10-12 08:20:00,0.0280371310103,0,0.045377908658,0.0,0.0,0.0
2013-10-12 08:25:00,0.0233125366707,0,0.0264008670402,0.0,0.0,0.0
2013-10-12 08:30:00,0.02394656011,0,0.0233317214272,0.0,0.0,0.0
2013-10-12 08:35:00,0.0246938363648,0,0.0256693366513,0.0,0.0,0.0
2013-10-12 08:40:00,0.0254552935095,0,0.0275929582811,0.0,0.0,0.0
2013-10-12 08:45:00,0.0196999335547,0,0.0338237627674,0.0,0.0,0.0
2013-10-12 08:50:00,0.0195148475828,0,0.0259622970537,0.0,0.0,0.0
2013-10-12 08:55:00,0.0188021574185,0,0.0283120650015,0.0,0.0,0.0
2013-10-12 09:00:00,0.0241585917487,0,0.0173827615936,0.0,0.0,0.0
2013-10-12 09:05:00,0.012735552288,0,0.0227644667343,0.0,0.0,0.0
2013-10-12 09:10:00,0.0146678582654,0,0.0245684494179,0.0,0.0,0.0
2013-10-12 09:15:00,0.0106252474905,0,0.0198028675717,0.0,0.0,0.0
2013-10-12 09:20:00,0.010798507272,0,0.0205577729559,0.0,0.0,0.0
2013-10-12 09:25:00,0.00725754630163,0,0.0217904466203,0.0,0.0,0.0
2013-10-12 09:30:00,0.00827750664519,0,0.0234883076356,0.0,0.0,0.0
2013-10-12 09:35:00,0.00967988337025,0,0.0176389201895,0.0,0.0,0.0
2013-10-12 09:40:00,0.0168768299144,0,0.017403406127,0.0,0.0,0.0
2013-10-12 09:45:00,0.0141050587246,0,0.0167154863493,0.0,0.0,0.0
2013-10-12 09:50:00,0.0131736548441,0,0.0224790052693,0.0,0.0,0.0
2013-10-12 09:55:00,0.034891891956,0,0.0104459166931,0.0,0.0,0.0
2013-10-12 10:00:00,0.0233743253045,0,0.011495134689,0.0,0.0,0.0
2013-10-12 10:05:00,0.0247625277262,0,0.0069025937662,0.0,0.0,0.0
2013-10-12 10:10:00,0.0284660815244,0,0.00716707636107,0.0,0.0,0.0
2013-10-12 10:15:00,0.0260028681887,0,0.00252610585063,0.0,0.0,0.0
2013-10-12 10:20:00,0.0268117552398,0,0.00280091639923,0.0,0.0,0.0
2013-10-12 10:25:00,0.0293917715534,0,0.00360977335468,0.0,0.0,0.0
2013-10-12 10:30:00,0.029161037343,0,0.0122147022147,0.0,0.0,0.0
2013-10-12 10:35:00,0.0363712821764,0,0.00831017036227,0.0,0.0,0.0
2013-10-12 10:40:00,0.0275749117202,0,0.00692029267649,0.0,0.0,0.0
2013-10-12 10:45:00,0.031380909769,0,0.0297999221008,0.0,0.0,0.0
2013-10-12 10:50:00,0.0344411958739,0,0.0174689206175,0.0,0.0,0.0
2013-10-12 10:55:00,0.0349491654945,0,0.0186425067368,0.0,0.0,0.0
2013-10-12 11:00:00,0.0388494075115,0,0.0223426504974,0.0,0.0,0.0
2013-10-12 11:05:00,0.0412782290604,0,0.0197501821613,0.0,0.0,0.0
2013-10-12 11:10:00,0.0478597658184,0,0.0199921759552,0.0,0.0,0.0
2013-10-12 11:15:00,0.0351640425324,0,0.0218202708274,0.0,0.0,0.0
2013-10-12 11:20:00,0.0467443726303,0,0.0216470807105,0.0,0.0,0.0
2013-10-12 11:25:00,0.0371869764498,0,0.0289553756502,0.0,0.0,0.0
2013-10-12 11:30:00,0.0277453359824,0,0.0194258689946,0.0,0.0,0.0
2013-10-12 11:35:00,0.032010786961,0,0.0238190049251,0.0,0.0,0.0
2013-10-12 11:40:00,0.0343627761453,0,0.0273899296097,0.0,0.0,0.0
2013-10-12 11:45:00,0.0269498526057,0,0.0277152063375,0.0,0.0,0.0
2013-10-12 11:50:00,0.0343835567806,0,0.0323313844229,0.0,0.0,0.0
2013-10-12 11:55:00,0.0238268656268,0,0.0354097289618,0.0,0.0,0.0
2013-10-12 12:00:00,0.0269245008893,0,0.0420931789521,0.0,0.0,0.0
2013-10-12 12:05:00,0.0205266570432,0,0.0290331646502,0.0,0.0,0.0
2013-10-12 12:10:00,0.040893833414,0,0.042237999318,0.0,0.0,0.0
2013-10-12 12:15:00,0.0236422275418,0,0.031914236883,0.0,0.0,0.0
2013-10-12 12:20:00,0.0326656503147,0,0.0222156016763,0.0,0.0,0.0
2013-10-12 12:25:00,0.040874518291,0,0.0267430853836,0.0,0.0,0.0
2013-10-12 12:30:00,0.0292068831787,0,0.0284763066433,0.0,0.0,0.0
2013-10-12 12:35:00,0.0415869515789,0,0.0203955894274,0.0,0.0,0.0
2013-10-12 12:40:00,0.0280003515912,0,0.0287242135715,0.0,0.0,0.0
2013-10-12 12:45:00,0.0312183828068,0,0.0174290893211,0.0,0.0,0.0
2013-10-12 12:50:00,0.0328219891922,0,0.0201690985776,0.0,0.0,0.0
2013-10-12 12:55:00,0.0280758864011,0,0.013326331204,0.0,0.0,0.0
2013-10-12 13:00:00,0.0350009787646,0,0.0352877078394,0.0,0.0,0.0
2013-10-12 13:05:00,0.0215885409188,0,0.0171348797383,0.0,0.0,0.0
2013-10-12 13:10:00,0.0352876165066,0,0.0268275793186,0.0,0.0,0.0
2013-10-12 13:15:00,0.0382703029112,0,0.0351922161178,0.0,0.0,0.0
2013-10-12 13:20:00,0.0311100962667,0,0.0228793895968,0.0,0.0,0.0
2013-10-12 13:25:00,0.0360863569432,0,0.0360354192024,0.0,0.0,0.0
2013-10-12 13:30:00,0.0451037793488,0,0.0218279166987,0.0,0.0,0.0
2013-10-12 13:35:00,0.0481563822172,0,0.0242196436015,0.0,0.0,0.0
2013-10-12 13:40:00,0.0282650791008,0,0.0253510424332,0.0,0.0,0.0
2013-10-12 13:45:00,0.0360170530306,0,0.0212243902262,0.0,0.0,0.0
2013-10-12 13:50:00,0.0307048376529,0,0.0281409288575,0.0,0.0,0.0
2013-10-12 13:55:00,0.0322408855673,0,0.01320213294,0.0,0.0,0.0
2013-10-12 14:00:00,0.0434000636526,0,0.0285871058818,0.0,0.0,0.0
2013-10-12 14:05:00,0.0340988060916,0,0.0322262531639,0.0,0.0,0.0
2013-10-12 14:10:00,0.0298506679179,0,0.0238766940406,0.0,0.0,0.0
2013-10-12 14:15:00,0.0374575297825,0,0.0289529782959,0.0,0.0,0.0
2013-10-12 14:20:00,0.0311027061327,0,0.0386491462656,0.0,0.0,0.0
2013-10-12 14:25:00,0.0332830426591,0,0.0419957308836,0.0,0.0,0.0
2013-10-12 14:30:00,0.0361666867777,0,0.0218286915581,0.0,0.0,0.0
2013-10-12 14:35:00,0.0368966140013,0,0.0299732878024,0.0,0.0,0.0
2013-10-12 14:40:00,0.0198113091971,0,0.0235826143874,0.0,0.0,0.0
2013-10-12 14:45:00,0.0249936966504,0,0.0258585505899,0.0,0.0,0.0
2013-10-12 14:50:00,0.0350188613081,0,0.0381699558423,0.0,0.0,0.0
2013-10-12 14:55:00,0.0399955138857,0,0.0280596127259,0.0,0.0,0.0
2013-10-12 15:00:00,0.0566837834114,0,0.0236361721697,0.0,0.0,0.0
2013-10-12 15:05:00,0.0576927277129,0,0.0313696664304,0.0,0.0,0.0
2013-10-12 15:10:00,0.0813682404974,0,0.0230568045883,0.0,0.0,0.0
2013-10-12 15:15:00,0.0418566585371,0,0.0231881178292,0.0,0.0,0.0
2013-10-12 15:20:00,0.0509439545938,0,0.0263648975908,0.0,0.0,0.0
2013-10-12 15:25:00,0.0408624549841,0,0.0262423340391,0.0,0.0,0.0
2013-10-12 15:30:00,0.0354532490375,0,0.00627679775764,0.0,0.0,0.0
2013-10-12 15:35:00,0.0478344042222,0,0.0140607426222,0.0,0.0,0.0
2013-10-12 15:40:00,0.0469679472368,0,0.0259765898952,0.0,0.0,0.0
2013-10-12 15:45:00,0.0484927815121,0,0.0306482781017,0.0,0.0,0.0
2013-10-12 15:50:00,0.0428892815657,0,0.0473101986492,0.0,0.0,0.0
2013-10-12 15:55:00,0.0451095788256,0,0.0489784317892,0.0,0.0,0.0
2013-10-12 16:00:00,0.0481772814108,0,0.0739754005031,0.0,0.0,0.0
2013-10-12 16:05:00,0.0486921833986,0,0.032780269053,0.0,0.0,0.0
2013-10-12 16:10:00,0.0562918132069,0,0.0428176584908,0.0,0.0,0.0
2013-10-12 16:15:00,0.0529250967106,0,0.0318602779393,0.0,0.0,0.0
2013-10-12 16:20:00,0.0499654534289,0,0.0254406568485,0.0,0.0,0.0
2013-10-12 16:25:00,0.0425714004185,0,0.0381529642636,0.0,0.0,0.0
2013-10-12 16:30:00,0.0453017190163,0,0.0375423555594,0.0,0.0,0.0
2013-10-12 16:35:00,0.0388137181701,0,0.0392709715959,0.0,0.0,0.0
2013-10-12 16:40:00,0.055634898136,0,0.0338832795791,0.0,0.0,0.0
2013-10-12 16:45:00,0.0421545428511,0,0.0361902066023,0.0,0.0,0.0
2013-10-12 16:50:00,0.0394858383429,0,0.0393221974535,0.0,0.0,0.0
2013-10-12 16:55:00,0.0399817216035,0,0.0399250628585,0.0,0.0,0.0
2013-10-12 17:00:00,0.0397808739644,0,0.0481158738854,0.0,0.0,0.0
2013-10-12 17:05:00,0.0234574313791,0,0.0447042117617,0.0,0.0,0.0
2013-10-12 17:10:00,0.0209533318966,0,0.0430688751877,0.0,0.0,0.0
2013-10-12 17:15:00,0.0289852351446,0,0.0363291666244,0.0,0.0,0.0
2013-10-12 17:20:00,0.0214591213618,0,0.0389136969176,0.0,0.0,0.0
2013-10-12 17:25:00,0.0388709653623,0,0.0327659049482,0.0,0.0,0.0
2013-10-12 17:30:00,0.0219452762553,0,0.0512278098638,0.0,0.0,0.0
2013-10-12 17:35:00,0.032917632807,0,0.0370386007529,0.0,0.0,0.0
2013-10-12 17:40:00,0.0252196424229,0,0.0337944487896,0.0,0.0,0.0
2013-10-12 17:45:00,0.0345971955429,0,0.034905277827,0.0,0.0,0.0
2013-10-12 17:50:00,0.0534387801826,0,0.0347941077042,0.0,0.0,0.0
2013-10-12 17:55:00,0.0445799393825,0,0.0172424867334,0.0,0.0,0.0
2013-10-12 18:00:00,0.0391945208414,0,0.0138147029183,0.0,0.0,0.0
2013-10-12 18:05:00,0.0364677853389,0,0.021736750615,0.0,0.0,0.0
2013-10-12 18:10:00,0.044071821564,0,0.0130135771935,0.0,0.0,0.0
2013-10-12 18:15:00,0.0418592602331,0,0.0310325149901,0.0,0.0,0.0
2013-10-12 18:20:00,0.0354754062664,0,0.0134385842407,0.0,0.0,0.0
2013-10-12 18:25:00,0.0444880534071,0,0.0259096832871,0.0,0.0,0.0
2013-10-12 18:30:00,0.0555169853206,0,0.0166553704588,0.0,0.0,0.0
2013-10-12 18:35:00,0.033500383075,0,0.0253458701517,0.0,0.0,0.0
2013-10-12 18:40:00,0.0403260906507,0,0.0459303584002,0.0,0.0,0.0
2013-10-12 18:45:00,0.042113666584,0,0.0372148090287,0.0,0.0,0.0
2013-10-12 18:50:00,0.0381165229169,0,0.0307598778037,0.0,0.0,0.0
2013-10-12 18:55:00,0.0371230603533,0,0.0279785593478,0.0,0.0,0.0
2013-10-12 19:00:00,0.0436654662858,0,0.0372804194438,0.0,0.0,0.0
2013-10-12 19:05:00,0.0511947679696,0,0.0343301547076,0.0,0.0,0.0
2013-10-12 19:10:00,0.0417862810132,0,0.026492178842,0.0,0.0,0.0
2013-10-12 19:15:00,0.0490672755118,0,0.0365035232264,0.0,0.0,0.0
2013-10-12 19:20:00,0.0552585249345,0,0.0481243897985,0.0,0.0,0.0
2013-10-12 19:25:00,0.0604590287546,0,0.0240016779189,0.0,0.0,0.0
2013-10-12 19:30:00,0.0427571351678,0,0.030668532597,0.0,0.0,0.0
2013-10-12 19:35:00,0.10506131967,0,0.0331730127086,0.0,0.0,0.0
2013-10-12 19:40:00,0.050159325888,0,0.0267010590447,0.0,0.0,0.0
2013-10-12 19:45:00,0.0503839181199,0,0.0246602683665,0.0,0.0,0.0
2013-10-12 19:50:00,0.0648556052125,0,0.0322016276564,0.0,0.0,0.0
2013-10-12 19:55:00,0.0471486663113,0,0.0390672353458,0.0,0.0,0.0
2013-10-12 20:00:00,0.0433675457457,0,0.028642925055,0.0,0.0,0.0
2013-10-12 20:05:00,0.0416542268273,0,0.0371691742044,0.0,0.0,0.0
2013-10-12 20:10:00,0.0434197278639,0,0.0463311004962,0.0,0.0,0.0
2013-10-12 20:15:00,0.0411004311307,0,0.0497661976258,0.0,0.0,0.0
2013-10-12 20:20:00,0.0503916672221,0,0.0325016018973,0.0,0.0,0.0
2013-10-12 20:25:00,0.0476879913089,0,0.0992070976776,0.0,0.0,0.0
2013-10-12 20:30:00,0.0426430754971,0,0.0410238588877,0.0,0.0,0.0
2013-10-12 20:35:00,0.045725670322,0,0.0414224519789,0.0,0.0,0.0
2013-10-12 20:40:00,0.0461179731484,0,0.0570968131883,0.0,0.0,0.0
2013-10-12 20:45:00,0.0430264107054,0,0.0384446186612,0.0,0.0,0.0
2013-10-12 20:50:00,0.0454251019799,0,0.0348562464783,0.0,0.0,0.0
2013-10-12 20:55:00,0.0465971890881,0,0.033301386508,0.0,0.0,0.0
2013-10-12 21:00:00,0.0487271383372,0,0.0346293624436,0.0,0.0,0.0
2013-10-12 21:05:00,0.0456092032592,0,0.0319305173023,0.0,0.0,0.0
2013-10-12 21:10:00,0.0722680314659,0,0.0419670703611,0.0,0.0,0.0
2013-10-12 21:15:00,0.0993437765192,0,0.038208598989,0.0,0.0,0.0
2013-10-12 21:20:00,0.047142158778,0,0.0309420215574,0.0,0.0,0.0
2013-10-12 21:25:00,0.0515964566613,0,0.0342909709133,0.0,0.0,0.0
2013-10-12 21:30:00,0.0439483200421,0,0.0341199204396,0.0,0.0,0.0
2013-10-12 21:35:00,0.0685874055255,0,0.0291382425567,0.0,0.0,0.0
2013-10-12 21:40:00,0.0571885980639,0,0.0329746602618,0.0,0.0,0.0
2013-10-12 21:45:00,0.0404910381781,0,0.0369360957339,0.0,0.0,0.0
2013-10-12 21:50:00,0.0316664706064,0,0.0385905759377,0.0,0.0,0.0
2013-10-12 21:55:00,0.0609076105471,0,0.0337781376194,0.0,0.0,0.0
2013-10-12 22:00:00,0.0492445992084,0,0.0617063463881,0.0,0.0,0.0
2013-10-12 22:05:00,0.0495991412164,0,0.0922568499136,0.0,0.0,0.0
2013-10-12 22:10:00,0.0431459899236,0,0.0387962260783,0.0,0.0,0.0
2013-10-12 22:15:00,0.0530880880261,0,0.0424006315762,0.0,0.0,0.0
2013-10-12 22:20:00,0.050188263993,0,0.0328265915846,0.0,0.0,0.0
2013-10-12 22:25:00,0.048180080704,0,0.060055254877,0.0,0.0,0.0
2013-10-12 22:30:00,0.0389773813159,0,0.0492668502006,0.0,0.0,0.0
2013-10-12 22:35:00,0.0437610868476,0,0.0313411123949,0.0,0.0,0.0
2013-10-12 22:40:00,0.0513710147616,0,0.0214822393921,0.0,0.0,0.0
2013-10-12 22:45:00,0.054235584167,0,0.0524162369261,0.0,0.0,0.0
2013-10-12 22:50:00,0.0431616231527,0,0.040484715976,0.0,0.0,0.0
2013-10-12 22:55:00,0.0467772857316,0,0.0409725423516,0.0,0.0,0.0
2013-10-12 23:00:00,0.0459391180738,0,0.0336361927156,0.0,0.0,0.0
2013-10-12 23:05:00,0.044933233235,0,0.043840013882,0.0,0.0,0.0
2013-10-12 23:10:00,0.0465274669282,0,0.0415429418191,0.0,0.0,0.0
2013-10-12 23:15:00,0.0459428065542,0,0.0400365812104,0.0,0.0,0.0
2013-10-12 23:20:00,0.051457503041,0,0.0298168934033,0.0,0.0,0.0
2013-10-12 23:25:00,0.0368296252688,0,0.0342991372682,0.0,0.0,0.0
2013-10-12 23:30:00,0.0476126343364,0,0.0428461694073,0.0,0.0,0.0
2013-10-12 23:35:00,0.0471843754125,0,0.0460070204634,0.0,0.0,0.0
2013-10-12 23:40:00,0.0383338106403,0,0.0341938212242,0.0,0.0,0.0
2013-10-12 23:45:00,0.0440494601514,0,0.0383592742525,0.0,0.0,0.0
2013-10-12 23:50:00,0.0444653659592,0,0.0379198123082,0.0,0.0,0.0
2013-10-12 23:55:00,0.0451365673052,0,0.0363078534715,0.0,0.0,0.0
2013-10-13 00:00:00,0.0452294379731,0,0.0379259001515,0.0,0.0,0.0
2013-10-13 00:05:00,0.0436193899201,0,0.0379157577727,0.0,0.0,0.0
2013-10-13 00:10:00,0.0296874394859,0,0.0434130562225,0.0,0.0,0.0
2013-10-13 00:15:00,0.0192752610193,0,0.028246827436,0.0,0.0,0.0
2013-10-13 00:20:00,0.0203428883858,0,0.0406401183809,0.0,0.0,0.0
2013-10-13 00:25:00,0.0152617266673,0,0.0411154374664,0.0,0.0,0.0
2013-10-13 00:30:00,0.0164586418594,0,0.0327261353449,0.0,0.0,0.0
2013-10-13 00:35:00,0.0181575328914,0,0.0398586831886,0.0,0.0,0.0
2013-10-13 00:40:00,0.0154300234666,0,0.0406798507551,0.0,0.0,0.0
2013-10-13 00:45:00,0.0179321206312,0,0.0414061428582,0.0,0.0,0.0
2013-10-13 00:50:00,0.016507007059,0,0.0421389110644,0.0,0.0,0.0
2013-10-13 00:55:00,0.0110060501618,0,0.0411240926893,0.0,0.0,0.0
2013-10-13 01:00:00,0.0156591604334,0,0.0270022795754,0.0,0.0,0.0
2013-10-13 01:05:00,0.0167500779191,0,0.0164159023435,0.0,0.0,0.0
2013-10-13 01:10:00,0.0249844458098,0,0.0175182051778,0.0,0.0,0.0
2013-10-13 01:15:00,0.0381882803277,0,0.0119694429255,0.0,0.0,0.0
2013-10-13 01:20:00,0.0438147377714,0,0.0126129441248,0.0,0.0,0.0
2013-10-13 01:25:00,0.0473410765515,0,0.0131922252347,0.0,0.0,0.0
2013-10-13 01:30:00,0.0548050196794,0,0.00925518762454,0.0,0.0,0.0
2013-10-13 01:35:00,0.0537372342351,0,0.0107062975082,0.0,0.0,0.0
2013-10-13 01:40:00,0.0561837143841,0,0.0080652207772,0.0,0.0,0.0
2013-10-13 01:45:00,0.0578701699678,0,0.000885116286311,0.0,0.0,0.0
2013-10-13 01:50:00,0.0614921655358,0,0.00538899142856,0.0,0.0,0.0
2013-10-13 01:55:00,0.0586599197334,0,0.00552779083797,0.0,0.0,0.0
2013-10-13 02:00:00,0.0560423138523,0,0.0135206500212,0.0,0.0,0.0
2013-10-13 02:05:00,0.0607992844875,0,0.0270658971504,0.0,0.0,0.0
2013-10-13 02:10:00,0.063472355893,0,0.0323703283936,0.0,0.0,0.0
2013-10-13 02:15:00,0.0600400733639,0,0.0356446307959,0.0,0.0,0.0
2013-10-13 02:20:00,0.0597380197497,0,0.0435487048653,0.0,0.0,0.0
2013-10-13 02:25:00,0.0608763704351,0,0.0423135123256,0.0,0.0,0.0
2013-10-13 02:30:00,0.0617302602407,0,0.0443801441806,0.0,0.0,0.0
2013-10-13 02:35:00,0.0604594865214,0,0.046084779181,0.0,0.0,0.0
2013-10-13 02:40:00,0.0605833568913,0,0.0502572553085,0.0,0.0,0.0
2013-10-13 02:45:00,0.0629423508952,0,0.0472000205985,0.0,0.0,0.0
2013-10-13 02:50:00,0.0608426438922,0,0.0440650845849,0.0,0.0,0.0
2013-10-13 02:55:00,0.063434851951,0,0.0490655765156,0.0,0.0,0.0
2013-10-13 03:00:00,0.0675682717967,0,0.0519711330442,0.0,0.0,0.0
2013-10-13 03:05:00,0.0783807491883,0,0.0480864549864,0.0,0.0,0.0
2013-10-13 03:10:00,0.0887565566033,0,0.0471012837144,0.0,0.0,0.0
2013-10-13 03:15:00,0.0710628962317,0,0.0474932696945,0.0,0.0,0.0
2013-10-13 03:20:00,0.0602998313047,0,0.0480398686853,0.0,0.0,0.0
2013-10-13 03:25:00,0.0607836216188,0,0.0466959814872,0.0,0.0,0.0
2013-10-13 03:30:00,0.0642890216859,0,0.0464987746743,0.0,0.0,0.0
2013-10-13 03:35:00,0.0599547904271,0,0.0496621501232,0.0,0.0,0.0
2013-10-13 03:40:00,0.0611239069913,0,0.0486844186018,0.0,0.0,0.0
2013-10-13 03:45:00,0.0633637993035,0,0.0513953702888,0.0,0.0,0.0
2013-10-13 03:50:00,0.0675802626514,0,0.0546579169143,0.0,0.0,0.0
2013-10-13 03:55:00,0.0624205659394,0,0.0659317789599,0.0,0.0,0.0
2013-10-13 04:00:00,0.0632558420919,0,0.0778216412097,0.0,0.0,0.0
2013-10-13 04:05:00,0.0612592182371,0,0.059552192519,0.0,0.0,0.0
2013-10-13 04:10:00,0.0616198659975,0,0.0480427219086,0.0,0.0,0.0
2013-10-13 04:15:00,0.0685216287223,0,0.0486536759383,0.0,0.0,0.0
2013-10-13 04:20:00,0.0651172172734,0,0.0524845844211,0.0,0.0,0.0
2013-10-13 04:25:00,0.0671022520544,0,0.0477374662,0.0,0.0,0.0
2013-10-13 04:30:00,0.0640765586267,0,0.048663729227,0.0,0.0,0.0
2013-10-13 04:35:00,0.0589221212925,0,0.0508786136654,0.0,0.0,0.0
2013-10-13 04:40:00,0.0641877959512,0,0.0554115990975,0.0,0.0,0.0
2013-10-13 04:45:00,0.0693494093557,0,0.0502972205419,0.0,0.0,0.0
2013-10-13 04:50:00,0.063044706227,0,0.0510579443224,0.0,0.0,0.0
2013-10-13 04:55:00,0.0624854337956,0,0.0489317278627,0.0,0.0,0.0
2013-10-13 05:00:00,0.0652942017615,0,0.0493680344064,0.0,0.0,0.0
2013-10-13 05:05:00,0.066896312995,0,0.0561904624177,0.0,0.0,0.0
2013-10-13 05:10:00,0.0659679257646,0,0.0525327470609,0.0,0.0,0.0
2013-10-13 05:15:00,0.0665761825334,0,0.0551776937353,0.0,0.0,0.0
2013-10-13 05:20:00,0.0642232350028,0,0.0518780545662,0.0,0.0,0.0
2013-10-13 05:25:00,0.064866443417,0,0.0459798704745,0.0,0.0,0.0
2013-10-13 05:30:00,0.0648215625141,0,0.0515638395242,0.0,0.0,0.0
2013-10-13 05:35:00,0.0599390386397,0,0.0572574821254,0.0,0.0,0.0
2013-10-13 05:40:00,0.0630289280933,0,0.0508028938042,0.0,0.0,0.0
2013-10-13 05:45:00,0.0685472439016,0,0.0502411980714,0.0,0.0,0.0
2013-10-13 05:50:00,0.0570912452336,0,0.0529633353427,0.0,0.0,0.0
2013-10-13 05:55:00,0.0639626043412,0,0.0549099269641,0.0,0.0,0.0
2013-10-13 06:00:00,0.0601141591279,0,0.0541690941304,0.0,0.0,0.0
2013-10-13 06:05:00,0.0633137446481,0,0.0546371002387,0.0,0.0,0.0
2013-10-13 06:10:00,0.0562771844301,0,0.0521772433958,0.0,0.0,0.0
2013-10-13 06:15:00,0.0539131418186,0,0.0535808701729,0.0,0.0,0.0
2013-10-13 06:20:00,0.0566762615459,0,0.0536067763049,0.0,0.0,0.0
2013-10-13 06:25:00,0.0601626066597,0,0.0484168312306,0.0,0.0,0.0
2013-10-13 06:30:00,0.0622397612394,0,0.0518876679388,0.0,0.0,0.0
2013-10-13 06:35:00,0.0566886937009,0,0.057912962229,0.0,0.0,0.0
2013-10-13 06:40:00,0.0616000700548,0,0.0458785889592,0.0,0.0,0.0
2013-10-13 06:45:00,0.0724349450851,0,0.0527004668984,0.0,0.0,0.0
2013-10-13 06:50:00,0.0498457589457,0,0.0482035538836,0.0,0.0,0.0
2013-10-13 06:55:00,0.0536849697848,0,0.052203753649,0.0,0.0,0.0
2013-10-13 07:00:00,0.0632784175681,0,0.0453430150259,0.0,0.0,0.0
2013-10-13 07:05:00,0.058313960029,0,0.0421428496334,0.0,0.0,0.0
2013-10-13 07:10:00,0.0570896973892,0,0.0449127009603,0.0,0.0,0.0
2013-10-13 07:15:00,0.0613338967926,0,0.0497020511062,0.0,0.0,0.0
2013-10-13 07:20:00,0.0566751780548,0,0.0512906115116,0.0,0.0,0.0
2013-10-13 07:25:00,0.0527959208568,0,0.0445658717068,0.0,0.0,0.0
2013-10-13 07:30:00,0.0499256540664,0,0.0507206707999,0.0,0.0,0.0
2013-10-13 07:35:00,0.0478128134385,0,0.0628728746036,0.0,0.0,0.0
2013-10-13 07:40:00,0.0539986651653,0,0.0390350726703,0.0,0.0,0.0
2013-10-13 07:45:00,0.0545359252724,0,0.0432822093163,0.0,0.0,0.0
2013-10-13 07:50:00,0.0562475283888,0,0.0536196609022,0.0,0.0,0.0
2013-10-13 07:55:00,0.052684057808,0,0.0482470745278,0.0,0.0,0.0
2013-10-13 08:00:00,0.0500428160125,0,0.0468541335373,0.0,0.0,0.0
2013-10-13 08:05:00,0.0469607053007,0,0.0513704719163,0.0,0.0,0.0
2013-10-13 08:10:00,0.0417338486053,0,0.0469375942462,0.0,0.0,0.0
2013-10-13 08:15:00,0.0460206795972,0,0.0435054314887,0.0,0.0,0.0
2013-10-13 08:20:00,0.0430104613209,0,0.0407795113154,0.0,0.0,0.0
2013-10-13 08:25:00,0.0392229419004,0,0.0386947137416,0.0,0.0,0.0
2013-10-13 08:30:00,0.0353895008985,0,0.0455064486974,0.0,0.0,0.0
2013-10-13 08:35:00,0.0310539622052,0,0.0465273613814,0.0,0.0,0.0
2013-10-13 08:40:00,0.0203058553836,0,0.0487468687144,0.0,0.0,0.0
2013-10-13 08:45:00,0.0300285909926,0,0.0460968598038,0.0,0.0,0.0
2013-10-13 08:50:00,0.0376280100306,0,0.0441584070617,0.0,0.0,0.0
2013-10-13 08:55:00,0.0438768722002,0,0.0409543224293,0.0,0.0,0.0
2013-10-13 09:00:00,0.0520878775193,0,0.0353250840902,0.0,0.0,0.0
2013-10-13 09:05:00,0.0585726707049,0,0.0394192859088,0.0,0.0,0.0
2013-10-13 09:10:00,0.064230822734,0,0.0349808383638,0.0,0.0,0.0
2013-10-13 09:15:00,0.0627674016579,0,0.0300130361493,0.0,0.0,0.0
2013-10-13 09:20:00,0.0114067607475,0,0.025680107293,0.0,0.0,0.0
2013-10-13 09:25:00,0.0553273414408,0,0.0206808513223,0.0,0.0,0.0
2013-10-13 09:30:00,0.0708459180773,0,0.00756009686506,0.0,0.0,0.0
2013-10-13 09:35:00,0.0680330302105,0,0.0192585867499,0.0,0.0,0.0
2013-10-13 09:40:00,0.0612587868166,0,0.027265857089,0.0,0.0,0.0
2013-10-13 09:45:00,0.0669850966948,0,0.0340264763568,0.0,0.0,0.0
2013-10-13 09:50:00,0.063322652987,0,0.0392653295918,0.0,0.0,0.0
2013-10-13 09:55:00,0.0652575935932,0,0.0452077316858,0.0,0.0,0.0
2013-10-13 10:00:00,0.0627492095455,0,0.0534771687905,0.0,0.0,0.0
2013-10-13 10:05:00,0.0605590195071,0,0.052527853608,0.0,0.0,0.0
2013-10-13 10:10:00,0.0627542120471,0,0.00323367482893,0.0,0.0,0.0
2013-10-13 10:15:00,0.0605463996347,0,0.0425950032805,0.0,0.0,0.0
2013-10-13 10:20:00,0.0663033173139,0,0.0592030084685,0.0,0.0,0.0
2013-10-13 10:25:00,0.0596585395831,0,0.0562951163859,0.0,0.0,0.0
2013-10-13 10:30:00,0.0576272407189,0,0.0492639620719,0.0,0.0,0.0
2013-10-13 10:35:00,0.0661478182243,0,0.0553822842482,0.0,0.0,0.0
2013-10-13 10:40:00,0.0617672866563,0,0.0514411990705,0.0,0.0,0.0
2013-10-13 10:45:00,0.0524200515281,0,0.0534895030545,0.0,0.0,0.0
2013-10-13 10:50:00,0.0553524165211,0,0.051508680649,0.0,0.0,0.0
2013-10-13 10:55:00,0.0595890150203,0,0.0493600583311,0.0,0.0,0.0
2013-10-13 11:00:00,0.0596527071734,0,0.0512177935867,0.0,0.0,0.0
2013-10-13 11:05:00,0.0531030955309,0,0.0493593286541,0.0,0.0,0.0
2013-10-13 11:10:00,0.0603639647582,0,0.0561187973897,0.0,0.0,0.0
2013-10-13 11:15:00,0.0613931825289,0,0.0485402346673,0.0,0.0,0.0
2013-10-13 11:20:00,0.0729425392711,0,0.0459329574943,0.0,0.0,0.0
2013-10-13 11:25:00,0.0615717082749,0,0.0549948178174,0.0,0.0,0.0
2013-10-13 11:30:00,0.0695655082028,0,0.0505868159587,0.0,0.0,0.0
2013-10-13 11:35:00,0.0708375267843,0,0.0399969571661,0.0,0.0,0.0
2013-10-13 11:40:00,0.0685905868399,0,0.042390088251,0.0,0.0,0.0
2013-10-13 11:45:00,0.0714637253758,0,0.0468047165109,0.0,0.0,0.0
2013-10-13 11:50:00,0.077931581191,0,0.0470824675699,0.0,0.0,0.0
2013-10-13 11:55:00,0.0770017877274,0,0.0393216103831,0.0,0.0,0.0
2013-10-13 12:00:00,0.0723114600297,0,0.0461714105897,0.0,0.0,0.0
2013-10-13 12:05:00,0.0688509046393,0,0.0473770534525,0.0,0.0,0.0
2013-10-13 12:10:00,0.0761989570295,0,0.0594021502548,0.0,0.0,0.0
2013-10-13 12:15:00,0.0756029677514,0,0.0469769848044,0.0,0.0,0.0
2013-10-13 12:20:00,0.0800092396435,0,0.0555061769347,0.0,0.0,0.0
2013-10-13 12:25:00,0.0732342848998,0,0.0568964287797,0.0,0.0,0.0
2013-10-13 12:30:00,0.0622005513751,0,0.0541540168437,0.0,0.0,0.0
2013-10-13 12:35:00,0.069508369689,0,0.0570781303894,0.0,0.0,0.0
2013-10-13 12:40:00,0.0660684203898,0,0.0642391370006,0.0,0.0,0.0
2013-10-13 12:45:00,0.0777588186956,0,0.0637820093014,0.0,0.0,0.0
2013-10-13 12:50:00,0.0753435687787,0,0.0590718379136,0.0,0.0,0.0
2013-10-13 12:55:00,0.0752405844292,0,0.0552533836397,0.0,0.0,0.0
2013-10-13 13:00:00,0.0727353191234,0,0.0622266643753,0.0,0.0,0.0
2013-10-13 13:05:00,0.076602750131,0,0.0615200377006,0.0,0.0,0.0
2013-10-13 13:10:00,0.0695572947473,0,0.0662438663762,0.0,0.0,0.0
2013-10-13 13:15:00,0.0707646134301,0,0.0595609691438,0.0,0.0,0.0
2013-10-13 13:20:00,0.0675043952196,0,0.0482332487473,0.0,0.0,0.0
2013-10-13 13:25:00,0.0712038949826,0,0.0557557965192,0.0,0.0,0.0
2013-10-13 13:30:00,0.075596529377,0,0.0519378718158,0.0,0.0,0.0
2013-10-13 13:35:00,0.0715628005947,0,0.0643357074059,0.0,0.0,0.0
2013-10-13 13:40:00,0.0812895441328,0,0.0618365080721,0.0,0.0,0.0
2013-10-13 13:45:00,0.0718413467327,0,0.0613476674667,0.0,0.0,0.0
2013-10-13 13:50:00,0.0722770978825,0,0.0585606891892,0.0,0.0,0.0
2013-10-13 13:55:00,0.0744857764291,0,0.0627739817361,0.0,0.0,0.0
2013-10-13 14:00:00,0.0691637338856,0,0.055528855449,0.0,0.0,0.0
2013-10-13 14:05:00,0.0715616742908,0,0.0567465844556,0.0,0.0,0.0
2013-10-13 14:10:00,0.066197289968,0,0.0536012523353,0.0,0.0,0.0
2013-10-13 14:15:00,0.0666514736401,0,0.0576155102575,0.0,0.0,0.0
2013-10-13 14:20:00,0.0706647478225,0,0.0621255080601,0.0,0.0,0.0
2013-10-13 14:25:00,0.0667970335923,0,0.0581341386224,0.0,0.0,0.0
2013-10-13 14:30:00,0.0691297965724,0,0.0686091570084,0.0,0.0,0.0
2013-10-13 14:35:00,0.0627175116668,0,0.0588244019816,0.0,0.0,0.0
2013-10-13 14:40:00,0.0605544286662,0,0.059431957932,0.0,0.0,0.0
2013-10-13 14:45:00,0.0571627490613,0,0.0619678091677,0.0,0.0,0.0
2013-10-13 14:50:00,0.0736650434279,0,0.0570087989578,0.0,0.0,0.0
2013-10-13 14:55:00,0.0650664710279,0,0.0594578205436,0.0,0.0,0.0
2013-10-13 15:00:00,0.0737513703363,0,0.0538576095124,0.0,0.0,0.0
2013-10-13 15:05:00,0.0916495174282,0,0.0541565081837,0.0,0.0,0.0
2013-10-13 15:10:00,0.0948276109633,0,0.0571756560537,0.0,0.0,0.0
2013-10-13 15:15:00,0.0711473262074,0,0.0518128086694,0.0,0.0,0.0
2013-10-13 15:20:00,0.0750093298795,0,0.0548300509009,0.0,0.0,0.0
2013-10-13 15:25:00,0.0650198051639,0,0.047905159531,0.0,0.0,0.0
2013-10-13 15:30:00,0.0710895389162,0,0.0447915333205,0.0,0.0,0.0
2013-10-13 15:35:00,0.0732044378479,0,0.0419592246804,0.0,0.0,0.0
2013-10-13 15:40:00,0.0731741593756,0,0.0605807342523,0.0,0.0,0.0
2013-10-13 15:45:00,0.0698143884196,0,0.0505650260325,0.0,0.0,0.0
2013-10-13 15:50:00,0.0613284925101,0,0.0591203914093,0.0,0.0,0.0
2013-10-13 15:55:00,0.0678569711358,0,0.0785337472447,0.0,0.0,0.0
2013-10-13 16:00:00,0.0645861715971,0,0.0824674330292,0.0,0.0,0.0
2013-10-13 16:05:00,0.0762572975927,0,0.0582670316236,0.0,0.0,0.0
2013-10-13 16:10:00,0.0771803859257,0,0.0624718895944,0.0,0.0,0.0
2013-10-13 16:15:00,0.071390851541,0,0.0515588132598,0.0,0.0,0.0
2013-10-13 16:20:00,0.0693549321965,0,0.0574084261276,0.0,0.0,0.0
2013-10-13 16:25:00,0.0690106553613,0,0.0596533423473,0.0,0.0,0.0
2013-10-13 16:30:00,0.0782706776871,0,0.059685761442,0.0,0.0,0.0
2013-10-13 16:35:00,0.0722714498969,0,0.0561996230512,0.0,0.0,0.0
2013-10-13 16:40:00,0.0755006552322,0,0.0475878765909,0.0,0.0,0.0
2013-10-13 16:45:00,0.0687634876532,0,0.0540428533763,0.0,0.0,0.0
2013-10-13 16:50:00,0.063162372046,0,0.0500970330982,0.0,0.0,0.0
2013-10-13 16:55:00,0.0718893760171,0,0.0625625195079,0.0,0.0,0.0
2013-10-13 17:00:00,0.065358348388,0,0.0640911025562,0.0,0.0,0.0
2013-10-13 17:05:00,0.0668018813094,0,0.0583114923449,0.0,0.0,0.0
2013-10-13 17:10:00,0.0687814854617,0,0.0563467260451,0.0,0.0,0.0
2013-10-13 17:15:00,0.0660234867943,0,0.0558939640998,0.0,0.0,0.0
2013-10-13 17:20:00,0.0729139667209,0,0.065354843834,0.0,0.0,0.0
2013-10-13 17:25:00,0.0667997571399,0,0.0593245797189,0.0,0.0,0.0
2013-10-13 17:30:00,0.0669821294441,0,0.0630005181415,0.0,0.0,0.0
2013-10-13 17:35:00,0.0743650873735,0,0.0558240810943,0.0,0.0,0.0
2013-10-13 17:40:00,0.0728861154004,0,0.0497484883003,0.0,0.0,0.0
2013-10-13 17:45:00,0.0714150835401,0,0.0586897542056,0.0,0.0,0.0
2013-10-13 17:50:00,0.0646597172622,0,0.0519694361946,0.0,0.0,0.0
2013-10-13 17:55:00,0.0725262975481,0,0.0535404764897,0.0,0.0,0.0
2013-10-13 18:00:00,0.062654823966,0,0.0551279435466,0.0,0.0,0.0
2013-10-13 18:05:00,0.0744844426482,0,0.0526467395363,0.0,0.0,0.0
2013-10-13 18:10:00,0.0750815285906,0,0.0601732382756,0.0,0.0,0.0
2013-10-13 18:15:00,0.0802612517754,0,0.053342036972,0.0,0.0,0.0
2013-10-13 18:20:00,0.0720549822018,0,0.052813580115,0.0,0.0,0.0
2013-10-13 18:25:00,0.082599372932,0,0.0606879112854,0.0,0.0,0.0
2013-10-13 18:30:00,0.0812789463381,0,0.0586453624948,0.0,0.0,0.0
2013-10-13 18:35:00,0.0828026147901,0,0.0566763524539,0.0,0.0,0.0
2013-10-13 18:40:00,0.0864392588947,0,0.0496183799136,0.0,0.0,0.0
2013-10-13 18:45:00,0.0881995334863,0,0.0575964879406,0.0,0.0,0.0
2013-10-13 18:50:00,0.0943701175387,0,0.0462133297395,0.0,0.0,0.0
2013-10-13 18:55:00,0.0926134458021,0,0.0580099516629,0.0,0.0,0.0
2013-10-13 19:00:00,0.104257319855,0,0.0584119683668,0.0,0.0,0.0
2013-10-13 19:05:00,0.114346387436,0,0.0629721795002,0.0,0.0,0.0
2013-10-13 19:10:00,0.105091970283,0,0.053141722472,0.0,0.0,0.0
2013-10-13 19:15:00,0.0952197853515,0,0.0635692042794,0.0,0.0,0.0
2013-10-13 19:20:00,0.0968101988328,0,0.0620696862172,0.0,0.0,0.0
2013-10-13 19:25:00,0.0947020906571,0,0.0631103186279,0.0,0.0,0.0
2013-10-13 19:30:00,0.119335551208,0,0.0668409611199,0.0,0.0,0.0
2013-10-13 19:35:00,0.0986454286159,0,0.0687949154167,0.0,0.0,0.0
2013-10-13 19:40:00,0.103994206056,0,0.0751622916545,0.0,0.0,0.0
2013-10-13 19:45:00,0.0964255990026,0,0.0724080896215,0.0,0.0,0.0
2013-10-13 19:50:00,0.104385448444,0,0.084253794315,0.0,0.0,0.0
2013-10-13 19:55:00,0.100383733696,0,0.0949037918949,0.0,0.0,0.0
2013-10-13 20:00:00,0.103417232212,0,0.0864538046158,0.0,0.0,0.0
2013-10-13 20:05:00,0.104107867239,0,0.0761152338276,0.0,0.0,0.0
2013-10-13 20:10:00,0.0979188770105,0,0.0768707725001,0.0,0.0,0.0
2013-10-13 20:15:00,0.100377947392,0,0.0745172571006,0.0,0.0,0.0
2013-10-13 20:20:00,0.0994537031158,0,0.100862019157,0.0,0.0,0.0
2013-10-13 20:25:00,0.0968285654894,0,0.0793322608353,0.0,0.0,0.0
2013-10-13 20:30:00,0.102084735724,0,0.0851139449476,0.0,0.0,0.0
2013-10-13 20:35:00,0.103733229599,0,0.0772957471696,0.0,0.0,0.0
2013-10-13 20:40:00,0.104338736474,0,0.085335792798,0.0,0.0,0.0
2013-10-13 20:45:00,0.105229830533,0,0.0809368075045,0.0,0.0,0.0
2013-10-13 20:50:00,0.106403050531,0,0.0841416153573,0.0,0.0,0.0
2013-10-13 20:55:00,0.104546141046,0,0.0845313139836,0.0,0.0,0.0
2013-10-13 21:00:00,0.108167596515,0,0.0779261566748,0.0,0.0,0.0
2013-10-13 21:05:00,0.0971732441055,0,0.0805200043342,0.0,0.0,0.0
2013-10-13 21:10:00,0.109167217524,0,0.0796472677841,0.0,0.0,0.0
2013-10-13 21:15:00,0.107952459307,0,0.0766293355486,0.0,0.0,0.0
2013-10-13 21:20:00,0.104011858069,0,0.0819119907349,0.0,0.0,0.0
2013-10-13 21:25:00,0.109494514176,0,0.0836892995604,0.0,0.0,0.0
2013-10-13 21:30:00,0.10470153475,0,0.0843209114071,0.0,0.0,0.0
2013-10-13 21:35:00,0.103566740814,0,0.0847695657755,0.0,0.0,0.0
2013-10-13 21:40:00,0.107418070946,0,0.0861836593195,0.0,0.0,0.0
2013-10-13 21:45:00,0.108353611194,0,0.0846318492468,0.0,0.0,0.0
2013-10-13 21:50:00,0.104674184009,0,0.0880727901866,0.0,0.0,0.0
2013-10-13 21:55:00,0.108522237322,0,0.0765356797444,0.0,0.0,0.0
2013-10-13 22:00:00,0.109585827119,0,0.0891377956279,0.0,0.0,0.0
2013-10-13 22:05:00,0.101603342923,0,0.0874509947022,0.0,0.0,0.0
2013-10-13 22:10:00,0.115054101445,0,0.0835682434971,0.0,0.0,0.0
2013-10-13 22:15:00,0.10981585986,0,0.0893680559183,0.0,0.0,0.0
2013-10-13 22:20:00,0.105441783133,0,0.083915878924,0.0,0.0,0.0
2013-10-13 22:25:00,0.105911280585,0,0.0828077822805,0.0,0.0,0.0
2013-10-13 22:30:00,0.113512639369,0,0.0871075200177,0.0,0.0,0.0
2013-10-13 22:35:00,0.107972337582,0,0.0874274783954,0.0,0.0,0.0
2013-10-13 22:40:00,0.11425318744,0,0.0837699130773,0.0,0.0,0.0
2013-10-13 22:45:00,0.100540958467,0,0.0881023174582,0.0,0.0,0.0
2013-10-13 22:50:00,0.0962860855237,0,0.088950185008,0.0,0.0,0.0
2013-10-13 22:55:00,0.102444981704,0,0.0806704524477,0.0,0.0,0.0
2013-10-13 23:00:00,0.095023400115,0,0.0954214285543,0.0,0.0,0.0
2013-10-13 23:05:00,0.0963128368867,0,0.0904602908251,0.0,0.0,0.0
2013-10-13 23:10:00,0.117426133569,0,0.0865027164543,0.0,0.0,0.0
2013-10-13 23:15:00,0.120779759253,0,0.086368724329,0.0,0.0,0.0
2013-10-13 23:20:00,0.107966610558,0,0.0932119250695,0.0,0.0,0.0
2013-10-13 23:25:00,0.120563591247,0,0.0877596798327,0.0,0.0,0.0
2013-10-13 23:30:00,0.111739178459,0,0.0939522719751,0.0,0.0,0.0
2013-10-13 23:35:00,0.105530787483,0,0.0785015841308,0.0,0.0,0.0
2013-10-13 23:40:00,0.118138066277,0,0.0747911679522,0.0,0.0,0.0
2013-10-13 23:45:00,0.111278210618,0,0.0817700061149,0.0,0.0,0.0
2013-10-13 23:50:00,0.118540107351,0,0.0728560546061,0.0,0.0,0.0
2013-10-13 23:55:00,0.115237705438,0,0.0737764622582,0.0,0.0,0.0
