timestamp,value,is_anomaly,convergenceLoss,anomaly_score,prediction,S(t)_reward_low_FP_rate,S(t)_reward_low_FN_rate,S(t)_standard
2011-07-01 00:00:01,0.275946676291,0,,0.5,[0],0.0,0.0,0.0
2011-07-01 01:00:01,0.361088516825,0,,0.5,[0],0.0,0.0,0.0
2011-07-01 02:00:01,0.192590590699,0,,0.5,[0],0.0,0.0,0.0
2011-07-01 03:00:01,0.219367832414,0,,0.5,[0],0.0,0.0,0.0
2011-07-01 04:00:01,0.378699900795,0,,0.5,[0],0.0,0.0,0.0
2011-07-01 05:00:01,0.483350411326,0,,0.5,[0],0.0,0.0,0.0
2011-07-01 06:00:01,0.631784633791,0,,0.5,[0],0.0,0.0,0.0
2011-07-01 07:00:01,0.608137656068,0,,0.5,[0],0.0,0.0,0.0
2011-07-01 08:00:01,0.958247925896,0,,0.5,[0],0.0,0.0,0.0
2011-07-01 09:00:01,1.0,0,,0.5,[0],0.0,0.0,0.0
2011-07-01 10:00:01,0.73691691469,0,,0.5,[0],0.0,0.0,0.0
2011-07-01 11:00:01,0.666110939894,0,,0.5,[0],0.0,0.0,0.0
2011-07-01 12:00:01,0.594645944983,0,,0.5,[0],0.0,0.0,0.0
2011-07-01 13:00:01,0.585645384445,0,,0.5,[0],0.0,0.0,0.0
2011-07-01 14:00:01,0.54948146507,0,,0.5,[0],0.0,0.0,0.0
2011-07-01 15:00:01,0.541210543742,0,,0.5,[0],0.0,0.0,0.0
2011-07-01 16:00:01,0.429850478247,0,,0.5,[0],0.0,0.0,0.0
2011-07-01 17:00:01,0.385073119101,0,,0.5,[0],0.0,0.0,0.0
2011-07-01 18:00:01,0.359799641737,0,,0.5,[0],0.0,0.0,0.0
2011-07-01 19:00:01,0.324306053107,0,,0.5,[0],0.0,0.0,0.0
2011-07-01 20:00:01,0.268589828473,0,,0.5,[0],0.0,0.0,0.0
2011-07-01 21:00:01,0.28903099635,0,,0.5,[0],0.0,0.0,0.0
2011-07-01 22:00:01,0.299473409866,0,,0.5,[0],0.0,0.0,0.0
2011-07-01 23:00:01,0.360384815431,0,,0.5,[0],0.0,0.0,0.0
2011-07-02 00:00:01,0.456124538604,0,,0.5,[0],0.0,0.0,0.0
2011-07-02 01:00:01,0.321062902984,0,,0.5,[0],0.0,0.0,0.0
2011-07-02 02:00:01,0.287759096178,0,,0.5,[0],0.0,0.0,0.0
2011-07-02 03:00:01,0.213418782532,0,,0.5,[0],0.0,0.0,0.0
2011-07-02 04:00:01,0.222495371125,0,,0.5,[0],0.0,0.0,0.0
2011-07-02 05:00:01,0.235172621773,0,,0.5,[0],0.0,0.0,0.0
2011-07-02 06:00:01,0.433807124671,0,,0.5,[0],0.0,0.0,0.0
2011-07-02 07:00:01,0.573778307051,0,,0.5,[[ nan]],0.0,0.0,0.0
2011-07-02 08:00:01,0.812424379098,0,,0.5,[[ nan]],0.0,0.0,0.0
2011-07-02 09:00:01,0.623247172014,0,,0.5,[[ nan]],0.0,0.0,0.0
2011-07-02 10:00:01,0.642728198726,0,,0.5,[[ nan]],0.0,0.0,0.0
2011-07-02 11:00:01,0.581409617165,0,,0.5,[[ nan]],0.0,0.0,0.0
2011-07-02 12:00:01,0.587595826612,0,,0.5,[[ nan]],0.0,0.0,0.0
2011-07-02 13:00:01,0.583332196687,0,,0.5,[[ nan]],0.0,0.0,0.0
2011-07-02 14:00:01,0.628362456257,0,,0.5,[[ nan]],0.0,0.0,0.0
2011-07-02 15:00:01,0.581748893796,0,,0.5,[[ nan]],0.0,0.0,0.0
2011-07-02 16:00:01,0.377166183925,0,,0.5,[[ nan]],0.0,0.0,0.0
2011-07-02 17:00:01,0.328553058009,0,,0.5,[[ nan]],0.0,0.0,0.0
2011-07-02 18:00:01,0.248367682304,0,,0.5,[[ nan]],0.0,0.0,0.0
2011-07-02 19:00:01,0.237841397791,0,,0.5,[[ nan]],0.0,0.0,0.0
2011-07-02 20:00:01,0.221002587445,0,,0.5,[[ nan]],0.0,0.0,0.0
2011-07-02 21:00:01,0.1519254295,0,,0.5,[[ nan]],0.0,0.0,0.0
2011-07-02 22:00:01,0.180554279014,0,,0.5,[[ nan]],0.0,0.0,0.0
2011-07-02 23:00:01,0.193746104158,0,,0.5,[[ nan]],0.0,0.0,0.0
2011-07-03 00:00:01,0.149548181036,0,,0.5,[[ nan]],0.0,0.0,0.0
2011-07-03 01:00:01,0.15978422967,0,,0.5,[[ nan]],0.0,0.0,0.0
2011-07-03 02:00:01,0.165381777115,0,,0.5,[[ nan]],0.0,0.0,0.0
2011-07-03 03:00:01,0.122350955684,0,,0.5,[[ nan]],0.0,0.0,0.0
2011-07-03 04:00:01,0.161525811378,0,,0.5,[[ nan]],0.0,0.0,0.0
2011-07-03 05:00:01,0.211743860931,0,,0.5,[[ nan]],0.0,0.0,0.0
2011-07-03 06:00:01,0.325999835851,0,,0.5,[[ nan]],0.0,0.0,0.0
2011-07-03 07:00:01,0.489490752632,0,,0.5,[[ nan]],0.0,0.0,0.0
2011-07-03 08:00:01,0.957434336521,0,,0.5,[[ nan]],0.0,0.0,0.0
2011-07-03 09:00:01,0.727327784874,0,,0.5,[[ nan]],0.0,0.0,0.0
2011-07-03 10:00:01,0.581178493674,0,,0.5,[[ nan]],0.0,0.0,0.0
2011-07-03 11:00:01,0.603231026737,0,,0.5,[[ nan]],0.0,0.0,0.0
2011-07-03 12:00:01,0.482067083853,0,,0.5,[[ nan]],0.0,0.0,0.0
2011-07-03 13:00:01,0.485359562459,0,,0.5,[[ nan]],0.0,0.0,0.0
2011-07-03 14:00:01,0.473659277556,0,,0.5,[[ nan]],0.0,0.0,0.0
2011-07-03 15:00:01,0.438259894292,0,,0.5,[[ nan]],0.0,0.0,0.0
2011-07-03 16:00:01,0.313625619374,0,,0.5,[[ nan]],0.0,0.0,0.0
2011-07-03 17:00:01,0.265035476212,0,,0.5,[[ nan]],0.0,0.0,0.0
2011-07-03 18:00:01,0.228192855887,0,,0.5,[[ nan]],0.0,0.0,0.0
2011-07-03 19:00:01,0.201558153087,0,,0.5,[[ nan]],0.0,0.0,0.0
2011-07-03 20:00:01,0.178863273591,0,,0.5,[[ nan]],0.0,0.0,0.0
2011-07-03 21:00:01,0.121962963028,0,,0.5,[[ nan]],0.0,0.0,0.0
2011-07-03 22:00:01,0.117016841474,0,,0.5,[[ nan]],0.0,0.0,0.0
2011-07-03 23:00:01,0.131362480794,0,,0.5,[[ nan]],0.0,0.0,0.0
2011-07-04 00:00:01,0.0932281497613,0,,0.5,[[ nan]],0.0,0.0,0.0
2011-07-04 01:00:01,0.106921809133,0,,0.5,[[ nan]],0.0,0.0,0.0
2011-07-04 02:00:01,0.0782342472076,0,,0.5,[[ nan]],0.0,0.0,0.0
2011-07-04 03:00:01,0.0468160547573,0,,0.5,[[ nan]],0.0,0.0,0.0
2011-07-04 04:00:01,0.0776197342953,0,,0.5,[[ nan]],0.0,0.0,0.0
2011-07-04 05:00:01,0.174038778376,0,,0.5,[[ nan]],0.0,0.0,0.0
2011-07-04 06:00:01,0.353192451533,0,,0.5,[[ nan]],0.0,0.0,0.0
2011-07-04 07:00:01,0.476903858274,0,,0.5,[[ nan]],0.0,0.0,0.0
2011-07-04 08:00:01,0.779811539414,0,,0.5,[[ nan]],0.0,0.0,0.0
2011-07-04 09:00:01,0.747323497451,0,,0.5,[[ nan]],0.0,0.0,0.0
2011-07-04 10:00:01,0.601275044316,0,,0.5,[[ nan]],0.0,0.0,0.0
2011-07-04 11:00:01,0.475412665787,0,,0.5,[[ nan]],0.0,0.0,0.0
2011-07-04 12:00:01,0.503159917847,0,,0.5,[[ nan]],0.0,0.0,0.0
2011-07-04 13:00:01,0.42325618582,0,,0.5,[[ nan]],0.0,0.0,0.0
2011-07-04 14:00:01,0.48537372955,0,,0.5,[[ nan]],0.0,0.0,0.0
2011-07-04 15:00:01,0.420788355221,0,,0.5,[[ nan]],0.0,0.0,0.0
2011-07-04 16:00:01,0.298185227691,0,,0.5,[[ nan]],0.0,0.0,0.0
2011-07-04 17:00:01,0.295097009822,0,,0.5,[[ nan]],0.0,0.0,0.0
2011-07-04 18:00:01,0.222224145915,0,,0.5,[[ nan]],0.0,0.0,0.0
2011-07-04 19:00:01,0.198448117345,0,,0.5,[[ nan]],0.0,0.0,0.0
2011-07-04 20:00:01,0.182839435826,0,,0.5,[[ nan]],0.0,0.0,0.0
2011-07-04 21:00:01,0.167354227965,0,,0.5,[[ nan]],0.0,0.0,0.0
2011-07-04 22:00:01,0.168458987214,0,,0.5,[[ nan]],0.0,0.0,0.0
2011-07-04 23:00:01,0.164158762686,0,,0.5,[[ nan]],0.0,0.0,0.0
2011-07-05 00:00:01,0.143472201654,0,,0.5,[[ nan]],0.0,0.0,0.0
2011-07-05 01:00:01,0.0792327156491,0,,0.5,[[ nan]],0.0,0.0,0.0
2011-07-05 02:00:01,0.0931744118938,0,,0.5,[[ nan]],0.0,0.0,0.0
2011-07-05 03:00:01,0.0521992370314,0,,0.5,[[ nan]],0.0,0.0,0.0
2011-07-05 04:00:01,0.0899984990542,0,,0.5,[[ nan]],0.0,0.0,0.0
2011-07-05 05:00:01,0.191001647266,0,,0.5,[[ nan]],0.0,0.0,0.0
2011-07-05 06:00:01,0.340295120485,0,,0.5,[[ nan]],0.0,0.0,0.0
2011-07-05 07:00:01,0.454951060084,0,,0.5,[[ nan]],0.0,0.0,0.0
2011-07-05 08:00:01,0.750871674955,0,,0.5,[[ nan]],0.0,0.0,0.0
2011-07-05 09:00:01,0.599306153501,0,,0.5,[[ nan]],0.0,0.0,0.0
2011-07-05 10:00:01,0.534311104274,0,,0.5,[[ nan]],0.0,0.0,0.0
2011-07-05 11:00:01,0.564435719021,0,,0.5,[[ nan]],0.0,0.0,0.0
2011-07-05 12:00:01,0.432531105514,0,,0.5,[[ nan]],0.0,0.0,0.0
2011-07-05 13:00:01,0.471663198127,0,,0.5,[[ nan]],0.0,0.0,0.0
2011-07-05 14:00:01,0.462898156046,0,,0.5,[[ nan]],0.0,0.0,0.0
2011-07-05 15:00:01,0.394847944433,0,,0.5,[[ nan]],0.0,0.0,0.0
2011-07-05 16:00:01,0.320454315085,0,,0.5,[[ nan]],0.0,0.0,0.0
2011-07-05 17:00:01,0.278505244427,0,,0.5,[[ nan]],0.0,0.0,0.0
2011-07-05 18:00:01,0.238567376325,0,,0.5,[[ nan]],0.0,0.0,0.0
2011-07-05 19:00:01,0.244704814746,0,,0.5,[[ nan]],0.0,0.0,0.0
2011-07-05 20:00:01,0.218470978492,0,,0.5,[[ nan]],0.0,0.0,0.0
2011-07-05 21:00:01,0.195638826624,0,,0.5,[[ nan]],0.0,0.0,0.0
2011-07-05 22:00:01,0.120419029584,0,,0.5,[[ nan]],0.0,0.0,0.0
2011-07-05 23:00:01,0.141305220948,0,,0.5,[[ nan]],0.0,0.0,0.0
2011-07-06 00:00:01,0.162307619427,0,,0.5,[[ nan]],0.0,0.0,0.0
2011-07-06 01:00:01,0.119221670671,0,,0.5,[[ nan]],0.0,0.0,0.0
2011-07-06 02:00:01,0.070646399389,0,,0.5,[[ nan]],0.0,0.0,0.0
2011-07-06 03:00:01,0.0432744218107,0,,0.5,[[ nan]],0.0,0.0,0.0
2011-07-06 04:00:01,0.158096564522,0,,0.5,[[ nan]],0.0,0.0,0.0
2011-07-06 05:00:01,0.356089416063,0,,0.5,[[ nan]],0.0,0.0,0.0
2011-07-06 06:00:01,0.411416132033,0,,0.5,[[ nan]],0.0,0.0,0.0
2011-07-06 07:00:01,0.460049911658,0,,0.5,[[ nan]],0.0,0.0,0.0
2011-07-06 08:00:01,0.724179379656,0,,0.5,[[ nan]],0.0,0.0,0.0
2011-07-06 09:00:01,0.755997003547,0,,0.5,[[ nan]],0.0,0.0,0.0
2011-07-06 10:00:01,0.559863002073,0,,0.5,[[ nan]],0.0,0.0,0.0
2011-07-06 11:00:01,0.570516244955,0,,0.5,[[ nan]],0.0,0.0,0.0
2011-07-06 12:00:01,0.633649963394,0,,0.5,[[ nan]],0.0,0.0,0.0
2011-07-06 13:00:01,0.423307131633,0,,0.5,[[ nan]],0.0,0.0,0.0
2011-07-06 14:00:01,0.437095130291,0,,0.5,[[ nan]],0.0,0.0,0.0
2011-07-06 15:00:01,0.452861111475,0,,0.5,[[ nan]],0.0,0.0,0.0
2011-07-06 16:00:01,0.302031588541,0,,0.5,[[ nan]],0.0,0.0,0.0
2011-07-06 17:00:01,0.319004231899,0,,0.5,[[ nan]],0.0,0.0,0.0
2011-07-06 18:00:01,0.280245251891,0,,0.5,[[ nan]],0.0,0.0,0.0
2011-07-06 19:00:01,0.308750511951,0,,0.5,[[ nan]],0.0,0.0,0.0
2011-07-06 20:00:01,0.290809276772,0,,0.5,[[ nan]],0.0,0.0,0.0
2011-07-06 21:00:01,0.33011481911,0,,0.5,[[ nan]],0.0,0.0,0.0
2011-07-06 22:00:01,0.269394889526,0,,0.5,[[ nan]],0.0,0.0,0.0
2011-07-06 23:00:01,0.234929876428,0,,0.5,[[ nan]],0.0,0.0,0.0
2011-07-07 00:00:01,0.160874594473,0,,0.5,[[ nan]],0.0,0.0,0.0
2011-07-07 01:00:01,0.125353137835,0,,0.5,[[ nan]],0.0,0.0,0.0
2011-07-07 02:00:01,0.0654414895786,0,,0.5,[[ nan]],0.0,0.0,0.0
2011-07-07 03:00:01,0.0486270963718,0,,0.5,[[ nan]],0.0,0.0,0.0
2011-07-07 04:00:01,0.0773060252652,0,,0.5,[[ nan]],0.0,0.0,0.0
2011-07-07 05:00:01,0.165543257433,0,,0.5,[[ nan]],0.0,0.0,0.0
2011-07-07 06:00:01,0.207839534986,0,,0.5,[[ nan]],0.0,0.0,0.0
2011-07-07 07:00:01,0.258808233369,0,,0.5,[[ nan]],0.0,0.0,0.0
2011-07-07 08:00:01,0.550960021191,0,,0.5,[[ nan]],0.0,0.0,0.0
2011-07-07 09:00:01,0.538306863219,0,,0.5,[[ nan]],0.0,0.0,0.0
2011-07-07 10:00:01,0.517910034103,0,,0.5,[[ nan]],0.0,0.0,0.0
2011-07-07 11:00:01,0.336324786211,0,,0.5,[[ nan]],0.0,0.0,0.0
2011-07-07 12:00:01,0.341023751543,0,,0.5,[[ nan]],0.0,0.0,0.0
2011-07-07 13:00:01,0.264973187316,0,,0.5,[[ nan]],0.0,0.0,0.0
2011-07-07 14:00:01,0.299071807383,0,,0.5,[[ nan]],0.0,0.0,0.0
2011-07-07 15:00:01,0.280373321419,0,,0.5,[[ nan]],0.0,0.0,0.0
2011-07-07 16:00:01,0.187735327853,0,,0.5,[[ nan]],0.0,0.0,0.0
2011-07-07 17:00:01,0.181941185316,0,,0.5,[[ nan]],0.0,0.0,0.0
2011-07-07 18:00:01,0.160137261441,0,,0.5,[[ nan]],0.0,0.0,0.0
2011-07-07 19:00:01,0.142468610784,0,,0.5,[[ nan]],0.0,0.0,0.0
2011-07-07 20:00:01,0.184099178931,0,,0.5,[[ nan]],0.0,0.0,0.0
2011-07-07 21:00:01,0.214355791183,0,,0.5,[[ nan]],0.0,0.0,0.0
2011-07-07 22:00:01,0.202078987196,0,,0.5,[[ nan]],0.0,0.0,0.0
2011-07-07 23:00:01,0.189851688187,0,,0.5,[[ nan]],0.0,0.0,0.0
2011-07-08 00:00:01,0.130588294868,0,,0.5,[[ nan]],0.0,0.0,0.0
2011-07-08 01:00:01,0.0808839538628,0,,0.5,[[ nan]],0.0,0.0,0.0
2011-07-08 02:00:01,0.0512713219866,0,,0.5,[[ nan]],0.0,0.0,0.0
2011-07-08 03:00:01,0.0110797171031,0,,0.5,[[ nan]],0.0,0.0,0.0
2011-07-08 04:00:01,0.0610310215317,0,,0.5,[[ nan]],0.0,0.0,0.0
2011-07-08 05:00:01,0.139831625394,0,,0.5,[[ nan]],0.0,0.0,0.0
2011-07-08 06:00:01,0.254360210591,0,,0.5,[[ nan]],0.0,0.0,0.0
2011-07-08 07:00:01,0.394514314267,0,,0.5,[[ nan]],0.0,0.0,0.0
2011-07-08 08:00:01,0.399918045424,0,,0.5,[[ nan]],0.0,0.0,0.0
2011-07-08 09:00:01,0.517987558452,0,,0.5,[[ nan]],0.0,0.0,0.0
2011-07-08 10:00:01,0.436319531928,0,,0.5,[[ nan]],0.0,0.0,0.0
2011-07-08 11:00:01,0.357716260996,0,,0.5,[[ nan]],0.0,0.0,0.0
2011-07-08 12:00:01,0.314250218044,0,,0.5,[[ nan]],0.0,0.0,0.0
2011-07-08 13:00:01,0.276431006349,0,,0.5,[[ nan]],0.0,0.0,0.0
2011-07-08 14:00:01,0.253723315516,0,,0.5,[[ nan]],0.0,0.0,0.0
2011-07-08 15:00:01,0.269617869874,0,,0.5,[[ nan]],0.0,0.0,0.0
2011-07-08 16:00:01,0.181113636369,0,,0.5,[[ nan]],0.0,0.0,0.0
2011-07-08 17:00:01,0.221535139995,0,,0.5,[[ nan]],0.0,0.0,0.0
2011-07-08 18:00:01,0.212211402485,0,,0.5,[[ nan]],0.0,0.0,0.0
2011-07-08 19:00:01,0.155119312601,0,,0.5,[[ nan]],0.0,0.0,0.0
2011-07-08 20:00:01,0.120490795016,0,,0.5,[[ nan]],0.0,0.0,0.0
2011-07-08 21:00:01,0.149267269018,0,,0.5,[[ nan]],0.0,0.0,0.0
2011-07-08 22:00:01,0.125378314696,0,,0.5,[[ nan]],0.0,0.0,0.0
2011-07-08 23:00:01,0.11539910325,0,,0.5,[[ nan]],0.0,0.0,0.0
2011-07-09 00:00:01,0.120500889149,0,,0.5,[[ nan]],0.0,0.0,0.0
2011-07-09 01:00:01,0.13767933974,0,,0.5,[[ nan]],0.0,0.0,0.0
2011-07-09 02:00:01,0.0988429419725,0,,0.5,[[ nan]],0.0,0.0,0.0
2011-07-09 03:00:01,0.0700629219779,0,,0.5,[[ nan]],0.0,0.0,0.0
2011-07-09 04:00:01,0.150488914652,0,,0.5,[[ nan]],0.0,0.0,0.0
2011-07-09 05:00:01,0.19377178612,0,,0.5,[[ nan]],0.0,0.0,0.0
2011-07-09 06:00:01,0.281205779496,0,,0.5,[[ nan]],0.0,0.0,0.0
2011-07-09 07:00:01,0.382247892041,0,,0.5,[[ nan]],0.0,0.0,0.0
2011-07-09 08:00:01,0.553389993971,0,,0.5,[[ nan]],0.0,0.0,0.0
2011-07-09 09:00:01,0.490351683818,0,,0.5,[[ nan]],0.0,0.0,0.0
2011-07-09 10:00:01,0.410969316892,0,,0.5,[[ nan]],0.0,0.0,0.0
2011-07-09 11:00:01,0.420747564227,0,,0.5,[[ nan]],0.0,0.0,0.0
2011-07-09 12:00:01,0.379645984243,0,,0.5,[[ nan]],0.0,0.0,0.0
2011-07-09 13:00:01,0.289494031058,0,,0.5,[[ nan]],0.0,0.0,0.0
2011-07-09 14:00:01,0.236689809684,0,,0.5,[[ nan]],0.0,0.0,0.0
2011-07-09 15:00:01,0.210222543154,0,,0.5,[[ nan]],0.0,0.0,0.0
2011-07-09 16:00:01,0.170654732834,0,,0.5,[[ nan]],0.0,0.0,0.0
2011-07-09 17:00:01,0.121844693431,0,,0.5,[[ nan]],0.0,0.0,0.0
2011-07-09 18:00:01,0.232421266133,0,,0.5,[[ nan]],0.0,0.0,0.0
2011-07-09 19:00:01,0.239589166219,0,,0.5,[[ nan]],0.0,0.0,0.0
2011-07-09 20:00:01,0.212846265856,0,,0.5,[[ nan]],0.0,0.0,0.0
2011-07-09 21:00:01,0.214902588229,0,,0.5,[[ nan]],0.0,0.0,0.0
2011-07-09 22:00:01,0.130303629564,0,,0.5,[[ nan]],0.0,0.0,0.0
2011-07-09 23:00:01,0.168764851404,0,,0.5,[[ nan]],0.0,0.0,0.0
2011-07-10 00:00:01,0.205554025213,0,,0.5,[[ nan]],0.0,0.0,0.0
2011-07-10 01:00:01,0.142869137171,0,,0.5,[[ nan]],0.0,0.0,0.0
2011-07-10 02:00:01,0.0711947495759,0,,0.5,[[ nan]],0.0,0.0,0.0
2011-07-10 03:00:01,0.0611097209986,0,,0.5,[[ nan]],0.0,0.0,0.0
2011-07-10 04:00:01,0.0919649490962,0,,0.5,[[ nan]],0.0,0.0,0.0
2011-07-10 05:00:01,0.150270718661,0,,0.5,[[ nan]],0.0,0.0,0.0
2011-07-10 06:00:01,0.222548159886,0,,0.5,[[ nan]],0.0,0.0,0.0
2011-07-10 07:00:01,0.311071256338,0,,0.5,[[ nan]],0.0,0.0,0.0
2011-07-10 08:00:01,0.612852627896,0,,0.5,[[ nan]],0.0,0.0,0.0
2011-07-10 09:00:01,0.478771555899,0,,0.5,[[ nan]],0.0,0.0,0.0
2011-07-10 10:00:01,0.451304488074,0,,0.5,[[ nan]],0.0,0.0,0.0
2011-07-10 11:00:01,0.423906032532,0,,0.5,[[ nan]],0.0,0.0,0.0
2011-07-10 12:00:01,0.3683548869,0,,0.5,[[ nan]],0.0,0.0,0.0
2011-07-10 13:00:01,0.269784511867,0,,0.5,[[ nan]],0.0,0.0,0.0
2011-07-10 14:00:01,0.308905324253,0,,0.5,[[ nan]],0.0,0.0,0.0
2011-07-10 15:00:01,0.288899288502,0,,0.5,[[ nan]],0.0,0.0,0.0
2011-07-10 16:00:01,0.267672109979,0,,0.5,[[ nan]],0.0,0.0,0.0
2011-07-10 17:00:01,0.242108062173,0,,0.5,[[ nan]],0.0,0.0,0.0
2011-07-10 18:00:01,0.168047838204,0,,0.5,[[ nan]],0.0,0.0,0.0
2011-07-10 19:00:01,0.171891550851,0,,0.5,[[ nan]],0.0,0.0,0.0
2011-07-10 20:00:01,0.156786850483,0,,0.5,[[ nan]],0.0,0.0,0.0
2011-07-10 21:00:01,0.144655827073,0,,0.5,[[ nan]],0.0,0.0,0.0
2011-07-10 22:00:01,0.144608182396,0,,0.5,[[ nan]],0.0,0.0,0.0
2011-07-10 23:00:01,0.143396458925,0,,0.5,[[ nan]],0.0,0.0,0.0
2011-07-11 00:00:01,0.0838658416677,0,,0.5,[[ nan]],0.0,0.0,0.0
2011-07-11 01:00:01,0.0709421245783,0,,0.5,[[ nan]],0.0,0.0,0.0
2011-07-11 02:00:01,0.0612141797188,0,,0.5,[[ nan]],0.0,0.0,0.0
2011-07-11 03:00:01,0.107959660287,0,,0.5,[[ nan]],0.0,0.0,0.0
2011-07-11 04:00:01,0.140109650112,1,,0.5,[[ nan]],-1.0,-2.0,-1.0
2011-07-11 05:00:01,0.265533631504,1,,0.5,[[ nan]],0.0,0.0,0.0
2011-07-11 06:00:01,0.318447810136,1,,0.5,[[ nan]],0.0,0.0,0.0
2011-07-11 07:00:01,0.415851971532,1,,0.5,[[ nan]],0.0,0.0,0.0
2011-07-11 08:00:01,0.614193762676,1,,0.5,[[ nan]],0.0,0.0,0.0
2011-07-11 09:00:01,0.51124530006,1,,0.5,[[ nan]],0.0,0.0,0.0
2011-07-11 10:00:01,0.471268020866,1,,0.5,[[ nan]],0.0,0.0,0.0
2011-07-11 11:00:01,0.398403030033,1,,0.5,[[ nan]],0.0,0.0,0.0
2011-07-11 12:00:01,0.356565710812,1,,0.5,[[ nan]],0.0,0.0,0.0
2011-07-11 13:00:01,0.314147754422,1,,0.5,[[ nan]],0.0,0.0,0.0
2011-07-11 14:00:01,0.28166628556,1,,0.5,[[ nan]],0.0,0.0,0.0
2011-07-11 15:00:01,0.246852310979,1,,0.5,[[ nan]],0.0,0.0,0.0
2011-07-11 16:00:01,0.213842810228,1,,0.5,[[ nan]],0.0,0.0,0.0
2011-07-11 17:00:01,0.266456460694,1,,0.5,[[ nan]],0.0,0.0,0.0
2011-07-11 18:00:01,0.222591048442,1,,0.5,[[ nan]],0.0,0.0,0.0
2011-07-11 19:00:01,0.210550944008,1,,0.5,[[ nan]],0.0,0.0,0.0
2011-07-11 20:00:01,0.194561313567,1,,0.5,[[ nan]],0.0,0.0,0.0
2011-07-11 21:00:01,0.110336433277,1,,0.5,[[ nan]],0.0,0.0,0.0
2011-07-11 22:00:01,0.0890613332813,1,,0.5,[[ nan]],0.0,0.0,0.0
2011-07-11 23:00:01,0.0844171879873,1,,0.5,[[ nan]],0.0,0.0,0.0
2011-07-12 00:00:01,0.0686431465856,1,,0.5,[[ nan]],0.0,0.0,0.0
2011-07-12 01:00:01,0.0638552287237,1,,0.5,[[ nan]],0.0,0.0,0.0
2011-07-12 02:00:01,0.0540997693037,1,,0.5,[[ nan]],0.0,0.0,0.0
2011-07-12 03:00:01,0.00271602612959,1,,0.5,[[ nan]],0.0,0.0,0.0
2011-07-12 04:00:01,0.0657397141769,1,,0.5,[[ nan]],0.0,0.0,0.0
2011-07-12 05:00:01,0.122223726185,1,,0.5,[[ nan]],0.0,0.0,0.0
2011-07-12 06:00:01,0.250410901638,1,,0.5,[[ nan]],0.0,0.0,0.0
2011-07-12 07:00:01,0.288408385187,1,,0.5,[[ nan]],0.0,0.0,0.0
2011-07-12 08:00:01,0.541029441456,1,,0.5,[[ nan]],0.0,0.0,0.0
2011-07-12 09:00:01,0.520281485762,1,,0.5,[[ nan]],0.0,0.0,0.0
2011-07-12 10:00:01,0.479554333355,1,,0.5,[[ nan]],0.0,0.0,0.0
2011-07-12 11:00:01,0.44792985131,1,,0.5,[[ nan]],0.0,0.0,0.0
2011-07-12 12:00:01,0.431688533752,1,,0.5,[[ nan]],0.0,0.0,0.0
2011-07-12 13:00:01,0.344998233511,1,,0.5,[[ nan]],0.0,0.0,0.0
2011-07-12 14:00:01,0.34039552767,1,,0.5,[[ nan]],0.0,0.0,0.0
2011-07-12 15:00:01,0.308107888605,1,,0.5,[[ nan]],0.0,0.0,0.0
2011-07-12 16:00:01,0.268787771603,1,,0.5,[[ nan]],0.0,0.0,0.0
2011-07-12 17:00:01,0.285161528651,1,,0.5,[[ nan]],0.0,0.0,0.0
2011-07-12 18:00:01,0.215785071264,1,,0.5,[[ nan]],0.0,0.0,0.0
2011-07-12 19:00:01,0.225923915975,1,,0.5,[[ nan]],0.0,0.0,0.0
2011-07-12 20:00:01,0.224493123296,1,,0.5,[[ nan]],0.0,0.0,0.0
2011-07-12 21:00:01,0.241922369996,1,,0.5,[[ nan]],0.0,0.0,0.0
2011-07-12 22:00:01,0.216965567425,1,,0.5,[[ nan]],0.0,0.0,0.0
2011-07-12 23:00:01,0.178430223747,1,,0.5,[[ nan]],0.0,0.0,0.0
2011-07-13 00:00:01,0.16149372303,1,,0.5,[[ nan]],0.0,0.0,0.0
2011-07-13 01:00:01,0.148211632259,1,,0.5,[[ nan]],0.0,0.0,0.0
2011-07-13 02:00:01,0.113851269513,1,,0.5,[[ nan]],0.0,0.0,0.0
2011-07-13 03:00:01,0.0798896523653,1,,0.5,[[ nan]],0.0,0.0,0.0
2011-07-13 04:00:01,0.174598799234,1,,0.5,[[ nan]],0.0,0.0,0.0
2011-07-13 05:00:01,0.25980069117,1,,0.5,[[ nan]],0.0,0.0,0.0
2011-07-13 06:00:01,0.388642056667,1,,0.5,[[ nan]],0.0,0.0,0.0
2011-07-13 07:00:01,0.553457301205,1,,0.5,[[ nan]],0.0,0.0,0.0
2011-07-13 08:00:01,0.731696990033,1,,0.5,[[ nan]],0.0,0.0,0.0
2011-07-13 09:00:01,0.669939160704,1,,0.5,[[ nan]],0.0,0.0,0.0
2011-07-13 10:00:01,0.568720592329,1,,0.5,[[ nan]],0.0,0.0,0.0
2011-07-13 11:00:01,0.593578364683,1,,0.5,[[ nan]],0.0,0.0,0.0
2011-07-13 12:00:01,0.392669366066,1,,0.5,[[ nan]],0.0,0.0,0.0
2011-07-13 13:00:01,0.414843938726,1,,0.5,[[ nan]],0.0,0.0,0.0
2011-07-13 14:00:01,0.462522814613,1,,0.5,[[ nan]],0.0,0.0,0.0
2011-07-13 15:00:01,0.414825800553,1,,0.5,[[ nan]],0.0,0.0,0.0
2011-07-13 16:00:01,0.428810329574,1,,0.5,[[ nan]],0.0,0.0,0.0
2011-07-13 17:00:01,0.269231871809,1,,0.5,[[ nan]],0.0,0.0,0.0
2011-07-13 18:00:01,0.241959825918,1,,0.5,[[ nan]],0.0,0.0,0.0
2011-07-13 19:00:01,0.187695585804,1,,0.5,[[ nan]],0.0,0.0,0.0
2011-07-13 20:00:01,0.182382409442,1,,0.5,[[ nan]],0.0,0.0,0.0
2011-07-13 21:00:01,0.129729647867,1,,0.5,[[ nan]],0.0,0.0,0.0
2011-07-13 22:00:01,0.159743375443,1,,0.5,[[ nan]],0.0,0.0,0.0
2011-07-13 23:00:01,0.203560868475,1,,0.5,[[ nan]],0.0,0.0,0.0
2011-07-14 00:00:01,0.181330903933,1,,0.5,[[ nan]],0.0,0.0,0.0
2011-07-14 01:00:01,0.1373094375,1,,0.5,[[ nan]],0.0,0.0,0.0
2011-07-14 02:00:01,0.0931178811682,1,,0.5,[[ nan]],0.0,0.0,0.0
2011-07-14 03:00:01,0.0798045887979,1,,0.5,[[ nan]],0.0,0.0,0.0
2011-07-14 04:00:01,0.243527289163,1,,0.5,[[ nan]],0.0,0.0,0.0
2011-07-14 05:00:01,0.47451448711,1,,0.5,[[ nan]],0.0,0.0,0.0
2011-07-14 06:00:01,0.386996414781,1,,0.5,[[ nan]],0.0,0.0,0.0
2011-07-14 07:00:01,0.450602045167,1,,0.5,[[ nan]],0.0,0.0,0.0
2011-07-14 08:00:01,0.685832621512,1,,0.5,[[ nan]],0.0,0.0,0.0
2011-07-14 09:00:01,0.537290727413,1,,0.5,[[ nan]],0.0,0.0,0.0
2011-07-14 10:00:01,0.464546894992,1,,0.5,[[ nan]],0.0,0.0,0.0
2011-07-14 11:00:01,0.392556981746,1,,0.5,[[ nan]],0.0,0.0,0.0
2011-07-14 12:00:01,0.563477502404,1,,0.5,[[ nan]],0.0,0.0,0.0
2011-07-14 13:00:01,0.731179520997,1,,0.5,[[ nan]],0.0,0.0,0.0
2011-07-14 14:00:01,0.583571414267,1,,0.5,[[ nan]],0.0,0.0,0.0
2011-07-14 15:00:01,0.431878993996,1,,0.5,[[ nan]],0.0,0.0,0.0
2011-07-14 16:00:01,0.378408977856,1,,0.5,[[ nan]],0.0,0.0,0.0
2011-07-14 17:00:01,0.339153167295,1,,0.5,[[ nan]],0.0,0.0,0.0
2011-07-14 18:00:01,0.304604172557,1,,0.5,[[ nan]],0.0,0.0,0.0
2011-07-14 19:00:01,0.251051361994,1,,0.5,[[ nan]],0.0,0.0,0.0
2011-07-14 20:00:01,0.196346239855,1,,0.5,[[ nan]],0.0,0.0,0.0
2011-07-14 21:00:01,0.209299197784,1,,0.5,[[ nan]],0.0,0.0,0.0
2011-07-14 22:00:01,0.18144094337,1,,0.5,[[ nan]],0.0,0.0,0.0
2011-07-14 23:00:01,0.200388548527,1,,0.5,[[ nan]],0.0,0.0,0.0
2011-07-15 00:00:01,0.198868541241,1,,0.5,[[ nan]],0.0,0.0,0.0
2011-07-15 01:00:01,0.187500553811,1,,0.5,[[ nan]],0.0,0.0,0.0
2011-07-15 02:00:01,0.138951630134,1,,0.5,[[ nan]],0.0,0.0,0.0
2011-07-15 03:00:01,0.109929965744,1,,0.5,[[ nan]],0.0,0.0,0.0
2011-07-15 04:00:01,0.194731098018,1,,0.5,[[ nan]],0.0,0.0,0.0
2011-07-15 05:00:01,0.281804991967,1,,0.5,[[ nan]],0.0,0.0,0.0
2011-07-15 06:00:01,0.352526369158,1,,0.5,[[ nan]],0.0,0.0,0.0
2011-07-15 07:00:01,0.507875476049,1,,0.5,[[ nan]],0.0,0.0,0.0
2011-07-15 08:00:01,0.57859915547,1,,0.5,[[ nan]],0.0,0.0,0.0
2011-07-15 09:00:01,0.58465417884,1,,0.5,[[ nan]],0.0,0.0,0.0
2011-07-15 10:00:01,0.405650718773,1,,0.5,[[ nan]],0.0,0.0,0.0
2011-07-15 11:00:01,0.508703834698,1,,0.5,[[ nan]],0.0,0.0,0.0
2011-07-15 12:00:01,0.63628936096,1,,0.5,[[ nan]],0.0,0.0,0.0
2011-07-15 13:00:01,0.471422073089,1,,0.5,[[ nan]],0.0,0.0,0.0
2011-07-15 14:00:01,0.477401623109,1,,0.5,[[ nan]],0.0,0.0,0.0
2011-07-15 15:00:01,0.462572274065,1,,0.5,[[ nan]],0.0,0.0,0.0
2011-07-15 16:00:01,0.494987716133,1,,0.5,[[ nan]],0.0,0.0,0.0
2011-07-15 17:00:01,0.393904916434,1,,0.5,[[ nan]],0.0,0.0,0.0
2011-07-15 18:00:01,0.405909925234,1,,0.5,[[ nan]],0.0,0.0,0.0
2011-07-15 19:00:01,0.372667230317,1,,0.5,[[ nan]],0.0,0.0,0.0
2011-07-15 20:00:01,0.2572238328,1,,0.5,[[ nan]],0.0,0.0,0.0
2011-07-15 21:00:01,0.263318791134,1,,0.5,[[ nan]],0.0,0.0,0.0
2011-07-15 22:00:01,0.199388371454,1,,0.5,[[ nan]],0.0,0.0,0.0
2011-07-15 23:00:01,0.205879514813,1,,0.5,[[ nan]],0.0,0.0,0.0
2011-07-16 00:00:01,0.180164096035,1,,0.5,[[ nan]],0.0,0.0,0.0
2011-07-16 01:00:01,0.154113682236,1,,0.5,[[ nan]],0.0,0.0,0.0
2011-07-16 02:00:01,0.123865239657,1,,0.5,[[ nan]],0.0,0.0,0.0
2011-07-16 03:00:01,0.0955698879882,1,,0.5,[[ nan]],0.0,0.0,0.0
2011-07-16 04:00:01,0.16296999539,1,,0.5,[[ nan]],0.0,0.0,0.0
2011-07-16 05:00:01,0.211467642218,1,,0.5,[[ nan]],0.0,0.0,0.0
2011-07-16 06:00:01,0.288705544382,1,,0.5,[[ nan]],0.0,0.0,0.0
2011-07-16 07:00:01,0.511066071185,1,,0.5,[[ nan]],0.0,0.0,0.0
2011-07-16 08:00:01,0.533327301592,1,,0.5,[[ nan]],0.0,0.0,0.0
2011-07-16 09:00:01,0.534773518342,1,,0.5,[[ nan]],0.0,0.0,0.0
2011-07-16 10:00:01,0.417516000831,1,,0.5,[[ nan]],0.0,0.0,0.0
2011-07-16 11:00:01,0.488724178137,1,,0.5,[[ nan]],0.0,0.0,0.0
2011-07-16 12:00:01,0.514352290896,1,,0.5,[[ nan]],0.0,0.0,0.0
2011-07-16 13:00:01,0.450293042436,1,,0.5,[[ nan]],0.0,0.0,0.0
2011-07-16 14:00:01,0.525697355064,1,,0.5,[[ nan]],0.0,0.0,0.0
2011-07-16 15:00:01,0.484118083645,1,,0.5,[[ nan]],0.0,0.0,0.0
2011-07-16 16:00:01,0.397677135246,1,,0.5,[[ nan]],0.0,0.0,0.0
2011-07-16 17:00:01,0.303861289053,1,,0.5,[[ nan]],0.0,0.0,0.0
2011-07-16 18:00:01,0.290620497591,1,,0.5,[[ nan]],0.0,0.0,0.0
2011-07-16 19:00:01,0.29125968898,1,,0.5,[[ nan]],0.0,0.0,0.0
2011-07-16 20:00:01,0.310256360457,1,,0.5,[[ nan]],0.0,0.0,0.0
2011-07-16 21:00:01,0.269337970292,1,,0.5,[[ nan]],0.0,0.0,0.0
2011-07-16 22:00:01,0.324591702971,1,,0.5,[[ nan]],0.0,0.0,0.0
2011-07-16 23:00:01,0.341709306087,1,,0.5,[[ nan]],0.0,0.0,0.0
2011-07-17 00:00:01,0.277690439738,1,,0.5,[[ nan]],0.0,0.0,0.0
2011-07-17 01:00:01,0.285877231867,1,,0.5,[[ nan]],0.0,0.0,0.0
2011-07-17 02:00:01,0.223083008898,1,,0.5,[[ nan]],0.0,0.0,0.0
2011-07-17 03:00:01,0.200257175648,1,,0.5,[[ nan]],0.0,0.0,0.0
2011-07-17 04:00:01,0.315332013397,1,,,[[ nan]],0.0,0.0,0.0
2011-07-17 05:00:01,0.298319533775,1,,,[[ nan]],0.0,0.0,0.0
2011-07-17 06:00:01,0.347806943397,1,,,[[ nan]],0.0,0.0,0.0
2011-07-17 07:00:01,0.536198028271,1,,,[[ nan]],0.0,0.0,0.0
2011-07-17 08:00:01,0.514906404359,1,,,[[ nan]],0.0,0.0,0.0
2011-07-17 09:00:01,0.435730574879,1,,,[[ nan]],0.0,0.0,0.0
2011-07-17 10:00:01,0.38257383414,1,,,[[ nan]],0.0,0.0,0.0
2011-07-17 11:00:01,0.484735028382,1,,,[[ nan]],0.0,0.0,0.0
2011-07-17 12:00:01,0.458363352844,1,,,[[ nan]],0.0,0.0,0.0
2011-07-17 13:00:01,0.470637904088,1,,,[[ nan]],0.0,0.0,0.0
2011-07-17 14:00:01,0.506925721096,1,,,[[ nan]],0.0,0.0,0.0
2011-07-17 15:00:01,0.484452842509,1,,,[[ nan]],0.0,0.0,0.0
2011-07-17 16:00:01,0.386228992612,1,,,[[ nan]],0.0,0.0,0.0
2011-07-17 17:00:01,0.32709819547,1,,,[[ nan]],0.0,0.0,0.0
2011-07-17 18:00:01,0.258370963627,1,,,[[ nan]],0.0,0.0,0.0
2011-07-17 19:00:01,0.21184864386,1,,,[[ nan]],0.0,0.0,0.0
2011-07-17 20:00:01,0.296490691678,1,,,[[ nan]],0.0,0.0,0.0
2011-07-17 21:00:01,0.272587555903,1,,,[[ nan]],0.0,0.0,0.0
2011-07-17 22:00:01,0.249387631258,1,,,[[ nan]],0.0,0.0,0.0
2011-07-17 23:00:01,0.210465529993,0,,,[[ nan]],0.0,0.0,0.0
2011-07-18 00:00:01,0.281638658966,0,,,[[ nan]],0.0,0.0,0.0
2011-07-18 01:00:01,0.147069520492,0,,,[[ nan]],0.0,0.0,0.0
2011-07-18 02:00:01,0.137132228854,0,,,[[ nan]],0.0,0.0,0.0
2011-07-18 03:00:01,0.130760974131,0,,,[[ nan]],0.0,0.0,0.0
2011-07-18 04:00:01,0.152810386654,0,,,[[ nan]],0.0,0.0,0.0
2011-07-18 05:00:01,0.270184988449,0,,,[[ nan]],0.0,0.0,0.0
2011-07-18 06:00:01,0.28051428828,0,,,[[ nan]],0.0,0.0,0.0
2011-07-18 07:00:01,0.358636473715,0,,,[[ nan]],0.0,0.0,0.0
2011-07-18 08:00:01,0.534974035626,0,,,[[ nan]],0.0,0.0,0.0
2011-07-18 09:00:01,0.493632292303,0,,,[[ nan]],0.0,0.0,0.0
2011-07-18 10:00:01,0.430298166869,0,,,[[ nan]],0.0,0.0,0.0
2011-07-18 11:00:01,0.532742043306,0,,,[[ nan]],0.0,0.0,0.0
2011-07-18 12:00:01,0.437533140387,0,,,[[ nan]],0.0,0.0,0.0
2011-07-18 13:00:01,0.414953141727,0,,,[[ nan]],0.0,0.0,0.0
2011-07-18 14:00:01,0.41943443285,0,,,[[ nan]],0.0,0.0,0.0
2011-07-18 15:00:01,0.5282279382,0,,,[[ nan]],0.0,0.0,0.0
2011-07-18 16:00:01,0.407824632354,0,,,[[ nan]],0.0,0.0,0.0
2011-07-18 17:00:01,0.430146639982,0,,,[[ nan]],0.0,0.0,0.0
2011-07-18 18:00:01,0.299687621283,0,,,[[ nan]],0.0,0.0,0.0
2011-07-18 19:00:01,0.199267342391,0,,,[[ nan]],0.0,0.0,0.0
2011-07-18 20:00:01,0.171026066503,0,,,[[ nan]],0.0,0.0,0.0
2011-07-18 21:00:01,0.182791246296,0,,,[[ nan]],0.0,0.0,0.0
2011-07-18 22:00:01,0.154778658983,0,,,[[ nan]],0.0,0.0,0.0
2011-07-18 23:00:01,0.162396956858,0,,,[[ nan]],0.0,0.0,0.0
2011-07-19 00:00:01,0.159012485453,0,,,[[ nan]],0.0,0.0,0.0
2011-07-19 01:00:01,0.167209255715,0,,,[[ nan]],0.0,0.0,0.0
2011-07-19 02:00:01,0.156534262826,0,,,[[ nan]],0.0,0.0,0.0
2011-07-19 03:00:01,0.13407314234,0,,,[[ nan]],0.0,0.0,0.0
2011-07-19 04:00:01,0.245693066468,0,,,[[ nan]],0.0,0.0,0.0
2011-07-19 05:00:01,0.344614058784,0,,,[[ nan]],0.0,0.0,0.0
2011-07-19 06:00:01,0.594861101282,0,,,[[ nan]],0.0,0.0,0.0
2011-07-19 07:00:01,0.256800172054,0,,,[[ nan]],0.0,0.0,0.0
2011-07-19 08:00:01,0.500676750723,0,,,[[ nan]],0.0,0.0,0.0
2011-07-19 09:00:01,0.545835184122,0,,,[[ nan]],0.0,0.0,0.0
2011-07-19 10:00:01,0.484522062928,0,,,[[ nan]],0.0,0.0,0.0
2011-07-19 11:00:01,0.430211660773,0,,,[[ nan]],0.0,0.0,0.0
2011-07-19 12:00:01,0.407610880751,0,,,[[ nan]],0.0,0.0,0.0
2011-07-19 13:00:01,0.371329708765,0,,,[[ nan]],0.0,0.0,0.0
2011-07-19 14:00:01,0.4649762039,0,,,[[ nan]],0.0,0.0,0.0
2011-07-19 15:00:01,0.392254231488,0,,,[[ nan]],0.0,0.0,0.0
2011-07-19 16:00:01,0.386453408219,0,,,[[ nan]],0.0,0.0,0.0
2011-07-19 17:00:01,0.304297567288,0,,,[[ nan]],0.0,0.0,0.0
2011-07-19 18:00:01,0.259365740568,0,,,[[ nan]],0.0,0.0,0.0
2011-07-19 19:00:01,0.258848887131,0,,,[[ nan]],0.0,0.0,0.0
2011-07-19 20:00:01,0.226502376036,0,,,[[ nan]],0.0,0.0,0.0
2011-07-19 21:00:01,0.211404301204,0,,,[[ nan]],0.0,0.0,0.0
2011-07-19 22:00:01,0.189243519226,0,,,[[ nan]],0.0,0.0,0.0
2011-07-19 23:00:01,0.156505790833,0,,,[[ nan]],0.0,0.0,0.0
2011-07-20 00:00:01,0.101474822501,0,,,[[ nan]],0.0,0.0,0.0
2011-07-20 01:00:01,0.101340865165,0,,,[[ nan]],0.0,0.0,0.0
2011-07-20 02:00:01,0.0864466045127,0,,,[[ nan]],0.0,0.0,0.0
2011-07-20 03:00:01,0.0648820255995,0,,,[[ nan]],0.0,0.0,0.0
2011-07-20 04:00:01,0.131722736762,0,,,[[ nan]],0.0,0.0,0.0
2011-07-20 05:00:01,0.281807772135,0,,,[[ nan]],0.0,0.0,0.0
2011-07-20 06:00:01,0.295278675358,0,,,[[ nan]],0.0,0.0,0.0
2011-07-20 07:00:01,0.440625508102,0,,,[[ nan]],0.0,0.0,0.0
2011-07-20 08:00:01,0.57110517065,0,,,[[ nan]],0.0,0.0,0.0
2011-07-20 09:00:01,0.596044256381,0,,,[[ nan]],0.0,0.0,0.0
2011-07-20 10:00:01,0.465378580619,0,,,[[ nan]],0.0,0.0,0.0
2011-07-20 11:00:01,0.392572541214,0,,,[[ nan]],0.0,0.0,0.0
2011-07-20 12:00:01,0.441251391833,0,,,[[ nan]],0.0,0.0,0.0
2011-07-20 13:00:01,0.475307708385,0,,,[[ nan]],0.0,0.0,0.0
2011-07-20 14:00:01,0.481374746049,0,,,[[ nan]],0.0,0.0,0.0
2011-07-20 15:00:01,0.374176710675,0,,,[[ nan]],0.0,0.0,0.0
2011-07-20 16:00:01,0.391409844982,0,,,[[ nan]],0.0,0.0,0.0
2011-07-20 17:00:01,0.309570517593,0,,,[[ nan]],0.0,0.0,0.0
2011-07-20 18:00:01,0.24799350465,0,,,[[ nan]],0.0,0.0,0.0
2011-07-20 19:00:01,0.226558488802,0,,,[[ nan]],0.0,0.0,0.0
2011-07-20 20:00:01,0.289532391163,0,,,[[ nan]],0.0,0.0,0.0
2011-07-20 21:00:01,0.297995861259,0,,,[[ nan]],0.0,0.0,0.0
2011-07-20 22:00:01,0.295282798999,0,,,[[ nan]],0.0,0.0,0.0
2011-07-20 23:00:01,0.30699149324,0,,,[[ nan]],0.0,0.0,0.0
2011-07-21 00:00:01,0.228820081496,0,,,[[ nan]],0.0,0.0,0.0
2011-07-21 01:00:01,0.118004795808,0,,,[[ nan]],0.0,0.0,0.0
2011-07-21 02:00:01,0.135929456954,0,,,[[ nan]],0.0,0.0,0.0
2011-07-21 03:00:01,0.115072797012,0,,,[[ nan]],0.0,0.0,0.0
2011-07-21 04:00:01,0.18511391331,0,,,[[ nan]],0.0,0.0,0.0
2011-07-21 06:00:01,0.314464318835,0,,,[[ nan]],0.0,0.0,0.0
2011-07-21 07:00:01,0.357897436277,0,,,[[ nan]],0.0,0.0,0.0
2011-07-21 08:00:01,0.647551843556,0,,,[[ nan]],0.0,0.0,0.0
2011-07-21 09:00:01,0.432730227658,0,,,[[ nan]],0.0,0.0,0.0
2011-07-21 10:00:01,0.473761866346,0,,,[[ nan]],0.0,0.0,0.0
2011-07-21 11:00:01,0.454258181993,0,,,[[ nan]],0.0,0.0,0.0
2011-07-21 12:00:01,0.494267975402,0,,,[[ nan]],0.0,0.0,0.0
2011-07-21 13:00:01,0.49571851083,0,,,[[ nan]],0.0,0.0,0.0
2011-07-21 14:00:01,0.513154846385,0,,,[[ nan]],0.0,0.0,0.0
2011-07-21 15:00:01,0.47956348116,0,,,[[ nan]],0.0,0.0,0.0
2011-07-21 16:00:01,0.380321259102,0,,,[[ nan]],0.0,0.0,0.0
2011-07-21 17:00:01,0.309914625644,0,,,[[ nan]],0.0,0.0,0.0
2011-07-21 18:00:01,0.308445195044,0,,,[[ nan]],0.0,0.0,0.0
2011-07-21 19:00:01,0.29683667231,0,,,[[ nan]],0.0,0.0,0.0
2011-07-21 20:00:01,0.259115968232,0,,,[[ nan]],0.0,0.0,0.0
2011-07-21 21:00:01,0.26459174246,0,,,[[ nan]],0.0,0.0,0.0
2011-07-21 22:00:01,0.232050585983,0,,,[[ nan]],0.0,0.0,0.0
2011-07-21 23:00:01,0.180059724275,0,,,[[ nan]],0.0,0.0,0.0
2011-07-22 00:00:01,0.153653130803,0,,,[[ nan]],0.0,0.0,0.0
2011-07-22 01:00:01,0.116908493258,0,,,[[ nan]],0.0,0.0,0.0
2011-07-22 02:00:01,0.0864035384988,0,,,[[ nan]],0.0,0.0,0.0
2011-07-22 03:00:01,0.0636610126849,0,,,[[ nan]],0.0,0.0,0.0
2011-07-22 04:00:01,0.171996686832,0,,,[[ nan]],0.0,0.0,0.0
2011-07-22 05:00:01,0.195274741474,0,,,[[ nan]],0.0,0.0,0.0
2011-07-22 06:00:01,0.218433469989,0,,,[[ nan]],0.0,0.0,0.0
2011-07-22 07:00:01,0.31756074463,0,,,[[ nan]],0.0,0.0,0.0
2011-07-22 08:00:01,0.485012744707,0,,,[[ nan]],0.0,0.0,0.0
2011-07-22 09:00:01,0.494501431578,0,,,[[ nan]],0.0,0.0,0.0
2011-07-22 10:00:01,0.480531015446,0,,,[[ nan]],0.0,0.0,0.0
2011-07-22 11:00:01,0.373340143947,0,,,[[ nan]],0.0,0.0,0.0
2011-07-22 12:00:01,0.439467494488,0,,,[[ nan]],0.0,0.0,0.0
2011-07-22 13:00:01,0.49366253172,0,,,[[ nan]],0.0,0.0,0.0
2011-07-22 14:00:01,0.494997998404,0,,,[[ nan]],0.0,0.0,0.0
2011-07-22 15:00:01,0.455939535382,0,,,[[ nan]],0.0,0.0,0.0
2011-07-22 16:00:01,0.41015639138,0,,,[[ nan]],0.0,0.0,0.0
2011-07-22 17:00:01,0.335610216286,0,,,[[ nan]],0.0,0.0,0.0
2011-07-22 18:00:01,0.300477384849,0,,,[[ nan]],0.0,0.0,0.0
2011-07-22 19:00:01,0.175607878976,0,,,[[ nan]],0.0,0.0,0.0
2011-07-22 20:00:01,0.195030460278,0,,,[[ nan]],0.0,0.0,0.0
2011-07-22 21:00:01,0.223847790484,0,,,[[ nan]],0.0,0.0,0.0
2011-07-22 22:00:01,0.221357088755,0,,,[[ nan]],0.0,0.0,0.0
2011-07-22 23:00:01,0.202315951803,0,,,[[ nan]],0.0,0.0,0.0
2011-07-23 00:00:01,0.154247123924,0,,,[[ nan]],0.0,0.0,0.0
2011-07-23 01:00:01,0.189909662535,0,,,[[ nan]],0.0,0.0,0.0
2011-07-23 02:00:01,0.080703387575,0,,,[[ nan]],0.0,0.0,0.0
2011-07-23 03:00:01,0.0505934222121,0,,,[[ nan]],0.0,0.0,0.0
2011-07-23 04:00:01,0.199803503857,0,,,[[ nan]],0.0,0.0,0.0
2011-07-23 05:00:01,0.256666206812,0,,,[[ nan]],0.0,0.0,0.0
2011-07-23 06:00:01,0.150711076079,0,,,[[ nan]],0.0,0.0,0.0
2011-07-23 07:00:01,0.304154914732,0,,,[[ nan]],0.0,0.0,0.0
2011-07-23 08:00:01,0.507439296246,0,,,[[ nan]],0.0,0.0,0.0
2011-07-23 09:00:01,0.481824148556,0,,,[[ nan]],0.0,0.0,0.0
2011-07-23 10:00:01,0.418659000466,0,,,[[ nan]],0.0,0.0,0.0
2011-07-23 11:00:01,0.459581121171,0,,,[[ nan]],0.0,0.0,0.0
2011-07-23 12:00:01,0.489326878032,0,,,[[ nan]],0.0,0.0,0.0
2011-07-23 13:00:01,0.45482961056,0,,,[[ nan]],0.0,0.0,0.0
2011-07-23 14:00:01,0.494370596883,0,,,[[ nan]],0.0,0.0,0.0
2011-07-23 15:00:01,0.428723675412,0,,,[[ nan]],0.0,0.0,0.0
2011-07-23 16:00:01,0.285980445635,0,,,[[ nan]],0.0,0.0,0.0
2011-07-23 17:00:01,0.213507272302,0,,,[[ nan]],0.0,0.0,0.0
2011-07-23 18:00:01,0.176139664155,0,,,[[ nan]],0.0,0.0,0.0
2011-07-23 19:00:01,0.168736244881,0,,,[[ nan]],0.0,0.0,0.0
2011-07-23 20:00:01,0.14189232817,0,,,[[ nan]],0.0,0.0,0.0
2011-07-23 21:00:01,0.118912719999,0,,,[[ nan]],0.0,0.0,0.0
2011-07-23 22:00:01,0.155216303103,0,,,[[ nan]],0.0,0.0,0.0
2011-07-23 23:00:01,0.112523936387,0,,,[[ nan]],0.0,0.0,0.0
2011-07-24 00:00:01,0.124627539737,0,,,[[ nan]],0.0,0.0,0.0
2011-07-24 01:00:01,0.0828679864422,0,,,[[ nan]],0.0,0.0,0.0
2011-07-24 02:00:01,0.042074680477,0,,,[[ nan]],0.0,0.0,0.0
2011-07-24 03:00:01,0.0120811502262,0,,,[[ nan]],0.0,0.0,0.0
2011-07-24 04:00:01,0.151364633348,0,,,[[ nan]],0.0,0.0,0.0
2011-07-24 05:00:01,0.189746677028,0,,,[[ nan]],0.0,0.0,0.0
2011-07-24 06:00:01,0.11519070187,0,,,[[ nan]],0.0,0.0,0.0
2011-07-24 07:00:01,0.259760171136,0,,,[[ nan]],0.0,0.0,0.0
2011-07-24 08:00:01,0.398150079568,0,,,[[ nan]],0.0,0.0,0.0
2011-07-24 09:00:01,0.405581863627,0,,,[[ nan]],0.0,0.0,0.0
2011-07-24 10:00:01,0.423180220836,0,,,[[ nan]],0.0,0.0,0.0
2011-07-24 11:00:01,0.407349860987,0,,,[[ nan]],0.0,0.0,0.0
2011-07-24 12:00:01,0.390168699056,0,,,[[ nan]],0.0,0.0,0.0
2011-07-24 13:00:01,0.377459521559,0,,,[[ nan]],0.0,0.0,0.0
2011-07-24 14:00:01,0.551395993054,0,,,[[ nan]],0.0,0.0,0.0
2011-07-24 15:00:01,0.404923914471,0,,,[[ nan]],0.0,0.0,0.0
2011-07-24 16:00:01,0.274870870224,0,,,[[ nan]],0.0,0.0,0.0
2011-07-24 17:00:01,0.236065982521,0,,,[[ nan]],0.0,0.0,0.0
2011-07-24 18:00:01,0.217746591107,0,,,[[ nan]],0.0,0.0,0.0
2011-07-24 19:00:01,0.154390042891,0,,,[[ nan]],0.0,0.0,0.0
2011-07-24 20:00:01,0.140339531345,0,,,[[ nan]],0.0,0.0,0.0
2011-07-24 21:00:01,0.123323170866,0,,,[[ nan]],0.0,0.0,0.0
2011-07-24 22:00:01,0.135800499047,0,,,[[ nan]],0.0,0.0,0.0
2011-07-24 23:00:01,0.114527825925,0,,,[[ nan]],0.0,0.0,0.0
2011-07-25 00:00:01,0.102847806993,0,,,[[ nan]],0.0,0.0,0.0
2011-07-25 01:00:01,0.0474859809048,0,,,[[ nan]],0.0,0.0,0.0
2011-07-25 02:00:01,0.0149828490413,0,,,[[ nan]],0.0,0.0,0.0
2011-07-25 03:00:01,0.0,0,,,[[ nan]],0.0,0.0,0.0
2011-07-25 04:00:01,0.101074573777,0,,,[[ nan]],0.0,0.0,0.0
2011-07-25 05:00:01,0.247170109172,0,,,[[ nan]],0.0,0.0,0.0
2011-07-25 06:00:01,0.202783338734,0,,,[[ nan]],0.0,0.0,0.0
2011-07-25 07:00:01,0.274985848776,0,,,[[ nan]],0.0,0.0,0.0
2011-07-25 08:00:01,0.543162794635,0,,,[[ nan]],0.0,0.0,0.0
2011-07-25 09:00:01,0.383610309897,0,,,[[ nan]],0.0,0.0,0.0
2011-07-25 10:00:01,0.38890293342,0,,,[[ nan]],0.0,0.0,0.0
2011-07-25 11:00:01,0.42045102884,0,,,[[ nan]],0.0,0.0,0.0
2011-07-25 12:00:01,0.439656955198,0,,,[[ nan]],0.0,0.0,0.0
2011-07-25 13:00:01,0.443622058985,0,,,[[ nan]],0.0,0.0,0.0
2011-07-25 14:00:01,0.462683887164,0,,,[[ nan]],0.0,0.0,0.0
2011-07-25 15:00:01,0.479607874909,0,,,[[ nan]],0.0,0.0,0.0
2011-07-25 16:00:01,0.400252166182,0,,,[[ nan]],0.0,0.0,0.0
2011-07-25 17:00:01,0.279924554004,0,,,[[ nan]],0.0,0.0,0.0
2011-07-25 18:00:01,0.228197555675,0,,,[[ nan]],0.0,0.0,0.0
2011-07-25 19:00:01,0.222683665974,0,,,[[ nan]],0.0,0.0,0.0
2011-07-25 20:00:01,0.185825203302,0,,,[[ nan]],0.0,0.0,0.0
2011-07-25 21:00:01,0.209366498952,0,,,[[ nan]],0.0,0.0,0.0
2011-07-25 22:00:01,0.243324182215,0,,,[[ nan]],0.0,0.0,0.0
2011-07-25 23:00:01,0.225549090558,0,,,[[ nan]],0.0,0.0,0.0
2011-07-26 00:00:01,0.199375169707,0,,,[[ nan]],0.0,0.0,0.0
2011-07-26 01:00:01,0.115116843988,0,,,[[ nan]],0.0,0.0,0.0
2011-07-26 02:00:01,0.101633558151,0,,,[[ nan]],0.0,0.0,0.0
2011-07-26 03:00:01,0.0753439112239,0,,,[[ nan]],0.0,0.0,0.0
2011-07-26 04:00:01,0.118976066716,0,,,[[ nan]],0.0,0.0,0.0
2011-07-26 05:00:01,0.212052183453,0,,,[[ nan]],0.0,0.0,0.0
2011-07-26 06:00:01,0.212052183453,0,,,[[ nan]],0.0,0.0,0.0
2011-07-26 07:00:01,0.228450712672,0,,,[[ nan]],0.0,0.0,0.0
2011-07-26 08:00:01,0.554760132684,0,,,[[ nan]],0.0,0.0,0.0
2011-07-26 09:00:01,0.418341525452,0,,,[[ nan]],0.0,0.0,0.0
2011-07-26 10:00:01,0.446299711126,0,,,[[ nan]],0.0,0.0,0.0
2011-07-26 11:00:01,0.393150190545,0,,,[[ nan]],0.0,0.0,0.0
2011-07-26 12:00:01,0.412857944476,0,,,[[ nan]],0.0,0.0,0.0
2011-07-26 13:00:01,0.343995647345,0,,,[[ nan]],0.0,0.0,0.0
2011-07-26 14:00:01,0.445257978232,0,,,[[ nan]],0.0,0.0,0.0
2011-07-26 15:00:01,0.415162951764,0,,,[[ nan]],0.0,0.0,0.0
2011-07-26 16:00:01,0.274411495388,0,,,[[ nan]],0.0,0.0,0.0
2011-07-26 17:00:01,0.279119342732,0,,,[[ nan]],0.0,0.0,0.0
2011-07-26 18:00:01,0.317010141117,0,,,[[ nan]],0.0,0.0,0.0
2011-07-26 19:00:01,0.254558326243,0,,,[[ nan]],0.0,0.0,0.0
2011-07-26 20:00:01,0.203366165307,0,,,[[ nan]],0.0,0.0,0.0
2011-07-26 21:00:01,0.191526514606,0,,,[[ nan]],0.0,0.0,0.0
2011-07-26 22:00:01,0.216584439698,0,,,[[ nan]],0.0,0.0,0.0
2011-07-26 23:00:01,0.256451880067,0,,,[[ nan]],0.0,0.0,0.0
2011-07-27 00:00:01,0.221348465885,0,,,[[ nan]],0.0,0.0,0.0
2011-07-27 01:00:01,0.219103036941,0,,,[[ nan]],0.0,0.0,0.0
2011-07-27 02:00:01,0.166322881888,0,,,[[ nan]],0.0,0.0,0.0
2011-07-27 03:00:01,0.0844394474012,0,,,[[ nan]],0.0,0.0,0.0
2011-07-27 04:00:01,0.149319054724,0,,,[[ nan]],0.0,0.0,0.0
2011-07-27 05:00:01,0.405285259546,0,,,[[ nan]],0.0,0.0,0.0
2011-07-27 06:00:01,0.245886160243,0,,,[[ nan]],0.0,0.0,0.0
2011-07-27 07:00:01,0.295776929855,0,,,[[ nan]],0.0,0.0,0.0
2011-07-27 08:00:01,0.487465159019,0,,,[[ nan]],0.0,0.0,0.0
2011-07-27 09:00:01,0.35926307571,0,,,[[ nan]],0.0,0.0,0.0
2011-07-27 10:00:01,0.436182377548,0,,,[[ nan]],0.0,0.0,0.0
2011-07-27 11:00:01,0.460622442336,0,,,[[ nan]],0.0,0.0,0.0
2011-07-27 12:00:01,0.416794606579,0,,,[[ nan]],0.0,0.0,0.0
2011-07-27 13:00:01,0.440537988263,0,,,[[ nan]],0.0,0.0,0.0
2011-07-27 14:00:01,0.470557791687,0,,,[[ nan]],0.0,0.0,0.0
2011-07-27 15:00:01,0.422496622122,0,,,[[ nan]],0.0,0.0,0.0
2011-07-27 16:00:01,0.415056361004,0,,,[[ nan]],0.0,0.0,0.0
2011-07-27 17:00:01,0.388076448882,0,,,[[ nan]],0.0,0.0,0.0
2011-07-27 18:00:01,0.326597510972,0,,,[[ nan]],0.0,0.0,0.0
2011-07-27 19:00:01,0.305592144208,0,,,[[ nan]],0.0,0.0,0.0
2011-07-27 20:00:01,0.326107149619,0,,,[[ nan]],0.0,0.0,0.0
2011-07-27 21:00:01,0.334357949219,0,,,[[ nan]],0.0,0.0,0.0
2011-07-27 22:00:01,0.386709685576,0,,,[[ nan]],0.0,0.0,0.0
2011-07-27 23:00:01,0.302684806956,0,,,[[ nan]],0.0,0.0,0.0
2011-07-28 00:00:01,0.259985083082,0,,,[[ nan]],0.0,0.0,0.0
2011-07-28 01:00:01,0.296208024158,0,,,[[ nan]],0.0,0.0,0.0
2011-07-28 02:00:01,0.239590782123,0,,,[[ nan]],0.0,0.0,0.0
2011-07-28 03:00:01,0.217902347855,0,,,[[ nan]],0.0,0.0,0.0
2011-07-28 04:00:01,0.257930313702,0,,,[[ nan]],0.0,0.0,0.0
2011-07-28 05:00:01,0.418735089521,0,,,[[ nan]],0.0,0.0,0.0
2011-07-28 06:00:01,0.268041331458,0,,,[[ nan]],0.0,0.0,0.0
2011-07-28 07:00:01,0.175615429707,0,,,[[ nan]],0.0,0.0,0.0
2011-07-28 08:00:01,0.465355114361,0,,,[[ nan]],0.0,0.0,0.0
2011-07-28 09:00:01,0.434324079552,0,,,[[ nan]],0.0,0.0,0.0
2011-07-28 10:00:01,0.48866780609,0,,,[[ nan]],0.0,0.0,0.0
2011-07-28 11:00:01,0.406233033831,0,,,[[ nan]],0.0,0.0,0.0
2011-07-28 12:00:01,0.376220306269,0,,,[[ nan]],0.0,0.0,0.0
2011-07-28 13:00:01,0.387713867522,0,,,[[ nan]],0.0,0.0,0.0
2011-07-28 14:00:01,0.461872018548,0,,,[[ nan]],0.0,0.0,0.0
2011-07-28 15:00:01,0.457401401756,0,,,[[ nan]],0.0,0.0,0.0
2011-07-28 16:00:01,0.457401401756,0,,,[[ nan]],0.0,0.0,0.0
2011-07-28 17:00:01,0.457401401756,0,,,[[ nan]],0.0,0.0,0.0
2011-07-28 18:00:01,0.309138229469,0,,,[[ nan]],0.0,0.0,0.0
2011-07-28 19:00:01,0.266785496631,0,,,[[ nan]],0.0,0.0,0.0
2011-07-28 20:00:01,0.31579652101,0,,,[[ nan]],0.0,0.0,0.0
2011-07-28 21:00:01,0.353165878672,0,,,[[ nan]],0.0,0.0,0.0
2011-07-28 22:00:01,0.268963443769,0,,,[[ nan]],0.0,0.0,0.0
2011-07-28 23:00:01,0.231313676097,0,,,[[ nan]],0.0,0.0,0.0
2011-07-29 00:00:01,0.233447846107,0,,,[[ nan]],0.0,0.0,0.0
2011-07-29 01:00:01,0.227311772274,0,,,[[ nan]],0.0,0.0,0.0
2011-07-29 02:00:01,0.232318730847,0,,,[[ nan]],0.0,0.0,0.0
2011-07-29 03:00:01,0.20419813737,0,,,[[ nan]],0.0,0.0,0.0
2011-07-29 04:00:01,0.228186677559,0,,,[[ nan]],0.0,0.0,0.0
2011-07-29 05:00:01,0.314518177784,0,,,[[ nan]],0.0,0.0,0.0
2011-07-29 06:00:01,0.258283170674,0,,,[[ nan]],0.0,0.0,0.0
2011-07-29 07:00:01,0.347279117253,0,,,[[ nan]],0.0,0.0,0.0
2011-07-29 08:00:01,0.647139441917,0,,,[[ nan]],0.0,0.0,0.0
2011-07-29 09:00:01,0.460852213961,0,,,[[ nan]],0.0,0.0,0.0
2011-07-29 10:00:01,0.530148803241,0,,,[[ nan]],0.0,0.0,0.0
2011-07-29 11:00:01,0.440984649466,0,,,[[ nan]],0.0,0.0,0.0
2011-07-29 12:00:01,0.511160651325,0,,,[[ nan]],0.0,0.0,0.0
2011-07-29 13:00:01,0.479686715031,0,,,[[ nan]],0.0,0.0,0.0
2011-07-29 14:00:01,0.455823202008,0,,,[[ nan]],0.0,0.0,0.0
2011-07-29 15:00:01,0.431318338917,0,,,[[ nan]],0.0,0.0,0.0
2011-07-29 16:00:01,0.294588466742,0,,,[[ nan]],0.0,0.0,0.0
2011-07-29 17:00:01,0.286951340546,0,,,[[ nan]],0.0,0.0,0.0
2011-07-29 18:00:01,0.25006012604,0,,,[[ nan]],0.0,0.0,0.0
2011-07-29 19:00:01,0.260825971226,0,,,[[ nan]],0.0,0.0,0.0
2011-07-29 20:00:01,0.288810828207,0,,,[[ nan]],0.0,0.0,0.0
2011-07-29 21:00:01,0.322696305093,0,,,[[ nan]],0.0,0.0,0.0
2011-07-29 22:00:01,0.32876106603,0,,,[[ nan]],0.0,0.0,0.0
2011-07-29 23:00:01,0.372069015268,0,,,[[ nan]],0.0,0.0,0.0
2011-07-30 00:00:01,0.309439621095,0,,,[[ nan]],0.0,0.0,0.0
2011-07-30 01:00:01,0.264895673659,0,,,[[ nan]],0.0,0.0,0.0
2011-07-30 02:00:01,0.230564656114,0,,,[[ nan]],0.0,0.0,0.0
2011-07-30 03:00:01,0.236462502024,0,,,[[ nan]],0.0,0.0,0.0
2011-07-30 04:00:01,0.227387610182,0,,,[[ nan]],0.0,0.0,0.0
2011-07-30 05:00:01,0.207943070958,0,,,[[ nan]],0.0,0.0,0.0
2011-07-30 06:00:01,0.340309016122,0,,,[[ nan]],0.0,0.0,0.0
2011-07-30 07:00:01,0.335513019328,0,,,[[ nan]],0.0,0.0,0.0
2011-07-30 08:00:01,0.517726483801,0,,,[[ nan]],0.0,0.0,0.0
2011-07-30 09:00:01,0.42286218004,0,,,[[ nan]],0.0,0.0,0.0
2011-07-30 10:00:01,0.358322393838,0,,,[[ nan]],0.0,0.0,0.0
2011-07-30 11:00:01,0.449882478885,0,,,[[ nan]],0.0,0.0,0.0
2011-07-30 12:00:01,0.43398075848,0,,,[[ nan]],0.0,0.0,0.0
2011-07-30 13:00:01,0.494168201912,0,,,[[ nan]],0.0,0.0,0.0
2011-07-30 14:00:01,0.443260706506,0,,,[[ nan]],0.0,0.0,0.0
2011-07-30 15:00:01,0.417467888676,0,,,[[ nan]],0.0,0.0,0.0
2011-07-30 16:00:01,0.331143912671,0,,,[[ nan]],0.0,0.0,0.0
2011-07-30 17:00:01,0.300851193036,0,,,[[ nan]],0.0,0.0,0.0
2011-07-30 18:00:01,0.319922322244,0,,,[[ nan]],0.0,0.0,0.0
2011-07-30 19:00:01,0.285523891164,0,,,[[ nan]],0.0,0.0,0.0
2011-07-30 20:00:01,0.268256431636,0,,,[[ nan]],0.0,0.0,0.0
2011-07-30 21:00:01,0.260444278658,0,,,[[ nan]],0.0,0.0,0.0
2011-07-30 22:00:01,0.276763044093,0,,,[[ nan]],0.0,0.0,0.0
2011-07-30 23:00:01,0.287162002862,0,,,[[ nan]],0.0,0.0,0.0
2011-07-31 00:00:01,0.269121573794,0,,,[[ nan]],0.0,0.0,0.0
2011-07-31 01:00:01,0.206286594549,0,,,[[ nan]],0.0,0.0,0.0
2011-07-31 02:00:01,0.181772453441,0,,,[[ nan]],0.0,0.0,0.0
2011-07-31 03:00:01,0.141694754537,0,,,[[ nan]],0.0,0.0,0.0
2011-07-31 04:00:01,0.166655731856,0,,,[[ nan]],0.0,0.0,0.0
2011-07-31 05:00:01,0.171233645905,0,,,[[ nan]],0.0,0.0,0.0
2011-07-31 06:00:01,0.220632927683,0,,,[[ nan]],0.0,0.0,0.0
2011-07-31 07:00:01,0.284942434017,0,,,[[ nan]],0.0,0.0,0.0
2011-07-31 08:00:01,0.475450678091,0,,,[[ nan]],0.0,0.0,0.0
2011-07-31 09:00:01,0.456813855456,0,,,[[ nan]],0.0,0.0,0.0
2011-07-31 10:00:01,0.33427139738,0,,,[[ nan]],0.0,0.0,0.0
2011-07-31 11:00:01,0.363331536106,0,,,[[ nan]],0.0,0.0,0.0
2011-07-31 12:00:01,0.348237733516,0,,,[[ nan]],0.0,0.0,0.0
2011-07-31 13:00:01,0.369785293055,0,,,[[ nan]],0.0,0.0,0.0
2011-07-31 14:00:01,0.445986551051,0,,,[[ nan]],0.0,0.0,0.0
2011-07-31 15:00:01,0.394795290702,0,,,[[ nan]],0.0,0.0,0.0
2011-07-31 16:00:01,0.383319427943,0,,,[[ nan]],0.0,0.0,0.0
2011-07-31 17:00:01,0.347239778519,0,,,[[ nan]],0.0,0.0,0.0
2011-07-31 18:00:01,0.300689794992,0,,,[[ nan]],0.0,0.0,0.0
2011-07-31 19:00:01,0.309505729183,0,,,[[ nan]],0.0,0.0,0.0
2011-07-31 20:00:01,0.292326036535,0,,,[[ nan]],0.0,0.0,0.0
2011-07-31 21:00:01,0.281401176285,0,,,[[ nan]],0.0,0.0,0.0
2011-07-31 22:00:01,0.297724080877,0,,,[[ nan]],0.0,0.0,0.0
2011-07-31 23:00:01,0.27056084294,0,,,[[ nan]],0.0,0.0,0.0
2011-08-01 00:00:01,0.288466306086,0,,,[[ nan]],0.0,0.0,0.0
2011-08-01 01:00:01,0.260147755144,0,,,[[ nan]],0.0,0.0,0.0
2011-08-01 02:00:01,0.289419325643,0,,,[[ nan]],0.0,0.0,0.0
2011-08-01 03:00:01,0.150381591631,0,,,[[ nan]],0.0,0.0,0.0
2011-08-01 04:00:01,0.229730719323,0,,,[[ nan]],0.0,0.0,0.0
2011-08-01 05:00:01,0.279597208072,0,,,[[ nan]],0.0,0.0,0.0
2011-08-01 06:00:01,0.28658795128,0,,,[[ nan]],0.0,0.0,0.0
2011-08-01 07:00:01,0.320263489215,0,,,[[ nan]],0.0,0.0,0.0
2011-08-01 08:00:01,0.544596552803,0,,,[[ nan]],0.0,0.0,0.0
2011-08-01 09:00:01,0.49629957814,0,,,[[ nan]],0.0,0.0,0.0
2011-08-01 10:00:01,0.471470135057,0,,,[[ nan]],0.0,0.0,0.0
2011-08-01 11:00:01,0.501650330773,0,,,[[ nan]],0.0,0.0,0.0
2011-08-01 12:00:01,0.394512573279,0,,,[[ nan]],0.0,0.0,0.0
2011-08-01 13:00:01,0.424964360063,0,,,[[ nan]],0.0,0.0,0.0
2011-08-01 14:00:01,0.441245182348,0,,,[[ nan]],0.0,0.0,0.0
2011-08-01 15:00:01,0.428867477232,0,,,[[ nan]],0.0,0.0,0.0
2011-08-01 16:00:01,0.363703947467,0,,,[[ nan]],0.0,0.0,0.0
2011-08-01 17:00:01,0.397495282299,0,,,[[ nan]],0.0,0.0,0.0
2011-08-01 18:00:01,0.293561297198,0,,,[[ nan]],0.0,0.0,0.0
2011-08-01 19:00:01,0.302554319586,0,,,[[ nan]],0.0,0.0,0.0
2011-08-01 20:00:01,0.275778877732,0,,,[[ nan]],0.0,0.0,0.0
2011-08-01 21:00:01,0.306660637958,0,,,[[ nan]],0.0,0.0,0.0
2011-08-01 22:00:01,0.344083167186,0,,,[[ nan]],0.0,0.0,0.0
2011-08-01 23:00:01,0.360177517805,0,,,[[ nan]],0.0,0.0,0.0
2011-08-02 00:00:01,0.311131792311,0,,,[[ nan]],0.0,0.0,0.0
2011-08-02 01:00:01,0.289800284795,0,,,[[ nan]],0.0,0.0,0.0
2011-08-02 02:00:01,0.305872131725,0,,,[[ nan]],0.0,0.0,0.0
2011-08-02 03:00:01,0.198105231393,0,,,[[ nan]],0.0,0.0,0.0
2011-08-02 04:00:01,0.282035032413,0,,,[[ nan]],0.0,0.0,0.0
2011-08-02 05:00:01,0.329665392251,0,,,[[ nan]],0.0,0.0,0.0
2011-08-02 06:00:01,0.311557537477,0,,,[[ nan]],0.0,0.0,0.0
2011-08-02 07:00:01,0.448570379668,0,,,[[ nan]],0.0,0.0,0.0
2011-08-02 08:00:01,0.619068739372,0,,,[[ nan]],0.0,0.0,0.0
2011-08-02 09:00:01,0.471349672829,0,,,[[ nan]],0.0,0.0,0.0
2011-08-02 10:00:01,0.474948960948,0,,,[[ nan]],0.0,0.0,0.0
2011-08-02 11:00:01,0.517653773056,0,,,[[ nan]],0.0,0.0,0.0
2011-08-02 12:00:01,0.477221304452,0,,,[[ nan]],0.0,0.0,0.0
2011-08-02 13:00:01,0.470586877881,0,,,[[ nan]],0.0,0.0,0.0
2011-08-02 14:00:01,0.554727997539,0,,,[[ nan]],0.0,0.0,0.0
2011-08-02 15:00:01,0.488480227847,0,,,[[ nan]],0.0,0.0,0.0
2011-08-02 16:00:01,0.466248450504,0,,,[[ nan]],0.0,0.0,0.0
2011-08-02 17:00:01,0.376415612588,0,,,[[ nan]],0.0,0.0,0.0
2011-08-02 18:00:01,0.353070961009,0,,,[[ nan]],0.0,0.0,0.0
2011-08-02 19:00:01,0.361324022309,0,,,[[ nan]],0.0,0.0,0.0
2011-08-02 20:00:01,0.386426120338,0,,,[[ nan]],0.0,0.0,0.0
2011-08-02 21:00:01,0.382961559434,0,,,[[ nan]],0.0,0.0,0.0
2011-08-02 22:00:01,0.386474080907,0,,,[[ nan]],0.0,0.0,0.0
2011-08-02 23:00:01,0.328015716666,0,,,[[ nan]],0.0,0.0,0.0
2011-08-03 00:00:01,0.320555348006,0,,,[[ nan]],0.0,0.0,0.0
2011-08-03 01:00:01,0.282533377697,0,,,[[ nan]],0.0,0.0,0.0
2011-08-03 02:00:01,0.225142230751,0,,,[[ nan]],0.0,0.0,0.0
2011-08-03 03:00:01,0.18663210247,0,,,[[ nan]],0.0,0.0,0.0
2011-08-03 04:00:01,0.231416413252,0,,,[[ nan]],0.0,0.0,0.0
2011-08-03 05:00:01,0.304978678722,0,,,[[ nan]],0.0,0.0,0.0
2011-08-03 06:00:01,0.263072395706,0,,,[[ nan]],0.0,0.0,0.0
2011-08-03 07:00:01,0.432516421694,0,,,[[ nan]],0.0,0.0,0.0
2011-08-03 08:00:01,0.542895534494,0,,,[[ nan]],0.0,0.0,0.0
2011-08-03 09:00:01,0.56867471259,0,,,[[ nan]],0.0,0.0,0.0
2011-08-03 10:00:01,0.527888057714,0,,,[[ nan]],0.0,0.0,0.0
2011-08-03 11:00:01,0.359294446401,0,,,[[ nan]],0.0,0.0,0.0
2011-08-03 12:00:01,0.401555443933,0,,,[[ nan]],0.0,0.0,0.0
2011-08-03 13:00:01,0.478337628957,0,,,[[ nan]],0.0,0.0,0.0
2011-08-03 14:00:01,0.460018446193,0,,,[[ nan]],0.0,0.0,0.0
2011-08-03 15:00:01,0.522466770037,0,,,[[ nan]],0.0,0.0,0.0
2011-08-03 16:00:01,0.467163017109,0,,,[[ nan]],0.0,0.0,0.0
2011-08-03 17:00:01,0.379437149141,0,,,[[ nan]],0.0,0.0,0.0
2011-08-03 18:00:01,0.329880531202,0,,,[[ nan]],0.0,0.0,0.0
2011-08-03 19:00:01,0.41873118392,0,,,[[ nan]],0.0,0.0,0.0
2011-08-03 20:00:01,0.325076486786,0,,,[[ nan]],0.0,0.0,0.0
2011-08-03 21:00:01,0.31457565324,0,,,[[ nan]],0.0,0.0,0.0
2011-08-03 22:00:01,0.293147370846,0,,,[[ nan]],0.0,0.0,0.0
2011-08-03 23:00:01,0.206811274332,0,,,[[ nan]],0.0,0.0,0.0
2011-08-04 00:00:01,0.143539005053,0,,,[[ nan]],0.0,0.0,0.0
2011-08-04 01:00:01,0.130965177264,0,,,[[ nan]],0.0,0.0,0.0
2011-08-04 02:00:01,0.103019093901,0,,,[[ nan]],0.0,0.0,0.0
2011-08-04 03:00:01,0.083706438274,0,,,[[ nan]],0.0,0.0,0.0
2011-08-04 04:00:01,0.180263648919,0,,,[[ nan]],0.0,0.0,0.0
2011-08-04 05:00:01,0.319823446145,0,,,[[ nan]],0.0,0.0,0.0
2011-08-04 06:00:01,0.263130501664,0,,,[[ nan]],0.0,0.0,0.0
2011-08-04 07:00:01,0.488324535284,0,,,[[ nan]],0.0,0.0,0.0
2011-08-04 08:00:01,0.83034406653,0,,,[[ nan]],0.0,0.0,0.0
2011-08-04 09:00:01,0.643127374291,0,,,[[ nan]],0.0,0.0,0.0
2011-08-04 10:00:01,0.446222972715,0,,,[[ nan]],0.0,0.0,0.0
2011-08-04 11:00:01,0.476830715905,0,,,[[ nan]],0.0,0.0,0.0
2011-08-04 12:00:01,0.459681494807,0,,,[[ nan]],0.0,0.0,0.0
2011-08-04 13:00:01,0.439380277621,0,,,[[ nan]],0.0,0.0,0.0
2011-08-04 14:00:01,0.451086663455,0,,,[[ nan]],0.0,0.0,0.0
2011-08-04 15:00:01,0.42407784999,0,,,[[ nan]],0.0,0.0,0.0
2011-08-04 16:00:01,0.452261398411,0,,,[[ nan]],0.0,0.0,0.0
2011-08-04 17:00:01,0.404906437839,0,,,[[ nan]],0.0,0.0,0.0
2011-08-04 18:00:01,0.319723292044,0,,,[[ nan]],0.0,0.0,0.0
2011-08-04 19:00:01,0.336612881226,0,,,[[ nan]],0.0,0.0,0.0
2011-08-04 20:00:01,0.31776374006,0,,,[[ nan]],0.0,0.0,0.0
2011-08-04 21:00:01,0.337209748336,0,,,[[ nan]],0.0,0.0,0.0
2011-08-04 22:00:01,0.35628572659,0,,,[[ nan]],0.0,0.0,0.0
2011-08-04 23:00:01,0.346803283408,0,,,[[ nan]],0.0,0.0,0.0
2011-08-05 00:00:01,0.284266730403,0,,,[[ nan]],0.0,0.0,0.0
2011-08-05 01:00:01,0.197050981795,0,,,[[ nan]],0.0,0.0,0.0
2011-08-05 02:00:01,0.179815934401,0,,,[[ nan]],0.0,0.0,0.0
2011-08-05 03:00:01,0.19334781168,0,,,[[ nan]],0.0,0.0,0.0
2011-08-05 04:00:01,0.207317190471,0,,,[[ nan]],0.0,0.0,0.0
2011-08-05 05:00:01,0.409969551107,0,,,[[ nan]],0.0,0.0,0.0
2011-08-05 06:00:01,0.344501584805,0,,,[[ nan]],0.0,0.0,0.0
2011-08-05 07:00:01,0.4743395465,0,,,[[ nan]],0.0,0.0,0.0
2011-08-05 08:00:01,0.716396802688,0,,,[[ nan]],0.0,0.0,0.0
2011-08-05 09:00:01,0.557928187848,0,,,[[ nan]],0.0,0.0,0.0
2011-08-05 10:00:01,0.478562111951,0,,,[[ nan]],0.0,0.0,0.0
2011-08-05 11:00:01,0.490965150552,0,,,[[ nan]],0.0,0.0,0.0
2011-08-05 12:00:01,0.384531929491,0,,,[[ nan]],0.0,0.0,0.0
2011-08-05 13:00:01,0.468532921735,0,,,[[ nan]],0.0,0.0,0.0
2011-08-05 14:00:01,0.504479984057,0,,,[[ nan]],0.0,0.0,0.0
2011-08-05 15:00:01,0.449572767681,0,,,[[ nan]],0.0,0.0,0.0
2011-08-05 16:00:01,0.461387605526,0,,,[[ nan]],0.0,0.0,0.0
2011-08-05 17:00:01,0.482590003433,0,,,[[ nan]],0.0,0.0,0.0
2011-08-05 18:00:01,0.385197493004,0,,,[[ nan]],0.0,0.0,0.0
2011-08-05 19:00:01,0.38581600064,0,,,[[ nan]],0.0,0.0,0.0
2011-08-05 20:00:01,0.382170375391,0,,,[[ nan]],0.0,0.0,0.0
2011-08-05 21:00:01,0.273097178167,0,,,[[ nan]],0.0,0.0,0.0
2011-08-05 22:00:01,0.364936717155,0,,,[[ nan]],0.0,0.0,0.0
2011-08-05 23:00:01,0.334933690381,0,,,[[ nan]],0.0,0.0,0.0
2011-08-06 00:00:01,0.338390533445,0,,,[[ nan]],0.0,0.0,0.0
2011-08-06 01:00:01,0.269534867608,0,,,[[ nan]],0.0,0.0,0.0
2011-08-06 02:00:01,0.271998094024,0,,,[[ nan]],0.0,0.0,0.0
2011-08-06 03:00:01,0.265485178386,0,,,[[ nan]],0.0,0.0,0.0
2011-08-06 04:00:01,0.37356066036,0,,,[[ nan]],0.0,0.0,0.0
2011-08-06 05:00:01,0.339296897305,0,,,[[ nan]],0.0,0.0,0.0
2011-08-06 06:00:01,0.385153755314,0,,,[[ nan]],0.0,0.0,0.0
2011-08-06 07:00:01,0.525282720919,0,,,[[ nan]],0.0,0.0,0.0
2011-08-06 08:00:01,0.687847285556,0,,,[[ nan]],0.0,0.0,0.0
2011-08-06 09:00:01,0.436647036081,0,,,[[ nan]],0.0,0.0,0.0
2011-08-06 10:00:01,0.355233615932,0,,,[[ nan]],0.0,0.0,0.0
2011-08-06 11:00:01,0.459224696646,0,,,[[ nan]],0.0,0.0,0.0
2011-08-06 12:00:01,0.589234198033,0,,,[[ nan]],0.0,0.0,0.0
2011-08-06 13:00:01,0.444254788316,0,,,[[ nan]],0.0,0.0,0.0
2011-08-06 14:00:01,0.561372109824,0,,,[[ nan]],0.0,0.0,0.0
2011-08-06 15:00:01,0.454338003037,0,,,[[ nan]],0.0,0.0,0.0
2011-08-06 16:00:01,0.506353137168,0,,,[[ nan]],0.0,0.0,0.0
2011-08-06 17:00:01,0.459800688491,0,,,[[ nan]],0.0,0.0,0.0
2011-08-06 18:00:01,0.430598234896,0,,,[[ nan]],0.0,0.0,0.0
2011-08-06 19:00:01,0.387365067005,0,,,[[ nan]],0.0,0.0,0.0
2011-08-06 20:00:01,0.416701995156,0,,,[[ nan]],0.0,0.0,0.0
2011-08-06 21:00:01,0.413740841856,0,,,[[ nan]],0.0,0.0,0.0
2011-08-06 22:00:01,0.528714362942,0,,,[[ nan]],0.0,0.0,0.0
2011-08-06 23:00:01,0.427895201926,0,,,[[ nan]],0.0,0.0,0.0
2011-08-07 00:00:01,0.355652072611,0,,,[[ nan]],0.0,0.0,0.0
2011-08-07 01:00:01,0.336060229879,0,,,[[ nan]],0.0,0.0,0.0
2011-08-07 02:00:01,0.324730671139,0,,,[[ nan]],0.0,0.0,0.0
2011-08-07 03:00:01,0.29661707981,0,,,[[ nan]],0.0,0.0,0.0
2011-08-07 04:00:01,0.324878615841,0,,,[[ nan]],0.0,0.0,0.0
2011-08-07 05:00:01,0.289548758655,0,,,[[ nan]],0.0,0.0,0.0
2011-08-07 06:00:01,0.327180259416,0,,,[[ nan]],0.0,0.0,0.0
2011-08-07 07:00:01,0.554199840569,0,,,[[ nan]],0.0,0.0,0.0
2011-08-07 08:00:01,0.840639803377,0,,,[[ nan]],0.0,0.0,0.0
2011-08-07 09:00:01,0.553035454611,0,,,[[ nan]],0.0,0.0,0.0
2011-08-07 10:00:01,0.48292253655,0,,,[[ nan]],0.0,0.0,0.0
2011-08-07 11:00:01,0.375620146237,0,,,[[ nan]],0.0,0.0,0.0
2011-08-07 12:00:01,0.435807956098,0,,,[[ nan]],0.0,0.0,0.0
2011-08-07 13:00:01,0.485066978434,0,,,[[ nan]],0.0,0.0,0.0
2011-08-07 14:00:01,0.493882742929,0,,,[[ nan]],0.0,0.0,0.0
2011-08-07 15:00:01,0.487924723009,0,,,[[ nan]],0.0,0.0,0.0
2011-08-07 16:00:01,0.405947383333,0,,,[[ nan]],0.0,0.0,0.0
2011-08-07 17:00:01,0.436665208321,0,,,[[ nan]],0.0,0.0,0.0
2011-08-07 18:00:01,0.437322060894,0,,,[[ nan]],0.0,0.0,0.0
2011-08-07 19:00:01,0.445650572992,0,,,[[ nan]],0.0,0.0,0.0
2011-08-07 20:00:01,0.527741652443,0,,,[[ nan]],0.0,0.0,0.0
2011-08-07 21:00:01,0.29230375822,0,,,[[ nan]],0.0,0.0,0.0
2011-08-07 22:00:01,0.293164300529,0,,,[[ nan]],0.0,0.0,0.0
2011-08-07 23:00:01,0.345069495741,0,,,[[ nan]],0.0,0.0,0.0
2011-08-08 00:00:01,0.270627183158,0,,,[[ nan]],0.0,0.0,0.0
2011-08-08 01:00:01,0.27295187209,0,,,[[ nan]],0.0,0.0,0.0
2011-08-08 02:00:01,0.209464300968,0,,,[[ nan]],0.0,0.0,0.0
2011-08-08 03:00:01,0.184761253086,0,,,[[ nan]],0.0,0.0,0.0
2011-08-08 04:00:01,0.225103901944,0,,,[[ nan]],0.0,0.0,0.0
2011-08-08 05:00:01,0.361618057924,0,,,[[ nan]],0.0,0.0,0.0
2011-08-08 06:00:01,0.375704709327,0,,,[[ nan]],0.0,0.0,0.0
2011-08-08 07:00:01,0.526132566015,0,,,[[ nan]],0.0,0.0,0.0
2011-08-08 08:00:01,0.859508297023,0,,,[[ nan]],0.0,0.0,0.0
2011-08-08 09:00:01,0.522412091379,0,,,[[ nan]],0.0,0.0,0.0
2011-08-08 10:00:01,0.54612075745,0,,,[[ nan]],0.0,0.0,0.0
2011-08-08 11:00:01,0.553500171121,0,,,[[ nan]],0.0,0.0,0.0
2011-08-08 12:00:01,0.541854267706,0,,,[[ nan]],0.0,0.0,0.0
2011-08-08 13:00:01,0.503651041117,0,,,[[ nan]],0.0,0.0,0.0
2011-08-08 14:00:01,0.54047991616,0,,,[[ nan]],0.0,0.0,0.0
2011-08-08 15:00:01,0.600201828024,0,,,[[ nan]],0.0,0.0,0.0
2011-08-08 16:00:01,0.569686631543,0,,,[[ nan]],0.0,0.0,0.0
2011-08-08 17:00:01,0.49089460914,0,,,[[ nan]],0.0,0.0,0.0
2011-08-08 19:00:01,0.405055922654,0,,,[[ nan]],0.0,0.0,0.0
2011-08-08 20:00:01,0.352767041145,0,,,[[ nan]],0.0,0.0,0.0
2011-08-08 21:00:01,0.395556804685,0,,,[[ nan]],0.0,0.0,0.0
2011-08-08 22:00:01,0.388827703472,0,,,[[ nan]],0.0,0.0,0.0
2011-08-08 23:00:01,0.365419925255,0,,,[[ nan]],0.0,0.0,0.0
2011-08-09 00:00:01,0.274523666298,0,,,[[ nan]],0.0,0.0,0.0
2011-08-09 01:00:01,0.205417097318,0,,,[[ nan]],0.0,0.0,0.0
2011-08-09 02:00:01,0.242465288012,0,,,[[ nan]],0.0,0.0,0.0
2011-08-09 03:00:01,0.201163148946,0,,,[[ nan]],0.0,0.0,0.0
2011-08-09 04:00:01,0.264233246843,0,,,[[ nan]],0.0,0.0,0.0
2011-08-09 05:00:01,0.310251361176,0,,,[[ nan]],0.0,0.0,0.0
2011-08-09 06:00:01,0.313430994847,0,,,[[ nan]],0.0,0.0,0.0
2011-08-09 07:00:01,0.421050388166,0,,,[[ nan]],0.0,0.0,0.0
2011-08-09 08:00:01,0.787607169643,0,,,[[ nan]],0.0,0.0,0.0
2011-08-09 09:00:01,0.496696552873,0,,,[[ nan]],0.0,0.0,0.0
2011-08-09 10:00:01,0.478516353565,0,,,[[ nan]],0.0,0.0,0.0
2011-08-09 11:00:01,0.434656051366,0,,,[[ nan]],0.0,0.0,0.0
2011-08-09 12:00:01,0.47230875784,0,,,[[ nan]],0.0,0.0,0.0
2011-08-09 13:00:01,0.467243953915,0,,,[[ nan]],0.0,0.0,0.0
2011-08-09 14:00:01,0.497891049386,0,,,[[ nan]],0.0,0.0,0.0
2011-08-09 15:00:01,0.667743821442,0,,,[[ nan]],0.0,0.0,0.0
2011-08-09 16:00:01,0.516924213287,0,,,[[ nan]],0.0,0.0,0.0
2011-08-09 17:00:01,0.530720932942,0,,,[[ nan]],0.0,0.0,0.0
2011-08-09 18:00:01,0.396388887203,0,,,[[ nan]],0.0,0.0,0.0
2011-08-09 19:00:01,0.41411683355,0,,,[[ nan]],0.0,0.0,0.0
2011-08-09 20:00:01,0.426549023841,0,,,[[ nan]],0.0,0.0,0.0
2011-08-09 21:00:01,0.41168858682,0,,,[[ nan]],0.0,0.0,0.0
2011-08-09 22:00:01,0.408119651047,0,,,[[ nan]],0.0,0.0,0.0
2011-08-09 23:00:01,0.338262734992,0,,,[[ nan]],0.0,0.0,0.0
2011-08-10 00:00:01,0.300344073625,0,,,[[ nan]],0.0,0.0,0.0
2011-08-10 01:00:01,0.301885918725,0,,,[[ nan]],0.0,0.0,0.0
2011-08-10 02:00:01,0.28379467014,0,,,[[ nan]],0.0,0.0,0.0
2011-08-10 03:00:01,0.264996406866,0,,,[[ nan]],0.0,0.0,0.0
2011-08-10 04:00:01,0.301581200178,0,,,[[ nan]],0.0,0.0,0.0
2011-08-10 05:00:01,0.403434043238,0,,,[[ nan]],0.0,0.0,0.0
2011-08-10 06:00:01,0.383292410334,0,,,[[ nan]],0.0,0.0,0.0
2011-08-10 07:00:01,0.521692972306,0,,,[[ nan]],0.0,0.0,0.0
2011-08-10 08:00:01,0.612849968452,0,,,[[ nan]],0.0,0.0,0.0
2011-08-10 09:00:01,0.612514475729,0,,,[[ nan]],0.0,0.0,0.0
2011-08-10 10:00:01,0.448269660403,0,,,[[ nan]],0.0,0.0,0.0
2011-08-10 11:00:01,0.531982983756,0,,,[[ nan]],0.0,0.0,0.0
2011-08-10 12:00:01,0.433751254303,0,,,[[ nan]],0.0,0.0,0.0
2011-08-10 13:00:01,0.539833482651,0,,,[[ nan]],0.0,0.0,0.0
2011-08-10 14:00:01,0.534698048971,0,,,[[ nan]],0.0,0.0,0.0
2011-08-10 15:00:01,0.680884370155,0,,,[[ nan]],0.0,0.0,0.0
2011-08-10 17:00:01,0.511851283529,0,,,[[ nan]],0.0,0.0,0.0
2011-08-10 18:00:01,0.512167788078,0,,,[[ nan]],0.0,0.0,0.0
2011-08-10 19:00:01,0.345846385604,0,,,[[ nan]],0.0,0.0,0.0
2011-08-10 20:00:01,0.46643970745,0,,,[[ nan]],0.0,0.0,0.0
2011-08-10 21:00:01,0.566294311163,0,,,[[ nan]],0.0,0.0,0.0
2011-08-10 22:00:01,0.533939162523,0,,,[[ nan]],0.0,0.0,0.0
2011-08-10 23:00:01,0.443528366187,0,,,[[ nan]],0.0,0.0,0.0
2011-08-11 00:00:01,0.333497630548,0,,,[[ nan]],0.0,0.0,0.0
2011-08-11 01:00:01,0.369480865936,0,,,[[ nan]],0.0,0.0,0.0
2011-08-11 02:00:01,0.241752235153,0,,,[[ nan]],0.0,0.0,0.0
2011-08-11 03:00:01,0.224815078956,0,,,[[ nan]],0.0,0.0,0.0
2011-08-11 04:00:01,0.290239613472,0,,,[[ nan]],0.0,0.0,0.0
2011-08-11 05:00:01,0.359181412826,0,,,[[ nan]],0.0,0.0,0.0
2011-08-11 06:00:01,0.424917384055,0,,,[[ nan]],0.0,0.0,0.0
2011-08-11 07:00:01,0.590938671896,0,,,[[ nan]],0.0,0.0,0.0
2011-08-11 08:00:01,0.661351858134,0,,,[[ nan]],0.0,0.0,0.0
2011-08-11 09:00:01,0.709996625409,0,,,[[ nan]],0.0,0.0,0.0
2011-08-11 10:00:01,0.634973830883,0,,,[[ nan]],0.0,0.0,0.0
2011-08-11 11:00:01,0.479186134306,0,,,[[ nan]],0.0,0.0,0.0
2011-08-11 12:00:01,0.623551168144,0,,,[[ nan]],0.0,0.0,0.0
2011-08-11 13:00:01,0.551173658794,0,,,[[ nan]],0.0,0.0,0.0
2011-08-11 14:00:01,0.512845804867,0,,,[[ nan]],0.0,0.0,0.0
2011-08-11 15:00:01,0.449187687795,0,,,[[ nan]],0.0,0.0,0.0
2011-08-11 16:00:01,0.367417526547,0,,,[[ nan]],0.0,0.0,0.0
2011-08-11 17:00:01,0.526519355436,0,,,[[ nan]],0.0,0.0,0.0
2011-08-11 18:00:01,0.473772837491,0,,,[[ nan]],0.0,0.0,0.0
2011-08-11 19:00:01,0.452081982531,0,,,[[ nan]],0.0,0.0,0.0
2011-08-11 20:00:01,0.362944191203,0,,,[[ nan]],0.0,0.0,0.0
2011-08-11 21:00:01,0.299675437044,0,,,[[ nan]],0.0,0.0,0.0
2011-08-11 22:00:01,0.371746083883,0,,,[[ nan]],0.0,0.0,0.0
2011-08-11 23:00:01,0.359221793106,0,,,[[ nan]],0.0,0.0,0.0
2011-08-12 00:00:01,0.261367399487,0,,,[[ nan]],0.0,0.0,0.0
2011-08-12 01:00:01,0.311663152381,0,,,[[ nan]],0.0,0.0,0.0
2011-08-12 02:00:01,0.266735479478,0,,,[[ nan]],0.0,0.0,0.0
2011-08-12 03:00:01,0.274488768545,0,,,[[ nan]],0.0,0.0,0.0
2011-08-12 04:00:01,0.408687773883,0,,,[[ nan]],0.0,0.0,0.0
2011-08-12 05:00:01,0.484138751033,0,,,[[ nan]],0.0,0.0,0.0
2011-08-12 06:00:01,0.485283857564,0,,,[[ nan]],0.0,0.0,0.0
2011-08-12 07:00:01,0.639688533086,0,,,[[ nan]],0.0,0.0,0.0
2011-08-12 08:00:01,0.959641459188,0,,,[[ nan]],0.0,0.0,0.0
2011-08-12 09:00:01,0.737429275682,0,,,[[ nan]],0.0,0.0,0.0
2011-08-12 10:00:01,0.564051822465,0,,,[[ nan]],0.0,0.0,0.0
2011-08-12 11:00:01,0.590081537277,0,,,[[ nan]],0.0,0.0,0.0
2011-08-12 12:00:01,0.517808283394,0,,,[[ nan]],0.0,0.0,0.0
2011-08-12 13:00:01,0.68821237919,0,,,[[ nan]],0.0,0.0,0.0
2011-08-12 14:00:01,0.596988249473,0,,,[[ nan]],0.0,0.0,0.0
2011-08-12 15:00:01,0.660368673009,0,,,[[ nan]],0.0,0.0,0.0
2011-08-12 16:00:01,0.551842458527,0,,,[[ nan]],0.0,0.0,0.0
2011-08-12 17:00:01,0.453233877086,0,,,[[ nan]],0.0,0.0,0.0
2011-08-12 18:00:01,0.4302055502,0,,,[[ nan]],0.0,0.0,0.0
2011-08-12 19:00:01,0.566651367612,0,,,[[ nan]],0.0,0.0,0.0
2011-08-12 20:00:01,0.501816463565,0,,,[[ nan]],0.0,0.0,0.0
2011-08-12 21:00:01,0.382667019942,0,,,[[ nan]],0.0,0.0,0.0
2011-08-12 22:00:01,0.341306060524,0,,,[[ nan]],0.0,0.0,0.0
2011-08-12 23:00:01,0.440522138209,0,,,[[ nan]],0.0,0.0,0.0
2011-08-13 00:00:01,0.424406934606,0,,,[[ nan]],0.0,0.0,0.0
2011-08-13 01:00:01,0.442377709454,0,,,[[ nan]],0.0,0.0,0.0
2011-08-13 02:00:01,0.308552102164,0,,,[[ nan]],0.0,0.0,0.0
2011-08-13 03:00:01,0.256693463749,0,,,[[ nan]],0.0,0.0,0.0
2011-08-13 04:00:01,0.329241695937,0,,,[[ nan]],0.0,0.0,0.0
2011-08-13 05:00:01,0.392538143481,0,,,[[ nan]],0.0,0.0,0.0
2011-08-13 06:00:01,0.601592492646,0,,,[[ nan]],0.0,0.0,0.0
2011-08-13 07:00:01,0.791557499405,0,,,[[ nan]],0.0,0.0,0.0
2011-08-13 08:00:01,0.867875087306,0,,,[[ nan]],0.0,0.0,0.0
2011-08-13 09:00:01,0.705084271038,0,,,[[ nan]],0.0,0.0,0.0
2011-08-13 10:00:01,0.582584567224,0,,,[[ nan]],0.0,0.0,0.0
2011-08-13 11:00:01,0.509443970102,0,,,[[ nan]],0.0,0.0,0.0
2011-08-13 12:00:01,0.748409307791,0,,,[[ nan]],0.0,0.0,0.0
2011-08-13 13:00:01,0.820289300377,0,,,[[ nan]],0.0,0.0,0.0
2011-08-13 14:00:01,0.90236811725,0,,,[[ nan]],0.0,0.0,0.0
2011-08-13 15:00:01,0.719878544092,0,,,[[ nan]],0.0,0.0,0.0
2011-08-13 16:00:01,0.69704382732,0,,,[[ nan]],0.0,0.0,0.0
2011-08-13 17:00:01,0.567527022542,0,,,[[ nan]],0.0,0.0,0.0
2011-08-13 18:00:01,0.476189820613,0,,,[[ nan]],0.0,0.0,0.0
2011-08-13 19:00:01,0.471659282663,0,,,[[ nan]],0.0,0.0,0.0
2011-08-13 20:00:01,0.42285932815,0,,,[[ nan]],0.0,0.0,0.0
2011-08-13 21:00:01,0.395536979174,0,,,[[ nan]],0.0,0.0,0.0
2011-08-13 22:00:01,0.335704182435,0,,,[[ nan]],0.0,0.0,0.0
2011-08-13 23:00:01,0.353555216659,0,,,[[ nan]],0.0,0.0,0.0
2011-08-14 00:00:01,0.386131042972,0,,,[[ nan]],0.0,0.0,0.0
2011-08-14 01:00:01,0.366748677748,0,,,[[ nan]],0.0,0.0,0.0
2011-08-14 02:00:01,0.333441519323,0,,,[[ nan]],0.0,0.0,0.0
2011-08-14 03:00:01,0.332054641882,0,,,[[ nan]],0.0,0.0,0.0
2011-08-14 04:00:01,0.371411400487,0,,,[[ nan]],0.0,0.0,0.0
2011-08-14 05:00:01,0.48458362031,0,,,[[ nan]],0.0,0.0,0.0
2011-08-14 06:00:01,0.708875765496,0,,,[[ nan]],0.0,0.0,0.0
2011-08-14 07:00:01,0.824807942128,0,,,[[ nan]],0.0,0.0,0.0
2011-08-14 08:00:01,0.755463419332,0,,,[[ nan]],0.0,0.0,0.0
2011-08-14 09:00:01,0.547485573636,0,,,[[ nan]],0.0,0.0,0.0
2011-08-14 10:00:01,0.525145821357,0,,,[[ nan]],0.0,0.0,0.0
2011-08-14 11:00:01,0.549960479776,0,,,[[ nan]],0.0,0.0,0.0
2011-08-14 12:00:01,0.546326838778,0,,,[[ nan]],0.0,0.0,0.0
2011-08-14 13:00:01,0.632369165941,0,,,[[ nan]],0.0,0.0,0.0
2011-08-14 14:00:01,0.750210114724,0,,,[[ nan]],0.0,0.0,0.0
2011-08-14 15:00:01,0.612839549424,0,,,[[ nan]],0.0,0.0,0.0
2011-08-14 16:00:01,0.567594373644,0,,,[[ nan]],0.0,0.0,0.0
2011-08-14 17:00:01,0.483301505873,0,,,[[ nan]],0.0,0.0,0.0
2011-08-14 18:00:01,0.436229704802,0,,,[[ nan]],0.0,0.0,0.0
2011-08-14 19:00:01,0.376550574145,0,,,[[ nan]],0.0,0.0,0.0
2011-08-14 20:00:01,0.315817249243,0,,,[[ nan]],0.0,0.0,0.0
2011-08-14 21:00:01,0.381659356149,0,,,[[ nan]],0.0,0.0,0.0
2011-08-14 22:00:01,0.44288758092,0,,,[[ nan]],0.0,0.0,0.0
2011-08-14 23:00:01,0.351744106675,0,,,[[ nan]],0.0,0.0,0.0
2011-08-15 00:00:01,0.309974222488,0,,,[[ nan]],0.0,0.0,0.0
2011-08-15 01:00:01,0.249878081874,0,,,[[ nan]],0.0,0.0,0.0
2011-08-15 02:00:01,0.183739205204,0,,,[[ nan]],0.0,0.0,0.0
2011-08-15 03:00:01,0.173724071728,0,,,[[ nan]],0.0,0.0,0.0
2011-08-15 04:00:01,0.288621048341,0,,,[[ nan]],0.0,0.0,0.0
2011-08-15 05:00:01,0.491789590559,0,,,[[ nan]],0.0,0.0,0.0
2011-08-15 06:00:01,0.630675357548,0,,,[[ nan]],0.0,0.0,0.0
2011-08-15 07:00:01,0.671094422601,0,,,[[ nan]],0.0,0.0,0.0
2011-08-15 08:00:01,0.909421629015,0,,,[[ nan]],0.0,0.0,0.0
2011-08-15 09:00:01,0.663811432736,0,,,[[ nan]],0.0,0.0,0.0
2011-08-15 10:00:01,0.496810328662,0,,,[[ nan]],0.0,0.0,0.0
2011-08-15 11:00:01,0.602959076058,0,,,[[ nan]],0.0,0.0,0.0
2011-08-15 12:00:01,0.56183711687,0,,,[[ nan]],0.0,0.0,0.0
2011-08-15 13:00:01,0.627942261498,0,,,[[ nan]],0.0,0.0,0.0
2011-08-15 14:00:01,0.746488740796,0,,,[[ nan]],0.0,0.0,0.0
2011-08-15 15:00:01,0.730858461446,0,,,[[ nan]],0.0,0.0,0.0
2011-08-15 16:00:01,0.661645168224,0,,,[[ nan]],0.0,0.0,0.0
2011-08-15 17:00:01,0.59263049037,0,,,[[ nan]],0.0,0.0,0.0
2011-08-15 18:00:01,0.6133090203,0,,,[[ nan]],0.0,0.0,0.0
2011-08-15 19:00:01,0.523434756221,0,,,[[ nan]],0.0,0.0,0.0
2011-08-15 20:00:01,0.49065756239,0,,,[[ nan]],0.0,0.0,0.0
2011-08-15 21:00:01,0.470743978059,0,,,[[ nan]],0.0,0.0,0.0
2011-08-16 00:00:01,0.43071192056,0,,,[[ nan]],0.0,0.0,0.0
2011-08-16 01:00:01,0.340475936744,0,,,[[ nan]],0.0,0.0,0.0
2011-08-16 02:00:01,0.246111721113,0,,,[[ nan]],0.0,0.0,0.0
2011-08-16 03:00:01,0.166876728917,0,,,[[ nan]],0.0,0.0,0.0
2011-08-16 04:00:01,0.226809535529,0,,,[[ nan]],0.0,0.0,0.0
2011-08-16 05:00:01,0.412976007855,0,,,[[ nan]],0.0,0.0,0.0
2011-08-16 06:00:01,0.503303906627,0,,,[[ nan]],0.0,0.0,0.0
2011-08-16 07:00:01,0.769311585303,0,,,[[ nan]],0.0,0.0,0.0
2011-08-16 08:00:01,0.745465506446,0,,,[[ nan]],0.0,0.0,0.0
2011-08-16 09:00:01,0.590037321282,0,,,[[ nan]],0.0,0.0,0.0
2011-08-16 10:00:01,0.563916171693,0,,,[[ nan]],0.0,0.0,0.0
2011-08-16 11:00:01,0.650168224685,0,,,[[ nan]],0.0,0.0,0.0
2011-08-16 12:00:01,0.65142770159,0,,,[[ nan]],0.0,0.0,0.0
2011-08-16 13:00:01,0.735697819928,0,,,[[ nan]],0.0,0.0,0.0
2011-08-16 14:00:01,0.845988238099,0,,,[[ nan]],0.0,0.0,0.0
2011-08-16 15:00:01,0.666242874717,0,,,[[ nan]],0.0,0.0,0.0
2011-08-16 16:00:01,0.649984150747,0,,,[[ nan]],0.0,0.0,0.0
2011-08-16 17:00:01,0.519440055013,0,,,[[ nan]],0.0,0.0,0.0
2011-08-16 18:00:01,0.469512919014,0,,,[[ nan]],0.0,0.0,0.0
2011-08-16 19:00:01,0.454232457888,0,,,[[ nan]],0.0,0.0,0.0
2011-08-16 20:00:01,0.367379325908,0,,,[[ nan]],0.0,0.0,0.0
2011-08-16 21:00:01,0.420599141058,0,,,[[ nan]],0.0,0.0,0.0
2011-08-16 22:00:01,0.3690169189,0,,,[[ nan]],0.0,0.0,0.0
2011-08-16 23:00:01,0.330339961091,0,,,[[ nan]],0.0,0.0,0.0
2011-08-17 00:00:01,0.309749078855,0,,,[[ nan]],0.0,0.0,0.0
2011-08-17 01:00:01,0.241936833743,0,,,[[ nan]],0.0,0.0,0.0
2011-08-17 02:00:01,0.201998526472,0,,,[[ nan]],0.0,0.0,0.0
2011-08-17 03:00:01,0.150907993445,0,,,[[ nan]],0.0,0.0,0.0
2011-08-17 04:00:01,0.235896403235,0,,,[[ nan]],0.0,0.0,0.0
2011-08-17 05:00:01,0.336441461765,0,,,[[ nan]],0.0,0.0,0.0
2011-08-17 06:00:01,0.308372881199,0,,,[[ nan]],0.0,0.0,0.0
2011-08-17 07:00:01,0.466097403329,0,,,[[ nan]],0.0,0.0,0.0
2011-08-17 08:00:01,0.542276351565,0,,,[[ nan]],0.0,0.0,0.0
2011-08-17 09:00:01,0.509210915184,0,,,[[ nan]],0.0,0.0,0.0
2011-08-17 10:00:01,0.466518352182,0,,,[[ nan]],0.0,0.0,0.0
2011-08-17 11:00:01,0.449460636046,0,,,[[ nan]],0.0,0.0,0.0
2011-08-17 12:00:01,0.44143218034,0,,,[[ nan]],0.0,0.0,0.0
2011-08-17 13:00:01,0.488068710392,0,,,[[ nan]],0.0,0.0,0.0
2011-08-17 14:00:01,0.418302312508,0,,,[[ nan]],0.0,0.0,0.0
2011-08-17 15:00:01,0.607571444709,0,,,[[ nan]],0.0,0.0,0.0
2011-08-17 16:00:01,0.597907005968,0,,,[[ nan]],0.0,0.0,0.0
2011-08-17 17:00:01,0.419463432128,0,,,[[ nan]],0.0,0.0,0.0
2011-08-17 18:00:01,0.51581055162,0,,,[[ nan]],0.0,0.0,0.0
2011-08-17 19:00:01,0.40214009123,0,,,[[ nan]],0.0,0.0,0.0
2011-08-17 20:00:01,0.414989044084,0,,,[[ nan]],0.0,0.0,0.0
2011-08-17 21:00:01,0.378822169658,0,,,[[ nan]],0.0,0.0,0.0
2011-08-17 22:00:01,0.340767361329,0,,,[[ nan]],0.0,0.0,0.0
2011-08-17 23:00:01,0.276738276729,0,,,[[ nan]],0.0,0.0,0.0
2011-08-18 00:00:01,0.235627038536,0,,,[[ nan]],0.0,0.0,0.0
2011-08-18 01:00:01,0.220036104876,0,,,[[ nan]],0.0,0.0,0.0
2011-08-18 02:00:01,0.16929808846,0,,,[[ nan]],0.0,0.0,0.0
2011-08-18 03:00:01,0.0870922580512,0,,,[[ nan]],0.0,0.0,0.0
2011-08-18 04:00:01,0.174029940026,0,,,[[ nan]],0.0,0.0,0.0
2011-08-18 05:00:01,0.342918195028,0,,,[[ nan]],0.0,0.0,0.0
2011-08-18 06:00:01,0.267348046131,0,,,[[ nan]],0.0,0.0,0.0
2011-08-18 07:00:01,0.564409319529,0,,,[[ nan]],0.0,0.0,0.0
2011-08-18 08:00:01,0.731278312514,0,,,[[ nan]],0.0,0.0,0.0
2011-08-18 09:00:01,0.59158867502,0,,,[[ nan]],0.0,0.0,0.0
2011-08-18 10:00:01,0.631234163212,0,,,[[ nan]],0.0,0.0,0.0
2011-08-18 11:00:01,0.499666392808,0,,,[[ nan]],0.0,0.0,0.0
2011-08-18 12:00:01,0.539603999384,0,,,[[ nan]],0.0,0.0,0.0
2011-08-18 13:00:01,0.565339122521,0,,,[[ nan]],0.0,0.0,0.0
2011-08-18 14:00:01,0.647154828774,0,,,[[ nan]],0.0,0.0,0.0
2011-08-18 15:00:01,0.674663764502,0,,,[[ nan]],0.0,0.0,0.0
2011-08-18 16:00:01,0.578194076164,0,,,[[ nan]],0.0,0.0,0.0
2011-08-18 17:00:01,0.487471011806,0,,,[[ nan]],0.0,0.0,0.0
2011-08-18 18:00:01,0.429974267939,0,,,[[ nan]],0.0,0.0,0.0
2011-08-18 19:00:01,0.415831461307,0,,,[[ nan]],0.0,0.0,0.0
2011-08-18 20:00:01,0.381393731066,0,,,[[ nan]],0.0,0.0,0.0
2011-08-18 21:00:01,0.406789672885,0,,,[[ nan]],0.0,0.0,0.0
2011-08-18 22:00:01,0.412991451521,0,,,[[ nan]],0.0,0.0,0.0
2011-08-18 23:00:01,0.33026112654,0,,,[[ nan]],0.0,0.0,0.0
2011-08-19 00:00:01,0.296421527665,0,,,[[ nan]],0.0,0.0,0.0
2011-08-19 01:00:01,0.221366846856,0,,,[[ nan]],0.0,0.0,0.0
2011-08-19 02:00:01,0.23229973407,0,,,[[ nan]],0.0,0.0,0.0
2011-08-19 03:00:01,0.134043973992,0,,,[[ nan]],0.0,0.0,0.0
2011-08-19 04:00:01,0.277378773003,0,,,[[ nan]],0.0,0.0,0.0
2011-08-19 05:00:01,0.340181871808,0,,,[[ nan]],0.0,0.0,0.0
2011-08-19 06:00:01,0.35080981217,0,,,[[ nan]],0.0,0.0,0.0
2011-08-19 07:00:01,0.590662174129,0,,,[[ nan]],0.0,0.0,0.0
2011-08-19 08:00:01,0.737467802936,0,,,[[ nan]],0.0,0.0,0.0
2011-08-19 09:00:01,0.622119072464,0,,,[[ nan]],0.0,0.0,0.0
2011-08-19 10:00:01,0.630589225491,0,,,[[ nan]],0.0,0.0,0.0
2011-08-19 11:00:01,0.600777631283,0,,,[[ nan]],0.0,0.0,0.0
2011-08-19 12:00:01,0.677608133318,0,,,[[ nan]],0.0,0.0,0.0
2011-08-19 13:00:01,0.812874741612,0,,,[[ nan]],0.0,0.0,0.0
2011-08-19 14:00:01,0.654187738942,0,,,[[ nan]],0.0,0.0,0.0
2011-08-19 15:00:01,0.658955291172,0,,,[[ nan]],0.0,0.0,0.0
2011-08-19 16:00:01,0.545093608738,0,,,[[ nan]],0.0,0.0,0.0
2011-08-19 17:00:01,0.3730140531,0,,,[[ nan]],0.0,0.0,0.0
2011-08-19 18:00:01,0.36840538146,0,,,[[ nan]],0.0,0.0,0.0
2011-08-19 19:00:01,0.43535843852,0,,,[[ nan]],0.0,0.0,0.0
2011-08-19 20:00:01,0.390969839285,0,,,[[ nan]],0.0,0.0,0.0
2011-08-19 21:00:01,0.354508194085,0,,,[[ nan]],0.0,0.0,0.0
2011-08-19 22:00:01,0.372686310094,0,,,[[ nan]],0.0,0.0,0.0
2011-08-19 23:00:01,0.270000284241,0,,,[[ nan]],0.0,0.0,0.0
2011-08-20 00:00:01,0.251132750461,0,,,[[ nan]],0.0,0.0,0.0
2011-08-20 01:00:01,0.228451711919,0,,,[[ nan]],0.0,0.0,0.0
2011-08-20 02:00:01,0.182043275803,0,,,[[ nan]],0.0,0.0,0.0
2011-08-20 03:00:01,0.112210956642,0,,,[[ nan]],0.0,0.0,0.0
2011-08-20 04:00:01,0.213268410168,0,,,[[ nan]],0.0,0.0,0.0
2011-08-20 05:00:01,0.425036621012,0,,,[[ nan]],0.0,0.0,0.0
2011-08-20 06:00:01,0.342947638842,0,,,[[ nan]],0.0,0.0,0.0
2011-08-20 07:00:01,0.56051505196,0,,,[[ nan]],0.0,0.0,0.0
2011-08-20 08:00:01,0.660208360329,0,,,[[ nan]],0.0,0.0,0.0
2011-08-20 09:00:01,0.576658180354,0,,,[[ nan]],0.0,0.0,0.0
2011-08-20 10:00:01,0.45729230879,0,,,[[ nan]],0.0,0.0,0.0
2011-08-20 11:00:01,0.483801962972,0,,,[[ nan]],0.0,0.0,0.0
2011-08-20 12:00:01,0.643268057806,0,,,[[ nan]],0.0,0.0,0.0
2011-08-20 13:00:01,0.724613492671,0,,,[[ nan]],0.0,0.0,0.0
2011-08-20 14:00:01,0.639897798186,0,,,[[ nan]],0.0,0.0,0.0
2011-08-20 15:00:01,0.590232638669,0,,,[[ nan]],0.0,0.0,0.0
2011-08-20 16:00:01,0.581424402845,0,,,[[ nan]],0.0,0.0,0.0
2011-08-20 17:00:01,0.372732394634,0,,,[[ nan]],0.0,0.0,0.0
2011-08-20 18:00:01,0.315580352645,0,,,[[ nan]],0.0,0.0,0.0
2011-08-20 19:00:01,0.310162528483,0,,,[[ nan]],0.0,0.0,0.0
2011-08-20 20:00:01,0.323773582719,0,,,[[ nan]],0.0,0.0,0.0
2011-08-20 21:00:01,0.307176895619,0,,,[[ nan]],0.0,0.0,0.0
2011-08-20 22:00:01,0.336353581745,0,,,[[ nan]],0.0,0.0,0.0
2011-08-20 23:00:01,0.339751591582,0,,,[[ nan]],0.0,0.0,0.0
2011-08-21 00:00:01,0.257600515915,0,,,[[ nan]],0.0,0.0,0.0
2011-08-21 01:00:01,0.269850552717,0,,,[[ nan]],0.0,0.0,0.0
2011-08-21 02:00:01,0.186970680506,0,,,[[ nan]],0.0,0.0,0.0
2011-08-21 03:00:01,0.13535999569,0,,,[[ nan]],0.0,0.0,0.0
2011-08-21 04:00:01,0.242871018516,0,,,[[ nan]],0.0,0.0,0.0
2011-08-21 05:00:01,0.446147593304,0,,,[[ nan]],0.0,0.0,0.0
2011-08-21 06:00:01,0.336120598324,0,,,[[ nan]],0.0,0.0,0.0
2011-08-21 07:00:01,0.553314117156,0,,,[[ nan]],0.0,0.0,0.0
2011-08-21 08:00:01,0.726170286271,0,,,[[ nan]],0.0,0.0,0.0
2011-08-21 09:00:01,0.536565584427,0,,,[[ nan]],0.0,0.0,0.0
2011-08-21 10:00:01,0.44734194171,0,,,[[ nan]],0.0,0.0,0.0
2011-08-21 11:00:01,0.423711488468,0,,,[[ nan]],0.0,0.0,0.0
2011-08-21 12:00:01,0.475758726692,0,,,[[ nan]],0.0,0.0,0.0
2011-08-21 13:00:01,0.471918713455,0,,,[[ nan]],0.0,0.0,0.0
2011-08-21 14:00:01,0.503457143485,0,,,[[ nan]],0.0,0.0,0.0
2011-08-21 15:00:01,0.514255113707,0,,,[[ nan]],0.0,0.0,0.0
2011-08-21 16:00:01,0.431939163888,0,,,[[ nan]],0.0,0.0,0.0
2011-08-21 17:00:01,0.325415718509,0,,,[[ nan]],0.0,0.0,0.0
2011-08-21 18:00:01,0.285189443616,0,,,[[ nan]],0.0,0.0,0.0
2011-08-21 19:00:01,0.317119827692,0,,,[[ nan]],0.0,0.0,0.0
2011-08-21 20:00:01,0.290457501646,0,,,[[ nan]],0.0,0.0,0.0
2011-08-21 21:00:01,0.27995427649,0,,,[[ nan]],0.0,0.0,0.0
2011-08-21 22:00:01,0.230658647066,0,,,[[ nan]],0.0,0.0,0.0
2011-08-21 23:00:01,0.209635746184,0,,,[[ nan]],0.0,0.0,0.0
2011-08-22 00:00:01,0.192475963584,0,,,[[ nan]],0.0,0.0,0.0
2011-08-22 01:00:01,0.164815182026,0,,,[[ nan]],0.0,0.0,0.0
2011-08-22 02:00:01,0.110535150977,0,,,[[ nan]],0.0,0.0,0.0
2011-08-22 03:00:01,0.104477258185,0,,,[[ nan]],0.0,0.0,0.0
2011-08-22 04:00:01,0.18512591909,0,,,[[ nan]],0.0,0.0,0.0
2011-08-22 05:00:01,0.381510877171,0,,,[[ nan]],0.0,0.0,0.0
2011-08-22 06:00:01,0.31399571388,0,,,[[ nan]],0.0,0.0,0.0
2011-08-22 07:00:01,0.487023870755,0,,,[[ nan]],0.0,0.0,0.0
2011-08-22 08:00:01,0.942026371957,0,,,[[ nan]],0.0,0.0,0.0
2011-08-22 09:00:01,0.63722210403,0,,,[[ nan]],0.0,0.0,0.0
2011-08-22 10:00:01,0.624105214485,0,,,[[ nan]],0.0,0.0,0.0
2011-08-22 11:00:01,0.514261201483,0,,,[[ nan]],0.0,0.0,0.0
2011-08-22 12:00:01,0.552739050991,0,,,[[ nan]],0.0,0.0,0.0
2011-08-22 13:00:01,0.573479143278,0,,,[[ nan]],0.0,0.0,0.0
2011-08-22 14:00:01,0.501581484674,0,,,[[ nan]],0.0,0.0,0.0
2011-08-22 15:00:01,0.590461069976,0,,,[[ nan]],0.0,0.0,0.0
2011-08-22 16:00:01,0.453414882894,0,,,[[ nan]],0.0,0.0,0.0
2011-08-22 17:00:01,0.460129498665,0,,,[[ nan]],0.0,0.0,0.0
2011-08-22 18:00:01,0.461381790885,0,,,[[ nan]],0.0,0.0,0.0
2011-08-22 19:00:01,0.434086090912,0,,,[[ nan]],0.0,0.0,0.0
2011-08-22 20:00:01,0.355729699527,0,,,[[ nan]],0.0,0.0,0.0
2011-08-22 21:00:01,0.408480537836,0,,,[[ nan]],0.0,0.0,0.0
2011-08-22 22:00:01,0.363778609121,0,,,[[ nan]],0.0,0.0,0.0
2011-08-22 23:00:01,0.243418079307,0,,,[[ nan]],0.0,0.0,0.0
2011-08-23 00:00:01,0.216840038578,0,,,[[ nan]],0.0,0.0,0.0
2011-08-23 01:00:01,0.182699270587,0,,,[[ nan]],0.0,0.0,0.0
2011-08-23 02:00:01,0.155088512674,0,,,[[ nan]],0.0,0.0,0.0
2011-08-23 03:00:01,0.136296435355,0,,,[[ nan]],0.0,0.0,0.0
2011-08-23 04:00:01,0.266380333674,0,,,[[ nan]],0.0,0.0,0.0
2011-08-23 05:00:01,0.337234310028,0,,,[[ nan]],0.0,0.0,0.0
2011-08-23 06:00:01,0.420321666044,0,,,[[ nan]],0.0,0.0,0.0
2011-08-23 07:00:01,0.571968795677,0,,,[[ nan]],0.0,0.0,0.0
2011-08-23 08:00:01,0.925577114418,0,,,[[ nan]],0.0,0.0,0.0
2011-08-23 09:00:01,0.77215277453,0,,,[[ nan]],0.0,0.0,0.0
2011-08-23 10:00:01,0.658258179262,0,,,[[ nan]],0.0,0.0,0.0
2011-08-23 11:00:01,0.510948803496,0,,,[[ nan]],0.0,0.0,0.0
2011-08-23 12:00:01,0.446479040996,0,,,[[ nan]],0.0,0.0,0.0
2011-08-23 13:00:01,0.470690657275,0,,,[[ nan]],0.0,0.0,0.0
2011-08-23 14:00:01,0.53513628174,0,,,[[ nan]],0.0,0.0,0.0
2011-08-23 15:00:01,0.581594966201,0,,,[[ nan]],0.0,0.0,0.0
2011-08-23 16:00:01,0.491000848364,0,,,[[ nan]],0.0,0.0,0.0
2011-08-23 17:00:01,0.391632415963,0,,,[[ nan]],0.0,0.0,0.0
2011-08-23 18:00:01,0.357763841466,0,,,[[ nan]],0.0,0.0,0.0
2011-08-23 19:00:01,0.332041585307,0,,,[[ nan]],0.0,0.0,0.0
2011-08-23 20:00:01,0.325593952655,0,,,[[ nan]],0.0,0.0,0.0
2011-08-23 21:00:01,0.313404596023,0,,,[[ nan]],0.0,0.0,0.0
2011-08-23 22:00:01,0.376397902014,0,,,[[ nan]],0.0,0.0,0.0
2011-08-23 23:00:01,0.317712643473,0,,,[[ nan]],0.0,0.0,0.0
2011-08-24 00:00:01,0.38969990065,0,,,[[ nan]],0.0,0.0,0.0
2011-08-24 01:00:01,0.240706926238,0,,,[[ nan]],0.0,0.0,0.0
2011-08-24 02:00:01,0.190609700877,0,,,[[ nan]],0.0,0.0,0.0
2011-08-24 03:00:01,0.151811581992,0,,,[[ nan]],0.0,0.0,0.0
2011-08-24 04:00:01,0.229649149864,0,,,[[ nan]],0.0,0.0,0.0
2011-08-24 05:00:01,0.329168110655,0,,,[[ nan]],0.0,0.0,0.0
2011-08-24 06:00:01,0.401594437444,0,,,[[ nan]],0.0,0.0,0.0
2011-08-24 07:00:01,0.569692436792,0,,,[[ nan]],0.0,0.0,0.0
2011-08-24 08:00:01,0.852406359769,0,,,[[ nan]],0.0,0.0,0.0
2011-08-24 09:00:01,0.822640913044,0,,,[[ nan]],0.0,0.0,0.0
2011-08-24 10:00:01,0.38137959284,0,,,[[ nan]],0.0,0.0,0.0
2011-08-24 11:00:01,0.537781450778,0,,,[[ nan]],0.0,0.0,0.0
2011-08-24 12:00:01,0.522675358993,0,,,[[ nan]],0.0,0.0,0.0
2011-08-24 12:00:01,0.46361742255,0,,,[[ nan]],0.0,0.0,0.0
2011-08-24 13:00:01,0.577986031936,0,,,[[ nan]],0.0,0.0,0.0
2011-08-24 14:00:01,0.475845093773,0,,,[[ nan]],0.0,0.0,0.0
2011-08-24 15:00:01,0.508351763729,0,,,[[ nan]],0.0,0.0,0.0
2011-08-24 16:00:01,0.404249632955,0,,,[[ nan]],0.0,0.0,0.0
2011-08-24 17:00:01,0.541413159989,0,,,[[ nan]],0.0,0.0,0.0
2011-08-24 18:00:01,0.554009998077,0,,,[[ nan]],0.0,0.0,0.0
2011-08-24 19:00:01,0.458126230812,0,,,[[ nan]],0.0,0.0,0.0
2011-08-24 20:00:01,0.364072301505,0,,,[[ nan]],0.0,0.0,0.0
2011-08-24 21:00:01,0.369986800948,0,,,[[ nan]],0.0,0.0,0.0
2011-08-24 22:00:01,0.284192071309,0,,,[[ nan]],0.0,0.0,0.0
2011-08-24 23:00:01,0.312240110607,0,,,[[ nan]],0.0,0.0,0.0
2011-08-25 00:00:01,0.271171692532,0,,,[[ nan]],0.0,0.0,0.0
2011-08-25 01:00:01,0.236138420071,0,,,[[ nan]],0.0,0.0,0.0
2011-08-25 02:00:01,0.196777152001,0,,,[[ nan]],0.0,0.0,0.0
2011-08-25 03:00:01,0.195476439093,0,,,[[ nan]],0.0,0.0,0.0
2011-08-25 04:00:01,0.195476439093,0,,,[[ nan]],0.0,0.0,0.0
2011-08-25 05:00:01,0.263634484402,0,,,[[ nan]],0.0,0.0,0.0
2011-08-25 06:00:01,0.370815917806,0,,,[[ nan]],0.0,0.0,0.0
2011-08-25 07:00:01,0.619615829648,0,,,[[ nan]],0.0,0.0,0.0
2011-08-25 08:00:01,0.674820764887,0,,,[[ nan]],0.0,0.0,0.0
2011-08-25 09:00:01,0.797613352964,0,,,[[ nan]],0.0,0.0,0.0
2011-08-25 10:00:01,0.470642940034,0,,,[[ nan]],0.0,0.0,0.0
2011-08-25 11:00:01,0.564815871645,0,,,[[ nan]],0.0,0.0,0.0
2011-08-25 12:00:01,0.607019518351,0,,,[[ nan]],0.0,0.0,0.0
2011-08-25 13:00:01,0.620248636488,0,,,[[ nan]],0.0,0.0,0.0
2011-08-25 14:00:01,0.506656175079,0,,,[[ nan]],0.0,0.0,0.0
2011-08-25 15:00:01,0.482554620718,0,,,[[ nan]],0.0,0.0,0.0
2011-08-25 16:00:01,0.434477369981,0,,,[[ nan]],0.0,0.0,0.0
2011-08-25 17:00:01,0.381578535059,0,,,[[ nan]],0.0,0.0,0.0
2011-08-25 18:00:01,0.376932770658,0,,,[[ nan]],0.0,0.0,0.0
2011-08-25 19:00:01,0.447796181331,0,,,[[ nan]],0.0,0.0,0.0
2011-08-25 20:00:01,0.347306556611,0,,,[[ nan]],0.0,0.0,0.0
2011-08-25 21:00:01,0.329205745766,0,,,[[ nan]],0.0,0.0,0.0
2011-08-25 22:00:01,0.362921696541,0,,,[[ nan]],0.0,0.0,0.0
2011-08-25 23:00:01,0.293271889932,0,,,[[ nan]],0.0,0.0,0.0
2011-08-26 00:00:01,0.229195202264,0,,,[[ nan]],0.0,0.0,0.0
2011-08-26 01:00:01,0.210904033163,0,,,[[ nan]],0.0,0.0,0.0
2011-08-26 02:00:01,0.195831270749,0,,,[[ nan]],0.0,0.0,0.0
2011-08-26 03:00:01,0.139439914373,0,,,[[ nan]],0.0,0.0,0.0
2011-08-26 04:00:01,0.263746937101,0,,,[[ nan]],0.0,0.0,0.0
2011-08-26 05:00:01,0.327917456928,0,,,[[ nan]],0.0,0.0,0.0
2011-08-26 06:00:01,0.396204582512,0,,,[[ nan]],0.0,0.0,0.0
2011-08-26 07:00:01,0.69274926619,0,,,[[ nan]],0.0,0.0,0.0
2011-08-26 08:00:01,0.744389372068,0,,,[[ nan]],0.0,0.0,0.0
2011-08-26 09:00:01,0.625798309119,0,,,[[ nan]],0.0,0.0,0.0
2011-08-26 10:00:01,0.752398197338,0,,,[[ nan]],0.0,0.0,0.0
2011-08-26 11:00:01,0.473163550273,0,,,[[ nan]],0.0,0.0,0.0
2011-08-26 12:00:01,0.524505311167,0,,,[[ nan]],0.0,0.0,0.0
2011-08-26 13:00:01,0.593693598254,0,,,[[ nan]],0.0,0.0,0.0
2011-08-26 14:00:01,0.525804193307,0,,,[[ nan]],0.0,0.0,0.0
2011-08-26 15:00:01,0.591953091389,0,,,[[ nan]],0.0,0.0,0.0
2011-08-26 16:00:01,0.558993230187,0,,,[[ nan]],0.0,0.0,0.0
2011-08-26 17:00:01,0.485168802892,0,,,[[ nan]],0.0,0.0,0.0
2011-08-26 18:00:01,0.456283021111,0,,,[[ nan]],0.0,0.0,0.0
2011-08-26 19:00:01,0.417414250123,0,,,[[ nan]],0.0,0.0,0.0
2011-08-26 20:00:01,0.403502358077,0,,,[[ nan]],0.0,0.0,0.0
2011-08-26 21:00:01,0.385167324918,0,,,[[ nan]],0.0,0.0,0.0
2011-08-26 22:00:01,0.344460529278,0,,,[[ nan]],0.0,0.0,0.0
2011-08-26 23:00:01,0.374505582941,0,,,[[ nan]],0.0,0.0,0.0
2011-08-27 00:00:01,0.291171959972,0,,,[[ nan]],0.0,0.0,0.0
2011-08-27 01:00:01,0.293885366774,0,,,[[ nan]],0.0,0.0,0.0
2011-08-27 02:00:01,0.262753171839,0,,,[[ nan]],0.0,0.0,0.0
2011-08-27 03:00:01,0.241000808278,0,,,[[ nan]],0.0,0.0,0.0
2011-08-27 04:00:01,0.344548653001,0,,,[[ nan]],0.0,0.0,0.0
2011-08-27 05:00:01,0.356728907905,0,,,[[ nan]],0.0,0.0,0.0
2011-08-27 06:00:01,0.418200441587,0,,,[[ nan]],0.0,0.0,0.0
2011-08-27 07:00:01,0.541816463032,0,,,[[ nan]],0.0,0.0,0.0
2011-08-27 08:00:01,0.685062538594,0,,,[[ nan]],0.0,0.0,0.0
2011-08-27 09:00:01,0.602899332989,0,,,[[ nan]],0.0,0.0,0.0
2011-08-27 10:00:01,0.459935170681,0,,,[[ nan]],0.0,0.0,0.0
2011-08-27 11:00:01,0.640260917425,0,,,[[ nan]],0.0,0.0,0.0
2011-08-27 12:00:01,0.539125931158,0,,,[[ nan]],0.0,0.0,0.0
2011-08-27 13:00:01,0.526067196771,0,,,[[ nan]],0.0,0.0,0.0
2011-08-27 14:00:01,0.500138028587,0,,,[[ nan]],0.0,0.0,0.0
2011-08-27 15:00:01,0.470130995368,0,,,[[ nan]],0.0,0.0,0.0
2011-08-27 16:00:01,0.458325666601,0,,,[[ nan]],0.0,0.0,0.0
2011-08-27 17:00:01,0.384944803398,0,,,[[ nan]],0.0,0.0,0.0
2011-08-27 18:00:01,0.367961464605,0,,,[[ nan]],0.0,0.0,0.0
2011-08-27 19:00:01,0.358592014997,0,,,[[ nan]],0.0,0.0,0.0
2011-08-27 20:00:01,0.358783496979,0,,,[[ nan]],0.0,0.0,0.0
2011-08-27 21:00:01,0.343275572406,0,,,[[ nan]],0.0,0.0,0.0
2011-08-27 22:00:01,0.296511837201,0,,,[[ nan]],0.0,0.0,0.0
2011-08-27 23:00:01,0.276639721035,0,,,[[ nan]],0.0,0.0,0.0
2011-08-28 00:00:01,0.22988642872,0,,,[[ nan]],0.0,0.0,0.0
2011-08-28 01:00:01,0.179769394234,0,,,[[ nan]],0.0,0.0,0.0
2011-08-28 02:00:01,0.159671242548,0,,,[[ nan]],0.0,0.0,0.0
2011-08-28 03:00:01,0.105595766279,0,,,[[ nan]],0.0,0.0,0.0
2011-08-28 04:00:01,0.207110069614,0,,,[[ nan]],0.0,0.0,0.0
2011-08-28 05:00:01,0.245857418396,0,,,[[ nan]],0.0,0.0,0.0
2011-08-28 06:00:01,0.39814087674,0,,,[[ nan]],0.0,0.0,0.0
2011-08-28 07:00:01,0.350838207508,0,,,[[ nan]],0.0,0.0,0.0
2011-08-28 08:00:01,0.716830236206,0,,,[[ nan]],0.0,0.0,0.0
2011-08-28 09:00:01,0.489124768301,0,,,[[ nan]],0.0,0.0,0.0
2011-08-28 10:00:01,0.439501000839,0,,,[[ nan]],0.0,0.0,0.0
2011-08-28 11:00:01,0.383496177441,0,,,[[ nan]],0.0,0.0,0.0
2011-08-28 12:00:01,0.447664303442,0,,,[[ nan]],0.0,0.0,0.0
2011-08-28 13:00:01,0.499446428081,0,,,[[ nan]],0.0,0.0,0.0
2011-08-28 14:00:01,0.517333845772,0,,,[[ nan]],0.0,0.0,0.0
2011-08-28 15:00:01,0.467240082706,0,,,[[ nan]],0.0,0.0,0.0
2011-08-28 16:00:01,0.424241238194,0,,,[[ nan]],0.0,0.0,0.0
2011-08-28 17:00:01,0.354339490394,0,,,[[ nan]],0.0,0.0,0.0
2011-08-28 18:00:01,0.340394154471,0,,,[[ nan]],0.0,0.0,0.0
2011-08-28 19:00:01,0.286427926251,0,,,[[ nan]],0.0,0.0,0.0
2011-08-28 20:00:01,0.237723215567,0,,,[[ nan]],0.0,0.0,0.0
2011-08-28 21:00:01,0.222222092422,0,,,[[ nan]],0.0,0.0,0.0
2011-08-28 22:00:01,0.200240749166,0,,,[[ nan]],0.0,0.0,0.0
2011-08-28 23:00:01,0.225667940661,0,,,[[ nan]],0.0,0.0,0.0
2011-08-29 00:00:01,0.166187694808,0,,,[[ nan]],0.0,0.0,0.0
2011-08-29 01:00:01,0.143539772058,0,,,[[ nan]],0.0,0.0,0.0
2011-08-29 02:00:01,0.111379624527,0,,,[[ nan]],0.0,0.0,0.0
2011-08-29 03:00:01,0.0776805147403,0,,,[[ nan]],0.0,0.0,0.0
2011-08-29 04:00:01,0.169262126815,0,,,[[ nan]],0.0,0.0,0.0
2011-08-29 05:00:01,0.254880452502,0,,,[[ nan]],0.0,0.0,0.0
2011-08-29 06:00:01,0.303058709537,0,,,[[ nan]],0.0,0.0,0.0
2011-08-29 07:00:01,0.514439582349,0,,,[[ nan]],0.0,0.0,0.0
2011-08-29 08:00:01,0.658316936718,0,,,[[ nan]],0.0,0.0,0.0
2011-08-29 09:00:01,0.556999967385,0,,,[[ nan]],0.0,0.0,0.0
2011-08-29 10:00:01,0.619945922359,0,,,[[ nan]],0.0,0.0,0.0
2011-08-29 11:00:01,0.450226789745,0,,,[[ nan]],0.0,0.0,0.0
2011-08-29 12:00:01,0.349688847776,0,,,[[ nan]],0.0,0.0,0.0
2011-08-29 13:00:01,0.486345501905,0,,,[[ nan]],0.0,0.0,0.0
2011-08-29 14:00:01,0.420378546469,0,,,[[ nan]],0.0,0.0,0.0
2011-08-29 15:00:01,0.51295060369,0,,,[[ nan]],0.0,0.0,0.0
2011-08-29 16:00:01,0.496096490911,0,,,[[ nan]],0.0,0.0,0.0
2011-08-29 17:00:01,0.376934717904,0,,,[[ nan]],0.0,0.0,0.0
2011-08-29 18:00:01,0.337068943355,0,,,[[ nan]],0.0,0.0,0.0
2011-08-29 19:00:01,0.413516562642,0,,,[[ nan]],0.0,0.0,0.0
2011-08-29 20:00:01,0.302496260416,0,,,[[ nan]],0.0,0.0,0.0
2011-08-29 21:00:01,0.311196871854,0,,,[[ nan]],0.0,0.0,0.0
2011-08-29 22:00:01,0.301463382927,0,,,[[ nan]],0.0,0.0,0.0
2011-08-29 23:00:01,0.286663438821,0,,,[[ nan]],0.0,0.0,0.0
2011-08-30 00:00:01,0.246661272805,0,,,[[ nan]],0.0,0.0,0.0
2011-08-30 01:00:01,0.16601725146,0,,,[[ nan]],0.0,0.0,0.0
2011-08-30 02:00:01,0.137433044858,0,,,[[ nan]],0.0,0.0,0.0
2011-08-30 03:00:01,0.125703316643,0,,,[[ nan]],0.0,0.0,0.0
2011-08-30 04:00:01,0.328389875998,0,,,[[ nan]],0.0,0.0,0.0
2011-08-30 05:00:01,0.413316394306,0,,,[[ nan]],0.0,0.0,0.0
2011-08-30 06:00:01,0.481185204194,0,,,[[ nan]],0.0,0.0,0.0
2011-08-30 07:00:01,0.606074601162,0,,,[[ nan]],0.0,0.0,0.0
2011-08-30 08:00:01,0.630053091876,0,,,[[ nan]],0.0,0.0,0.0
2011-08-30 09:00:01,0.637503578315,0,,,[[ nan]],0.0,0.0,0.0
2011-08-30 10:00:01,0.445534364316,0,,,[[ nan]],0.0,0.0,0.0
2011-08-30 11:00:01,0.417301973475,0,,,[[ nan]],0.0,0.0,0.0
2011-08-30 12:00:01,0.416676170103,0,,,[[ nan]],0.0,0.0,0.0
2011-08-30 13:00:01,0.409653189578,0,,,[[ nan]],0.0,0.0,0.0
2011-08-30 14:00:01,0.399668777863,0,,,[[ nan]],0.0,0.0,0.0
2011-08-30 15:00:01,0.40582190675,0,,,[[ nan]],0.0,0.0,0.0
2011-08-30 16:00:01,0.463901794011,0,,,[[ nan]],0.0,0.0,0.0
2011-08-30 17:00:01,0.373981887219,0,,,[[ nan]],0.0,0.0,0.0
2011-08-30 18:00:01,0.426093700533,0,,,[[ nan]],0.0,0.0,0.0
2011-08-30 19:00:01,0.373462541437,0,,,[[ nan]],0.0,0.0,0.0
2011-08-30 20:00:01,0.242827940452,0,,,[[ nan]],0.0,0.0,0.0
2011-08-30 21:00:01,0.19296194211,0,,,[[ nan]],0.0,0.0,0.0
2011-08-30 22:00:01,0.312401701743,0,,,[[ nan]],0.0,0.0,0.0
2011-08-30 23:00:01,0.27264793686,0,,,[[ nan]],0.0,0.0,0.0
2011-08-31 00:00:01,0.335500039628,0,,,[[ nan]],0.0,0.0,0.0
2011-08-31 01:00:01,0.264849625421,0,,,[[ nan]],0.0,0.0,0.0
2011-08-31 02:00:01,0.197994683463,0,,,[[ nan]],0.0,0.0,0.0
2011-08-31 03:00:01,0.189105379802,0,,,[[ nan]],0.0,0.0,0.0
2011-08-31 04:00:01,0.303137069653,0,,,[[ nan]],0.0,0.0,0.0
2011-08-31 05:00:01,0.41424486088,0,,,[[ nan]],0.0,0.0,0.0
2011-08-31 06:00:01,0.496588989772,0,,,[[ nan]],0.0,0.0,0.0
2011-08-31 07:00:01,0.493731661312,0,,,[[ nan]],0.0,0.0,0.0
2011-08-31 08:00:01,0.648094208402,0,,,[[ nan]],0.0,0.0,0.0
2011-08-31 09:00:01,0.603686798795,0,,,[[ nan]],0.0,0.0,0.0
2011-08-31 10:00:01,0.535824733156,0,,,[[ nan]],0.0,0.0,0.0
2011-08-31 11:00:01,0.515869072842,0,,,[[ nan]],0.0,0.0,0.0
2011-08-31 12:00:01,0.571754562715,0,,,[[ nan]],0.0,0.0,0.0
2011-08-31 13:00:01,0.453020326234,0,,,[[ nan]],0.0,0.0,0.0
2011-08-31 14:00:01,0.553326465003,0,,,[[ nan]],0.0,0.0,0.0
2011-08-31 15:00:01,0.431501597586,0,,,[[ nan]],0.0,0.0,0.0
2011-08-31 16:00:01,0.420405008858,0,,,[[ nan]],0.0,0.0,0.0
2011-08-31 17:00:01,0.364673127428,0,,,[[ nan]],0.0,0.0,0.0
2011-08-31 18:00:01,0.421591155188,0,,,[[ nan]],0.0,0.0,0.0
2011-08-31 19:00:01,0.596193272577,0,,,[[ nan]],0.0,0.0,0.0
2011-08-31 20:00:01,0.695939435739,0,,,[[ nan]],0.0,0.0,0.0
2011-08-31 21:00:01,0.72635933053,0,,,[[ nan]],0.0,0.0,0.0
2011-08-31 22:00:01,0.785515579533,0,,,[[ nan]],0.0,0.0,0.0
2011-08-31 23:00:01,0.733804273991,0,,,[[ nan]],0.0,0.0,0.0
2011-09-01 00:00:01,0.500871294867,0,,,[[ nan]],0.0,0.0,0.0
2011-09-01 01:00:01,0.403514274715,0,,,[[ nan]],0.0,0.0,0.0
2011-09-01 02:00:01,0.225394870018,0,,,[[ nan]],0.0,0.0,0.0
2011-09-01 03:00:01,0.212577132709,0,,,[[ nan]],0.0,0.0,0.0
2011-09-01 04:00:01,0.550265011398,0,,,[[ nan]],0.0,0.0,0.0
2011-09-01 05:00:01,0.674098233862,0,,,[[ nan]],0.0,0.0,0.0
2011-09-01 06:00:01,0.786678341796,0,,,[[ nan]],0.0,0.0,0.0
2011-09-01 07:00:01,0.819096308308,0,,,[[ nan]],0.0,0.0,0.0
2011-09-01 08:00:01,0.838213558895,0,,,[[ nan]],0.0,0.0,0.0
2011-09-01 09:00:01,0.719483444151,0,,,[[ nan]],0.0,0.0,0.0
2011-09-01 10:00:01,0.775362472175,0,,,[[ nan]],0.0,0.0,0.0
2011-09-01 11:00:01,0.642010197562,0,,,[[ nan]],0.0,0.0,0.0
2011-09-01 12:00:01,0.502887596033,0,,,[[ nan]],0.0,0.0,0.0
2011-09-01 13:00:01,0.503780844979,0,,,[[ nan]],0.0,0.0,0.0
2011-09-01 14:00:01,0.559835094918,0,,,[[ nan]],0.0,0.0,0.0
2011-09-01 15:00:01,0.489309370933,0,,,[[ nan]],0.0,0.0,0.0
2011-09-01 16:00:01,0.463394965764,0,,,[[ nan]],0.0,0.0,0.0
2011-09-01 17:00:01,0.391991349848,0,,,[[ nan]],0.0,0.0,0.0
2011-09-01 18:00:01,0.389450500811,0,,,[[ nan]],0.0,0.0,0.0
2011-09-02 15:00:01,0.493585039776,0,,,[[ nan]],0.0,0.0,0.0
2011-09-02 16:00:01,0.470102798048,0,,,[[ nan]],0.0,0.0,0.0
2011-09-02 17:00:01,0.363523045717,0,,,[[ nan]],0.0,0.0,0.0
2011-09-02 18:00:01,0.415494010734,0,,,[[ nan]],0.0,0.0,0.0
2011-09-02 19:00:01,0.36368218614,0,,,[[ nan]],0.0,0.0,0.0
2011-09-02 20:00:01,0.407772104277,0,,,[[ nan]],0.0,0.0,0.0
2011-09-02 21:00:01,0.414027112414,0,,,[[ nan]],0.0,0.0,0.0
2011-09-02 22:00:01,0.513954214492,0,,,[[ nan]],0.0,0.0,0.0
2011-09-02 23:00:01,0.583150804195,0,,,[[ nan]],0.0,0.0,0.0
2011-09-03 00:00:01,0.471831117042,0,,,[[ nan]],0.0,0.0,0.0
2011-09-03 01:00:01,0.419022249559,0,,,[[ nan]],0.0,0.0,0.0
2011-09-03 02:00:01,0.374254273472,0,,,[[ nan]],0.0,0.0,0.0
2011-09-03 03:00:01,0.247505603779,0,,,[[ nan]],0.0,0.0,0.0
2011-09-03 04:00:01,0.3039001549,0,,,[[ nan]],0.0,0.0,0.0
2011-09-03 05:00:01,0.503837730025,0,,,[[ nan]],0.0,0.0,0.0
2011-09-03 06:00:01,0.493921328249,0,,,[[ nan]],0.0,0.0,0.0
2011-09-03 07:00:01,0.437069438776,0,,,[[ nan]],0.0,0.0,0.0
2011-09-03 08:00:01,0.610096848437,0,,,[[ nan]],0.0,0.0,0.0
2011-09-03 09:00:01,0.662481975547,0,,,[[ nan]],0.0,0.0,0.0
2011-09-03 10:00:01,0.492254415466,0,,,[[ nan]],0.0,0.0,0.0
2011-09-03 11:00:01,0.493731661312,0,,,[[ nan]],0.0,0.0,0.0
2011-09-03 12:00:01,0.548159132797,0,,,[[ nan]],0.0,0.0,0.0
2011-09-03 13:00:01,0.567184128809,0,,,[[ nan]],0.0,0.0,0.0
2011-09-03 14:00:01,0.542352407295,0,,,[[ nan]],0.0,0.0,0.0
2011-09-03 15:00:01,0.501243539239,0,,,[[ nan]],0.0,0.0,0.0
2011-09-03 16:00:01,0.479982796347,0,,,[[ nan]],0.0,0.0,0.0
2011-09-03 17:00:01,0.426625699696,0,,,[[ nan]],0.0,0.0,0.0
2011-09-03 18:00:01,0.3774900413,0,,,[[ nan]],0.0,0.0,0.0
2011-09-03 19:00:01,0.365349947814,0,,,[[ nan]],0.0,0.0,0.0
2011-09-03 20:00:01,0.356726443481,0,,,[[ nan]],0.0,0.0,0.0
2011-09-03 21:00:01,0.341258778537,0,,,[[ nan]],0.0,0.0,0.0
2011-09-03 22:00:01,0.339890498959,0,,,[[ nan]],0.0,0.0,0.0
2011-09-03 23:00:01,0.335992645538,0,,,[[ nan]],0.0,0.0,0.0
2011-09-04 00:00:01,0.31416663125,0,,,[[ nan]],0.0,0.0,0.0
2011-09-04 01:00:01,0.336071344376,0,,,[[ nan]],0.0,0.0,0.0
2011-09-04 02:00:01,0.301074427106,0,,,[[ nan]],0.0,0.0,0.0
2011-09-04 03:00:01,0.245252049822,0,,,[[ nan]],0.0,0.0,0.0
2011-09-04 04:00:01,0.383674902119,0,,,[[ nan]],0.0,0.0,0.0
2011-09-04 05:00:01,0.488083475056,0,,,[[ nan]],0.0,0.0,0.0
2011-09-04 06:00:01,0.484176922191,0,,,[[ nan]],0.0,0.0,0.0
2011-09-04 07:00:01,0.582162159103,0,,,[[ nan]],0.0,0.0,0.0
2011-09-04 08:00:01,0.633025481551,0,,,[[ nan]],0.0,0.0,0.0
2011-09-04 09:00:01,0.591389374116,0,,,[[ nan]],0.0,0.0,0.0
2011-09-04 10:00:01,0.608255176801,0,,,[[ nan]],0.0,0.0,0.0
2011-09-04 11:00:01,0.473389754016,0,,,[[ nan]],0.0,0.0,0.0
2011-09-04 12:00:01,0.491921478655,0,,,[[ nan]],0.0,0.0,0.0
2011-09-04 13:00:01,0.551532954447,0,,,[[ nan]],0.0,0.0,0.0
2011-09-04 14:00:01,0.59400063054,0,,,[[ nan]],0.0,0.0,0.0
2011-09-04 15:00:01,0.512511168908,0,,,[[ nan]],0.0,0.0,0.0
2011-09-04 16:00:01,0.493849493022,0,,,[[ nan]],0.0,0.0,0.0
2011-09-04 17:00:01,0.429317433999,0,,,[[ nan]],0.0,0.0,0.0
2011-09-04 18:00:01,0.410213159008,0,,,[[ nan]],0.0,0.0,0.0
2011-09-04 19:00:01,0.387503231998,0,,,[[ nan]],0.0,0.0,0.0
2011-09-04 20:00:01,0.327710935517,0,,,[[ nan]],0.0,0.0,0.0
2011-09-04 21:00:01,0.284237247832,0,,,[[ nan]],0.0,0.0,0.0
2011-09-04 22:00:01,0.327970191813,0,,,[[ nan]],0.0,0.0,0.0
2011-09-04 23:00:01,0.256686888389,0,,,[[ nan]],0.0,0.0,0.0
2011-09-05 00:00:01,0.252225023497,0,,,[[ nan]],0.0,0.0,0.0
2011-09-05 01:00:01,0.240228604634,0,,,[[ nan]],0.0,0.0,0.0
2011-09-05 02:00:01,0.192086752369,0,,,[[ nan]],0.0,0.0,0.0
2011-09-05 03:00:01,0.0918542522673,0,,,[[ nan]],0.0,0.0,0.0
2011-09-05 04:00:01,0.261667093615,0,,,[[ nan]],0.0,0.0,0.0
2011-09-05 05:00:01,0.456203053653,0,,,[[ nan]],0.0,0.0,0.0
2011-09-05 06:00:01,0.43871916684,0,,,[[ nan]],0.0,0.0,0.0
2011-09-05 07:00:01,0.434793412278,0,,,[[ nan]],0.0,0.0,0.0
2011-09-05 08:00:01,0.744600548976,0,,,[[ nan]],0.0,0.0,0.0
2011-09-05 09:00:01,0.637627874472,0,,,[[ nan]],0.0,0.0,0.0
2011-09-05 10:00:01,0.566282720374,0,,,[[ nan]],0.0,0.0,0.0
2011-09-05 11:00:01,0.524578161053,0,,,[[ nan]],0.0,0.0,0.0
2011-09-05 12:00:01,0.48680997823,0,,,[[ nan]],0.0,0.0,0.0
2011-09-05 13:00:01,0.502343203352,0,,,[[ nan]],0.0,0.0,0.0
2011-09-05 14:00:01,0.533956425058,0,,,[[ nan]],0.0,0.0,0.0
2011-09-05 15:00:01,0.474815324229,0,,,[[ nan]],0.0,0.0,0.0
2011-09-05 16:00:01,0.445293492273,0,,,[[ nan]],0.0,0.0,0.0
2011-09-05 17:00:01,0.358708598742,0,,,[[ nan]],0.0,0.0,0.0
2011-09-05 18:00:01,0.341450470509,0,,,[[ nan]],0.0,0.0,0.0
2011-09-05 19:00:01,0.321401139238,0,,,[[ nan]],0.0,0.0,0.0
2011-09-05 20:00:01,0.272065085764,0,,,[[ nan]],0.0,0.0,0.0
2011-09-05 21:00:01,0.279023723545,0,,,[[ nan]],0.0,0.0,0.0
2011-09-05 22:00:01,0.248853772138,0,,,[[ nan]],0.0,0.0,0.0
2011-09-05 23:00:01,0.260297810458,0,,,[[ nan]],0.0,0.0,0.0
2011-09-06 00:00:01,0.235887737195,0,,,[[ nan]],0.0,0.0,0.0
2011-09-06 01:00:01,0.211738262964,0,,,[[ nan]],0.0,0.0,0.0
2011-09-06 02:00:01,0.121092767189,0,,,[[ nan]],0.0,0.0,0.0
2011-09-06 03:00:01,0.0999833754889,0,,,[[ nan]],0.0,0.0,0.0
2011-09-06 04:00:01,0.365833951886,0,,,[[ nan]],0.0,0.0,0.0
2011-09-06 05:00:01,0.376340241347,0,,,[[ nan]],0.0,0.0,0.0
2011-09-06 06:00:01,0.397708529404,0,,,[[ nan]],0.0,0.0,0.0
2011-09-06 07:00:01,0.617477866859,0,,,[[ nan]],0.0,0.0,0.0
2011-09-06 08:00:01,0.569904289583,0,,,[[ nan]],0.0,0.0,0.0
2011-09-06 09:00:01,0.636777955035,0,,,[[ nan]],0.0,0.0,0.0
2011-09-06 10:00:01,0.558453937637,0,,,[[ nan]],0.0,0.0,0.0
2011-09-06 11:00:01,0.44822781296,0,,,[[ nan]],0.0,0.0,0.0
2011-09-06 12:00:01,0.422208832998,0,,,[[ nan]],0.0,0.0,0.0
2011-09-06 13:00:01,0.44766531365,0,,,[[ nan]],0.0,0.0,0.0
2011-09-06 14:00:01,0.448309785786,0,,,[[ nan]],0.0,0.0,0.0
2011-09-06 15:00:01,0.439473138424,0,,,[[ nan]],0.0,0.0,0.0
2011-09-06 16:00:01,0.426179717285,0,,,[[ nan]],0.0,0.0,0.0
2011-09-06 17:00:01,0.339863634238,0,,,[[ nan]],0.0,0.0,0.0
2011-09-06 18:00:01,0.427529882526,0,,,[[ nan]],0.0,0.0,0.0
2011-09-06 19:00:01,0.37764218202,0,,,[[ nan]],0.0,0.0,0.0
2011-09-06 20:00:01,0.33044002731,0,,,[[ nan]],0.0,0.0,0.0
2011-09-06 21:00:01,0.362019846291,0,,,[[ nan]],0.0,0.0,0.0
2011-09-06 22:00:01,0.354676270126,0,,,[[ nan]],0.0,0.0,0.0
2011-09-06 23:00:01,0.294646971082,0,,,[[ nan]],0.0,0.0,0.0
2011-09-07 00:00:01,0.278020187157,0,,,[[ nan]],0.0,0.0,0.0
2011-09-07 01:00:01,0.195793714541,0,,,[[ nan]],0.0,0.0,0.0
2011-09-07 02:00:01,0.113217217582,0,,,[[ nan]],0.0,0.0,0.0
2011-09-07 03:00:01,0.114871013646,0,,,[[ nan]],0.0,0.0,0.0
2011-09-07 04:00:01,0.193313620009,0,,,[[ nan]],0.0,0.0,0.0
2011-09-07 05:00:01,0.314276031051,0,,,[[ nan]],0.0,0.0,0.0
2011-09-07 06:00:01,0.42166967703,0,,,[[ nan]],0.0,0.0,0.0
2011-09-07 07:00:01,0.371398703116,0,,,[[ nan]],0.0,0.0,0.0
2011-09-07 08:00:01,0.624634139451,0,,,[[ nan]],0.0,0.0,0.0
2011-09-07 09:00:01,0.490103391521,0,,,[[ nan]],0.0,0.0,0.0
2011-09-07 10:00:01,0.544393150113,0,,,[[ nan]],0.0,0.0,0.0
2011-09-07 11:00:01,0.33951279462,0,,,[[ nan]],0.0,0.0,0.0
2011-09-07 12:00:01,0.354502329487,0,,,[[ nan]],0.0,0.0,0.0
2011-09-07 13:00:01,0.347215238642,0,,,[[ nan]],0.0,0.0,0.0
2011-09-07 14:00:01,0.293075808245,0,,,[[ nan]],0.0,0.0,0.0
2011-09-07 15:00:01,0.412925478442,0,,,[[ nan]],0.0,0.0,0.0
