timestamp,value,is_anomaly
2014-11-23 08:00:00,0.13756240293664918,0
2014-11-23 09:00:00,0.1776153565957324,0
2014-11-23 10:00:00,0.137322029227277,0
2014-11-23 11:00:00,0.24854997422683334,0
2014-11-23 12:00:00,0.19741596257879038,0
2014-11-23 13:00:00,0.15135584068442695,0
2014-11-23 14:00:00,0.2132274311381152,0
2014-11-23 15:00:00,0.22865939713278452,0
2014-11-23 16:00:00,0.22591321993666258,0
2014-11-23 17:00:00,0.19158261118909103,0
2014-11-23 18:00:00,0.2757330716089439,0
2014-11-23 19:00:00,0.2307729494895786,0
2014-11-23 20:00:00,0.19064947717662883,0
2014-11-23 21:00:00,0.12491417073764073,0
2014-11-23 22:00:00,0.27579580749592314,0
2014-11-23 23:00:00,0.22858644500979408,0
2014-11-24 00:00:00,0.2339752903713843,0
2014-11-24 01:00:00,0.28021911680212996,0
2014-11-24 02:00:00,0.2788664985893477,0
2014-11-24 03:00:00,0.2728644186156757,0
2014-11-24 04:00:00,0.29106923255634093,0
2014-11-24 05:00:00,0.28893116893162174,0
2014-11-24 06:00:00,0.2616687897933217,0
2014-11-24 07:00:00,0.17477649876711399,0
2014-11-24 08:00:00,0.29305643848097523,0
2014-11-24 09:00:00,0.26699202863668375,0
2014-11-24 10:00:00,0.2661690948693412,0
2014-11-24 11:00:00,0.21190174341555176,0
2014-11-24 12:00:00,0.2589063606996871,0
2014-11-24 13:00:00,0.3015973554438963,0
2014-11-24 14:00:00,0.3461720107022853,0
2014-11-24 15:00:00,0.2851659286434578,0
2014-11-24 16:00:00,0.3098044816058625,0
2014-11-24 17:00:00,0.2934304727106933,0
2014-11-24 18:00:00,0.23824486360093305,0
2014-11-24 19:00:00,0.2833403017606275,0
2014-11-24 20:00:00,0.28700371313028483,0
2014-11-24 21:00:00,0.3043789895441456,0
2014-11-24 22:00:00,0.3578669185455485,0
2014-11-24 23:00:00,0.3455505524319353,0
2014-11-25 00:00:00,0.30718956875540304,0
2014-11-25 01:00:00,0.305573413024672,0
2014-11-25 02:00:00,0.3494976652861837,0
2014-11-25 03:00:00,0.34542365980012674,0
2014-11-25 04:00:00,0.2927136031051134,0
2014-11-25 05:00:00,0.2937756298298418,0
2014-11-25 06:00:00,0.34264171611450994,0
2014-11-25 07:00:00,0.3620605050620318,0
2014-11-25 08:00:00,0.32494624847632864,0
2014-11-25 09:00:00,0.370044091370727,0
2014-11-25 10:00:00,0.35019123683137077,0
2014-11-25 11:00:00,0.3070799840699455,0
2014-11-25 12:00:00,0.3500849435897369,0
2014-11-25 13:00:00,0.28653867166445035,0
2014-11-25 14:00:00,0.40000106031221017,0
2014-11-25 15:00:00,0.4248572032248846,0
2014-11-25 16:00:00,0.32245893599221775,0
2014-11-25 17:00:00,0.2933254053611786,0
2014-11-25 18:00:00,0.3646885377812816,0
2014-11-25 19:00:00,0.3341099624734017,0
2014-11-25 20:00:00,0.44578037259577197,0
2014-11-25 21:00:00,0.33873379607439846,0
2014-11-25 22:00:00,0.3707913471929153,0
2014-11-25 23:00:00,0.3416600484190215,0
2014-11-26 00:00:00,0.30760772901189515,0
2014-11-26 01:00:00,0.34825384649557256,0
2014-11-26 02:00:00,0.2602926812639579,0
2014-11-26 03:00:00,0.40342165760831017,0
2014-11-26 04:00:00,0.34517134568728425,0
2014-11-26 05:00:00,0.43313509240388354,0
2014-11-26 06:00:00,0.3577700016080646,0
2014-11-26 07:00:00,0.30476941952091396,0
2014-11-26 08:00:00,0.36172911142103936,0
2014-11-26 09:00:00,0.2927357205991629,0
2014-11-26 10:00:00,0.27745183984712307,0
2014-11-26 11:00:00,0.34395692066810724,0
2014-11-26 12:00:00,0.31023440262683166,0
2014-11-26 13:00:00,0.3281979184170062,0
2014-11-26 14:00:00,0.3297619102407144,0
2014-11-26 15:00:00,0.2988563119173535,0
2014-11-26 16:00:00,0.297926600762907,0
2014-11-26 17:00:00,0.31502506506821326,0
2014-11-26 18:00:00,0.3706693152217292,0
2014-11-26 19:00:00,0.2498928198100073,0
2014-11-26 20:00:00,0.3406780355690831,0
2014-11-26 21:00:00,0.32691485751089033,0
2014-11-26 22:00:00,0.3565956279359309,0
2014-11-26 23:00:00,0.2940761785627252,0
2014-11-27 00:00:00,0.32113404535034484,0
2014-11-27 01:00:00,0.31398185045893123,0
2014-11-27 02:00:00,0.27571458226461915,0
2014-11-27 03:00:00,0.3498035114651636,0
2014-11-27 04:00:00,0.3448596916561133,0
2014-11-27 05:00:00,0.32171829505032895,0
2014-11-27 06:00:00,0.3576578148534221,0
2014-11-27 07:00:00,0.3094279400084231,0
2014-11-27 08:00:00,0.22570318928883387,0
2014-11-27 09:00:00,0.2533997351935508,0
2014-11-27 10:00:00,0.2215414192234055,0
2014-11-27 11:00:00,0.2512245816425885,0
2014-11-27 12:00:00,0.2414065963499138,0
2014-11-27 13:00:00,0.26708662528847005,0
2014-11-27 14:00:00,0.2217660445260107,0
2014-11-27 15:00:00,0.26520178770926983,0
2014-11-27 16:00:00,0.22595798949313448,0
2014-11-27 17:00:00,0.328727113170722,0
2014-11-27 18:00:00,0.2789525815894441,0
2014-11-27 19:00:00,0.2837791951007698,0
2014-11-27 20:00:00,0.2569754743008581,0
2014-11-27 21:00:00,0.31024836922515486,0
2014-11-27 22:00:00,0.20468865239274323,0
2014-11-27 23:00:00,0.20854996750374585,0
2014-11-28 00:00:00,0.2879226070626193,0
2014-11-28 01:00:00,0.1926165517679602,0
2014-11-28 02:00:00,0.20824617498806747,0
2014-11-28 03:00:00,0.19624956895281445,0
2014-11-28 04:00:00,0.1955848071073722,0
2014-11-28 05:00:00,0.1935106216100942,0
2014-11-28 06:00:00,0.22359946977642053,0
2014-11-28 07:00:00,0.1902328375750064,0
2014-11-28 08:00:00,0.17192749812299848,0
2014-11-28 09:00:00,0.2492652387512747,0
2014-11-28 10:00:00,0.17699705926455914,0
2014-11-28 11:00:00,0.17468622862642824,0
2014-11-28 12:00:00,0.17433657291115465,0
2014-11-28 13:00:00,0.2062174414272021,0
2014-11-28 14:00:00,0.16788811891604713,0
2014-11-28 15:00:00,0.16568936174354526,0
2014-11-28 16:00:00,0.13365313783176133,0
2014-11-28 17:00:00,0.14562586301079936,0
2014-11-28 18:00:00,0.158817137372997,0
2014-11-28 19:00:00,0.12665294524503798,0
2014-11-28 20:00:00,0.17223690898389135,0
2014-11-28 21:00:00,0.07862588987909762,0
2014-11-28 22:00:00,0.15523461133463298,0
2014-11-28 23:00:00,0.07079644016898622,0
2014-11-29 00:00:00,0.12160833444878281,0
2014-11-29 01:00:00,0.10822717904407024,0
2014-11-29 02:00:00,0.09944381604641929,0
2014-11-29 03:00:00,0.12229376988618959,0
2014-11-29 04:00:00,0.037484091934791235,0
2014-11-29 05:00:00,0.17006177317187285,0
2014-11-29 06:00:00,0.042155133971991915,0
2014-11-29 07:00:00,0.09187646493725045,0
2014-11-29 08:00:00,0.060247592560670415,0
2014-11-29 09:00:00,0.07337530926115735,0
2014-11-29 10:00:00,0.1951807347253084,0
2014-11-29 11:00:00,0.10151862028173204,0
2014-11-29 12:00:00,0.041577880737454005,0
2014-11-29 13:00:00,0.023411618904100286,0
2014-11-29 14:00:00,0.1127112266054028,0
2014-11-29 15:00:00,0.08968200675164403,0
2014-11-29 16:00:00,0.07417001580223698,0
2014-11-29 17:00:00,0.04505124040568765,0
2014-11-29 18:00:00,0.018356942838222326,0
2014-11-29 19:00:00,0.03436972601274301,0
2014-11-29 20:00:00,0.12350872843324454,0
2014-11-29 21:00:00,0.050395136588987956,0
2014-11-29 22:00:00,0.015064470159369008,0
2014-11-29 23:00:00,0.15624577565864833,0
2014-11-30 00:00:00,0.09119925398350223,0
2014-11-30 01:00:00,0.06052777307359534,0
2014-11-30 02:00:00,0.11607566949380264,0
2014-11-30 03:00:00,0.10720034407520332,0
2014-11-30 04:00:00,0.039857652715043115,0
2014-11-30 05:00:00,0.16283072325919223,0
2014-11-30 06:00:00,0.05373396587739405,0
2014-11-30 07:00:00,0.0014709022473453892,0
2014-11-30 08:00:00,0.056895767888054706,0
2014-11-30 09:00:00,0.07166459176281956,0
2014-11-30 10:00:00,0.16333321140701218,0
2014-11-30 11:00:00,0.06614557225261473,0
2014-11-30 12:00:00,0.08120767631575637,0
2014-11-30 13:00:00,0.05749617403712468,0
2014-11-30 14:00:00,0.046073510149066486,0
2014-11-30 15:00:00,0.05918533330101681,0
2014-11-30 16:00:00,0.0953811625453542,0
2014-11-30 17:00:00,0.1521204165473796,0
2014-11-30 18:00:00,0.1064004335486866,0
2014-11-30 19:00:00,0.11473950455409251,0
2014-11-30 20:00:00,0.008133648525252238,0
2014-11-30 21:00:00,0.10605536913927095,0
2014-11-30 22:00:00,0.07324558193752063,0
2014-11-30 23:00:00,0.0,0
2014-12-01 00:00:00,0.08828460346285182,0
2014-12-01 01:00:00,0.05950135022614161,0
2014-12-01 02:00:00,0.13197652472193086,0
2014-12-01 03:00:00,0.0352969202785829,0
2014-12-01 04:00:00,0.0514434789713131,0
2014-12-01 05:00:00,0.031166499561859247,0
2014-12-01 06:00:00,0.06566964159679524,0
2014-12-01 07:00:00,0.0928162442697992,0
2014-12-01 08:00:00,0.044839522826520865,0
2014-12-01 09:00:00,0.1153648684937256,0
2014-12-01 10:00:00,0.027859458086645455,0
2014-12-01 11:00:00,0.03701185427969946,0
2014-12-01 12:00:00,0.14855168706526423,0
2014-12-01 13:00:00,0.04296135657326347,0
2014-12-01 14:00:00,0.10808353415189563,0
2014-12-01 15:00:00,0.07576288618929009,0
2014-12-01 16:00:00,0.11308186959921807,0
2014-12-01 17:00:00,0.17196840648458395,0
2014-12-01 18:00:00,0.1702600845103377,0
2014-12-01 19:00:00,0.08891841038227713,0
2014-12-01 20:00:00,0.006045536291613027,0
2014-12-01 21:00:00,0.21914669913157483,0
2014-12-01 22:00:00,0.14187507195643428,0
2014-12-01 23:00:00,0.13955895961903478,0
2014-12-02 00:00:00,0.11848083350087242,0
2014-12-02 01:00:00,0.14483371553397517,0
2014-12-02 02:00:00,0.11864673202269092,0
2014-12-02 03:00:00,0.1478497079948036,0
2014-12-02 04:00:00,0.11537241483959815,0
2014-12-02 05:00:00,0.07641788404015193,0
2014-12-02 06:00:00,0.18368993735156014,0
2014-12-02 07:00:00,0.21082323642746945,0
2014-12-02 08:00:00,0.13435168855576396,0
2014-12-02 09:00:00,0.09675919956509461,0
2014-12-02 10:00:00,0.18395434887317902,0
2014-12-02 11:00:00,0.15778321539264595,0
2014-12-02 12:00:00,0.08767511213249121,0
2014-12-02 13:00:00,0.16798560134850382,0
2014-12-02 14:00:00,0.14435116629426548,0
2014-12-02 15:00:00,0.16124139163771112,0
2014-12-02 16:00:00,0.12964372515346317,0
2014-12-02 17:00:00,0.2638893356876631,0
2014-12-02 18:00:00,0.17444786810472385,0
2014-12-02 19:00:00,0.12280265104887267,0
2014-12-02 20:00:00,0.2063269906481683,0
2014-12-02 21:00:00,0.21360208184125185,0
2014-12-02 22:00:00,0.16314728787182142,0
2014-12-02 23:00:00,0.08398521553208471,0
2014-12-03 00:00:00,0.18716929233466345,0
2014-12-03 01:00:00,0.24480372398594977,0
2014-12-03 02:00:00,0.22158510121079558,0
2014-12-03 03:00:00,0.22436427069768683,0
2014-12-03 04:00:00,0.257779591136225,0
2014-12-03 05:00:00,0.18551646146432074,0
2014-12-03 06:00:00,0.2902669523241527,0
2014-12-03 07:00:00,0.24633337224174487,0
2014-12-03 08:00:00,0.2820953523650992,0
2014-12-03 09:00:00,0.3009012082224733,0
2014-12-03 10:00:00,0.2697402485667712,0
2014-12-03 11:00:00,0.22575870868602446,0
2014-12-03 12:00:00,0.319832577655037,0
2014-12-03 13:00:00,0.18529737267081794,0
2014-12-03 14:00:00,0.2535760904219779,0
2014-12-03 15:00:00,0.27060736864827595,0
2014-12-03 16:00:00,0.278843770071807,0
2014-12-03 17:00:00,0.3352275847358205,0
2014-12-03 18:00:00,0.3006279218889836,0
2014-12-03 19:00:00,0.31672407542773534,0
2014-12-03 20:00:00,0.29993813144336,0
2014-12-03 21:00:00,0.29623175176490935,0
2014-12-03 22:00:00,0.341721429316517,0
2014-12-03 23:00:00,0.36553032168872224,0
2014-12-04 00:00:00,0.2136128586733801,0
2014-12-04 01:00:00,0.34821691855069514,0
2014-12-04 02:00:00,0.3433729061345668,0
2014-12-04 03:00:00,0.31203143527062877,0
2014-12-04 04:00:00,0.3762068946539265,0
2014-12-04 05:00:00,0.32101177268651543,0
2014-12-04 06:00:00,0.32921918834325714,0
2014-12-04 07:00:00,0.38289385713475216,0
2014-12-04 08:00:00,0.4242209450516382,0
2014-12-04 09:00:00,0.36394389223730605,0
2014-12-04 10:00:00,0.3368521445711801,0
2014-12-04 11:00:00,0.3064022525734895,0
2014-12-04 12:00:00,0.34724060262181033,0
2014-12-04 13:00:00,0.323573850578378,0
2014-12-04 14:00:00,0.3564647440115185,0
2014-12-04 15:00:00,0.3880583726685709,0
2014-12-04 16:00:00,0.33613889772522787,0
2014-12-04 17:00:00,0.4926230984602098,0
2014-12-04 18:00:00,0.3857602241858204,0
2014-12-04 19:00:00,0.43108583526551875,0
2014-12-04 20:00:00,0.2833595674266546,0
2014-12-04 21:00:00,0.41878861335221335,0
2014-12-04 22:00:00,0.3306901351780324,0
2014-12-04 23:00:00,0.4310485549076297,0
2014-12-05 00:00:00,0.4101917076493009,0
2014-12-05 01:00:00,0.376761443576259,0
2014-12-05 02:00:00,0.45466992026905145,0
2014-12-05 03:00:00,0.3674605674767713,0
2014-12-05 04:00:00,0.37440081110940676,0
2014-12-05 05:00:00,0.3574723783268974,0
2014-12-05 06:00:00,0.3735238126803327,0
2014-12-05 07:00:00,0.4457046281675643,0
2014-12-05 08:00:00,0.4244573570460347,0
2014-12-05 09:00:00,0.4506628525780164,0
2014-12-05 10:00:00,0.39038307946886547,0
2014-12-05 11:00:00,0.4249355875251318,0
2014-12-05 12:00:00,0.41990877449698466,0
2014-12-05 13:00:00,0.347215362750598,0
2014-12-05 14:00:00,0.4885194192282109,0
2014-12-05 15:00:00,0.4167660269075093,0
2014-12-05 16:00:00,0.4448224986982903,0
2014-12-05 17:00:00,0.4533730846949298,0
2014-12-05 18:00:00,0.4093196164433539,0
2014-12-05 19:00:00,0.39811433533894586,0
2014-12-05 20:00:00,0.4506887165866786,0
2014-12-05 21:00:00,0.36522827732289825,0
2014-12-05 22:00:00,0.4974770897569342,0
2014-12-05 23:00:00,0.39361531304193725,0
2014-12-06 00:00:00,0.4825680248886116,0
2014-12-06 01:00:00,0.47568267607549003,0
2014-12-06 02:00:00,0.41215271098711426,0
2014-12-06 03:00:00,0.43255427402942354,0
2014-12-06 04:00:00,0.3616737364386028,0
2014-12-06 05:00:00,0.4197791282344925,0
2014-12-06 06:00:00,0.4502456648081971,0
2014-12-06 07:00:00,0.4074784936795374,0
2014-12-06 08:00:00,0.3817955219304842,0
2014-12-06 09:00:00,0.3714522562493525,0
2014-12-06 10:00:00,0.39708879904047106,0
2014-12-06 11:00:00,0.44393753508390055,0
2014-12-06 12:00:00,0.37394415397150327,0
2014-12-06 13:00:00,0.38800794479345113,0
2014-12-06 14:00:00,0.33451481059979804,0
2014-12-06 15:00:00,0.41099807437034314,0
2014-12-06 16:00:00,0.4445761429550474,0
2014-12-06 17:00:00,0.4506404823124771,0
2014-12-06 18:00:00,0.41834373397630736,0
2014-12-06 19:00:00,0.2980300609222003,0
2014-12-06 20:00:00,0.3988208604089767,0
2014-12-06 21:00:00,0.3951045949937929,0
2014-12-06 22:00:00,0.3568926348673764,0
2014-12-06 23:00:00,0.37716572386601055,0
2014-12-07 00:00:00,0.3289203843819637,0
2014-12-07 01:00:00,0.3938152678971921,0
2014-12-07 02:00:00,0.3466647689026927,0
2014-12-07 03:00:00,0.28909660053208863,0
2014-12-07 04:00:00,0.33878255490004183,0
2014-12-07 05:00:00,0.41169298935159554,0
2014-12-07 06:00:00,0.33387505338882734,0
2014-12-07 07:00:00,0.3774662613614111,0
2014-12-07 08:00:00,0.3835301773586387,0
2014-12-07 09:00:00,0.33876963060733656,0
2014-12-07 10:00:00,0.31967096064792794,0
2014-12-07 11:00:00,0.30840065634074026,0
2014-12-07 12:00:00,0.3606198761983593,0
2014-12-07 13:00:00,0.2778636069912362,0
2014-12-07 14:00:00,0.3317731844378522,0
2014-12-07 15:00:00,0.30459881610220035,0
2014-12-07 16:00:00,0.21416100454206188,0
2014-12-07 17:00:00,0.24804369366713175,0
2014-12-07 18:00:00,0.34640630764339236,0
2014-12-07 19:00:00,0.29400665525711994,0
2014-12-07 20:00:00,0.3338944203955107,0
2014-12-07 21:00:00,0.37769809129108933,0
2014-12-07 22:00:00,0.3557035741197767,0
2014-12-07 23:00:00,0.31687270978497395,0
2014-12-08 00:00:00,0.2999589600628724,0
2014-12-08 01:00:00,0.27093877941849465,0
2014-12-08 02:00:00,0.34483383189902156,0
2014-12-08 03:00:00,0.29784665979679115,0
2014-12-08 04:00:00,0.21624489082974224,0
2014-12-08 05:00:00,0.25707995745314366,0
2014-12-08 06:00:00,0.17577440562104976,0
2014-12-08 07:00:00,0.2476182598873638,0
2014-12-08 08:00:00,0.13849759358990532,0
2014-12-08 09:00:00,0.30622807662618295,0
2014-12-08 10:00:00,0.21679427404330204,0
2014-12-08 11:00:00,0.22203034691773021,0
2014-12-08 12:00:00,0.22970953707904024,0
2014-12-08 13:00:00,0.2602911053031583,0
2014-12-08 14:00:00,0.25948174567147797,0
2014-12-08 15:00:00,0.25095221217643643,0
2014-12-08 16:00:00,0.19721655771338198,0
2014-12-08 17:00:00,0.15887875298748239,0
2014-12-08 18:00:00,0.19811149047864088,0
2014-12-08 19:00:00,0.22386323471858602,0
2014-12-08 20:00:00,0.17202873774634783,0
2014-12-08 21:00:00,0.20172193456389872,0
2014-12-08 22:00:00,0.15008222090745077,0
2014-12-08 23:00:00,0.19767195658131592,0
2014-12-09 00:00:00,0.20042470280102978,0
2014-12-09 01:00:00,0.1851462141838492,0
2014-12-09 02:00:00,0.18120255760636456,0
2014-12-09 03:00:00,0.2627660207816347,0
2014-12-09 04:00:00,0.21578292503809904,0
2014-12-09 05:00:00,0.22814988214328805,0
2014-12-09 06:00:00,0.1359081771351532,0
2014-12-09 07:00:00,0.18086137846111647,0
2014-12-09 08:00:00,0.22162660745225815,0
2014-12-09 09:00:00,0.1657676806316953,0
2014-12-09 10:00:00,0.07215243065578254,0
2014-12-09 11:00:00,0.17831834555398918,0
2014-12-09 12:00:00,0.07709566498389304,0
2014-12-09 13:00:00,0.12280378746555026,0
2014-12-09 14:00:00,0.21433527004794886,0
2014-12-09 15:00:00,0.18107114629401297,0
2014-12-09 16:00:00,0.19991472133020974,0
2014-12-09 17:00:00,0.16346489593201083,0
2014-12-09 18:00:00,0.1432841007005642,0
2014-12-09 19:00:00,0.10574579538208778,0
2014-12-09 20:00:00,0.2146138674040823,0
2014-12-09 21:00:00,0.14504529991714724,0
2014-12-09 22:00:00,0.11017375401732075,0
2014-12-09 23:00:00,0.17819406556439535,0
2014-12-10 00:00:00,0.1860980661540113,0
2014-12-10 01:00:00,0.22098315968889656,0
2014-12-10 02:00:00,0.11016850009363177,0
2014-12-10 03:00:00,0.11851268604746015,0
2014-12-10 04:00:00,0.11653291512948692,0
2014-12-10 05:00:00,0.1175550248220525,0
2014-12-10 06:00:00,0.1172995885619237,0
2014-12-10 07:00:00,0.11987213634563598,0
2014-12-10 08:00:00,0.19574581982404535,0
2014-12-10 09:00:00,0.10146271705356467,0
2014-12-10 10:00:00,0.1148341888140802,0
2014-12-10 11:00:00,0.16043494704596276,0
2014-12-10 12:00:00,0.18117982412209738,0
2014-12-10 13:00:00,0.09798693456512579,0
2014-12-10 14:00:00,0.10980888175514693,0
2014-12-10 15:00:00,0.15545719123103713,0
2014-12-10 16:00:00,0.17760684010585046,0
2014-12-10 17:00:00,0.12243638293230857,0
2014-12-10 18:00:00,0.07133306822615312,0
2014-12-10 19:00:00,0.209978061723883,0
2014-12-10 20:00:00,0.19883148553370228,0
2014-12-10 21:00:00,0.10560560658756069,0
2014-12-10 22:00:00,0.13505433761506216,0
2014-12-10 23:00:00,0.06185494153791246,0
2014-12-11 00:00:00,0.16547393117716977,0
2014-12-11 01:00:00,0.212695728638708,0
2014-12-11 02:00:00,0.07151411306885253,0
2014-12-11 03:00:00,0.11082653123295856,0
2014-12-11 04:00:00,0.11865185349786288,0
2014-12-11 05:00:00,0.1187479063851409,0
2014-12-11 06:00:00,0.061316323356345716,0
2014-12-11 07:00:00,0.17467133925281395,0
2014-12-11 08:00:00,0.08754955211391016,0
2014-12-11 09:00:00,0.15597904091223644,0
2014-12-11 10:00:00,0.1854701392926181,0
2014-12-11 11:00:00,0.1531686035903543,0
2014-12-11 12:00:00,0.20358913403943008,0
2014-12-11 13:00:00,0.16591702527816587,0
2014-12-11 14:00:00,0.141326160623528,0
2014-12-11 15:00:00,0.20097119289309254,0
2014-12-11 16:00:00,0.15643174697532541,0
2014-12-11 17:00:00,0.25632254558106765,0
2014-12-11 18:00:00,0.18074072751312184,0
2014-12-11 19:00:00,0.22214977299893898,0
2014-12-11 20:00:00,0.19693836908702453,0
2014-12-11 21:00:00,0.05912902015328662,0
2014-12-11 22:00:00,0.1346267350702455,0
2014-12-11 23:00:00,0.1794581829686167,0
2014-12-12 00:00:00,0.212015270237111,0
2014-12-12 01:00:00,0.10232611804000542,0
2014-12-12 02:00:00,0.25111841520411665,0
2014-12-12 03:00:00,0.18606764192032044,0
2014-12-12 04:00:00,0.1833409250223624,0
2014-12-12 05:00:00,0.15193849004144538,0
2014-12-12 06:00:00,0.16031529839867456,0
2014-12-12 07:00:00,0.23060622335968906,0
2014-12-12 08:00:00,0.25451876452078287,0
2014-12-12 09:00:00,0.14407685918224675,0
2014-12-12 10:00:00,0.19621432658353857,0
2014-12-12 11:00:00,0.268010283100835,0
2014-12-12 12:00:00,0.2287797746970299,0
2014-12-12 13:00:00,0.34801151085567605,0
2014-12-12 14:00:00,0.31189366062607715,0
2014-12-12 15:00:00,0.2876391517153632,0
2014-12-12 16:00:00,0.2660337561516828,0
2014-12-12 17:00:00,0.28244908585833783,0
2014-12-12 18:00:00,0.24356256942147114,0
2014-12-12 19:00:00,0.30655309391697816,0
2014-12-12 20:00:00,0.3484054110205477,0
2014-12-12 21:00:00,0.33541987076082475,0
2014-12-12 22:00:00,0.25657397016453604,0
2014-12-12 23:00:00,0.22565488951024343,0
2014-12-13 00:00:00,0.2964078188814864,0
2014-12-13 01:00:00,0.32506095390308776,0
2014-12-13 02:00:00,0.3695064233166627,0
2014-12-13 03:00:00,0.25673414377700515,0
2014-12-13 04:00:00,0.3351169770975662,0
2014-12-13 05:00:00,0.3338289411959054,0
2014-12-13 06:00:00,0.3804602727334087,0
2014-12-13 07:00:00,0.3312334275470911,0
2014-12-13 08:00:00,0.32118628852190206,0
2014-12-13 09:00:00,0.29091152580122864,0
2014-12-13 10:00:00,0.3229308620976896,0
2014-12-13 11:00:00,0.33410324530460833,0
2014-12-13 12:00:00,0.45756412126894386,0
2014-12-13 13:00:00,0.4660721677517962,0
2014-12-13 14:00:00,0.35556163173375716,0
2014-12-13 15:00:00,0.32126910305406864,0
2014-12-13 16:00:00,0.2846401484497226,0
2014-12-13 17:00:00,0.39803346556792374,0
2014-12-13 18:00:00,0.33162965887521756,0
2014-12-13 19:00:00,0.4839140518379618,0
2014-12-13 20:00:00,0.34867868288519765,0
2014-12-13 21:00:00,0.39639947935830455,0
2014-12-13 22:00:00,0.5627526733983427,0
2014-12-13 23:00:00,0.3505418432314712,0
2014-12-14 00:00:00,0.41652421740787704,0
2014-12-14 01:00:00,0.35811301260756323,0
2014-12-14 02:00:00,0.4256395478196358,0
2014-12-14 03:00:00,0.37559583143620073,0
2014-12-14 04:00:00,0.42085093406939145,0
2014-12-14 05:00:00,0.40785325639089653,0
2014-12-14 06:00:00,0.37228610676846924,0
2014-12-14 07:00:00,0.4280331194123708,0
2014-12-14 08:00:00,0.4742930570095133,0
2014-12-14 09:00:00,0.5038737216507226,0
2014-12-14 10:00:00,0.3766243182598326,0
2014-12-14 11:00:00,0.42890779430856263,0
2014-12-14 12:00:00,0.4936627540564544,0
2014-12-14 13:00:00,0.39659123957118736,0
2014-12-14 14:00:00,0.33717204163559084,0
2014-12-14 15:00:00,0.4097190275853946,0
2014-12-14 16:00:00,0.4108517904854068,0
2014-12-14 17:00:00,0.45783144996042596,0
2014-12-14 18:00:00,0.440332171059724,0
2014-12-14 19:00:00,0.4704508967465916,0
2014-12-14 20:00:00,0.443855001166984,0
2014-12-14 21:00:00,0.48085649960615506,0
2014-12-14 22:00:00,0.450270432420343,0
2014-12-14 23:00:00,0.520428926829383,0
2014-12-15 00:00:00,0.43749158055242726,0
2014-12-15 01:00:00,0.48424751443680825,0
2014-12-15 02:00:00,0.43412263939314466,0
2014-12-15 03:00:00,0.4835149590346498,0
2014-12-15 04:00:00,0.47357164341398855,0
2014-12-15 05:00:00,0.40286634887190825,0
2014-12-15 06:00:00,0.47158553773598455,0
2014-12-15 07:00:00,0.5307155411898049,0
2014-12-15 08:00:00,0.5096611214335536,0
2014-12-15 09:00:00,0.48676896675864356,0
2014-12-15 10:00:00,0.4287452458999603,0
2014-12-15 11:00:00,0.5329828184013644,0
2014-12-15 12:00:00,0.4855214165824775,0
2014-12-15 13:00:00,0.46250195550200773,0
2014-12-15 14:00:00,0.5546482384652096,0
2014-12-15 15:00:00,0.4488119042868739,0
2014-12-15 16:00:00,0.49590260704016575,0
2014-12-15 17:00:00,0.5387292751179431,0
2014-12-15 18:00:00,0.508633637596825,0
2014-12-15 19:00:00,0.4683389085130663,0
2014-12-15 20:00:00,0.4629754202649925,0
2014-12-15 21:00:00,0.4963690381182898,0
2014-12-15 22:00:00,0.5026355556121987,0
2014-12-15 23:00:00,0.4801062680108165,0
2014-12-16 00:00:00,0.5362918211783625,0
2014-12-16 01:00:00,0.47448874947732783,0
2014-12-16 02:00:00,0.44551180672630886,0
2014-12-16 03:00:00,0.49865049543016565,0
2014-12-16 04:00:00,0.3770339985589174,0
2014-12-16 05:00:00,0.489527897370078,0
2014-12-16 06:00:00,0.4926181720758355,0
2014-12-16 07:00:00,0.45929645626472937,0
2014-12-16 08:00:00,0.4183918408466953,0
2014-12-16 09:00:00,0.448293862222345,0
2014-12-16 10:00:00,0.5317993081012801,0
2014-12-16 11:00:00,0.42907698622732515,0
2014-12-16 12:00:00,0.35723210720447274,0
2014-12-16 13:00:00,0.4931269352625984,0
2014-12-16 14:00:00,0.4331657776383353,0
2014-12-16 15:00:00,0.4303872236856741,0
2014-12-16 16:00:00,0.39700504713674734,0
2014-12-16 17:00:00,0.44686630805703986,0
2014-12-16 18:00:00,0.47604882385031244,0
2014-12-16 19:00:00,0.4167657577017233,0
2014-12-16 20:00:00,0.41315984269050315,0
2014-12-16 21:00:00,0.4851344543455409,0
2014-12-16 22:00:00,0.42319425048384013,0
2014-12-16 23:00:00,0.4240650438903549,0
2014-12-17 00:00:00,0.40056006788012627,0
2014-12-17 01:00:00,0.46447973720622837,0
2014-12-17 02:00:00,0.37809809130594324,0
2014-12-17 03:00:00,0.4558270738825375,0
2014-12-17 04:00:00,0.45062418961445827,0
2014-12-17 05:00:00,0.3913569010522068,0
2014-12-17 06:00:00,0.445756429016165,0
2014-12-17 07:00:00,0.4483841604684569,0
2014-12-17 08:00:00,0.4268312010461413,0
2014-12-17 09:00:00,0.4869383766208001,0
2014-12-17 10:00:00,0.308243624725886,0
2014-12-17 11:00:00,0.3396437050281215,0
2014-12-17 12:00:00,0.3266919987488946,0
2014-12-17 13:00:00,0.3908186857540806,0
2014-12-17 14:00:00,0.4493257621733371,0
2014-12-17 15:00:00,0.4496701193503386,0
2014-12-17 16:00:00,0.39364812326300785,0
2014-12-17 17:00:00,0.4069937517617777,0
2014-12-17 18:00:00,0.358222265026926,0
2014-12-17 19:00:00,0.38134626281871364,0
2014-12-17 20:00:00,0.37342442794216324,0
2014-12-17 21:00:00,0.3196171041680618,0
2014-12-17 22:00:00,0.33629222910320744,0
2014-12-17 23:00:00,0.3393787926354239,0
2014-12-18 00:00:00,0.40264213559470374,0
2014-12-18 01:00:00,0.2920097919586684,0
2014-12-18 02:00:00,0.24082467862465753,0
2014-12-18 03:00:00,0.3635623406867413,0
2014-12-18 04:00:00,0.2901230934642662,0
2014-12-18 05:00:00,0.30297434170924925,0
2014-12-18 06:00:00,0.35803639347603194,0
2014-12-18 07:00:00,0.2809833328898975,0
2014-12-18 08:00:00,0.2957332808130632,0
2014-12-18 09:00:00,0.372936627610197,0
2014-12-18 10:00:00,0.3264217271353602,0
2014-12-18 11:00:00,0.3233284544513054,0
2014-12-18 12:00:00,0.28984348631140583,0
2014-12-18 13:00:00,0.24228769176219253,0
2014-12-18 14:00:00,0.22288556579282254,0
2014-12-18 15:00:00,0.2752496077044948,0
2014-12-18 16:00:00,0.3694620423420108,0
2014-12-18 17:00:00,0.28782174569773417,0
2014-12-18 18:00:00,0.28188857121354616,0
2014-12-18 19:00:00,0.28591446565749007,0
2014-12-18 20:00:00,0.25107928202399066,0
2014-12-18 21:00:00,0.20331369858812004,0
2014-12-18 22:00:00,0.3790672439296918,0
2014-12-18 23:00:00,0.2398140809065477,0
2014-12-19 00:00:00,0.2422413139752585,0
2014-12-19 01:00:00,0.17363874059707768,0
2014-12-19 02:00:00,0.23853317591335363,0
2014-12-19 03:00:00,0.2357048932498453,0
2014-12-19 04:00:00,0.23255881289815764,0
2014-12-19 05:00:00,0.16259070423017208,0
2014-12-19 06:00:00,0.3168183454945477,0
2014-12-19 07:00:00,0.31334051915356503,0
2014-12-19 08:00:00,0.26370229297409,0
2014-12-19 09:00:00,0.18268664227521755,0
2014-12-19 10:00:00,0.26010928565843794,0
2014-12-19 11:00:00,0.21569139599629822,0
2014-12-19 12:00:00,0.2103478386150926,0
2014-12-19 13:00:00,0.2822052941368157,0
2014-12-19 14:00:00,0.1664931481088853,0
2014-12-19 15:00:00,0.19612249223546058,0
2014-12-19 16:00:00,0.1847117702656247,0
2014-12-19 17:00:00,0.21603988575645994,0
2014-12-19 18:00:00,0.14454062432727374,0
2014-12-19 19:00:00,0.1812753531407487,0
2014-12-19 20:00:00,0.24225484633565433,0
2014-12-19 21:00:00,0.22999338193301636,0
2014-12-19 22:00:00,0.16564248516569421,0
2014-12-19 23:00:00,0.231932564182416,0
2014-12-20 00:00:00,0.0995973461445823,0
2014-12-20 01:00:00,0.19065113774391104,0
2014-12-20 02:00:00,0.23619652906532687,0
2014-12-20 03:00:00,0.17532124345241415,0
2014-12-20 04:00:00,0.20215907801895544,0
2014-12-20 05:00:00,0.13338451326652426,0
2014-12-20 06:00:00,0.24030440364809022,0
2014-12-20 07:00:00,0.12162504715247652,0
2014-12-20 08:00:00,0.18860853749973863,0
2014-12-20 09:00:00,0.1916544745729298,0
2014-12-20 10:00:00,0.2056926843422856,0
2014-12-20 11:00:00,0.16711380153088265,0
2014-12-20 12:00:00,0.28401374370708954,0
2014-12-20 13:00:00,0.1413395092489406,0
2014-12-20 14:00:00,0.2158963358224924,0
2014-12-20 15:00:00,0.07633021532543299,0
2014-12-20 16:00:00,0.20636321965568183,0
2014-12-20 17:00:00,0.2295668551478601,0
2014-12-20 18:00:00,0.16057894566656075,0
2014-12-20 19:00:00,0.2403177297531615,0
2014-12-20 20:00:00,0.2251508162482017,0
2014-12-20 21:00:00,0.2548536508673698,0
2014-12-20 22:00:00,0.17640312890431614,0
2014-12-20 23:00:00,0.1723876513405414,0
2014-12-21 00:00:00,0.13888880658413158,0
2014-12-21 01:00:00,0.2043114996031756,0
2014-12-21 02:00:00,0.16156072324171172,0
2014-12-21 03:00:00,0.25256884308074024,0
2014-12-21 04:00:00,0.2275643193279274,0
2014-12-21 05:00:00,0.3227919437961223,0
2014-12-21 06:00:00,0.1780616587687017,0
2014-12-21 07:00:00,0.2831869325941607,0
2014-12-21 08:00:00,0.21060515697323323,0
2014-12-21 09:00:00,0.17236475553520716,0
2014-12-21 10:00:00,0.2641653279568197,0
2014-12-21 11:00:00,0.1788035434523141,0
2014-12-21 12:00:00,0.1982561239547818,0
2014-12-21 13:00:00,0.21533101150399137,0
2014-12-21 14:00:00,0.2598060461004145,0
2014-12-21 15:00:00,0.20977035020096266,0
2014-12-21 16:00:00,0.3041587622534923,0
2014-12-21 17:00:00,0.20742255004969484,0
2014-12-21 18:00:00,0.27293013015715895,0
2014-12-21 19:00:00,0.2731108234415578,0
2014-12-21 20:00:00,0.22350410372581192,0
2014-12-21 21:00:00,0.2550401108755369,0
2014-12-21 22:00:00,0.2486687345029682,0
2014-12-21 23:00:00,0.32331098770670186,0
2014-12-22 00:00:00,0.3532674405806159,0
2014-12-22 01:00:00,0.24303061673868018,0
2014-12-22 02:00:00,0.3334821930613885,0
2014-12-22 03:00:00,0.2932271973176018,0
2014-12-22 04:00:00,0.21412569244978485,0
2014-12-22 05:00:00,0.2713563976238974,0
2014-12-22 06:00:00,0.3288884620731137,0
2014-12-22 07:00:00,0.3191347925172004,0
2014-12-22 08:00:00,0.20966846007653292,0
2014-12-22 09:00:00,0.3466278637407863,0
2014-12-22 10:00:00,0.35415725122566843,0
2014-12-22 11:00:00,0.31629659640973345,0
2014-12-22 12:00:00,0.30290861730152996,0
2014-12-22 13:00:00,0.4249156286607448,0
2014-12-22 14:00:00,0.3387434557243766,0
2014-12-22 15:00:00,0.346472954391135,0
2014-12-22 16:00:00,0.30216088903815896,0
2014-12-22 17:00:00,0.29689978899746156,0
2014-12-22 18:00:00,0.29348245964585234,0
2014-12-22 19:00:00,0.3463020569424803,0
2014-12-22 20:00:00,0.4290700102360342,0
2014-12-22 21:00:00,0.45079600454355856,0
2014-12-22 22:00:00,0.4471267896070663,0
2014-12-22 23:00:00,0.43967271080220005,0
2014-12-23 00:00:00,0.37675779306208085,0
2014-12-23 01:00:00,0.33789551488888364,0
2014-12-23 02:00:00,0.3817183811867475,0
2014-12-23 03:00:00,0.2946092320211084,0
2014-12-23 04:00:00,0.3912098976509949,0
2014-12-23 05:00:00,0.48230378025208964,0
2014-12-23 06:00:00,0.41954799973436796,0
2014-12-23 07:00:00,0.4662957626876983,0
2014-12-23 08:00:00,0.4439999394575554,0
2014-12-23 09:00:00,0.3926139403104083,0
2014-12-23 10:00:00,0.5076792094224164,0
2014-12-23 11:00:00,0.4319090579543994,0
2014-12-23 12:00:00,0.39671646404025507,0
2014-12-23 13:00:00,0.44683416381765817,0
2014-12-23 14:00:00,0.3811625865713094,0
2014-12-23 15:00:00,0.48987413353868203,0
2014-12-23 16:00:00,0.4779988092395375,0
2014-12-23 17:00:00,0.44437061568881386,0
2014-12-23 18:00:00,0.44242892834179104,0
2014-12-23 19:00:00,0.5088725741965912,0
2014-12-23 20:00:00,0.4249055210218562,0
2014-12-23 21:00:00,0.43210902693728576,0
2014-12-23 22:00:00,0.4976379474503177,0
2014-12-23 23:00:00,0.46280708217748445,0
2014-12-24 00:00:00,0.5268108671105879,0
2014-12-24 01:00:00,0.48094300480575225,0
2014-12-24 02:00:00,0.5455532515132265,0
2014-12-24 03:00:00,0.518176593738036,0
2014-12-24 04:00:00,0.4010677448729953,0
2014-12-24 05:00:00,0.4442035904161231,0
2014-12-24 06:00:00,0.5622871998213824,0
2014-12-24 07:00:00,0.5393033243875246,0
2014-12-24 08:00:00,0.46942237168026774,0
2014-12-24 09:00:00,0.4556319184990781,0
2014-12-24 10:00:00,0.5628885371899102,0
2014-12-24 11:00:00,0.48450287733283404,0
2014-12-24 12:00:00,0.6018556252279413,0
2014-12-24 13:00:00,0.6030076068793208,0
2014-12-24 14:00:00,0.46369821536703837,0
2014-12-24 15:00:00,0.492731762798623,0
2014-12-24 16:00:00,0.4771396988543004,0
2014-12-24 17:00:00,0.5634531661817117,0
2014-12-24 18:00:00,0.47944500427368614,0
2014-12-24 19:00:00,0.44864432900332546,0
2014-12-24 20:00:00,0.6285755427041045,0
2014-12-24 21:00:00,0.5856595799012966,0
2014-12-24 22:00:00,0.5789382831034271,0
2014-12-24 23:00:00,0.5153566452780682,0
2014-12-25 00:00:00,0.5453825420578098,0
2014-12-25 01:00:00,0.57434570737851,0
2014-12-25 02:00:00,0.49200423958888895,0
2014-12-25 03:00:00,0.5438523563612154,0
2014-12-25 04:00:00,0.5579540021731175,0
2014-12-25 05:00:00,0.6253960821351633,0
2014-12-25 06:00:00,0.5799593812206059,0
2014-12-25 07:00:00,0.6086672456829675,0
2014-12-25 08:00:00,0.5590108895775285,0
2014-12-25 09:00:00,0.5043528220368027,0
2014-12-25 10:00:00,0.5385575464529169,0
2014-12-25 11:00:00,0.4805140368461947,0
2014-12-25 12:00:00,0.5944638467458745,0
2014-12-25 13:00:00,0.6158263081392226,0
2014-12-25 14:00:00,0.5506676592774853,0
2014-12-25 15:00:00,0.510053505351774,0
2014-12-25 16:00:00,0.6004810872291858,0
2014-12-25 17:00:00,0.5583465965988311,0
2014-12-25 18:00:00,0.5346471571614748,0
2014-12-25 19:00:00,0.6002343386340889,0
2014-12-25 20:00:00,0.5166859406293031,0
2014-12-25 21:00:00,0.5995809751083521,0
2014-12-25 22:00:00,0.5110774952258483,0
2014-12-25 23:00:00,0.564121330721361,0
2014-12-26 00:00:00,0.5848287328843954,0
2014-12-26 01:00:00,0.48568532380264573,0
2014-12-26 02:00:00,0.5603592080415664,0
2014-12-26 03:00:00,0.5364196524798713,0
2014-12-26 04:00:00,0.5693456899450043,0
2014-12-26 05:00:00,0.5032841444889956,0
2014-12-26 06:00:00,0.5322524364823847,0
2014-12-26 07:00:00,0.5948409240605557,0
2014-12-26 08:00:00,0.5395002463573778,0
2014-12-26 09:00:00,0.5661301644567656,0
2014-12-26 10:00:00,0.518062380766841,0
2014-12-26 11:00:00,0.48025371158933067,0
2014-12-26 12:00:00,0.5225969406032562,0
2014-12-26 13:00:00,0.4668066251746771,0
2014-12-26 14:00:00,0.4040367590293753,0
2014-12-26 15:00:00,0.5667684944996394,0
2014-12-26 16:00:00,0.4649768021832974,0
2014-12-26 17:00:00,0.42972763806334374,0
2014-12-26 18:00:00,0.5507788323434837,0
2014-12-26 19:00:00,0.5036159513249513,0
2014-12-26 20:00:00,0.4748024753457004,0
2014-12-26 21:00:00,0.49025578379109447,0
2014-12-26 22:00:00,0.4762318489276765,0
2014-12-26 23:00:00,0.5355196330979561,0
2014-12-27 00:00:00,0.5204535579335703,0
2014-12-27 01:00:00,0.4093554855488219,0
2014-12-27 02:00:00,0.4973440214055893,0
2014-12-27 03:00:00,0.5103286140513307,0
2014-12-27 04:00:00,0.5042925599356715,0
2014-12-27 05:00:00,0.3649597646892506,0
2014-12-27 06:00:00,0.45754088079344857,0
2014-12-27 07:00:00,0.5512240720514907,0
2014-12-27 08:00:00,0.49564091008313227,0
2014-12-27 09:00:00,0.381907601709026,0
2014-12-27 10:00:00,0.38020759521398184,0
2014-12-27 11:00:00,0.47110940435718884,0
2014-12-27 12:00:00,0.4381360531773903,0
2014-12-27 13:00:00,0.48421431801996745,0
2014-12-27 14:00:00,0.45109424182294766,0
2014-12-27 15:00:00,0.43792262382733,0
2014-12-27 16:00:00,0.43859123652622545,0
2014-12-27 17:00:00,0.433973851243805,0
2014-12-27 18:00:00,0.36705044329268566,0
2014-12-27 19:00:00,0.5221263758650672,0
2014-12-27 20:00:00,0.3530531149132484,0
2014-12-27 21:00:00,0.4104470363609071,0
2014-12-27 22:00:00,0.38341371374655236,0
2014-12-27 23:00:00,0.48251028630840426,0
2014-12-28 00:00:00,0.44401314637517897,0
2014-12-28 01:00:00,0.3709854722855045,0
2014-12-28 02:00:00,0.4009296218565729,0
2014-12-28 03:00:00,0.43927461111643146,0
2014-12-28 04:00:00,0.4825061623879653,0
2014-12-28 05:00:00,0.3937882791514002,0
2014-12-28 06:00:00,0.33097629557754177,0
2014-12-28 07:00:00,0.3298425705380286,0
2014-12-28 08:00:00,0.45743435459108805,0
2014-12-28 09:00:00,0.27475077375443424,0
2014-12-28 10:00:00,0.49626929789936053,0
2014-12-28 11:00:00,0.34700450355221857,0
2014-12-28 12:00:00,0.3349857154967573,0
2014-12-28 13:00:00,0.35836603045272525,0
2014-12-28 14:00:00,0.38899093418107294,0
2014-12-28 15:00:00,0.35789930788951985,0
2014-12-28 16:00:00,0.25534253563217113,0
2014-12-28 17:00:00,0.3534904527561591,0
2014-12-28 18:00:00,0.3545131217442594,0
2014-12-28 19:00:00,0.36052544559859023,0
2014-12-28 20:00:00,0.2831508580310527,0
2014-12-28 21:00:00,0.22127307117156506,0
2014-12-28 22:00:00,0.3081733251448696,0
2014-12-28 23:00:00,0.2780489647864006,0
2014-12-29 00:00:00,0.28304948564432963,0
2014-12-29 01:00:00,0.27203698973010665,0
2014-12-29 02:00:00,0.293761622428,0
2014-12-29 03:00:00,0.2949675233961602,0
2014-12-29 04:00:00,0.3410739351601172,0
2014-12-29 05:00:00,0.3469907025972076,0
2014-12-29 06:00:00,0.2664154288906577,0
2014-12-29 07:00:00,0.28547569176623033,0
2014-12-29 08:00:00,0.3127292922544778,0
2014-12-29 09:00:00,0.3561946439397055,0
2014-12-29 10:00:00,0.2902973394116086,0
2014-12-29 11:00:00,0.2162391649312178,0
2014-12-29 12:00:00,0.29922022389606073,0
2014-12-29 13:00:00,0.2820898579856923,0
2014-12-29 14:00:00,0.3635458692546163,0
2014-12-29 15:00:00,0.2992624600502021,0
2014-12-29 16:00:00,0.2553961084529016,0
2014-12-29 17:00:00,0.2621377071912561,0
2014-12-29 18:00:00,0.2580330298905423,0
2014-12-29 19:00:00,0.28728319915273376,0
2014-12-29 20:00:00,0.2858534375230262,0
2014-12-29 21:00:00,0.31742651379624837,0
2014-12-29 22:00:00,0.29047032883634283,0
2014-12-29 23:00:00,0.2596164188143443,0
2014-12-30 00:00:00,0.23383069785569005,0
2014-12-30 01:00:00,0.30254516393309416,0
2014-12-30 02:00:00,0.2715635353171462,0
2014-12-30 03:00:00,0.28208562397365305,0
2014-12-30 04:00:00,0.32238375256311086,0
2014-12-30 05:00:00,0.3508284299520066,0
2014-12-30 06:00:00,0.23206985658627108,0
2014-12-30 07:00:00,0.346355286963504,0
2014-12-30 08:00:00,0.236384078339045,0
2014-12-30 09:00:00,0.286558685140971,0
2014-12-30 10:00:00,0.2851488748412014,0
2014-12-30 11:00:00,0.26385362823266445,0
2014-12-30 12:00:00,0.3379914571440565,0
2014-12-30 13:00:00,1.0,1
2014-12-30 14:00:00,0.3075826402988705,0
2014-12-30 15:00:00,0.27906247561569203,0
2014-12-30 16:00:00,0.23991559242284383,0
2014-12-30 17:00:00,0.33546064349468757,0
2014-12-30 18:00:00,0.19179179861802795,0
2014-12-30 19:00:00,0.261903070944237,0
2014-12-30 20:00:00,0.2189225654297543,0
2014-12-30 21:00:00,0.2968657742517012,0
2014-12-30 22:00:00,0.30176096838511857,0
2014-12-30 23:00:00,0.24293376432154992,0
2014-12-31 00:00:00,0.32267673224110366,0
2014-12-31 01:00:00,0.2508453465474107,0
2014-12-31 02:00:00,0.32738027707041656,0
2014-12-31 03:00:00,0.31119211286847526,0
2014-12-31 04:00:00,0.33457511786340305,0
2014-12-31 05:00:00,0.2644533648228277,0
2014-12-31 06:00:00,0.312460343145581,0
2014-12-31 07:00:00,0.2906400792652084,0
2014-12-31 08:00:00,0.24923909277492978,0
2014-12-31 09:00:00,0.32332821441092535,0
2014-12-31 10:00:00,0.3974820918672224,0
2014-12-31 11:00:00,0.29416152911376464,0
2014-12-31 12:00:00,0.31697376742891253,0
2014-12-31 13:00:00,0.3592262579059162,0
2014-12-31 14:00:00,0.333827798637002,0
2014-12-31 15:00:00,0.4209588861956707,0
2014-12-31 16:00:00,0.37141430503867123,0
2014-12-31 17:00:00,0.4444941519402736,0
2014-12-31 18:00:00,0.3614453221562872,0
2014-12-31 19:00:00,0.299966481169368,0
2014-12-31 20:00:00,0.3719809318439383,0
2014-12-31 21:00:00,0.31664394852250866,0
2014-12-31 22:00:00,0.316853385261497,0
2014-12-31 23:00:00,0.356651506161132,0
2015-01-01 00:00:00,0.4099353418890227,0
2015-01-01 01:00:00,0.3880218423888829,0
2015-01-01 02:00:00,0.4127172998990635,0
2015-01-01 03:00:00,0.42126348998714114,0
2015-01-01 04:00:00,0.3776565885531745,0
2015-01-01 05:00:00,0.283884631505435,0
2015-01-01 06:00:00,0.42856490630781896,0
2015-01-01 07:00:00,0.4931334181703746,0
2015-01-01 08:00:00,0.40472586371185015,0
2015-01-01 09:00:00,0.34697962445329755,0
2015-01-01 10:00:00,0.39469522897597775,0
2015-01-01 11:00:00,0.3741720816648627,0
2015-01-01 12:00:00,0.4177857019113231,0
2015-01-01 13:00:00,0.4537274964203077,0
2015-01-01 14:00:00,0.4665220395768876,0
2015-01-01 15:00:00,0.44324739962189313,0
2015-01-01 16:00:00,0.3963604145556551,0
2015-01-01 17:00:00,0.47756406189639194,0
2015-01-01 18:00:00,0.5055364140492816,0
2015-01-01 19:00:00,0.5496946387370676,0
2015-01-01 20:00:00,0.43358852349347704,0
2015-01-01 21:00:00,0.48056057681563463,0
2015-01-01 22:00:00,0.5166275440434246,0
2015-01-01 23:00:00,0.4635437278975648,0
2015-01-02 00:00:00,0.4961473726740406,0
2015-01-02 01:00:00,0.4869384307372073,0
2015-01-02 02:00:00,0.47602297612940553,0
2015-01-02 03:00:00,0.4937135294667271,0
2015-01-02 04:00:00,0.5330432746254489,0
2015-01-02 05:00:00,0.5129600860342431,0
2015-01-02 06:00:00,0.47882527469042074,0
2015-01-02 07:00:00,0.4052131036370081,0
2015-01-02 08:00:00,0.47289819609519934,0
2015-01-02 09:00:00,0.511136457428759,0
2015-01-02 10:00:00,0.4057382445424281,0
2015-01-02 11:00:00,0.6173817712420755,0
2015-01-02 12:00:00,0.45896046266916435,0
2015-01-02 13:00:00,0.4773819828125048,0
2015-01-02 14:00:00,0.5963463405442224,0
2015-01-02 15:00:00,0.4400577138507795,0
2015-01-02 16:00:00,0.5725451515207812,0
2015-01-02 17:00:00,0.5287712315563431,0
2015-01-02 18:00:00,0.5676322253593056,0
2015-01-02 19:00:00,0.5898429217652847,0
2015-01-02 20:00:00,0.5127832118148332,0
2015-01-02 21:00:00,0.5274089100423716,0
2015-01-02 22:00:00,0.4302464932848753,0
2015-01-02 23:00:00,0.5230463957948921,0
2015-01-03 00:00:00,0.585262232026646,0
2015-01-03 01:00:00,0.5939793312184248,0
2015-01-03 02:00:00,0.6639755992657594,0
2015-01-03 03:00:00,0.580859189572166,0
2015-01-03 04:00:00,0.6013709597707882,0
2015-01-03 05:00:00,0.5871929659534086,0
2015-01-03 06:00:00,0.5653411211540857,0
2015-01-03 07:00:00,0.6223375181562371,0
2015-01-03 08:00:00,0.6124679608007447,0
2015-01-03 09:00:00,0.6003036903585719,0
2015-01-03 10:00:00,0.5612518224665758,0
2015-01-03 11:00:00,0.5976525402014466,0
2015-01-03 12:00:00,0.6359875479181173,0
2015-01-03 13:00:00,0.6335319377229008,0
2015-01-03 14:00:00,0.5846799767262623,0
2015-01-03 15:00:00,0.5784440163554279,0
2015-01-03 16:00:00,0.63220286305868,0
2015-01-03 17:00:00,0.6574953626449384,0
2015-01-03 18:00:00,0.618388303912685,0
2015-01-03 19:00:00,0.600849702400226,0
2015-01-03 20:00:00,0.5773624712682452,0
2015-01-03 21:00:00,0.5989499435775218,0
2015-01-03 22:00:00,0.5534603933849893,0
2015-01-03 23:00:00,0.5890634345220801,0
2015-01-04 00:00:00,0.6705336478574312,0
2015-01-04 01:00:00,0.6704114417309992,0
2015-01-04 02:00:00,0.5841130682580067,0
2015-01-04 03:00:00,0.6322806503864525,0
2015-01-04 04:00:00,0.6266320609982947,0
2015-01-04 05:00:00,0.551011070050345,0
2015-01-04 06:00:00,0.6599804358732642,0
2015-01-04 07:00:00,0.5406082689311617,0
2015-01-04 08:00:00,0.5699557356491675,0
2015-01-04 09:00:00,0.668553890066752,0
2015-01-04 10:00:00,0.6008564531676659,0
2015-01-04 11:00:00,0.6148922451252705,0
2015-01-04 12:00:00,0.5528364922603125,0
2015-01-04 13:00:00,0.5599106023194251,0
2015-01-04 14:00:00,0.6385027520306052,0
2015-01-04 15:00:00,0.6147735616343476,0
2015-01-04 16:00:00,0.5957052742196037,0
2015-01-04 17:00:00,0.5622251213953086,0
2015-01-04 18:00:00,0.5716496732888058,0
2015-01-04 19:00:00,0.7081869809707264,0
2015-01-04 20:00:00,0.6032437093730497,0
2015-01-04 21:00:00,0.6502913507756732,0
2015-01-04 22:00:00,0.6493879847496441,0
2015-01-04 23:00:00,0.646945000899021,0
2015-01-05 00:00:00,0.6247850677967092,0
2015-01-05 01:00:00,0.5551507447601101,0
2015-01-05 02:00:00,0.5640346771917455,0
2015-01-05 03:00:00,0.6394936101407004,0
2015-01-05 04:00:00,0.5470615894799423,0
2015-01-05 05:00:00,0.6256283857147314,0
2015-01-05 06:00:00,0.5768736339768572,0
2015-01-05 07:00:00,0.5805674257549581,0
2015-01-05 08:00:00,0.5610573529457965,0
2015-01-05 09:00:00,0.583212116117893,0
2015-01-05 10:00:00,0.6293465482422853,0
2015-01-05 11:00:00,0.608170100171392,0
2015-01-05 12:00:00,0.5753749978011709,0
2015-01-05 13:00:00,0.6210585099905741,0
2015-01-05 14:00:00,0.6527680302105799,0
2015-01-05 15:00:00,0.5768757012315937,0
2015-01-05 16:00:00,0.5948648465474963,0
2015-01-05 17:00:00,0.5833984938782997,0
2015-01-05 18:00:00,0.5251433624517613,0
2015-01-05 19:00:00,0.5242455546021133,0
2015-01-05 20:00:00,0.6460408832280448,0
2015-01-05 21:00:00,0.5971604092243744,0
2015-01-05 22:00:00,0.5877196689676839,0
2015-01-05 23:00:00,0.5582286801604897,0
2015-01-06 00:00:00,0.5696330704437016,0
2015-01-06 01:00:00,0.5515044664505444,0
2015-01-06 02:00:00,0.5431536916962582,0
2015-01-06 03:00:00,0.5475525867129866,0
2015-01-06 04:00:00,0.489752746141229,0
2015-01-06 05:00:00,0.6359425677412646,0
2015-01-06 06:00:00,0.5620238472175988,0
2015-01-06 07:00:00,0.5120567544269728,0
2015-01-06 08:00:00,0.5726154423362055,0
2015-01-06 09:00:00,0.4880300758727675,0
2015-01-06 10:00:00,0.586938053723787,0
2015-01-06 11:00:00,0.4906535243222984,0
2015-01-06 12:00:00,0.40218714241890485,0
2015-01-06 13:00:00,0.5602092513678182,0
2015-01-06 14:00:00,0.5461684698735517,0
2015-01-06 15:00:00,0.45857034072991115,0
2015-01-06 16:00:00,0.4267643386162848,0
2015-01-06 17:00:00,0.40426201190756644,0
2015-01-06 18:00:00,0.469143070637143,0
2015-01-06 19:00:00,0.39654299084388145,0
2015-01-06 20:00:00,0.437450966005951,0
2015-01-06 21:00:00,0.4765486320789282,0
2015-01-06 22:00:00,0.503093238180507,0
2015-01-06 23:00:00,0.42567831262845135,0
2015-01-07 00:00:00,0.45244899200841066,0
2015-01-07 01:00:00,0.4652824054254819,0
2015-01-07 02:00:00,0.5258096266296086,0
2015-01-07 03:00:00,0.40447645782571634,0
2015-01-07 04:00:00,0.3724019374186236,0
2015-01-07 05:00:00,0.35812297729810716,0
2015-01-07 06:00:00,0.45994004928209714,0
2015-01-07 07:00:00,0.42928326945620127,0
2015-01-07 08:00:00,0.4622635998109752,0
2015-01-07 09:00:00,0.41864318036550546,0
2015-01-07 10:00:00,0.4386124664898946,0
2015-01-07 11:00:00,0.4277637159427984,0
2015-01-07 12:00:00,0.415569269751457,0
2015-01-07 13:00:00,0.38384824183704647,0
2015-01-07 14:00:00,0.46336226199033753,0
2015-01-07 15:00:00,0.38690285456632145,0
2015-01-07 16:00:00,0.4308556498399013,0
2015-01-07 17:00:00,0.40571501419009265,0
2015-01-07 18:00:00,0.4737042760251067,0
2015-01-07 19:00:00,0.42374392077381634,0
2015-01-07 20:00:00,0.3747942309307501,0
2015-01-07 21:00:00,0.38641292119630233,0
2015-01-07 22:00:00,0.37857590603796115,0
2015-01-07 23:00:00,0.28959399380884737,0
2015-01-08 00:00:00,0.4533891709765183,0
2015-01-08 01:00:00,0.4230683938163995,0
2015-01-08 02:00:00,0.34026093469223084,0
2015-01-08 03:00:00,0.38837750533053433,0
2015-01-08 04:00:00,0.3799815934752313,0
2015-01-08 05:00:00,0.317455036665157,0
2015-01-08 06:00:00,0.4305758155210823,0
2015-01-08 07:00:00,0.35226758755190024,0
2015-01-08 08:00:00,0.3693558768089687,0
2015-01-08 09:00:00,0.3772927102218264,0
2015-01-08 10:00:00,0.31416577207856683,0
2015-01-08 11:00:00,0.30856897081316903,0
2015-01-08 12:00:00,0.3526202913379291,0
2015-01-08 13:00:00,0.3786665661060404,0
2015-01-08 14:00:00,0.3553236677261662,0
2015-01-08 15:00:00,0.381903806655941,0
2015-01-08 16:00:00,0.36453417637058455,0
2015-01-08 17:00:00,0.3728027441321459,0
2015-01-08 18:00:00,0.2863701514489074,0
2015-01-08 19:00:00,0.3769596543127487,0
2015-01-08 20:00:00,0.3118855904877988,0
2015-01-08 21:00:00,0.325574730711405,0
2015-01-08 22:00:00,0.3409891375689159,0
2015-01-08 23:00:00,0.2728973204519242,0
2015-01-09 00:00:00,0.3406814566783017,0
2015-01-09 01:00:00,0.3256295381299124,0
2015-01-09 02:00:00,0.31339638172726797,0
2015-01-09 03:00:00,0.3207108276953308,0
2015-01-09 04:00:00,0.399994484398387,0
2015-01-09 05:00:00,0.29034145089682445,0
2015-01-09 06:00:00,0.3366201237632441,0
2015-01-09 07:00:00,0.23807308611896483,0
2015-01-09 08:00:00,0.3176988264312331,0
2015-01-09 09:00:00,0.32607059192508236,0
2015-01-09 10:00:00,0.4167130453464645,0
2015-01-09 11:00:00,0.3077246411223488,0
2015-01-09 12:00:00,0.31277812191905746,0
2015-01-09 13:00:00,0.29091742743813026,0
2015-01-09 14:00:00,0.3615203012044126,0
2015-01-09 15:00:00,0.4057408326693697,0
2015-01-09 16:00:00,0.30395428756461873,0
2015-01-09 17:00:00,0.3395378876286441,0
2015-01-09 18:00:00,0.41998883589377056,0
2015-01-09 19:00:00,0.331779876398998,0
2015-01-09 20:00:00,0.3938931485024075,0
2015-01-09 21:00:00,0.3829471871051152,0
2015-01-09 22:00:00,0.31066383814630755,0
2015-01-09 23:00:00,0.42369194350456846,0
2015-01-10 00:00:00,0.4075210276859921,0
2015-01-10 01:00:00,0.3536029130071569,0
2015-01-10 02:00:00,0.3378822534162218,0
2015-01-10 03:00:00,0.3630707791373926,0
2015-01-10 04:00:00,0.41869405111748986,0
2015-01-10 05:00:00,0.36097396329716813,0
2015-01-10 06:00:00,0.3063436079709325,0
2015-01-10 07:00:00,0.3853667745711103,0
2015-01-10 08:00:00,0.42861463279101597,0
2015-01-10 09:00:00,0.34695950055759,0
2015-01-10 10:00:00,0.39064999854516724,0
2015-01-10 11:00:00,0.35073231011922334,0
2015-01-10 12:00:00,0.41292544872614556,0
2015-01-10 13:00:00,0.40543598036264356,0
2015-01-10 14:00:00,0.41330681146649856,0
2015-01-10 15:00:00,0.39105455884561857,0
2015-01-10 16:00:00,0.39089880213209605,0
2015-01-10 17:00:00,0.4640568613377811,0
2015-01-10 18:00:00,0.4341947769795448,0
2015-01-10 19:00:00,0.4252198622797719,0
2015-01-10 20:00:00,0.29622054034933537,0
2015-01-10 21:00:00,0.385279829160107,0
2015-01-10 22:00:00,0.4788247685264309,0
2015-01-10 23:00:00,0.43151721621671996,0
2015-01-11 00:00:00,0.4004278883922811,0
2015-01-11 01:00:00,0.43835651389392555,0
2015-01-11 02:00:00,0.4453525654643266,0
2015-01-11 03:00:00,0.4440599109165772,0
2015-01-11 04:00:00,0.49216375195919776,0
2015-01-11 05:00:00,0.5414516949880069,0
2015-01-11 06:00:00,0.5223858697037432,0
2015-01-11 07:00:00,0.538078930430635,0
2015-01-11 08:00:00,0.47324868548242954,0
2015-01-11 09:00:00,0.5292249151430386,0
2015-01-11 10:00:00,0.4534800148241003,0
2015-01-11 11:00:00,0.4948937460860783,0
2015-01-11 12:00:00,0.6014429261262603,0
2015-01-11 13:00:00,0.5093613316155171,0
2015-01-11 14:00:00,0.5009860183376014,0
2015-01-11 15:00:00,0.493210883191006,0
2015-01-11 16:00:00,0.5572167049942272,0
2015-01-11 17:00:00,0.6203175503359094,0
2015-01-11 18:00:00,0.5503860926075962,0
2015-01-11 19:00:00,0.5252705812021212,0
2015-01-11 20:00:00,0.6322721250292359,0
2015-01-11 21:00:00,0.5114250734719142,0
2015-01-11 22:00:00,0.5997447027105582,0
2015-01-11 23:00:00,0.5359441294925611,0
2015-01-12 00:00:00,0.5139525447874165,0
2015-01-12 01:00:00,0.6166845064331349,0
2015-01-12 02:00:00,0.4884590895185142,0
2015-01-12 03:00:00,0.5582570297498795,0
2015-01-12 04:00:00,0.5767354315597731,0
2015-01-12 05:00:00,0.5608505606896363,0
2015-01-12 06:00:00,0.5125207005102647,0
2015-01-12 07:00:00,0.5604313769073603,0
2015-01-12 08:00:00,0.52431430752401,0
2015-01-12 09:00:00,0.6812086822926562,0
2015-01-12 10:00:00,0.5191954199084786,0
2015-01-12 11:00:00,0.5121930710780825,0
2015-01-12 12:00:00,0.6392214011357633,0
2015-01-12 13:00:00,0.6522683337278647,0
2015-01-12 14:00:00,0.6075798080333881,0
2015-01-12 15:00:00,0.6108140234064369,0
2015-01-12 16:00:00,0.6553849857902887,0
2015-01-12 17:00:00,0.6885491949187835,0
2015-01-12 18:00:00,0.5607719405891606,0
2015-01-12 19:00:00,0.6913540223712683,0
2015-01-12 20:00:00,0.6460320346096681,0
2015-01-12 21:00:00,0.6258046856642692,0
2015-01-12 22:00:00,0.6994777051118091,0
2015-01-12 23:00:00,0.6883134598220555,0
2015-01-13 00:00:00,0.7062087910541183,0
2015-01-13 01:00:00,0.6402540272780052,0
2015-01-13 02:00:00,0.6900018735560263,0
2015-01-13 03:00:00,0.671685205400387,0
2015-01-13 04:00:00,0.6386765994888879,0
2015-01-13 05:00:00,0.7411688037593241,0
2015-01-13 06:00:00,0.6736054316312496,0
2015-01-13 07:00:00,0.6665151720238975,0
2015-01-13 08:00:00,0.6944664396396942,0
2015-01-13 09:00:00,0.6905715227059028,0
2015-01-13 10:00:00,0.6445795282888441,0
2015-01-13 11:00:00,0.675261233225022,0
2015-01-13 12:00:00,0.7939873199370812,0
2015-01-13 13:00:00,0.6781441590565577,0
2015-01-13 14:00:00,0.6700331454011943,0
2015-01-13 15:00:00,0.7169036215036797,0
2015-01-13 16:00:00,0.7037874896749365,0
2015-01-13 17:00:00,0.6639091881539942,0
2015-01-13 18:00:00,0.6412872261733956,0
2015-01-13 19:00:00,0.7272534190624406,0
2015-01-13 20:00:00,0.696310290732972,0
2015-01-13 21:00:00,0.7132328445550981,0
2015-01-13 22:00:00,0.6801114240037065,0
2015-01-13 23:00:00,0.6210903672905254,0
2015-01-14 00:00:00,0.6973156764678619,0
2015-01-14 01:00:00,0.7997937380960856,0
2015-01-14 02:00:00,0.6310150299830871,0
2015-01-14 03:00:00,0.6522629259114848,0
2015-01-14 04:00:00,0.637026047555837,0
2015-01-14 05:00:00,0.6797462710989672,0
2015-01-14 06:00:00,0.7564219774154717,0
2015-01-14 07:00:00,0.6888746909460388,0
2015-01-14 08:00:00,0.6841315186323573,0
2015-01-14 09:00:00,0.6383992089834837,0
2015-01-14 10:00:00,0.6973891863763569,0
2015-01-14 11:00:00,0.7394130900564133,0
2015-01-14 12:00:00,0.7925207235629028,0
2015-01-14 13:00:00,0.7501997006532809,0
2015-01-14 14:00:00,0.6533481846906373,0
2015-01-14 15:00:00,0.6684542458405025,0
2015-01-14 16:00:00,0.7161174514647299,0
2015-01-14 17:00:00,0.6877818922842569,0
2015-01-14 18:00:00,0.6989963474880554,0
2015-01-14 19:00:00,0.6278496405817663,0
2015-01-14 20:00:00,0.6652307592462294,0
2015-01-14 21:00:00,0.6416572737061041,0
2015-01-14 22:00:00,0.6398452580453309,0
2015-01-14 23:00:00,0.6472393787341387,0
2015-01-15 00:00:00,0.6586869132612523,0
2015-01-15 01:00:00,0.6746531959139539,0
2015-01-15 02:00:00,0.7006288620540166,0
2015-01-15 03:00:00,0.6482627546708023,0
2015-01-15 04:00:00,0.6307150354525272,0
2015-01-15 05:00:00,0.736975492288495,0
2015-01-15 06:00:00,0.707202384488189,0
2015-01-15 07:00:00,0.6916325664732563,0
2015-01-15 08:00:00,0.7330827295855463,0
2015-01-15 09:00:00,0.6127971025296557,0
2015-01-15 10:00:00,0.7429587158634658,0
2015-01-15 11:00:00,0.704006505796589,0
2015-01-15 12:00:00,0.6607195693792589,0
2015-01-15 13:00:00,0.6716785547160361,0
2015-01-15 14:00:00,0.6439084231330928,0
2015-01-15 15:00:00,0.633237605601323,0
2015-01-15 16:00:00,0.5657067254405858,0
2015-01-15 17:00:00,0.6643137080452903,0
2015-01-15 18:00:00,0.7224977414670729,0
2015-01-15 19:00:00,0.7168442130832253,0
2015-01-15 20:00:00,0.6291231382486551,0
2015-01-15 21:00:00,0.613479778185487,0
2015-01-15 22:00:00,0.6227147213692403,0
2015-01-15 23:00:00,0.661508721399738,0
2015-01-16 00:00:00,0.6724793616932847,0
2015-01-16 01:00:00,0.6218927628297977,0
2015-01-16 02:00:00,0.6492553881574393,0
2015-01-16 03:00:00,0.5954362998758993,0
2015-01-16 04:00:00,0.6147613440104036,0
2015-01-16 05:00:00,0.6412222486359556,0
2015-01-16 06:00:00,0.7452188285524183,0
2015-01-16 07:00:00,0.5792029448527509,0
2015-01-16 08:00:00,0.5484118852936805,0
2015-01-16 09:00:00,0.5934999572701445,0
2015-01-16 10:00:00,0.5522484277473797,0
2015-01-16 11:00:00,0.5941126982536937,0
2015-01-16 12:00:00,0.577331503918075,0
2015-01-16 13:00:00,0.6162760760203075,0
2015-01-16 14:00:00,0.5124453421681017,0
2015-01-16 15:00:00,0.4977767233509573,0
2015-01-16 16:00:00,0.6156999697794661,0
2015-01-16 17:00:00,0.5528858871222713,0
2015-01-16 18:00:00,0.4986277563628737,0
2015-01-16 19:00:00,0.4881399789628597,0
2015-01-16 20:00:00,0.5072152205256536,0
2015-01-16 21:00:00,0.5536002755060507,0
2015-01-16 22:00:00,0.500726282514226,0
2015-01-16 23:00:00,0.5790552658380833,0
2015-01-17 00:00:00,0.5270995214828246,0
2015-01-17 01:00:00,0.5212899936116544,0
2015-01-17 02:00:00,0.5083354010581866,0
2015-01-17 03:00:00,0.4923132926927351,0
2015-01-17 04:00:00,0.4944221257113235,0
2015-01-17 05:00:00,0.549022336846846,0
2015-01-17 06:00:00,0.4359236925186351,0
2015-01-17 07:00:00,0.5389852089212025,0
2015-01-17 08:00:00,0.472438997622934,0
2015-01-17 09:00:00,0.5167451373842362,0
2015-01-17 10:00:00,0.47860261394108516,0
2015-01-17 11:00:00,0.4188098152321919,0
2015-01-17 12:00:00,0.48995905102491727,0
2015-01-17 13:00:00,0.4435549575715991,0
2015-01-17 14:00:00,0.517908236901439,0
2015-01-17 15:00:00,0.4291740259571936,0
2015-01-17 16:00:00,0.38407955676329203,0
2015-01-17 17:00:00,0.4222302243193383,0
2015-01-17 18:00:00,0.4318290484321409,0
2015-01-17 19:00:00,0.41796782662864984,0
2015-01-17 20:00:00,0.441175097155377,0
2015-01-17 21:00:00,0.4229113724101521,0
2015-01-17 22:00:00,0.42854780458859354,0
2015-01-17 23:00:00,0.4586055796641486,0
2015-01-18 00:00:00,0.3907943105657271,0
2015-01-18 01:00:00,0.47307298817929994,0
2015-01-18 02:00:00,0.4374511687618475,0
2015-01-18 03:00:00,0.43385196267063053,0
2015-01-18 04:00:00,0.34416234741785817,0
2015-01-18 05:00:00,0.4185159833506939,0
2015-01-18 06:00:00,0.40559264932046485,0
2015-01-18 07:00:00,0.46555545481052646,0
2015-01-18 08:00:00,0.4878725284597875,0
2015-01-18 09:00:00,0.47941040314203226,0
2015-01-18 10:00:00,0.37508689453927624,0
2015-01-18 11:00:00,0.38777123120968815,0
2015-01-18 12:00:00,0.4176543447469046,0
2015-01-18 13:00:00,0.37400486448153025,0
2015-01-18 14:00:00,0.3491473536477566,0
2015-01-18 15:00:00,0.45353079524505563,0
2015-01-18 16:00:00,0.4210454613675407,0
2015-01-18 17:00:00,0.4444196786162814,0
2015-01-18 18:00:00,0.3640917885262076,0
2015-01-18 19:00:00,0.4015781408266545,0
2015-01-18 20:00:00,0.36480193545091927,0
2015-01-18 21:00:00,0.3796358216319583,0
2015-01-18 22:00:00,0.4260605116401254,0
2015-01-18 23:00:00,0.3802422795128976,0
2015-01-19 00:00:00,0.3725573834897544,0
2015-01-19 01:00:00,0.3590863245129713,0
2015-01-19 02:00:00,0.35383652784787845,0
2015-01-19 03:00:00,0.37941537393214525,0
2015-01-19 04:00:00,0.49273448866186703,0
2015-01-19 05:00:00,0.38981752401640263,0
2015-01-19 06:00:00,0.37053932309676535,0
2015-01-19 07:00:00,0.3586262307106328,0
2015-01-19 08:00:00,0.4147732913926673,0
2015-01-19 09:00:00,0.4052292302755707,0
2015-01-19 10:00:00,0.43485634586580757,0
2015-01-19 11:00:00,0.41272965332555234,0
2015-01-19 12:00:00,0.46471920873313954,0
2015-01-19 13:00:00,0.4598105819030682,0
2015-01-19 14:00:00,0.4762441142026855,0
2015-01-19 15:00:00,0.44233923474188774,0
2015-01-19 16:00:00,0.4824712559281708,0
2015-01-19 17:00:00,0.4321549177252412,0
2015-01-19 18:00:00,0.478577556442038,0
2015-01-19 19:00:00,0.4328537519865371,0
2015-01-19 20:00:00,0.4121466310524708,0
2015-01-19 21:00:00,0.39087471802416857,0
2015-01-19 22:00:00,0.4158029863147739,0
2015-01-19 23:00:00,0.41662787914188887,0
2015-01-20 00:00:00,0.4774729380240045,0
2015-01-20 01:00:00,0.4526383742606638,0
2015-01-20 02:00:00,0.43008586531348075,0
2015-01-20 03:00:00,0.42124561189967447,0
2015-01-20 04:00:00,0.530149364027167,0
2015-01-20 05:00:00,0.4564148732805901,0
2015-01-20 06:00:00,0.41514639016212096,0
2015-01-20 07:00:00,0.4543654390880641,0
2015-01-20 08:00:00,0.48068433115630493,0
2015-01-20 09:00:00,0.5165836600857187,0
2015-01-20 10:00:00,0.47975126211618874,0
2015-01-20 11:00:00,0.4919480993373449,0
2015-01-20 12:00:00,0.44500766124801056,0
2015-01-20 13:00:00,0.5293245224366329,0
2015-01-20 14:00:00,0.5024864117348723,0
2015-01-20 15:00:00,0.5342782061434628,0
2015-01-20 16:00:00,0.573720638144324,0
2015-01-20 17:00:00,0.5175696533998501,0
2015-01-20 18:00:00,0.5012841333658695,0
2015-01-20 19:00:00,0.48402695550921726,0
2015-01-20 20:00:00,0.49649157972223357,0
2015-01-20 21:00:00,0.4857537350433767,0
2015-01-20 22:00:00,0.5463483580526736,0
2015-01-20 23:00:00,0.46985344170203813,0
2015-01-21 00:00:00,0.46190543258339584,0
2015-01-21 01:00:00,0.5135307380287479,0
2015-01-21 02:00:00,0.5947750660685248,0
2015-01-21 03:00:00,0.5568925455105603,0
2015-01-21 04:00:00,0.5341603443679569,0
2015-01-21 05:00:00,0.5896669683616115,0
2015-01-21 06:00:00,0.5492361064892148,0
2015-01-21 07:00:00,0.5640533473945996,0
2015-01-21 08:00:00,0.5767538384879971,0
2015-01-21 09:00:00,0.625822791690562,0
2015-01-21 10:00:00,0.6392389384415355,0
2015-01-21 11:00:00,0.6432689044430937,0
2015-01-21 12:00:00,0.6344161932199085,0
