timestamp,value,anomaly_score,label
2014-11-23 08:00:00,-122.097268212,0.0,0
2014-11-23 09:00:00,86.7919749881,0.0,0
2014-11-23 10:00:00,-90.3267068052,0.0,0
2014-11-23 11:00:00,460.52077911,0.0,0
2014-11-23 12:00:00,231.335134021,0.0,0
2014-11-23 13:00:00,26.5384696861,0.0,0
2014-11-23 14:00:00,340.297966521,0.0,0
2014-11-23 15:00:00,430.963934891,0.0,0
2014-11-23 16:00:00,434.317161883,0.0,0
2014-11-23 17:00:00,285.952182062,0.0,0
2014-11-23 18:00:00,706.837860328,0.0,0
2014-11-23 19:00:00,507.462071359,0.0,0
2014-11-23 20:00:00,331.355902552,0.0,0
2014-11-23 21:00:00,32.2371443322,0.0,0
2014-11-23 22:00:00,773.858327757,0.0,0
2014-11-23 23:00:00,563.823269485,0.0,0
2014-11-24 00:00:00,606.531151873,0.0,0
2014-11-24 01:00:00,845.565924418,0.0,0
2014-11-24 02:00:00,855.979032538,0.0,0
2014-11-24 03:00:00,844.10471812,0.0,0
2014-11-24 04:00:00,948.580936201,0.0,0
2014-11-24 05:00:00,955.377405367,0.0,0
2014-11-24 06:00:00,841.52441272,0.0,0
2014-11-24 07:00:00,441.247114795,0.0,0
2014-11-24 08:00:00,1026.74728211,0.0,0
2014-11-24 09:00:00,918.829353742,0.0,0
2014-11-24 10:00:00,932.243113843,0.0,0
2014-11-24 11:00:00,688.955983001,0.0,0
2014-11-24 12:00:00,932.27961856,0.0,0
2014-11-24 13:00:00,1154.94583186,0.448275862069,0
2014-11-24 14:00:00,1386.72944957,0.0,0
2014-11-24 15:00:00,1111.33557523,0.0,0
2014-11-24 16:00:00,1247.47696186,0.0,0
2014-11-24 17:00:00,1186.64965101,0.0,0
2014-11-24 18:00:00,939.428190409,0.0,0
2014-11-24 19:00:00,1174.06144328,0.0,0
2014-11-24 20:00:00,1209.71140725,0.0,0
2014-11-24 21:00:00,1311.30810063,0.0,0
2014-11-24 22:00:00,1586.4723102,0.0,0
2014-11-24 23:00:00,1545.55974736,0.0,0
2014-11-25 00:00:00,1379.58891159,0.0,0
2014-11-25 01:00:00,1390.22101421,0.0,0
2014-11-25 02:00:00,1619.71210299,0.0,0
2014-11-25 03:00:00,1618.66934329,0.0,0
2014-11-25 04:00:00,1384.02728498,0.0,0
2014-11-25 05:00:00,1407.78817843,0.0,0
2014-11-25 06:00:00,1661.27797276,0.0625,0
2014-11-25 07:00:00,1773.35293235,0.0,0
2014-11-25 08:00:00,1613.88188207,0.0,0
2014-11-25 09:00:00,1849.44178551,0.0,0
2014-11-25 10:00:00,1773.0099068,0.0,0
2014-11-25 11:00:00,1584.88779206,0.0,0
2014-11-25 12:00:00,1810.54577551,0.0,0
2014-11-25 13:00:00,1524.34069892,0.305555555556,0
2014-11-25 14:00:00,2088.58819346,0.0,0
2014-11-25 15:00:00,2227.18018793,0.0,0
2014-11-25 16:00:00,1754.43427316,0.0,0
2014-11-25 17:00:00,1633.7094096,0.0,0
2014-11-25 18:00:00,1995.83331878,0.0,0
2014-11-25 19:00:00,1868.21890254,0.0,0
2014-11-25 20:00:00,2424.03763858,0.0,0
2014-11-25 21:00:00,1929.08127693,0.0,0
2014-11-25 22:00:00,2102.44035194,0.212121212121,0
2014-11-25 23:00:00,1981.83428304,0.0,0
2014-11-26 00:00:00,1837.58817095,0.0,0
2014-11-26 01:00:00,2052.21615952,0.0,0
2014-11-26 02:00:00,1648.9629326,0.0,0
2014-11-26 03:00:00,2355.93263926,0.0,0
2014-11-26 04:00:00,2095.3888206,0.0,0
2014-11-26 05:00:00,2537.28318934,0.0,0
2014-11-26 06:00:00,2194.46008621,0.0,0
2014-11-26 07:00:00,1959.04796147,0.0,0
2014-11-26 08:00:00,2251.8807984,0.0,0
2014-11-26 09:00:00,1939.54399353,0.0,0
2014-11-26 10:00:00,1885.19177684,0.0,0
2014-11-26 11:00:00,2223.72100139,0.0,0
2014-11-26 12:00:00,2080.65530823,0.0,0
2014-11-26 13:00:00,2185.83305168,0.0,0
2014-11-26 14:00:00,2212.14112663,0.0,0
2014-11-26 15:00:00,2082.36652249,0.0,0
2014-11-26 16:00:00,2096.51163899,0.0,0
2014-11-26 17:00:00,2197.16845235,0.0,0
2014-11-26 18:00:00,2482.90334847,0.0,0
2014-11-26 19:00:00,1920.93627718,0.0,0
2014-11-26 20:00:00,2375.26021932,0.0,0
2014-11-26 21:00:00,2327.16663874,0.0,0
2014-11-26 22:00:00,2487.65377996,0.0,0
2014-11-26 23:00:00,2205.03302806,0.0,0
2014-11-27 00:00:00,2352.61811269,0.0,0
2014-11-27 01:00:00,2335.68436831,0.0,0
2014-11-27 02:00:00,2169.09335044,0.0,0
2014-11-27 03:00:00,2542.12222906,0.0,0
2014-11-27 04:00:00,2535.26514276,0.0,0
2014-11-27 05:00:00,2440.7871096,0.0,0
2014-11-27 06:00:00,2629.95245561,0.0,0
2014-11-27 07:00:00,2414.52969811,0.0,0
2014-11-27 08:00:00,2028.35985061,0.0,0
2014-11-27 09:00:00,2177.27041611,0.0,0
2014-11-27 10:00:00,2039.82543276,0.0,0
2014-11-27 11:00:00,2197.80510255,0.0,0
2014-11-27 12:00:00,2165.75808323,0.0,0
2014-11-27 13:00:00,2303.99799884,0.0,0
2014-11-27 14:00:00,2100.86107156,0.0,0
2014-11-27 15:00:00,2323.8663017,0.107692307692,0
2014-11-27 16:00:00,2149.36927005,0.0,0
2014-11-27 17:00:00,2656.86155233,0.0,0
2014-11-27 18:00:00,2431.18482854,0.0,0
2014-11-27 19:00:00,2467.52581575,0.0,0
2014-11-27 20:00:00,2351.59133003,0.0,0
2014-11-27 21:00:00,2620.05216353,0.0,0
2014-11-27 22:00:00,2125.09917951,0.0,0
2014-11-27 23:00:00,2155.50719026,0.0,0
2014-11-28 00:00:00,2548.35503987,0.0,0
2014-11-28 01:00:00,2101.63710059,0.0,0
2014-11-28 02:00:00,2187.53537852,0.0,0
2014-11-28 03:00:00,2140.34409477,0.0,0
2014-11-28 04:00:00,2147.22428915,0.0,0
2014-11-28 05:00:00,2146.95581959,0.0,0
2014-11-28 06:00:00,2300.8256562,0.0,0
2014-11-28 07:00:00,2149.44331184,0.0,0
2014-11-28 08:00:00,2070.02391832,0.0,0
2014-11-28 09:00:00,2449.70380205,0.0,0
2014-11-28 10:00:00,2110.21693404,0.0,0
2014-11-28 11:00:00,2106.41454432,0.0,0
2014-11-28 12:00:00,2111.61414753,0.0,0
2014-11-28 13:00:00,2271.23462108,0.0,0
2014-11-28 14:00:00,2093.11050482,0.0,0
2014-11-28 15:00:00,2088.1341216,0.0,0
2014-11-28 16:00:00,1939.36765893,0.0,0
2014-11-28 17:00:00,2001.5899343,0.0,0
2014-11-28 18:00:00,2069.21683624,0.0,0
2014-11-28 19:00:00,1918.48669343,0.0,0
2014-11-28 20:00:00,2140.82745959,0.0,0
2014-11-28 21:00:00,1693.96640364,0.0,0
2014-11-28 22:00:00,2064.43419543,0.0,0
2014-11-28 23:00:00,1660.70943102,0.0,0
2014-11-29 00:00:00,1906.30104853,0.0,0
2014-11-29 01:00:00,1843.01341137,0.0,0
2014-11-29 02:00:00,1801.33879911,0.0,0
2014-11-29 03:00:00,1911.16293385,0.0,0
2014-11-29 04:00:00,1503.27294802,0.0,0
2014-11-29 05:00:00,2139.30410286,0.0,0
2014-11-29 06:00:00,1523.39608535,0.0,0
2014-11-29 07:00:00,1760.38908425,0.0,0
2014-11-29 08:00:00,1606.06261458,0.0,0
2014-11-29 09:00:00,1666.27634134,0.0,0
2014-11-29 10:00:00,2248.12898906,0.0,0
2014-11-29 11:00:00,1794.31604736,0.0,0
2014-11-29 12:00:00,1502.02668365,0.0,0
2014-11-29 13:00:00,1409.9514729,0.0,0
2014-11-29 14:00:00,1833.69534862,0.0,0
2014-11-29 15:00:00,1717.29076132,0.0,0
2014-11-29 16:00:00,1636.52079652,0.0,0
2014-11-29 17:00:00,1489.90043495,0.0,0
2014-11-29 18:00:00,1354.45162457,0.0,0
2014-11-29 19:00:00,1423.70836619,0.0,0
2014-11-29 20:00:00,1843.81752583,0.0,0
2014-11-29 21:00:00,1483.94203991,0.0,0
2014-11-29 22:00:00,1305.12451662,0.0,0
2014-11-29 23:00:00,1973.87062756,0.0,0
2014-11-30 00:00:00,1651.37171686,0.0,0
2014-11-30 01:00:00,1493.57078109,0.0,0
2014-11-30 02:00:00,1749.55061114,0.0,0
2014-11-30 03:00:00,1695.57784321,0.0,0
2014-11-30 04:00:00,1360.27196656,0.0,0
2014-11-30 05:00:00,1938.87804554,0.0,0
2014-11-30 06:00:00,1402.11744036,0.0,0
2014-11-30 07:00:00,1137.98795419,0.0,0
2014-11-30 08:00:00,1390.81753967,0.0,0
2014-11-30 09:00:00,1447.91816922,0.0,0
2014-11-30 10:00:00,1874.07573997,0.0,0
2014-11-30 11:00:00,1392.51506145,0.0,0
2014-11-30 12:00:00,1449.86041851,0.716417910448,0
2014-11-30 13:00:00,1320.5523961,0.0,0
2014-11-30 14:00:00,1249.92114875,0.0,0
2014-11-30 15:00:00,1296.80797599,0.15,0
2014-11-30 16:00:00,1454.25359114,0.0,0
2014-11-30 17:00:00,1710.06179295,0.0,0
2014-11-30 18:00:00,1473.29565023,0.0,0
2014-11-30 19:00:00,1495.93276518,0.136363636364,0
2014-11-30 20:00:00,966.030720568,0.0,0
2014-11-30 21:00:00,1418.45545283,0.0,0
2014-11-30 22:00:00,1242.51874129,0.0,0
2014-11-30 23:00:00,872.043408244,0.0,0
2014-12-01 00:00:00,1277.35469551,0.0,0
2014-12-01 01:00:00,1119.98421677,0.116279069767,0
2014-12-01 02:00:00,1448.85823549,0.0,0
2014-12-01 03:00:00,964.831627887,0.0,0
2014-12-01 04:00:00,1022.64990255,0.0,0
2014-12-01 05:00:00,905.279339122,0.0,0
2014-12-01 06:00:00,1050.9066226,0.0,0
2014-12-01 07:00:00,1161.01933347,0.0,0
2014-12-01 08:00:00,910.056234649,0.0,0
2014-12-01 09:00:00,1228.27370277,0.0,0
2014-12-01 10:00:00,787.127489253,0.0,0
2014-12-01 11:00:00,810.242738319,0.0,0
2014-12-01 12:00:00,1325.16094368,0.0,0
2014-12-01 13:00:00,796.824874205,0.0,0
2014-12-01 14:00:00,1088.57810537,0.0,0
2014-12-01 15:00:00,912.125647016,0.0,0
2014-12-01 16:00:00,1070.20384895,0.0,0
2014-12-01 17:00:00,1331.87325763,0.0,0
2014-12-01 18:00:00,1302.41294186,0.0,0
2014-12-01 19:00:00,890.371000744,0.0,0
2014-12-01 20:00:00,470.99254086,0.0,0
2014-12-01 21:00:00,1473.61023351,0.0,0
2014-12-01 22:00:00,1081.22930981,0.0,0
2014-12-01 23:00:00,1049.02786484,0.0,0
2014-12-02 00:00:00,926.770929809,0.0,0
2014-12-02 01:00:00,1032.488586,0.0,0
2014-12-02 02:00:00,885.902813371,0.5,0
2014-12-02 03:00:00,1005.56170502,0.0,0
2014-12-02 04:00:00,829.036211041,0.0,0
2014-12-02 05:00:00,621.556976942,0.0,0
2014-12-02 06:00:00,1116.78182001,0.0,0
2014-12-02 07:00:00,1227.19071279,0.0,0
2014-12-02 08:00:00,840.061000449,0.0,0
2014-12-02 09:00:00,639.950572641,0.0,0
2014-12-02 10:00:00,1039.61009886,0.0,0
2014-12-02 11:00:00,894.883165524,0.0,0
2014-12-02 12:00:00,539.348368362,0.0,0
2014-12-02 13:00:00,906.772686537,0.0,0
2014-12-02 14:00:00,775.123155141,0.0,0
2014-12-02 15:00:00,838.497353156,0.0,0
2014-12-02 16:00:00,669.264765554,0.0,0
2014-12-02 17:00:00,1297.16176412,0.0,0
2014-12-02 18:00:00,850.76737744,0.0,0
2014-12-02 19:00:00,586.352887824,0.0,0
2014-12-02 20:00:00,971.748801131,0.0,0
2014-12-02 21:00:00,991.242607703,0.0,0
2014-12-02 22:00:00,733.823255457,0.0,0
2014-12-02 23:00:00,338.940724311,0.0,0
2014-12-03 00:00:00,820.583151019,0.0,0
2014-12-03 01:00:00,1083.87634802,0.0,0
2014-12-03 02:00:00,959.225630359,0.0,0
2014-12-03 03:00:00,959.99378593,0.0,0
2014-12-03 04:00:00,1108.47966514,0.0,0
2014-12-03 05:00:00,749.795697029,0.0,0
2014-12-03 06:00:00,1242.10542903,0.0,0
2014-12-03 07:00:00,1020.65972683,0.0,0
2014-12-03 08:00:00,1182.68614958,0.0,0
2014-12-03 09:00:00,1263.85042745,0.0,0
2014-12-03 10:00:00,1105.57113162,0.0,0
2014-12-03 11:00:00,886.32443648,0.0,0
2014-12-03 12:00:00,1330.98287213,0.0,0
2014-12-03 13:00:00,677.977285775,0.0,0
2014-12-03 14:00:00,1000.0233948,0.0,0
2014-12-03 15:00:00,1076.53535288,0.0,0
2014-12-03 16:00:00,1111.48129503,0.0,0
2014-12-03 17:00:00,1378.4426441,0.0,0
2014-12-03 18:00:00,1208.99788872,0.0,0
2014-12-03 19:00:00,1283.83333454,0.0,0
2014-12-03 20:00:00,1201.42229094,0.0,0
2014-12-03 21:00:00,1182.59013517,0.0,0
2014-12-03 22:00:00,1400.86232801,0.0,0
2014-12-03 23:00:00,1515.73139431,0.0,0
2014-12-04 00:00:00,787.118477008,0.0,0
2014-12-04 01:00:00,1435.82880837,0.0,0
2014-12-04 02:00:00,1415.36676057,0.0,0
2014-12-04 03:00:00,1268.39328064,0.0,0
2014-12-04 04:00:00,1581.11438755,0.0,0
2014-12-04 05:00:00,1321.143758,0.0,0
2014-12-04 06:00:00,1366.59230493,0.0,0
2014-12-04 07:00:00,1631.29871738,0.0,0
2014-12-04 08:00:00,1837.50626513,0.0,0
2014-12-04 09:00:00,1556.40098333,0.0,0
2014-12-04 10:00:00,1435.56209481,0.0,0
2014-12-04 11:00:00,1299.42656278,0.0,0
2014-12-04 12:00:00,1506.62489655,0.0,0
2014-12-04 13:00:00,1404.76272762,0.0,0
2014-12-04 14:00:00,1575.46972902,0.0,0
2014-12-04 15:00:00,1740.79350399,0.0,0
2014-12-04 16:00:00,1505.74296086,0.0,0
2014-12-04 17:00:00,2272.78757417,0.731182795699,0
2014-12-04 18:00:00,1775.47639504,0.0,0
2014-12-04 19:00:00,2010.18485049,0.153846153846,0
2014-12-04 20:00:00,1318.26019939,0.0,0
2014-12-04 21:00:00,1987.56418298,0.142857142857,0
2014-12-04 22:00:00,1583.81825242,0.0,0
2014-12-04 23:00:00,2086.33503486,0.0,0
2014-12-05 00:00:00,2007.34165717,0.0,0
2014-12-05 01:00:00,1868.78833383,0.0,0
2014-12-05 02:00:00,2265.98857216,0.0,0
2014-12-05 03:00:00,1870.74711706,0.0,0
2014-12-05 04:00:00,1928.66949727,0.0666666666667,0
2014-12-05 05:00:00,1872.75124389,0.0,0
2014-12-05 06:00:00,1976.1073841,0.0,0
2014-12-05 07:00:00,2349.95079794,0.0,0
2014-12-05 08:00:00,2275.75048265,0.0,0
2014-12-05 09:00:00,2430.33996258,0.0,0
2014-12-05 10:00:00,2170.22836414,0.0,0
2014-12-05 11:00:00,2366.51996727,0.0,0
2014-12-05 12:00:00,2373.44776267,0.0,0
2014-12-05 13:00:00,2056.06267895,0.0,0
2014-12-05 14:00:00,2767.56655191,0.0540540540541,0
2014-12-05 15:00:00,2456.23239948,0.0,0
2014-12-05 16:00:00,2625.172185,0.0,0
2014-12-05 17:00:00,2701.14218865,0.0,0
2014-12-05 18:00:00,2525.11697552,0.0,0
2014-12-05 19:00:00,2507.62736381,0.0512820512821,0
2014-12-05 20:00:00,2797.26731735,0.0,0
2014-12-05 21:00:00,2424.43918385,0.0,0
2014-12-05 22:00:00,3098.24682882,0.0,0
2014-12-05 23:00:00,2638.37181133,0.0,0
2014-12-06 00:00:00,3105.50370825,0.0,0
2014-12-06 01:00:00,3112.84337533,0.0,0
2014-12-06 02:00:00,2848.67551311,0.0,0
2014-12-06 03:00:00,2988.3615711,0.0,0
2014-12-06 04:00:00,2690.10053967,0.0,0
2014-12-06 05:00:00,3012.12013826,0.0,0
2014-12-06 06:00:00,3201.92573603,0.489361702128,0
2014-12-06 07:00:00,3040.44808198,0.0,0
2014-12-06 08:00:00,2961.58892457,0.0,0
2014-12-06 09:00:00,2956.95039452,0.0,0
2014-12-06 10:00:00,3125.67751803,0.0,0
2014-12-06 11:00:00,3396.80418987,0.0,0
2014-12-06 12:00:00,3107.05252351,0.0,0
2014-12-06 13:00:00,3221.59330067,0.0,0
2014-12-06 14:00:00,3012.00213248,0.0,0
2014-12-06 15:00:00,3427.27791641,0.0,0
2014-12-06 16:00:00,3636.81932663,0.0,0
2014-12-06 17:00:00,3714.55290254,0.0,0
2014-12-06 18:00:00,3608.34461732,0.0,0
2014-12-06 19:00:00,3079.61097168,0.0,0
2014-12-06 20:00:00,3613.4567249,0.0,0
2014-12-06 21:00:00,3645.51231931,0.0,0
2014-12-06 22:00:00,3512.11569191,0.0,0
2014-12-06 23:00:00,3659.95727804,0.0,0
2014-12-07 00:00:00,3478.84787297,0.0,0
2014-12-07 01:00:00,3841.51648407,0.0,0
2014-12-07 02:00:00,3666.07299358,0.139534883721,0
2014-12-07 03:00:00,3440.7500408,0.0,0
2014-12-07 04:00:00,3730.86133803,0.0,0
2014-12-07 05:00:00,4132.67777572,0.0,0
2014-12-07 06:00:00,3810.44825982,0.0,0
2014-12-07 07:00:00,4071.59221932,0.0,0
2014-12-07 08:00:00,4152.50229919,0.0,0
2014-12-07 09:00:00,3989.2718691,0.0,0
2014-12-07 10:00:00,3949.34488983,0.0,0
2014-12-07 11:00:00,3947.02042498,0.0,0
2014-12-07 12:00:00,4249.69099439,0.0,0
2014-12-07 13:00:00,3903.84003378,0.0,0
2014-12-07 14:00:00,4214.50259128,0.0,0
2014-12-07 15:00:00,4135.5113567,0.0,0
2014-12-07 16:00:00,3752.45925475,0.0,0
2014-12-07 17:00:00,3966.54083049,0.0,0
2014-12-07 18:00:00,4490.23863837,0.0,0
2014-12-07 19:00:00,4289.43275568,0.0,0
2014-12-07 20:00:00,4531.7941789,0.0,0
2014-12-07 21:00:00,4792.73319969,0.0,0
2014-12-07 22:00:00,4737.29678858,0.0,0
2014-12-07 23:00:00,4600.69176468,0.0,0
2014-12-08 00:00:00,4569.08049265,0.120689655172,0
2014-12-08 01:00:00,4478.97981059,0.0,0
2014-12-08 02:00:00,4882.97082619,0.0,0
2014-12-08 03:00:00,4705.8318551,0.0,0
2014-12-08 04:00:00,4362.00005382,0.0,0
2014-12-08 05:00:00,4605.98233716,0.0,0
2014-12-08 06:00:00,4262.7232793,0.0,0
2014-12-08 07:00:00,4654.78877385,0.0,0
2014-12-08 08:00:00,4176.95993926,0.275862068966,0
2014-12-08 09:00:00,5028.71868644,0.0,0
2014-12-08 10:00:00,4644.45135813,0.0,0
2014-12-08 11:00:00,4714.46890862,0.0,0
2014-12-08 12:00:00,4795.66203284,0.0,0
2014-12-08 13:00:00,4986.30385158,0.0,0
2014-12-08 14:00:00,5025.53086295,0.0,0
2014-12-08 15:00:00,5027.04585076,0.0,0
2014-12-08 16:00:00,4810.7341877,0.0,0
2014-12-08 17:00:00,4667.73905939,0.0,0
2014-12-08 18:00:00,4896.74064449,0.0,0
2014-12-08 19:00:00,5060.2778637,0.0,0
2014-12-08 20:00:00,4850.3491573,0.0,0
2014-12-08 21:00:00,5031.37460233,0.0,0
2014-12-08 22:00:00,4820.89885093,0.0,0
2014-12-08 23:00:00,5086.38828224,0.0,0
2014-12-09 00:00:00,5135.68190241,0.0,0
2014-12-09 01:00:00,5097.54755885,0.0,0
2014-12-09 02:00:00,5113.05411853,0.189655172414,0
2014-12-09 03:00:00,5538.53526877,0.0,0
2014-12-09 04:00:00,5345.58901801,0.0,0
2014-12-09 05:00:00,5436.92045131,0.0,0
2014-12-09 06:00:00,5024.80178811,0.0,0
2014-12-09 07:00:00,5270.92646042,0.0,0
2014-12-09 08:00:00,5496.02963615,0.0,0
2014-12-09 09:00:00,5256.00361275,0.0,0
2014-12-09 10:00:00,4833.65739669,0.0,0
2014-12-09 11:00:00,5370.19060005,0.0,0
2014-12-09 12:00:00,4909.40924575,0.0,0
2014-12-09 13:00:00,5153.57416945,0.0,0
2014-12-09 14:00:00,5616.920432,0.0,0
2014-12-09 15:00:00,5479.72647903,0.0,0
2014-12-09 16:00:00,5591.88710516,0.0,0
2014-12-09 17:00:00,5437.40205358,0.0,0
2014-12-09 18:00:00,5360.07359394,0.0,0
2014-12-09 19:00:00,5198.34074767,0.0,0
2014-12-09 20:00:00,5738.97419198,0.0,0
2014-12-09 21:00:00,5421.31050275,0.0,0
2014-12-09 22:00:00,5269.31073223,0.0,0
2014-12-09 23:00:00,5610.60081064,0.0,0
2014-12-10 00:00:00,5662.02893569,0.0,0
2014-12-10 01:00:00,5842.0365634,0.0,0
2014-12-10 02:00:00,5321.00217249,0.0,0
2014-12-10 03:00:00,5371.39392332,0.0,0
2014-12-10 04:00:00,5371.12961227,0.0,0
2014-12-10 05:00:00,5384.22915151,0.0,0
2014-12-10 06:00:00,5390.13132234,0.0,0
2014-12-10 07:00:00,5408.55968406,0.0,0
2014-12-10 08:00:00,5778.0911258,0.0,0
2014-12-10 09:00:00,5329.07089092,0.0,0
2014-12-10 10:00:00,5396.20068935,0.0,0
2014-12-10 11:00:00,5617.113162,0.153846153846,0
2014-12-10 12:00:00,5717.55374237,0.0,0
2014-12-10 13:00:00,5317.5886917,0.0,0
2014-12-10 14:00:00,5373.05761204,0.0,0
2014-12-10 15:00:00,5589.99399158,0.0,0
2014-12-10 16:00:00,5692.99323983,0.0,0
2014-12-10 17:00:00,5423.48372743,0.0,0
2014-12-10 18:00:00,5172.48320088,0.0,0
2014-12-10 19:00:00,5832.07362115,0.0,0
2014-12-10 20:00:00,5770.99602392,0.0,0
2014-12-10 21:00:00,5314.57057646,0.0,0
2014-12-10 22:00:00,5446.51293733,0.0,0
2014-12-10 23:00:00,5084.30403218,0.0,0
2014-12-11 00:00:00,5570.60551273,0.0,0
2014-12-11 01:00:00,5784.97950372,0.0,0
2014-12-11 02:00:00,5093.23303567,0.0,0
2014-12-11 03:00:00,5267.68618464,0.0,0
2014-12-11 04:00:00,5289.92024699,0.0,0
2014-12-11 05:00:00,5274.0876054,0.0,0
2014-12-11 06:00:00,4980.95206124,0.0,0
2014-12-11 07:00:00,5507.42597112,0.0,0
2014-12-11 08:00:00,5069.84620637,0.0,0
2014-12-11 09:00:00,5378.7071155,0.0,0
2014-12-11 10:00:00,5499.62804221,0.0,0
2014-12-11 11:00:00,5322.82407981,0.0,0
2014-12-11 12:00:00,5542.60844026,0.0,0
2014-12-11 13:00:00,5338.34451439,0.0,0
2014-12-11 14:00:00,5196.12234348,0.0,0
2014-12-11 15:00:00,5457.80977438,0.0,0
2014-12-11 16:00:00,5218.18790207,0.0,0
2014-12-11 17:00:00,5671.7043129,0.0,0
2014-12-11 18:00:00,5281.45413937,0.0,0
2014-12-11 19:00:00,5452.55023526,0.0,0
2014-12-11 20:00:00,5302.87975829,0.0,0
2014-12-11 21:00:00,4611.5701846,0.0,0
2014-12-11 22:00:00,4944.4000935,0.0,0
2014-12-11 23:00:00,5129.25802216,0.0,0
2014-12-12 00:00:00,5254.52518736,0.0,0
2014-12-12 01:00:00,4695.79279972,0.0,0
2014-12-12 02:00:00,5378.31460783,0.0,0
2014-12-12 03:00:00,5032.90333486,0.0,0
2014-12-12 04:00:00,4986.38184053,0.0,0
2014-12-12 05:00:00,4801.57794092,0.0,0
2014-12-12 06:00:00,4807.39482153,0.0,0
2014-12-12 07:00:00,5110.1984046,0.0,0
2014-12-12 08:00:00,5189.73717603,0.0,0
2014-12-12 09:00:00,4623.36698983,0.0,0
2014-12-12 10:00:00,4837.68263533,0.0,0
2014-12-12 11:00:00,5146.06672733,0.0,0
2014-12-12 12:00:00,4920.68768519,0.0,0
2014-12-12 13:00:00,5456.28525008,0.0,0
2014-12-12 14:00:00,5245.22409292,0.0,0
2014-12-12 15:00:00,5090.87648762,0.0,0
2014-12-12 16:00:00,4948.99848277,0.0,0
2014-12-12 17:00:00,4989.55189471,0.0,0
2014-12-12 18:00:00,4764.20780827,0.0,0
2014-12-12 19:00:00,5028.13209348,0.0,0
2014-12-12 20:00:00,5190.34228508,0.0,0
2014-12-12 21:00:00,5088.9586846,0.0,0
2014-12-12 22:00:00,4671.05043855,0.0,0
2014-12-12 23:00:00,4483.31515298,0.0,0
2014-12-13 00:00:00,4783.98822919,0.0,0
2014-12-13 01:00:00,4882.36591892,0.0,0
2014-12-13 02:00:00,5056.60698741,0.0,0
2014-12-13 03:00:00,4475.53701999,0.0,0
2014-12-13 04:00:00,4812.88354979,0.0,0
2014-12-13 05:00:00,4767.53110262,0.0,0
2014-12-13 06:00:00,4952.4919208,0.0,0
2014-12-13 07:00:00,4677.03457984,0.0,0
2014-12-13 08:00:00,4589.95224198,0.0,0
2014-12-13 09:00:00,4405.85669513,0.0,0
2014-12-13 10:00:00,4521.23533375,0.0,0
2014-12-13 11:00:00,4536.67482371,0.0,0
2014-12-13 12:00:00,5091.82796027,0.0,0
2014-12-13 13:00:00,5094.97417524,0.0,0
2014-12-13 14:00:00,4526.60449943,0.0,0
2014-12-13 15:00:00,4324.72640593,0.0,0
2014-12-13 16:00:00,4111.9614902,0.0,0
2014-12-13 17:00:00,4620.31679787,0.0,0
2014-12-13 18:00:00,4265.25072649,0.0,0
2014-12-13 19:00:00,4961.24637109,0.0,0
2014-12-13 20:00:00,4276.3306897,0.0,0
2014-12-13 21:00:00,4470.853778,0.0,0
2014-12-13 22:00:00,5235.80486075,0.0,0
2014-12-13 23:00:00,4182.50463972,0.0,0
2014-12-14 00:00:00,4466.26146794,0.0,0
2014-12-14 01:00:00,4152.93252251,0.0,0
2014-12-14 02:00:00,4445.21650344,0.0,0
2014-12-14 03:00:00,4173.23887191,0.0,0
2014-12-14 04:00:00,4359.71622355,0.0,0
2014-12-14 05:00:00,4266.95461261,0.0,0
2014-12-14 06:00:00,4066.40894408,0.0,0
2014-12-14 07:00:00,4305.23486246,0.0,0
2014-12-14 08:00:00,4499.16809946,0.0,0
2014-12-14 09:00:00,4613.6738335,0.0,0
2014-12-14 10:00:00,3975.43827752,0.0,0
2014-12-14 11:00:00,4200.48219994,0.0,0
2014-12-14 12:00:00,4486.20325712,0.0,0
2014-12-14 13:00:00,3995.23175685,0.0,0
2014-12-14 14:00:00,3685.94888338,0.0,0
2014-12-14 15:00:00,4011.48711911,0.0,0
2014-12-14 16:00:00,3994.75339812,0.0,0
2014-12-14 17:00:00,4199.12572688,0.0,0
2014-12-14 18:00:00,4094.57608365,0.0,0
2014-12-14 19:00:00,4219.67104769,0.0,0
2014-12-14 20:00:00,4073.17505052,0.0,0
2014-12-14 21:00:00,4233.12169993,0.0,0
2014-12-14 22:00:00,4069.26663073,0.0,0
2014-12-14 23:00:00,4390.34747197,0.0,0
2014-12-15 00:00:00,3976.84013872,0.0,0
2014-12-15 01:00:00,4187.37175264,0.0,0
2014-12-15 02:00:00,3933.41386505,0.0,0
2014-12-15 03:00:00,4158.54006074,0.0,0
2014-12-15 04:00:00,4099.57689852,0.0,0
2014-12-15 05:00:00,3749.68106266,0.0,0
2014-12-15 06:00:00,4070.62554769,0.0,0
2014-12-15 07:00:00,4346.50595145,0.0,0
2014-12-15 08:00:00,4238.16626942,0.0,0
2014-12-15 09:00:00,4122.01787712,0.0,0
2014-12-15 10:00:00,3838.11235068,0.0,0
2014-12-15 11:00:00,4334.79844247,0.0,0
2014-12-15 12:00:00,4103.70904919,0.0,0
2014-12-15 13:00:00,3991.09016576,0.0,0
2014-12-15 14:00:00,4432.81419579,0.0,0
2014-12-15 15:00:00,3924.41297971,0.0,0
2014-12-15 16:00:00,4151.7795597,0.748768472906,0
2014-12-15 17:00:00,4359.71676312,0.0,0
2014-12-15 18:00:00,4218.36868361,0.0,0
2014-12-15 19:00:00,4029.08041234,0.0,0
2014-12-15 20:00:00,4008.67423855,0.0,0
2014-12-15 21:00:00,4175.53108502,0.0,0
2014-12-15 22:00:00,4213.12027088,0.0,0
2014-12-15 23:00:00,4113.42376395,0.0,0
2014-12-16 00:00:00,4392.95788771,0.0,0
2014-12-16 01:00:00,4106.68976968,0.0,0
2014-12-16 02:00:00,3979.1823238,0.0,0
2014-12-16 03:00:00,4247.23586716,0.0,0
2014-12-16 04:00:00,3676.75127934,0.0,0
2014-12-16 05:00:00,4232.05418171,0.0,0
2014-12-16 06:00:00,4262.78074993,0.0,0
2014-12-16 07:00:00,4119.60218474,0.0,0
2014-12-16 08:00:00,3941.01717497,0.0,0
2014-12-16 09:00:00,4103.62918605,0.0,0
2014-12-16 10:00:00,4524.78088428,0.0,0
2014-12-16 11:00:00,4052.23345063,0.0,0
2014-12-16 12:00:00,3729.02626084,0.0,0
2014-12-16 13:00:00,4404.85728506,0.0,0
2014-12-16 14:00:00,4140.70545422,0.0,0
2014-12-16 15:00:00,4152.24481144,0.0,0
2014-12-16 16:00:00,4017.70992812,0.0,0
2014-12-16 17:00:00,4284.05012828,0.0,0
2014-12-16 18:00:00,4451.97633013,0.0,0
2014-12-16 19:00:00,4195.80552004,0.0,0
2014-12-16 20:00:00,4208.03632645,0.0,0
2014-12-16 21:00:00,4584.27854617,0.0,0
2014-12-16 22:00:00,4318.03162682,0.0,0
2014-12-16 23:00:00,4354.41989636,0.0,0
2014-12-17 00:00:00,4274.55411777,0.0,0
2014-12-17 01:00:00,4615.54707894,0.0,0
2014-12-17 02:00:00,4235.266909,0.0,0
2014-12-17 03:00:00,4644.2406145,0.0,0
2014-12-17 04:00:00,4655.57567489,0.0,0
2014-12-17 05:00:00,4407.94495511,0.0,0
2014-12-17 06:00:00,4707.16990945,0.0,0
2014-12-17 07:00:00,4758.40980171,0.0,0
2014-12-17 08:00:00,4694.20430217,0.0,0
2014-12-17 09:00:00,5023.03113636,0.0,0
2014-12-17 10:00:00,4205.26283094,0.0,0
2014-12-17 11:00:00,4397.53444294,0.0,0
2014-12-17 12:00:00,4377.37860355,0.0,0
2014-12-17 13:00:00,4728.16830381,0.0,0
2014-12-17 14:00:00,5052.57463603,0.0,0
2014-12-17 15:00:00,5098.14283098,0.0,0
2014-12-17 16:00:00,4873.48325941,0.0,0
2014-12-17 17:00:00,4982.64469483,0.0,0
2014-12-17 18:00:00,4793.90898087,0.0,0
2014-12-17 19:00:00,4951.09772742,0.0,0
2014-12-17 20:00:00,4959.62467165,0.0,0
2014-12-17 21:00:00,4748.17384096,0.0,0
2014-12-17 22:00:00,4875.79520749,0.0,0
2014-12-17 23:00:00,4938.56130747,0.0,0
2014-12-18 00:00:00,5290.84430255,0.0,0
2014-12-18 01:00:00,4808.05809964,0.0,0
2014-12-18 02:00:00,4611.23978843,0.0,0
2014-12-18 03:00:00,5250.3468192,0.0,0
2014-12-18 04:00:00,4947.27141106,0.0,0
2014-12-18 05:00:00,5059.0611168,0.0,0
2014-12-18 06:00:00,5373.91947412,0.0,0
2014-12-18 07:00:00,5054.3025375,0.0,0
2014-12-18 08:00:00,5175.96682299,0.0,0
2014-12-18 09:00:00,5597.88400474,0.0,0
2014-12-18 10:00:00,5425.59902222,0.0,0
2014-12-18 11:00:00,5462.0861469,0.0,0
2014-12-18 12:00:00,5352.6980718,0.0,0
2014-12-18 13:00:00,5175.82296588,0.0,0
2014-12-18 14:00:00,5134.29888253,0.0,0
2014-12-18 15:00:00,5437.63234326,0.0,0
2014-12-18 16:00:00,5942.06532104,0.0,0
2014-12-18 17:00:00,5601.66441466,0.0,0
2014-12-18 18:00:00,5624.98648411,0.0,0
2014-12-18 19:00:00,5696.13277396,0.0,0
2014-12-18 20:00:00,5580.53206458,0.0,0
2014-12-18 21:00:00,5402.74176084,0.0,0
2014-12-18 22:00:00,6298.7239233,0.0,0
2014-12-18 23:00:00,5681.19407359,0.0,0
2014-12-19 00:00:00,5744.21115778,0.0,0
2014-12-19 01:00:00,5465.82070467,0.0,0
2014-12-19 02:00:00,5828.61771251,0.0,0
2014-12-19 03:00:00,5865.85221887,0.0,0
2014-12-19 04:00:00,5901.33910726,0.0,0
2014-12-19 05:00:00,5615.54810594,0.0,0
2014-12-19 06:00:00,6406.60713793,0.0,0
2014-12-19 07:00:00,6439.71138291,0.0,0
2014-12-19 08:00:00,6250.74094184,0.0,0
2014-12-19 09:00:00,5910.69797746,0.0,0
2014-12-19 10:00:00,6331.50205727,0.846416382253,0
2014-12-19 11:00:00,6166.57806421,0.0,0
2014-12-19 12:00:00,6188.99652188,0.0,0
2014-12-19 13:00:00,6581.91181134,0.0,0
2014-12-19 14:00:00,6073.256426,0.0,0
2014-12-19 15:00:00,6262.4304599,0.244897959184,0
2014-12-19 16:00:00,6253.97486669,0.0,0
2014-12-19 17:00:00,6450.37415528,0.0,0
2014-12-19 18:00:00,6152.26079581,0.0,0
2014-12-19 19:00:00,6373.62845257,0.0,0
2014-12-19 20:00:00,6710.94719839,0.0,0
2014-12-19 21:00:00,6695.84568318,0.0,0
2014-12-19 22:00:00,6429.92682885,0.0,0
2014-12-19 23:00:00,6791.07413938,0.0,0
2014-12-20 00:00:00,6197.36436783,0.0,0
2014-12-20 01:00:00,6676.28346594,0.0,0
2014-12-20 02:00:00,6935.94163757,0.0,0
2014-12-20 03:00:00,6683.68119369,0.0,0
2014-12-20 04:00:00,6852.17340995,0.0,0
2014-12-20 05:00:00,6560.64635019,0.0,0
2014-12-20 06:00:00,7112.53789091,0.0,0
2014-12-20 07:00:00,6579.88326794,0.0,0
2014-12-20 08:00:00,6938.5140528,0.0,0
2014-12-20 09:00:00,6989.25285398,0.0,0
2014-12-20 10:00:00,7092.07690729,0.0363636363636,0
2014-12-20 11:00:00,6941.37425132,0.0,0
2014-12-20 12:00:00,7536.89847012,0.0,0
2014-12-20 13:00:00,6884.58311197,0.0,0
2014-12-20 14:00:00,7275.15414503,0.0,0
2014-12-20 15:00:00,6636.2304398,0.0,0
2014-12-20 16:00:00,7291.76973967,0.0,0
2014-12-20 17:00:00,7433.27281308,0.0,0
2014-12-20 18:00:00,7131.05722084,0.0,0
2014-12-20 19:00:00,7542.56949211,0.0,0
2014-12-20 20:00:00,7497.30971776,0.0,0
2014-12-20 21:00:00,7666.8008273,0.0,0
2014-12-20 22:00:00,7315.86187437,0.0,0
2014-12-20 23:00:00,7321.7048346,0.0,0
2014-12-21 00:00:00,7185.06546982,0.0,0
2014-12-21 01:00:00,7522.84068482,0.134328358209,0
2014-12-21 02:00:00,7340.0715677,0.0,0
2014-12-21 03:00:00,7799.08073832,0.0,0
2014-12-21 04:00:00,7699.87760123,0.0,0
2014-12-21 05:00:00,8177.46069857,0.0,0
2014-12-21 06:00:00,7501.35208665,0.0,0
2014-12-21 07:00:00,8024.78190611,0.0,0
2014-12-21 08:00:00,7693.59240673,0.0,0
2014-12-21 09:00:00,7526.53643282,0.0,0
2014-12-21 10:00:00,7983.38777009,0.0,0
2014-12-21 11:00:00,7588.23722724,0.0,0
2014-12-21 12:00:00,7695.798531,0.0,0
2014-12-21 13:00:00,7791.08598114,0.0,0
2014-12-21 14:00:00,8017.1645707,0.0,0
2014-12-21 15:00:00,7788.33528566,0.0,0
2014-12-21 16:00:00,8252.52578287,0.0694444444444,0
2014-12-21 17:00:00,7797.64865353,0.0,0
2014-12-21 18:00:00,8121.41049958,0.0,0
2014-12-21 19:00:00,8130.4882985,0.0,0
2014-12-21 20:00:00,7899.54377569,0.0,0
2014-12-21 21:00:00,8057.61531008,0.0,0
2014-12-21 22:00:00,8032.75110685,0.0,0
2014-12-21 23:00:00,8396.29444806,0.0,0
2014-12-22 00:00:00,8544.34877734,0.0,0
2014-12-22 01:00:00,8018.07041984,0.0,0
2014-12-22 02:00:00,8455.17882415,0.0,0
2014-12-22 03:00:00,8263.5469286,0.0,0
2014-12-22 04:00:00,7884.50998702,0.0,0
2014-12-22 05:00:00,8159.69495473,0.0,0
2014-12-22 06:00:00,8435.57197247,0.0,0
2014-12-22 07:00:00,8387.43876777,0.0,0
2014-12-22 08:00:00,7859.51488472,0.0,0
2014-12-22 09:00:00,8514.7775102,0.0,0
2014-12-22 10:00:00,8547.49738758,0.0,0
2014-12-22 11:00:00,8361.44193145,0.0,0
2014-12-22 12:00:00,8292.26650261,0.0,0
2014-12-22 13:00:00,8872.89112796,0.0,0
2014-12-22 14:00:00,8452.6795961,0.0,0
2014-12-22 15:00:00,8482.94355245,0.0786516853933,0
2014-12-22 16:00:00,8262.53399959,0.0,0
2014-12-22 17:00:00,8229.1030975,0.0,0
2014-12-22 18:00:00,8203.90753767,0.0,0
2014-12-22 19:00:00,8448.28368753,0.0,0
2014-12-22 20:00:00,8835.94556957,0.0,0
2014-12-22 21:00:00,8929.75815102,0.0,0
2014-12-22 22:00:00,8900.99440185,0.0,0
2014-12-22 23:00:00,8853.49183562,0.0,0
2014-12-23 00:00:00,8538.99564202,0.0,0
2014-12-23 01:00:00,8339.53021642,0.0,0
2014-12-23 02:00:00,8536.80081669,0.0,0
2014-12-23 03:00:00,8104.53240379,0.0,0
2014-12-23 04:00:00,8554.38694729,0.0,0
2014-12-23 05:00:00,8977.31840126,0.0,0
2014-12-23 06:00:00,8660.65219562,0.0,0
2014-12-23 07:00:00,8869.64269035,0.257731958763,0
2014-12-23 08:00:00,8746.50405871,0.0,0
2014-12-23 09:00:00,8483.20191258,0.0,0
2014-12-23 10:00:00,9019.20009988,0.0,0
2014-12-23 11:00:00,8637.9871826,0.0,0
2014-12-23 12:00:00,8451.36632719,0.0,0
2014-12-23 13:00:00,8674.26506728,0.0,0
2014-12-23 14:00:00,8340.54854638,0.0,0
2014-12-23 15:00:00,8844.32051832,0.0,0
2014-12-23 16:00:00,8768.46062576,0.0,0
2014-12-23 17:00:00,8587.81762198,0.0,0
2014-12-23 18:00:00,8559.14898487,0.0,0
2014-12-23 19:00:00,8858.78489616,0.0,0
2014-12-23 20:00:00,8435.5708792,0.0,0
2014-12-23 21:00:00,8450.16239049,0.0,0
2014-12-23 22:00:00,8744.77659954,0.0,0
2014-12-23 23:00:00,8557.05199809,0.0,0
2014-12-24 00:00:00,8844.00320147,0.0,0
2014-12-24 01:00:00,8602.95018051,0.0,0
2014-12-24 02:00:00,8892.5448576,0.0,0
2014-12-24 03:00:00,8740.09236062,0.0,0
2014-12-24 04:00:00,8156.44132284,0.0,0
2014-12-24 05:00:00,8342.58232503,0.0,0
2014-12-24 06:00:00,8888.73580116,0.0,0
2014-12-24 07:00:00,8757.10658948,0.0212765957447,0
2014-12-24 08:00:00,8400.13738513,0.0,0
2014-12-24 09:00:00,8312.63146523,0.0,0
2014-12-24 10:00:00,8806.67803362,0.0,0
2014-12-24 11:00:00,8408.85206348,0.0,0
2014-12-24 12:00:00,8951.45213199,0.03125,0
2014-12-24 13:00:00,8935.83097492,0.0,0
2014-12-24 14:00:00,8245.44737947,0.0,0
2014-12-24 15:00:00,8363.91773091,0.0,0
2014-12-24 16:00:00,8268.0829873,0.0,0
2014-12-24 17:00:00,8661.94338224,0.0,0
2014-12-24 18:00:00,8237.64087549,0.0,0
2014-12-24 19:00:00,8069.09990724,0.0,0
2014-12-24 20:00:00,8913.13549888,0.0,0
2014-12-24 21:00:00,8686.69927078,0.0,0
2014-12-24 22:00:00,8634.33031107,0.0,0
2014-12-24 23:00:00,8308.97381646,0.0,0
2014-12-25 00:00:00,8433.54195362,0.0,0
2014-12-25 01:00:00,8553.21919226,0.0,0
2014-12-25 02:00:00,8138.37829544,0.0,0
2014-12-25 03:00:00,8368.4697383,0.0,0
2014-12-25 04:00:00,8417.46596542,0.0,0
2014-12-25 05:00:00,8722.99140419,0.0,0
2014-12-25 06:00:00,8486.48362694,0.0,0
2014-12-25 07:00:00,8606.4779908,0.0,0
2014-12-25 08:00:00,8350.28110841,0.0,0
2014-12-25 09:00:00,8070.36224978,0.0,0
2014-12-25 10:00:00,8217.68898984,0.0,0
2014-12-25 11:00:00,7922.15214115,0.0,0
2014-12-25 12:00:00,8453.26830382,0.0,0
2014-12-25 13:00:00,8539.91099486,0.0,0
2014-12-25 14:00:00,8211.23371605,0.0,0
2014-12-25 15:00:00,8000.84252804,0.0,0
2014-12-25 16:00:00,8420.39519918,0.0,0
2014-12-25 17:00:00,8203.45718941,0.0,0
2014-12-25 18:00:00,8075.47829713,0.0,0
2014-12-25 19:00:00,8376.86135775,0.0,0
2014-12-25 20:00:00,7962.15194011,0.0,0
2014-12-25 21:00:00,8347.50656044,0.0,0
2014-12-25 22:00:00,7909.82368799,0.0,0
2014-12-25 23:00:00,8152.60848757,0.0,0
2014-12-26 00:00:00,8240.4700323,0.0,0
2014-12-26 01:00:00,7752.96506241,0.0,0
2014-12-26 02:00:00,8100.98098559,0.0,0
2014-12-26 03:00:00,7975.67248808,0.0,0
2014-12-26 04:00:00,8124.01877128,0.0,0
2014-12-26 05:00:00,7797.25231873,0.0,0
2014-12-26 06:00:00,7927.5032728,0.0,0
2014-12-26 07:00:00,8219.74249967,0.0,0
2014-12-26 08:00:00,7945.87850768,0.0,0
2014-12-26 09:00:00,8066.30124309,0.0,0
2014-12-26 10:00:00,7828.32544651,0.0,0
2014-12-26 11:00:00,7640.11520964,0.0,0
2014-12-26 12:00:00,7837.46154131,0.0,0
2014-12-26 13:00:00,7563.8220685,0.0,0
2014-12-26 14:00:00,7257.13329127,0.0,0
2014-12-26 15:00:00,8034.31539416,0.0,0
2014-12-26 16:00:00,7541.12149065,0.0,0
2014-12-26 17:00:00,7368.10625559,0.0,0
2014-12-26 18:00:00,7946.49730666,0.0,0
2014-12-26 19:00:00,7717.21634218,0.0,0
2014-12-26 20:00:00,7576.57782624,0.0,0
2014-12-26 21:00:00,7649.09712558,0.0,0
2014-12-26 22:00:00,7580.48183641,0.0,0
2014-12-26 23:00:00,7864.56411814,0.0,0
2014-12-27 00:00:00,7791.90658946,0.0,0
2014-12-27 01:00:00,7258.35833605,0.0,0
2014-12-27 02:00:00,7681.76805384,0.0,0
2014-12-27 03:00:00,7745.30873565,0.0,0
2014-12-27 04:00:00,7717.94074433,0.0,0
2014-12-27 05:00:00,7050.63984792,0.0,0
2014-12-27 06:00:00,7497.99985326,0.0,0
2014-12-27 07:00:00,7951.11846919,0.0,0
2014-12-27 08:00:00,7687.57079877,0.0,0
2014-12-27 09:00:00,7145.10646975,0.0,0
2014-12-27 10:00:00,7141.3409414,0.0,0
2014-12-27 11:00:00,7582.91445994,0.0,0
2014-12-27 12:00:00,7429.79313633,0.0,0
2014-12-27 13:00:00,7656.90190811,0.0,0
2014-12-27 14:00:00,7503.94896965,0.0,0
2014-12-27 15:00:00,7447.26434652,0.0,0
2014-12-27 16:00:00,7457.49672581,0.0,0
2014-12-27 17:00:00,7442.75167427,0.0,0
2014-12-27 18:00:00,7129.07982,0.0,0
2014-12-27 19:00:00,7882.37549388,0.0,0
2014-12-27 20:00:00,7078.74835615,0.0,0
2014-12-27 21:00:00,7363.54157277,0.0,0
2014-12-27 22:00:00,7243.10566031,0.0,0
2014-12-27 23:00:00,7729.02261825,0.0,0
2014-12-28 00:00:00,7554.26741177,0.0,0
2014-12-28 01:00:00,7213.98401308,0.0,0
2014-12-28 02:00:00,7368.77385916,0.0,0
2014-12-28 03:00:00,7564.27857167,0.0,0
2014-12-28 04:00:00,7783.60721064,0.0,0
2014-12-28 05:00:00,7369.34560015,0.0,0
2014-12-28 06:00:00,7079.87738614,0.0,0
2014-12-28 07:00:00,7087.05776008,0.0,0
2014-12-28 08:00:00,7712.99710042,0.0,0
2014-12-28 09:00:00,6848.57747022,0.0,0
2014-12-28 10:00:00,7926.38525984,0.0,0
2014-12-28 11:00:00,7223.11772686,0.0,0
2014-12-28 12:00:00,7179.51365275,0.0,0
2014-12-28 13:00:00,7306.25781855,0.0,0
2014-12-28 14:00:00,7468.07839739,0.0,0
2014-12-28 15:00:00,7333.65464307,0.0,0
2014-12-28 16:00:00,6856.14289096,0.0,0
2014-12-28 17:00:00,7343.13209647,0.0,0
2014-12-28 18:00:00,7363.73737657,0.0,0
2014-12-28 19:00:00,7408.54561562,0.0,0
2014-12-28 20:00:00,7052.95753797,0.0,0
2014-12-28 21:00:00,6772.03628443,0.0,0
2014-12-28 22:00:00,7206.10249397,0.0,0
2014-12-28 23:00:00,7078.14132231,0.0,0
2014-12-29 00:00:00,7119.12300207,0.0,0
2014-12-29 01:00:00,7083.35564353,0.0,0
2014-12-29 02:00:00,7205.0437119,0.0,0
2014-12-29 03:00:00,7228.31998337,0.0,0
2014-12-29 04:00:00,7467.4730598,0.0,0
2014-12-29 05:00:00,7513.69298562,0.0,0
2014-12-29 06:00:00,7144.51952204,0.0,0
2014-12-29 07:00:00,7254.16557639,0.0,0
2014-12-29 08:00:00,7403.30400665,0.0,0
2014-12-29 09:00:00,7630.45054403,0.0,0
2014-12-29 10:00:00,7332.29541028,0.0,0
2014-12-29 11:00:00,6995.0392991,0.0,0
2014-12-29 12:00:00,7412.35280005,0.0,0
2014-12-29 13:00:00,7348.78912001,0.0,0
2014-12-29 14:00:00,7758.95345465,0.0,0
2014-12-29 15:00:00,7469.01424398,0.0,0
2014-12-29 16:00:00,7277.2372623,0.0,0
2014-12-29 17:00:00,7328.66323813,0.0,0
2014-12-29 18:00:00,7328.03853416,0.0,0
2014-12-29 19:00:00,7487.71406773,0.0,0
2014-12-29 20:00:00,7500.03861371,0.0,0
2014-12-29 21:00:00,7670.95984969,0.0,0
2014-12-29 22:00:00,7560.7202922,0.0,0
2014-12-29 23:00:00,7431.78268748,0.0,0
2014-12-30 00:00:00,7327.21666579,0.0,0
2014-12-30 01:00:00,7676.67859109,0.0,0
2014-12-30 02:00:00,7547.17773817,0.0,0
2014-12-30 03:00:00,7617.08106316,0.0,0
2014-12-30 04:00:00,7830.0397294,0.0,0
2014-12-30 05:00:00,7986.04652434,0.0,0
2014-12-30 06:00:00,7434.82999075,0.0,0
2014-12-30 07:00:00,8003.22339665,0.0,0
2014-12-30 08:00:00,7494.19367827,0.0,0
2014-12-30 09:00:00,7754.53744537,0.0,0
2014-12-30 10:00:00,7767.02620252,0.0,0
2014-12-30 11:00:00,7683.94881092,0.0,0
2014-12-30 12:00:00,8059.33112849,0.0,0
2014-12-30 13:00:00,30692.054083,0.995918367347,0
2014-12-30 14:00:00,7951.52024596,0.0,0
2014-12-30 15:00:00,7833.57773261,0.0,0
2014-12-30 16:00:00,7664.53435993,0.0,0
2014-12-30 17:00:00,8142.54781273,0.0,0
2014-12-30 18:00:00,7471.24398831,0.0,0
2014-12-30 19:00:00,7826.95857259,0.0,0
2014-12-30 20:00:00,7639.28492983,0.0,0
2014-12-30 21:00:00,8032.51140911,0.0,0
2014-12-30 22:00:00,8074.72957551,0.0,0
2014-12-30 23:00:00,7810.74113808,0.0,0
2014-12-31 00:00:00,8212.42721407,0.0,0
2014-12-31 01:00:00,7885.83289774,0.0,0
2014-12-31 02:00:00,8271.97451861,0.0,0
2014-12-31 03:00:00,8212.57506409,0.0,0
2014-12-31 04:00:00,8343.22054716,0.0,0
2014-12-31 05:00:00,8024.56800797,0.0,0
2014-12-31 06:00:00,8273.37656677,0.0,0
2014-12-31 07:00:00,8186.64108834,0.0,0
2014-12-31 08:00:00,8005.76283243,0.0,0
2014-12-31 09:00:00,8379.6682166,0.0,0
2014-12-31 10:00:00,8753.81449551,0.0,0
2014-12-31 11:00:00,8275.2429343,0.0,0
2014-12-31 12:00:00,8402.58696574,0.0,0
2014-12-31 13:00:00,8623.25967683,0.0,0
2014-12-31 14:00:00,8518.84587506,0.0,0
2014-12-31 15:00:00,8954.99514538,0.0,0
2014-12-31 16:00:00,8734.44142157,0.0,0
2014-12-31 17:00:00,9102.95217948,0.0,0
2014-12-31 18:00:00,8721.30345812,0.0,0
2014-12-31 19:00:00,8443.22181485,0.0,0
2014-12-31 20:00:00,8806.42659765,0.0,0
2014-12-31 21:00:00,8557.73219675,0.0,0
2014-12-31 22:00:00,8575.84421122,0.0,0
2014-12-31 23:00:00,8784.09809873,0.0,0
2015-01-01 00:00:00,9057.08825405,0.0,0
2015-01-01 01:00:00,8968.7530678,0.0,0
2015-01-01 02:00:00,9104.29380719,0.0,0
2015-01-01 03:00:00,9162.2007826,0.0,0
2015-01-01 04:00:00,8969.50168139,0.0,0
2015-01-01 05:00:00,8535.75016193,0.0,0
2015-01-01 06:00:00,9247.56490015,0.0,0
2015-01-01 07:00:00,9574.45813814,0.0,0
2015-01-01 08:00:00,9166.36752237,0.0,0
2015-01-01 09:00:00,8905.55256904,0.0,0
2015-01-01 10:00:00,9151.38339413,0.0,0
2015-01-01 11:00:00,9069.34579024,0.0,0
2015-01-01 12:00:00,9295.41991814,0.0,0
2015-01-01 13:00:00,9484.61568214,0.0,0
2015-01-01 14:00:00,9562.58682437,0.0,0
2015-01-01 15:00:00,9467.25497607,0.0,0
2015-01-01 16:00:00,9258.47008277,0.0,0
2015-01-01 17:00:00,9665.06818036,0.0,0
2015-01-01 18:00:00,9815.91979636,0.0,0
2015-01-01 19:00:00,10044.5318226,0.0,0
2015-01-01 20:00:00,9503.18018509,0.0,0
2015-01-01 21:00:00,9745.31594527,0.0,0
2015-01-01 22:00:00,9935.06712865,0.0,0
2015-01-01 23:00:00,9696.51771119,0.0,0
2015-01-02 00:00:00,9869.65344859,0.0,0
2015-01-02 01:00:00,9841.92353228,0.0,0
2015-01-02 02:00:00,9806.01424615,0.0,0
2015-01-02 03:00:00,9907.56025935,0.0,0
2015-01-02 04:00:00,10113.0935189,0.0,0
2015-01-02 05:00:00,10033.2147657,0.0,0
2015-01-02 06:00:00,9885.85806564,0.0,0
2015-01-02 07:00:00,9548.87224409,0.0,0
2015-01-02 08:00:00,9890.76310548,0.0,0
2015-01-02 09:00:00,10091.2202634,0.0,0
2015-01-02 10:00:00,9601.64018317,0.0,0
2015-01-02 11:00:00,10635.2810157,0.0,0
2015-01-02 12:00:00,9891.05021505,0.0,0
2015-01-02 13:00:00,9996.48152748,0.0,0
2015-01-02 14:00:00,10585.0059235,0.0,0
2015-01-02 15:00:00,9851.17389123,0.0,0
2015-01-02 16:00:00,10504.7758734,0.0,0
2015-01-02 17:00:00,10311.6149874,0.0,0
2015-01-02 18:00:00,10515.5192552,0.0,0
2015-01-02 19:00:00,10639.4902598,0.0,0
2015-01-02 20:00:00,10286.5943146,0.0,0
2015-01-02 21:00:00,10374.2498963,0.0,0
2015-01-02 22:00:00,9924.90193946,0.0,0
2015-01-02 23:00:00,10388.2639017,0.0,0
2015-01-03 00:00:00,10704.7565821,0.0,0
2015-01-03 01:00:00,10764.2909796,0.0,0
2015-01-03 02:00:00,11118.3001735,0.0,0
2015-01-03 03:00:00,10736.7730459,0.0,0
2015-01-03 04:00:00,10853.1809467,0.0,0
2015-01-03 05:00:00,10802.9974994,0.0,0
2015-01-03 06:00:00,10716.0165579,0.0,0
2015-01-03 07:00:00,11007.9198544,0.0,0
2015-01-03 08:00:00,10978.6464145,0.0,0
2015-01-03 09:00:00,10938.4182507,0.0,0
2015-01-03 10:00:00,10769.0822605,0.0,0
2015-01-03 11:00:00,10962.3150357,0.0,0
2015-01-03 12:00:00,11164.9087316,0.0,0
2015-01-03 13:00:00,11171.5972969,0.0,0
2015-01-03 14:00:00,10955.4477178,0.0,0
2015-01-03 15:00:00,10944.1044382,0.0,0
2015-01-03 16:00:00,11221.0596812,0.0,0
2015-01-03 17:00:00,11361.3141299,0.0,0
2015-01-03 18:00:00,11192.2304903,0.0,0
2015-01-03 19:00:00,11126.8264678,0.0,0
2015-01-03 20:00:00,11032.8983507,0.0,0
2015-01-03 21:00:00,11155.5772821,0.0,0
2015-01-03 22:00:00,10956.0454438,0.0,0
2015-01-03 23:00:00,11146.1575723,0.0,0
2015-01-04 00:00:00,11556.6757738,0.0,0
2015-01-04 01:00:00,11575.2374703,0.0,0
2015-01-04 02:00:00,11179.8174769,0.0,0
2015-01-04 03:00:00,11430.452531,0.0,0
2015-01-04 04:00:00,11422.5672624,0.0,0
2015-01-04 05:00:00,11078.5377935,0.0,0
2015-01-04 06:00:00,11621.3666656,0.0,0
2015-01-04 07:00:00,11067.183706,0.0,0
2015-01-04 08:00:00,11227.5153522,0.0,0
2015-01-04 09:00:00,11720.5610998,0.0,0
2015-01-04 10:00:00,11414.671397,0.0,0
2015-01-04 11:00:00,11501.4566634,0.0,0
2015-01-04 12:00:00,11222.6677069,0.0,0
2015-01-04 13:00:00,11275.992658,0.0,0
2015-01-04 14:00:00,11672.8998049,0.0,0
2015-01-04 15:00:00,11578.1998373,0.0,0
2015-01-04 16:00:00,11505.866397,0.0,0
2015-01-04 17:00:00,11364.2615964,0.0,0
2015-01-04 18:00:00,11428.7479065,0.0,0
2015-01-04 19:00:00,12103.883526,0.4,0
2015-01-04 20:00:00,11618.8138194,0.0,0
2015-01-04 21:00:00,11863.9040381,0.0,0
2015-01-04 22:00:00,11878.5583488,0.0,0
2015-01-04 23:00:00,11885.7463347,0.0,0
2015-01-05 00:00:00,11798.1311552,0.0,0
2015-01-05 01:00:00,11482.3497314,0.0,0
2015-01-05 02:00:00,11543.7068613,0.0,0
2015-01-05 03:00:00,11924.8160019,0.0,0
2015-01-05 04:00:00,11499.2153682,0.0,0
2015-01-05 05:00:00,11895.0400398,0.0,0
2015-01-05 06:00:00,11679.0496174,0.0,0
2015-01-05 07:00:00,11714.9136517,0.0,0
2015-01-05 08:00:00,11639.1645813,0.0,0
2015-01-05 09:00:00,11763.4462268,0.0,0
2015-01-05 10:00:00,12002.7853291,0.0,0
2015-01-05 11:00:00,11918.5831395,0.0,0
2015-01-05 12:00:00,11778.396364,0.0,0
2015-01-05 13:00:00,12015.0752474,0.0,0
2015-01-05 14:00:00,12184.4379639,0.0,0
2015-01-05 15:00:00,11836.6563419,0.0,0
2015-01-05 16:00:00,11939.7172028,0.0,0
2015-01-05 17:00:00,11901.0595671,0.0,0
2015-01-05 18:00:00,11637.4004176,0.0,0
2015-01-05 19:00:00,11649.0852199,0.0,0
2015-01-05 20:00:00,12250.0015314,0.0,0
2015-01-05 21:00:00,12030.6966203,0.0,0
2015-01-05 22:00:00,12000.6293502,0.0,0
2015-01-05 23:00:00,11873.981494,0.0,0
2015-01-06 00:00:00,11943.5486991,0.0,0
2015-01-06 01:00:00,11870.9610158,0.0,0
2015-01-06 02:00:00,11845.0731566,0.0,0
2015-01-06 03:00:00,11880.1549754,0.0,0
2015-01-06 04:00:00,11616.1208688,0.0,0
2015-01-06 05:00:00,12331.8231446,0.14953271028,0
2015-01-06 06:00:00,11989.7412915,0.0,0
2015-01-06 07:00:00,11762.4161775,0.0,0
2015-01-06 08:00:00,12065.7720699,0.0,0
2015-01-06 09:00:00,11671.4761708,0.0,0
2015-01-06 10:00:00,12158.4075315,0.0,0
2015-01-06 11:00:00,11707.2225363,0.0,0
2015-01-06 12:00:00,11293.2466054,0.0,0
2015-01-06 13:00:00,12063.1266108,0.0,0
2015-01-06 14:00:00,12005.9916403,0.0,0
2015-01-06 15:00:00,11595.0891823,0.0,0
2015-01-06 16:00:00,11451.8516559,0.0,0
2015-01-06 17:00:00,11352.9260956,0.0,0
2015-01-06 18:00:00,11673.4277297,0.0,0
2015-01-06 19:00:00,11333.0242492,0.0,0
2015-01-06 20:00:00,11537.547486,0.0,0
2015-01-06 21:00:00,11732.9626745,0.0,0
2015-01-06 22:00:00,11867.6522308,0.0,0
2015-01-06 23:00:00,11502.4626555,0.0,0
2015-01-07 00:00:00,11637.388997,0.0,0
2015-01-07 01:00:00,11704.9234228,0.0,0
2015-01-07 02:00:00,12001.1577198,0.0,0
2015-01-07 03:00:00,11423.2302666,0.0,0
2015-01-07 04:00:00,11273.6850896,0.0,0
2015-01-07 05:00:00,11209.1847526,0.0,0
2015-01-07 06:00:00,11701.9942387,0.0,0
2015-01-07 07:00:00,11557.8949601,0.0,0
2015-01-07 08:00:00,11719.0674107,0.0,0
2015-01-07 09:00:00,11511.7575711,0.0,0
2015-01-07 10:00:00,11609.4851907,0.0,0
2015-01-07 11:00:00,11558.6803095,0.0,0
2015-01-07 12:00:00,11500.9355075,0.0,0
2015-01-07 13:00:00,11348.9012304,0.0,0
2015-01-07 14:00:00,11730.79897,0.0,0
2015-01-07 15:00:00,11362.8660173,0.0,0
2015-01-07 16:00:00,11572.9519097,0.0,0
2015-01-07 17:00:00,11450.6055216,0.0,0
2015-01-07 18:00:00,11775.2022216,0.0,0
2015-01-07 19:00:00,11532.6431587,0.0,0
2015-01-07 20:00:00,11294.4538186,0.0,0
2015-01-07 21:00:00,11346.7697357,0.0,0
2015-01-07 22:00:00,11305.1280459,0.0,0
2015-01-07 23:00:00,10873.1532889,0.0,0
2015-01-08 00:00:00,11655.1216914,0.0,0
2015-01-08 01:00:00,11504.0073818,0.0,0
2015-01-08 02:00:00,11100.2472543,0.0,0
2015-01-08 03:00:00,11325.0108397,0.0,0
2015-01-08 04:00:00,11277.7911084,0.0,0
2015-01-08 05:00:00,10970.0336109,0.0,0
2015-01-08 06:00:00,11505.6730479,0.0,0
2015-01-08 07:00:00,11121.152177,0.0,0
2015-01-08 08:00:00,11194.4822499,0.0,0
2015-01-08 09:00:00,11223.3827301,0.0,0
2015-01-08 10:00:00,10910.4096833,0.0,0
2015-01-08 11:00:00,10873.3765457,0.0,0
2015-01-08 12:00:00,11074.420074,0.0,0
2015-01-08 13:00:00,11188.5162952,0.0,0
2015-01-08 14:00:00,11064.8904335,0.0,0
2015-01-08 15:00:00,11180.6779374,0.0,0
2015-01-08 16:00:00,11084.8876981,0.0,0
2015-01-08 17:00:00,11111.8503842,0.0,0
2015-01-08 18:00:00,10683.421168,0.0,0
2015-01-08 19:00:00,11105.0584104,0.0,0
2015-01-08 20:00:00,10778.4336696,0.0,0
2015-01-08 21:00:00,10829.820876,0.0,0
2015-01-08 22:00:00,10889.1113122,0.0,0
2015-01-08 23:00:00,10546.8319433,0.0,0
2015-01-09 00:00:00,10856.9782704,0.0,0
2015-01-09 01:00:00,10768.7918288,0.0,0
2015-01-09 02:00:00,10693.7967667,0.0,0
2015-01-09 03:00:00,10712.3735732,0.0,0
2015-01-09 04:00:00,11076.3833004,0.0,0
2015-01-09 05:00:00,10532.3547976,0.0,0
2015-01-09 06:00:00,10737.164078,0.0,0
2015-01-09 07:00:00,10245.8802604,0.0,0
2015-01-09 08:00:00,10610.3094118,0.0,0
2015-01-09 09:00:00,10632.1312761,0.0,0
2015-01-09 10:00:00,11048.9422617,0.0,0
2015-01-09 11:00:00,10506.4026458,0.0,0
2015-01-09 12:00:00,10511.5155085,0.0,0
2015-01-09 13:00:00,10387.0919567,0.0,0
2015-01-09 14:00:00,10706.6759654,0.0,0
2015-01-09 15:00:00,10899.3038603,0.0,0
2015-01-09 16:00:00,10390.2704722,0.0,0
2015-01-09 17:00:00,10541.0300707,0.0,0
2015-01-09 18:00:00,10907.1810095,0.0,0
2015-01-09 19:00:00,10462.8789774,0.0,0
2015-01-09 20:00:00,10740.6371056,0.0,0
2015-01-09 21:00:00,10667.2685134,0.0,0
2015-01-09 22:00:00,10299.1032201,0.0,0
2015-01-09 23:00:00,10821.1410596,0.0,0
2015-01-10 00:00:00,10722.3807991,0.0,0
2015-01-10 01:00:00,10442.2030814,0.0,0
2015-01-10 02:00:00,10345.4869781,0.0,0
2015-01-10 03:00:00,10445.2757133,0.0,0
2015-01-10 04:00:00,10691.2617968,0.0,0
2015-01-10 05:00:00,10392.7014821,0.0,0
2015-01-10 06:00:00,10108.9947342,0.0,0
2015-01-10 07:00:00,10467.4303456,0.0,0
2015-01-10 08:00:00,10654.030097,0.0,0
2015-01-10 09:00:00,10240.6100523,0.0,0
2015-01-10 10:00:00,10429.4661838,0.0,0
2015-01-10 11:00:00,10216.7290184,0.0,0
2015-01-10 12:00:00,10494.6723986,0.0,0
2015-01-10 13:00:00,10437.9581871,0.0,0
2015-01-10 14:00:00,10455.1779129,0.0,0
2015-01-10 15:00:00,10327.8302269,0.0,0
2015-01-10 16:00:00,10306.8122643,0.0,0
2015-01-10 17:00:00,10638.2059935,0.0,0
2015-01-10 18:00:00,10474.8592457,0.0,0
2015-01-10 19:00:00,10412.0816054,0.0,0
2015-01-10 20:00:00,9772.90215434,0.0,0
2015-01-10 21:00:00,10181.6037926,0.0,0
2015-01-10 22:00:00,10612.1254406,0.0,0
2015-01-10 23:00:00,10366.2293874,0.0,0
2015-01-11 00:00:00,10198.5534473,0.0,0
2015-01-11 01:00:00,10362.7819045,0.0,0
2015-01-11 02:00:00,10378.7345185,0.0,0
2015-01-11 03:00:00,10355.2163723,0.0,0
2015-01-11 04:00:00,10569.3830173,0.0,0
2015-01-11 05:00:00,10789.6216522,0.0,0
2015-01-11 06:00:00,10681.86449,0.0,0
2015-01-11 07:00:00,10741.5157889,0.0,0
2015-01-11 08:00:00,10414.7361616,0.0,0
2015-01-11 09:00:00,10668.798266,0.0,0
2015-01-11 10:00:00,10290.48854,0.0,0
2015-01-11 11:00:00,10475.5257109,0.0,0
2015-01-11 12:00:00,10973.9877007,0.0,0
2015-01-11 13:00:00,10518.6662821,0.0,0
2015-01-11 14:00:00,10466.0199364,0.0,0
2015-01-11 15:00:00,10416.7930484,0.0,0
2015-01-11 16:00:00,10712.9767358,0.0,0
2015-01-11 17:00:00,11005.3770185,0.0,0
2015-01-11 18:00:00,10659.2229103,0.0,0
2015-01-11 19:00:00,10528.9718532,0.0,0
2015-01-11 20:00:00,11034.0616169,0.0,0
2015-01-11 21:00:00,10445.107258,0.0,0
2015-01-11 22:00:00,10861.6924703,0.0,0
2015-01-11 23:00:00,10548.0841168,0.0,0
2015-01-12 00:00:00,10435.9966547,0.0,0
2015-01-12 01:00:00,10923.7919886,0.0,0
2015-01-12 02:00:00,10302.6690423,0.0,0
2015-01-12 03:00:00,10633.6093639,0.0,0
2015-01-12 04:00:00,10718.6955015,0.0,0
2015-01-12 05:00:00,10639.4019076,0.0,0
2015-01-12 06:00:00,10404.9550884,0.0,0
2015-01-12 07:00:00,10633.6143864,0.0,0
2015-01-12 08:00:00,10459.319048,0.0,0
2015-01-12 09:00:00,11213.0694338,0.0,0
2015-01-12 10:00:00,10435.4402131,0.0,0
2015-01-12 11:00:00,10403.3067742,0.0,0
2015-01-12 12:00:00,11015.8811245,0.0,0
2015-01-12 13:00:00,11081.6362789,0.0,0
2015-01-12 14:00:00,10870.8044038,0.0,0
2015-01-12 15:00:00,10891.010656,0.0,0
2015-01-12 16:00:00,11110.6202946,0.0,0
2015-01-12 17:00:00,11276.2417182,0.0,0
2015-01-12 18:00:00,10669.4648323,0.0,0
2015-01-12 19:00:00,11304.7594186,0.0,0
2015-01-12 20:00:00,11095.7805034,0.0,0
2015-01-12 21:00:00,11008.1991001,0.0,0
2015-01-12 22:00:00,11372.585504,0.0597014925373,0
2015-01-12 23:00:00,11330.2265992,0.0,0
2015-01-13 00:00:00,11428.3248986,0.0,0
2015-01-13 01:00:00,11124.4264133,0.0,0
2015-01-13 02:00:00,11377.252798,0.0,0
2015-01-13 03:00:00,11303.9257032,0.0,0
2015-01-13 04:00:00,11160.8665268,0.0,0
2015-01-13 05:00:00,11669.6534057,0.0,0
2015-01-13 06:00:00,11362.2893154,0.0,0
2015-01-13 07:00:00,11346.3127733,0.0,0
2015-01-13 08:00:00,11499.5411342,0.0,0
2015-01-13 09:00:00,11500.621864,0.0,0
2015-01-13 10:00:00,11300.304591,0.0,0
2015-01-13 11:00:00,11469.2026801,0.0,0
2015-01-13 12:00:00,12061.9422321,0.0,0
2015-01-13 13:00:00,11528.5740204,0.0,0
2015-01-13 14:00:00,11513.6274786,0.0,0
2015-01-13 15:00:00,11763.6664049,0.0,0
2015-01-13 16:00:00,11726.3402527,0.0,0
2015-01-13 17:00:00,11561.2656071,0.0,0
2015-01-13 18:00:00,11479.9169756,0.0,0
2015-01-13 19:00:00,11921.0776831,0.0,0
2015-01-13 20:00:00,11801.3743144,0.0,0
2015-01-13 21:00:00,11912.4354195,0.0,0
2015-01-13 22:00:00,11783.8621368,0.0,0
2015-01-13 23:00:00,11531.6442548,0.0,0
2015-01-14 00:00:00,11929.973929,0.0,0
2015-01-14 01:00:00,12455.1997548,0.0,0
2015-01-14 02:00:00,11677.9749695,0.0,0
2015-01-14 03:00:00,11814.4528898,0.0,0
2015-01-14 04:00:00,11776.3851874,0.0,0
2015-01-14 05:00:00,12017.4922627,0.0,0
2015-01-14 06:00:00,12422.4510094,0.0,0
2015-01-14 07:00:00,12135.2195328,0.0,0
2015-01-14 08:00:00,12150.4148357,0.0,0
2015-01-14 09:00:00,11969.3661946,0.0,0
2015-01-14 10:00:00,12292.1082351,0.0,0
2015-01-14 11:00:00,12533.9951497,0.0,0
2015-01-14 12:00:00,12829.7740546,0.0,0
2015-01-14 13:00:00,12667.708878,0.0,0
2015-01-14 14:00:00,12244.273828,0.0,0
2015-01-14 15:00:00,12359.31957,0.0,0
2015-01-14 16:00:00,12631.3639255,0.0,0
2015-01-14 17:00:00,12538.8514503,0.0,0
2015-01-14 18:00:00,12636.9018781,0.0,0
2015-01-14 19:00:00,12339.7957449,0.0,0
2015-01-14 20:00:00,12564.6121757,0.0,0
2015-01-14 21:00:00,12497.0824222,0.0,0
2015-01-14 22:00:00,12534.5852432,0.0,0
2015-01-14 23:00:00,12616.7826411,0.0,0
2015-01-15 00:00:00,12718.9009654,0.0,0
2015-01-15 01:00:00,12843.1573144,0.0,0
2015-01-15 02:00:00,13015.9117428,0.0,0
2015-01-15 03:00:00,12812.6759473,0.0,0
2015-01-15 04:00:00,12777.090619,0.0,0
2015-01-15 05:00:00,13336.6734306,0.0,0
2015-01-15 06:00:00,13243.0358397,0.0,0
2015-01-15 07:00:00,13217.9468463,0.0,0
2015-01-15 08:00:00,13467.0920086,0.0,0
2015-01-15 09:00:00,12939.4730939,0.0,0
2015-01-15 10:00:00,13615.3374022,0.0,0
2015-01-15 11:00:00,13478.9489741,0.0,0
2015-01-15 12:00:00,13321.9416001,0.0,0
2015-01-15 13:00:00,13425.7352181,0.0,0
2015-01-15 14:00:00,13343.624245,0.0,0
2015-01-15 15:00:00,13343.805685,0.0,0
2015-01-15 16:00:00,13070.9313804,0.0,0
2015-01-15 17:00:00,13596.3374578,0.90251572327,0
2015-01-15 18:00:00,13927.6128529,0.0,0
2015-01-15 19:00:00,13952.2433549,0.0,0
2015-01-15 20:00:00,13582.6233758,0.0,0
2015-01-15 21:00:00,13559.2968636,0.0,0
2015-01-15 22:00:00,13655.4790301,0.0,0
2015-01-15 23:00:00,13893.6350772,0.0,0
2015-01-16 00:00:00,13998.0574629,0.0,0
2015-01-16 01:00:00,13806.6542663,0.0,0
2015-01-16 02:00:00,13989.6393882,0.0,0
2015-01-16 03:00:00,13782.4705222,0.0,0
2015-01-16 04:00:00,13926.5589401,0.0,0
2015-01-16 05:00:00,14104.7554816,0.0,0
2015-01-16 06:00:00,14655.262108,0.0,0
2015-01-16 07:00:00,13908.315933,0.0,0
2015-01-16 08:00:00,13810.7927321,0.0,0
2015-01-16 09:00:00,14077.5528449,0.0,0
2015-01-16 10:00:00,13929.2194277,0.0,0
2015-01-16 11:00:00,14179.8916906,0.0,0
2015-01-16 12:00:00,14148.4776639,0.0,0
2015-01-16 13:00:00,14384.4335956,0.0,0
2015-01-16 14:00:00,13934.0703326,0.0,0
2015-01-16 15:00:00,13911.6725809,0.0,0
2015-01-16 16:00:00,14525.8698954,0.0,0
2015-01-16 17:00:00,14271.3000391,0.0,0
2015-01-16 18:00:00,14057.3712058,0.0,0
2015-01-16 19:00:00,14053.2441634,0.0,0
2015-01-16 20:00:00,14190.6409719,0.0,0
2015-01-16 21:00:00,14458.7156383,0.0,0
2015-01-16 22:00:00,14249.3674856,0.0,0
2015-01-16 23:00:00,14669.7945488,0.0,0
2015-01-17 00:00:00,14463.7004055,0.0,0
2015-01-17 01:00:00,14478.699841,0.0,0
2015-01-17 02:00:00,14458.7438012,0.0,0
2015-01-17 03:00:00,14423.4030068,0.0,0
2015-01-17 04:00:00,14474.5031861,0.0,0
2015-01-17 05:00:00,14777.1050391,0.0,0
2015-01-17 06:00:00,14273.3211331,0.0,0
2015-01-17 07:00:00,14807.3235326,0.0,0
2015-01-17 08:00:00,14525.7338297,0.0,0
2015-01-17 09:00:00,14775.9609562,0.0,0
2015-01-17 10:00:00,14629.3039249,0.0,0
2015-01-17 11:00:00,14377.8425539,0.0,0
2015-01-17 12:00:00,14754.6664483,0.0,0
2015-01-17 13:00:00,14565.9032834,0.0,0
2015-01-17 14:00:00,14956.4639569,0.0,0
2015-01-17 15:00:00,14562.6459051,0.0,0
2015-01-17 16:00:00,14377.6230986,0.0,0
2015-01-17 17:00:00,14591.6594999,0.0,0
2015-01-17 18:00:00,14667.6307427,0.0,0
2015-01-17 19:00:00,14629.9865822,0.0,0
2015-01-17 20:00:00,14769.5143036,0.0,0
2015-01-17 21:00:00,14708.8713206,0.0,0
2015-01-17 22:00:00,14762.1114582,0.0,0
2015-01-17 23:00:00,14931.7276227,0.0,0
2015-01-18 00:00:00,14630.1844291,0.0,0
2015-01-18 01:00:00,15048.7516215,0.0,0
2015-01-18 02:00:00,14899.9019447,0.0,0
2015-01-18 03:00:00,14903.9082861,0.0,0
2015-01-18 04:00:00,14493.3068233,0.0,0
2015-01-18 05:00:00,14869.8172554,0.0,0
2015-01-18 06:00:00,14826.0038999,0.0,0
2015-01-18 07:00:00,15131.3382476,0.0,0
2015-01-18 08:00:00,15254.7810854,0.0,0
2015-01-18 09:00:00,15229.3158329,0.0,0
2015-01-18 10:00:00,14742.2602273,0.0,0
2015-01-18 11:00:00,14816.3062017,0.0,0
2015-01-18 12:00:00,14971.9327947,0.0,0
2015-01-18 13:00:00,14773.2319777,0.0,0
2015-01-18 14:00:00,14663.7595971,0.0,0
2015-01-18 15:00:00,15174.1479835,0.0,0
2015-01-18 16:00:00,15025.9132315,0.0,0
2015-01-18 17:00:00,15144.9869289,0.0,0
2015-01-18 18:00:00,14764.7796887,0.0,0
2015-01-18 19:00:00,14949.531767,0.0,0
2015-01-18 20:00:00,14776.4410808,0.0,0
2015-01-18 21:00:00,14850.2440079,0.0,0
2015-01-18 22:00:00,15074.7627553,0.0,0
2015-01-18 23:00:00,14855.0600515,0.0,0
2015-01-19 00:00:00,14817.510899,0.0,0
2015-01-19 01:00:00,14751.1144623,0.0,0
2015-01-19 02:00:00,14723.1712385,0.0,0
2015-01-19 03:00:00,14842.2994285,0.0,0
2015-01-19 04:00:00,15381.927135,0.0,0
2015-01-19 05:00:00,14881.6538015,0.0,0
2015-01-19 06:00:00,14782.1870541,0.0,0
2015-01-19 07:00:00,14717.0890765,0.0,0
2015-01-19 08:00:00,14977.9670879,0.0,0
2015-01-19 09:00:00,14922.2422594,0.0,0
2015-01-19 10:00:00,15053.7175211,0.0,0
2015-01-19 11:00:00,14935.5672972,0.0,0
2015-01-19 12:00:00,15172.5240711,0.0,0
2015-01-19 13:00:00,15135.1599556,0.0,0
2015-01-19 14:00:00,15199.3790801,0.0,0
2015-01-19 15:00:00,15020.8147784,0.0,0
2015-01-19 16:00:00,15197.0204171,0.0,0
2015-01-19 17:00:00,14937.7649163,0.0,0
2015-01-19 18:00:00,15142.3731194,0.0,0
2015-01-19 19:00:00,14903.3882558,0.0,0
2015-01-19 20:00:00,14783.7159285,0.0,0
2015-01-19 21:00:00,14660.4683515,0.0,0
2015-01-19 22:00:00,14758.3353046,0.0,0
2015-01-19 23:00:00,14739.569793,0.0,0
2015-01-20 00:00:00,15008.345878,0.0,0
2015-01-20 01:00:00,14864.6882135,0.0,0
2015-01-20 02:00:00,14731.2114892,0.0,0
2015-01-20 03:00:00,14662.8474524,0.0,0
2015-01-20 04:00:00,15159.4177909,0.0,0
2015-01-20 05:00:00,14777.801476,0.0,0
2015-01-20 06:00:00,14551.451305,0.0,0
2015-01-20 07:00:00,14711.0979272,0.0,0
2015-01-20 08:00:00,14808.0941675,0.0,0
2015-01-20 09:00:00,14950.4640836,0.0,0
2015-01-20 10:00:00,14742.7718625,0.0,0
2015-01-20 11:00:00,14770.0191303,0.0,0
2015-01-20 12:00:00,14512.5576584,0.0,0
2015-01-20 13:00:00,14885.129101,0.0,0
2015-01-20 14:00:00,14723.1233501,0.0,0
2015-01-20 15:00:00,14842.266662,0.0,0
2015-01-20 16:00:00,14997.6591522,0.0,0
2015-01-20 17:00:00,14693.303316,0.0,0
2015-01-20 18:00:00,14580.0124528,0.0,0
2015-01-20 19:00:00,14461.6138367,0.0,0
2015-01-20 20:00:00,14485.5923694,0.0,0
2015-01-20 21:00:00,14397.7050172,0.0,0
2015-01-20 22:00:00,14652.153427,0.0,0
2015-01-20 23:00:00,14247.6307017,0.0,0
2015-01-21 00:00:00,14172.1085412,0.0,0
2015-01-21 01:00:00,14382.4988131,0.0,0
2015-01-21 02:00:00,14734.9151011,0.0,0
2015-01-21 03:00:00,14514.7557768,0.0,0
2015-01-21 04:00:00,14367.1588148,0.0683229813665,0
2015-01-21 05:00:00,14595.247641,0.0,0
2015-01-21 06:00:00,14362.2444822,0.0,0
2015-01-21 07:00:00,14394.5214897,0.0,0
2015-01-21 08:00:00,14416.5032661,0.0,0
2015-01-21 09:00:00,14613.1109721,0.0,0
2015-01-21 10:00:00,14638.3549049,0.0,0
2015-01-21 11:00:00,14618.454059,0.0,0
2015-01-21 12:00:00,14536.6352409,0.0,0
