timestamp,value
2014-11-23 08:00:00,352.030081989645
2014-11-23 09:00:00,6.10276587945986
2014-11-23 10:00:00,507.12678753919096
2014-11-23 11:00:00,560.850491041158
2014-11-23 12:00:00,405.51187854182297
2014-11-23 13:00:00,-36.296517849382795
2014-11-23 14:00:00,191.359788769795
2014-11-23 15:00:00,424.574143035749
2014-11-23 16:00:00,567.416421533483
2014-11-23 17:00:00,1263.5571581568
2014-11-23 18:00:00,901.8078454951599
2014-11-23 19:00:00,560.033586958338
2014-11-23 20:00:00,534.551205691226
2014-11-23 21:00:00,823.457054953648
2014-11-23 22:00:00,885.183556347777
2014-11-23 23:00:00,919.455776365204
2014-11-24 00:00:00,1155.53570047733
2014-11-24 01:00:00,918.97857887414
2014-11-24 02:00:00,1326.7236029083301
2014-11-24 03:00:00,950.385886485879
2014-11-24 04:00:00,1274.3137164617801
2014-11-24 05:00:00,1489.8623689476901
2014-11-24 06:00:00,1483.68784696641
2014-11-24 07:00:00,1715.27727026522
2014-11-24 08:00:00,1545.9099431296
2014-11-24 09:00:00,1746.58537182664
2014-11-24 10:00:00,1951.72109010208
2014-11-24 11:00:00,1540.0167368549403
2014-11-24 12:00:00,1435.8918479773802
2014-11-24 13:00:00,1832.94929508941
2014-11-24 14:00:00,1807.5507989120101
2014-11-24 15:00:00,1774.39924251915
2014-11-24 16:00:00,1848.7012563374399
2014-11-24 17:00:00,1836.63896526996
2014-11-24 18:00:00,2238.81829101121
2014-11-24 19:00:00,2391.3773900177803
2014-11-24 20:00:00,2389.8600138604397
2014-11-24 21:00:00,2057.54705529297
2014-11-24 22:00:00,2530.1392488186702
2014-11-24 23:00:00,2169.8560837619602
2014-11-25 00:00:00,2735.91865467966
2014-11-25 01:00:00,2456.3049130236604
2014-11-25 02:00:00,2223.11004941302
2014-11-25 03:00:00,2153.9422548646803
2014-11-25 04:00:00,2094.92376646136
2014-11-25 05:00:00,2148.04040647798
2014-11-25 06:00:00,2043.2362426790398
2014-11-25 07:00:00,2776.92315499208
2014-11-25 08:00:00,2714.37335606886
2014-11-25 09:00:00,2458.47702283406
2014-11-25 10:00:00,2606.33309772499
2014-11-25 11:00:00,2456.0776263965304
2014-11-25 12:00:00,3207.5887146805603
2014-11-25 13:00:00,2377.2813200312303
2014-11-25 14:00:00,2583.4995935014604
2014-11-25 15:00:00,2674.56318198982
2014-11-25 16:00:00,2780.59942999484
2014-11-25 17:00:00,2582.66647692463
2014-11-25 18:00:00,2054.3034914196696
2014-11-25 19:00:00,2310.5122664334804
2014-11-25 20:00:00,2738.09045439769
2014-11-25 21:00:00,2644.3184675164302
2014-11-25 22:00:00,2403.04521345307
2014-11-25 23:00:00,2618.31490147355
2014-11-26 00:00:00,2434.4911774060897
2014-11-26 01:00:00,2707.76966240625
2014-11-26 02:00:00,2268.64487395559
2014-11-26 03:00:00,2730.9076349398897
2014-11-26 04:00:00,2693.8093261939803
2014-11-26 05:00:00,2638.3973786207002
2014-11-26 06:00:00,2617.5804881503
2014-11-26 07:00:00,2669.84379187332
2014-11-26 08:00:00,2422.2945194992603
2014-11-26 09:00:00,2548.5374164742498
2014-11-26 10:00:00,2739.9187646214605
2014-11-26 11:00:00,2839.89478455682
2014-11-26 12:00:00,2575.0924495902104
2014-11-26 13:00:00,2490.96554536001
2014-11-26 14:00:00,2266.9275697513604
2014-11-26 15:00:00,2112.23570120127
2014-11-26 16:00:00,2261.1077296930703
2014-11-26 17:00:00,2777.4450764217895
2014-11-26 18:00:00,2631.9642994037304
2014-11-26 19:00:00,2352.8182799568
2014-11-26 20:00:00,2278.3309563616
2014-11-26 21:00:00,2258.4128150975
2014-11-26 22:00:00,2606.05424667622
2014-11-26 23:00:00,2251.49935011795
2014-11-27 00:00:00,2628.54704371738
2014-11-27 01:00:00,2446.41856142129
2014-11-27 02:00:00,2593.37925797443
2014-11-27 03:00:00,2002.7217351144398
2014-11-27 04:00:00,2209.02523512072
2014-11-27 05:00:00,1952.99390938758
2014-11-27 06:00:00,2314.50082074683
2014-11-27 07:00:00,2166.06520490179
2014-11-27 08:00:00,2037.1302552718103
2014-11-27 09:00:00,2466.81754024875
2014-11-27 10:00:00,2122.72486952995
2014-11-27 11:00:00,2299.36510252137
2014-11-27 12:00:00,2219.86970332775
2014-11-27 13:00:00,1789.8745178469396
2014-11-27 14:00:00,1808.97025513202
2014-11-27 15:00:00,1959.4029796642103
2014-11-27 16:00:00,1630.1376675853799
2014-11-27 17:00:00,2054.08470495317
2014-11-27 18:00:00,1548.19662059867
2014-11-27 19:00:00,2286.1913488107803
2014-11-27 20:00:00,1711.35869750425
2014-11-27 21:00:00,2260.82710253459
2014-11-27 22:00:00,1696.5808413910902
2014-11-27 23:00:00,1532.6897324765803
2014-11-28 00:00:00,1776.0849115172198
2014-11-28 01:00:00,1760.47313693035
2014-11-28 02:00:00,1299.4976377231199
2014-11-28 03:00:00,1998.7002095129399
2014-11-28 04:00:00,1418.06489820541
2014-11-28 05:00:00,1785.4879226648002
2014-11-28 06:00:00,1815.6859364656698
2014-11-28 07:00:00,1712.30641434903
2014-11-28 08:00:00,1636.11433513241
2014-11-28 09:00:00,1710.70777108318
2014-11-28 10:00:00,1373.3587169159
2014-11-28 11:00:00,1437.0385930337698
2014-11-28 12:00:00,1351.61950645985
2014-11-28 13:00:00,2051.62580935814
2014-11-28 14:00:00,2028.36502684422
2014-11-28 15:00:00,1705.5266568692498
2014-11-28 16:00:00,1316.08542292586
2014-11-28 17:00:00,1639.1754980638598
2014-11-28 18:00:00,2038.36893194548
2014-11-28 19:00:00,1524.76137974477
2014-11-28 20:00:00,1863.71108200103
2014-11-28 21:00:00,1409.2340452000599
2014-11-28 22:00:00,1852.84223461215
2014-11-28 23:00:00,1434.3968668306302
2014-11-29 00:00:00,1374.85051050621
2014-11-29 01:00:00,1460.54366950599
2014-11-29 02:00:00,1498.76602207897
2014-11-29 03:00:00,1505.1067109683302
2014-11-29 04:00:00,1954.8165460191601
2014-11-29 05:00:00,1799.3122856008101
2014-11-29 06:00:00,1718.5600029659
2014-11-29 07:00:00,1542.65150742164
2014-11-29 08:00:00,1585.7820297601502
2014-11-29 09:00:00,1676.79521269887
2014-11-29 10:00:00,1612.72452524307
2014-11-29 11:00:00,1817.30911113607
2014-11-29 12:00:00,2088.23741011367
2014-11-29 13:00:00,1689.3489954536901
2014-11-29 14:00:00,2415.03725490614
2014-11-29 15:00:00,1724.3501846799802
2014-11-29 16:00:00,2078.2421596794397
2014-11-29 17:00:00,2760.1938279428496
2014-11-29 18:00:00,2413.8523037401897
2014-11-29 19:00:00,2156.70188979029
2014-11-29 20:00:00,2039.08067780083
2014-11-29 21:00:00,2461.00154720137
2014-11-29 22:00:00,2350.93260699156
2014-11-29 23:00:00,2302.95125061547
2014-11-30 00:00:00,2531.6448747856602
2014-11-30 01:00:00,2370.2614902324
2014-11-30 02:00:00,3242.15780503031
2014-11-30 03:00:00,3038.4233627367303
2014-11-30 04:00:00,2856.1470802028302
2014-11-30 05:00:00,2892.7850603695697
2014-11-30 06:00:00,2620.0047101792898
2014-11-30 07:00:00,3049.0306682389696
2014-11-30 08:00:00,2784.04576090084
2014-11-30 09:00:00,2670.11572569113
2014-11-30 10:00:00,3483.88073543275
2014-11-30 11:00:00,2809.9834132423
2014-11-30 12:00:00,3036.61552683086
2014-11-30 13:00:00,3014.69342128266
2014-11-30 14:00:00,2990.5986230680796
2014-11-30 15:00:00,3457.4589453550398
2014-11-30 16:00:00,2967.5099519919395
2014-11-30 17:00:00,3376.0652275568605
2014-11-30 18:00:00,3345.3101009373104
2014-11-30 19:00:00,3198.2547763625
2014-11-30 20:00:00,3609.11445502238
2014-11-30 21:00:00,3581.90902699455
2014-11-30 22:00:00,3607.0938895614295
2014-11-30 23:00:00,4085.40365199526
2014-12-01 00:00:00,4036.2804436417296
2014-12-01 01:00:00,3941.9732614196205
2014-12-01 02:00:00,4074.907974638
2014-12-01 03:00:00,3910.2774434794
2014-12-01 04:00:00,4118.93683701004
2014-12-01 05:00:00,4527.99427360068
2014-12-01 06:00:00,4304.81123158855
2014-12-01 07:00:00,4420.23159881919
2014-12-01 08:00:00,4975.20450094781
2014-12-01 09:00:00,4331.678336859461
2014-12-01 10:00:00,4834.52297733527
2014-12-01 11:00:00,5119.2485898657005
2014-12-01 12:00:00,4442.0724974323
2014-12-01 13:00:00,4791.9720542601
2014-12-01 14:00:00,4752.764050934979
2014-12-01 15:00:00,4793.1468271553495
2014-12-01 16:00:00,4714.559714954629
2014-12-01 17:00:00,4819.28432766515
2014-12-01 18:00:00,5449.626874901111
2014-12-01 19:00:00,5337.80153678474
2014-12-01 20:00:00,5449.066343799411
2014-12-01 21:00:00,5716.1950963894
2014-12-01 22:00:00,5276.68128991517
2014-12-01 23:00:00,5646.69224025309
2014-12-02 00:00:00,5478.41221594291
2014-12-02 01:00:00,5423.1499351311795
2014-12-02 02:00:00,5854.54757272407
2014-12-02 03:00:00,5680.345082509731
2014-12-02 04:00:00,5449.26981350047
2014-12-02 05:00:00,5721.10130350749
2014-12-02 06:00:00,6228.29195231916
2014-12-02 07:00:00,6197.54653478929
2014-12-02 08:00:00,5563.56606108844
2014-12-02 09:00:00,6020.05872243174
2014-12-02 10:00:00,6266.486183114511
2014-12-02 11:00:00,5670.02785154105
2014-12-02 12:00:00,6509.07917373301
2014-12-02 13:00:00,6046.19001049785
2014-12-02 14:00:00,6305.12831960952
2014-12-02 15:00:00,6225.21466002977
2014-12-02 16:00:00,6729.27773411153
2014-12-02 17:00:00,5973.43395164359
2014-12-02 18:00:00,6360.03301163551
2014-12-02 19:00:00,6154.97586939047
2014-12-02 20:00:00,6577.975928762011
2014-12-02 21:00:00,7088.54210397501
2014-12-02 22:00:00,6144.76529488021
2014-12-02 23:00:00,6555.78361965461
2014-12-03 00:00:00,6563.777324775289
2014-12-03 01:00:00,7033.3733086186
2014-12-03 02:00:00,6402.025425750179
2014-12-03 03:00:00,6813.63325061157
2014-12-03 04:00:00,7151.12701590265
2014-12-03 05:00:00,6662.827412993571
2014-12-03 06:00:00,6567.7466152148
2014-12-03 07:00:00,6729.50060318535
2014-12-03 08:00:00,6920.450348894879
2014-12-03 09:00:00,6541.576401032321
2014-12-03 10:00:00,7242.53972685813
2014-12-03 11:00:00,6836.02349577144
2014-12-03 12:00:00,6088.32607518345
2014-12-03 13:00:00,6567.992254541179
2014-12-03 14:00:00,7269.85168414692
2014-12-03 15:00:00,6618.490118938989
2014-12-03 16:00:00,6853.00464942785
2014-12-03 17:00:00,6895.24905545011
2014-12-03 18:00:00,6470.57988953571
2014-12-03 19:00:00,7017.278521926801
2014-12-03 20:00:00,6999.6167274257805
2014-12-03 21:00:00,7377.76302174842
2014-12-03 22:00:00,7156.45750310192
2014-12-03 23:00:00,6904.2833368319
2014-12-04 00:00:00,6856.60868640431
2014-12-04 01:00:00,7030.3139906951
2014-12-04 02:00:00,6633.289792150091
2014-12-04 03:00:00,6884.0278646815195
2014-12-04 04:00:00,6939.082266818721
2014-12-04 05:00:00,6980.00172008891
2014-12-04 06:00:00,6528.5899465927005
2014-12-04 07:00:00,7193.59715681266
2014-12-04 08:00:00,6981.45942312855
2014-12-04 09:00:00,7437.89677876016
2014-12-04 10:00:00,6274.66855895854
2014-12-04 11:00:00,6597.5822637949495
2014-12-04 12:00:00,6286.77171724277
2014-12-04 13:00:00,6606.32911587703
2014-12-04 14:00:00,6778.37309214068
2014-12-04 15:00:00,7122.322966661559
2014-12-04 16:00:00,6542.10979645994
2014-12-04 17:00:00,6324.28273476707
2014-12-04 18:00:00,6535.62313336469
2014-12-04 19:00:00,6756.1753976910995
2014-12-04 20:00:00,6619.3337799601795
2014-12-04 21:00:00,6893.33250434391
2014-12-04 22:00:00,6448.23216295073
2014-12-04 23:00:00,6072.7743045816505
2014-12-05 00:00:00,6727.75932819009
2014-12-05 01:00:00,6165.14713812927
2014-12-05 02:00:00,6592.8012480834395
2014-12-05 03:00:00,6541.79337831001
2014-12-05 04:00:00,6480.147712264749
2014-12-05 05:00:00,6809.602622162739
2014-12-05 06:00:00,6281.861042560489
2014-12-05 07:00:00,5968.76061197928
2014-12-05 08:00:00,6304.58628389208
2014-12-05 09:00:00,6203.931478342321
2014-12-05 10:00:00,6406.94102412715
2014-12-05 11:00:00,6644.8500695904895
2014-12-05 12:00:00,5723.60696616662
2014-12-05 13:00:00,6117.53328826494
2014-12-05 14:00:00,6169.95378327979
2014-12-05 15:00:00,6273.79490063083
2014-12-05 16:00:00,5927.733596473249
2014-12-05 17:00:00,6191.423439628771
2014-12-05 18:00:00,6169.559918133921
2014-12-05 19:00:00,6047.9989122611705
2014-12-05 20:00:00,6000.70342420661
2014-12-05 21:00:00,6398.734709168941
2014-12-05 22:00:00,6175.36751348771
2014-12-05 23:00:00,6494.52399708307
2014-12-06 00:00:00,5899.01110652665
2014-12-06 01:00:00,5630.68642089204
2014-12-06 02:00:00,5839.50898023269
2014-12-06 03:00:00,5956.50924569761
2014-12-06 04:00:00,5858.236749133721
2014-12-06 05:00:00,5803.4377938814405
2014-12-06 06:00:00,5490.87741154251
2014-12-06 07:00:00,5687.21988625264
2014-12-06 08:00:00,5603.17258377861
2014-12-06 09:00:00,5964.97550995506
2014-12-06 10:00:00,5970.98003510551
2014-12-06 11:00:00,6280.61181900927
2014-12-06 12:00:00,5791.856319108239
2014-12-06 13:00:00,6125.83135524662
2014-12-06 14:00:00,5755.02877296469
2014-12-06 15:00:00,5487.9349786333205
2014-12-06 16:00:00,6001.35479030416
2014-12-06 17:00:00,5758.395861911379
2014-12-06 18:00:00,5683.681150030389
2014-12-06 19:00:00,5712.990474048671
2014-12-06 20:00:00,6205.2934546960705
2014-12-06 21:00:00,6343.29182611903
2014-12-06 22:00:00,6209.2704784155
2014-12-06 23:00:00,5890.0332811577
2014-12-07 00:00:00,5636.00606013928
2014-12-07 01:00:00,6053.96134894001
2014-12-07 02:00:00,6306.04985727965
2014-12-07 03:00:00,6255.118120564821
2014-12-07 04:00:00,6141.30302987976
2014-12-07 05:00:00,6141.41034166407
2014-12-07 06:00:00,5888.9644003045705
2014-12-07 07:00:00,6252.25344471864
2014-12-07 08:00:00,6179.785817359029
2014-12-07 09:00:00,6213.2893092473905
2014-12-07 10:00:00,6174.676743593629
2014-12-07 11:00:00,5958.49112173011
2014-12-07 12:00:00,6140.86350316798
2014-12-07 13:00:00,6531.82730841294
2014-12-07 14:00:00,6379.822257084549
2014-12-07 15:00:00,6412.70870599134
2014-12-07 16:00:00,6400.90859490703
2014-12-07 17:00:00,6857.15043191484
2014-12-07 18:00:00,6539.865679563871
2014-12-07 19:00:00,6644.888466416441
2014-12-07 20:00:00,6664.940246793521
2014-12-07 21:00:00,6422.046918474929
2014-12-07 22:00:00,6704.84431673173
2014-12-07 23:00:00,7108.07537792977
2014-12-08 00:00:00,6942.98082215615
2014-12-08 01:00:00,6496.84523462872
2014-12-08 02:00:00,6949.58547318256
2014-12-08 03:00:00,7130.2320269157
2014-12-08 04:00:00,7020.328658835171
2014-12-08 05:00:00,7301.017526298299
2014-12-08 06:00:00,7109.5260757798
2014-12-08 07:00:00,6939.04042014443
2014-12-08 08:00:00,7463.586663114591
2014-12-08 09:00:00,7402.42239359437
2014-12-08 10:00:00,7537.2813147191
2014-12-08 11:00:00,7729.433082075021
2014-12-08 12:00:00,7572.361091927379
2014-12-08 13:00:00,7159.30879019112
2014-12-08 14:00:00,7680.712447833721
2014-12-08 15:00:00,7286.87517531141
2014-12-08 16:00:00,7641.343499644541
2014-12-08 17:00:00,8095.09402256354
2014-12-08 18:00:00,7463.817746395959
2014-12-08 19:00:00,8007.81853852187
2014-12-08 20:00:00,7888.755689711909
2014-12-08 21:00:00,8036.89336902585
2014-12-08 22:00:00,8438.47046619854
2014-12-08 23:00:00,8371.113497961
2014-12-09 00:00:00,8658.53649983989
2014-12-09 01:00:00,8093.66723111859
2014-12-09 02:00:00,8231.32609438037
2014-12-09 03:00:00,8330.06434391995
2014-12-09 04:00:00,8562.11605421852
2014-12-09 05:00:00,8403.25182903385
2014-12-09 06:00:00,8519.38819518678
2014-12-09 07:00:00,8547.49726820093
2014-12-09 08:00:00,9027.84092650488
2014-12-09 09:00:00,9081.33899863682
2014-12-09 10:00:00,9244.961983912159
2014-12-09 11:00:00,9767.7380098572
2014-12-09 12:00:00,9092.89728644471
2014-12-09 13:00:00,9385.1385144119
2014-12-09 14:00:00,10124.770757738399
2014-12-09 15:00:00,9483.87393522819
2014-12-09 16:00:00,9384.250821442409
2014-12-09 17:00:00,9212.503734837801
2014-12-09 18:00:00,9386.99326878994
2014-12-09 19:00:00,9151.49363281598
2014-12-09 20:00:00,9243.6476967077
2014-12-09 21:00:00,9609.29125910369
2014-12-09 22:00:00,9858.40143559729
2014-12-09 23:00:00,9844.77142669737
2014-12-10 00:00:00,9790.616302951159
2014-12-10 01:00:00,9474.778257679749
2014-12-10 02:00:00,10177.7870419837
2014-12-10 03:00:00,10180.7697443295
2014-12-10 04:00:00,10536.7015924604
2014-12-10 05:00:00,9683.1013019394
2014-12-10 06:00:00,10144.3286788914
2014-12-10 07:00:00,10726.432024399699
2014-12-10 08:00:00,10349.1450273726
2014-12-10 09:00:00,10727.9395031586
2014-12-10 10:00:00,10563.1066640236
2014-12-10 11:00:00,10494.1152730904
2014-12-10 12:00:00,10741.0031276874
2014-12-10 13:00:00,10074.900408482801
2014-12-10 14:00:00,10497.3301321786
2014-12-10 15:00:00,10783.975893756999
2014-12-10 16:00:00,11014.0376189261
2014-12-10 17:00:00,10901.0687954141
2014-12-10 18:00:00,10786.6999927866
2014-12-10 19:00:00,11067.6686149259
2014-12-10 20:00:00,10805.9422699677
2014-12-10 21:00:00,10544.6703429431
2014-12-10 22:00:00,10855.898862385
2014-12-10 23:00:00,10847.5305803448
2014-12-11 00:00:00,11013.0838816897
2014-12-11 01:00:00,10841.8137657709
2014-12-11 02:00:00,11134.799390858001
2014-12-11 03:00:00,11524.017208351599
2014-12-11 04:00:00,10537.1700135008
2014-12-11 05:00:00,11177.0875327723
2014-12-11 06:00:00,10853.0198549218
2014-12-11 07:00:00,10892.9333442934
2014-12-11 08:00:00,10597.0819393418
2014-12-11 09:00:00,11015.892444923602
2014-12-11 10:00:00,11181.860835264099
2014-12-11 11:00:00,10731.498311825799
2014-12-11 12:00:00,11617.964849426799
2014-12-11 13:00:00,10920.281754755799
2014-12-11 14:00:00,10528.8547333037
2014-12-11 15:00:00,11097.5231819499
2014-12-11 16:00:00,11743.399726098998
2014-12-11 17:00:00,11547.101309875301
2014-12-11 18:00:00,11463.416720549
2014-12-11 19:00:00,11334.137286443101
2014-12-11 20:00:00,11245.5680301172
2014-12-11 21:00:00,11006.4244856876
2014-12-11 22:00:00,10721.6126284073
2014-12-11 23:00:00,10528.1366534926
2014-12-12 00:00:00,10792.6852110521
2014-12-12 01:00:00,10625.862696616701
2014-12-12 02:00:00,10823.0466357865
2014-12-12 03:00:00,11259.681489185
2014-12-12 04:00:00,10826.2547451886
2014-12-12 05:00:00,10642.2333282411
2014-12-12 06:00:00,10775.6612486372
2014-12-12 07:00:00,10565.7021526676
2014-12-12 08:00:00,11207.75850704
2014-12-12 09:00:00,10589.0147244776
2014-12-12 10:00:00,10925.2139827928
2014-12-12 11:00:00,11095.8849388995
2014-12-12 12:00:00,11238.995438691201
2014-12-12 13:00:00,11399.7988850643
2014-12-12 14:00:00,10425.546474434
2014-12-12 15:00:00,11105.183385006101
2014-12-12 16:00:00,10697.0119109961
2014-12-12 17:00:00,10773.0597916812
2014-12-12 18:00:00,11175.476065804
2014-12-12 19:00:00,10616.363247064599
2014-12-12 20:00:00,10928.9469105387
2014-12-12 21:00:00,10703.7520910691
2014-12-12 22:00:00,10576.5744938768
2014-12-12 23:00:00,11048.8153038516
2014-12-13 00:00:00,10598.046376004
2014-12-13 01:00:00,10577.157549089
2014-12-13 02:00:00,10790.315336619
2014-12-13 03:00:00,10823.398977086701
2014-12-13 04:00:00,10319.596661384201
2014-12-13 05:00:00,10836.1285477207
2014-12-13 06:00:00,10347.2182491149
2014-12-13 07:00:00,10258.4395233673
2014-12-13 08:00:00,9857.762965273829
2014-12-13 09:00:00,10405.9872566516
2014-12-13 10:00:00,10504.324706616899
2014-12-13 11:00:00,10215.0214845179
2014-12-13 12:00:00,10702.4339327137
2014-12-13 13:00:00,10519.185636796099
2014-12-13 14:00:00,10363.0772841141
2014-12-13 15:00:00,10789.1189970267
2014-12-13 16:00:00,9906.15545216516
2014-12-13 17:00:00,10354.5442237442
2014-12-13 18:00:00,10483.189876559301
2014-12-13 19:00:00,9985.954109487191
2014-12-13 20:00:00,10162.8307527616
2014-12-13 21:00:00,10200.3174961969
2014-12-13 22:00:00,10084.7120578275
2014-12-13 23:00:00,10205.9877308042
2014-12-14 00:00:00,10135.382307330201
2014-12-14 01:00:00,9947.799534040441
2014-12-14 02:00:00,10353.620178416999
2014-12-14 03:00:00,9995.61229978714
2014-12-14 04:00:00,9974.982039986291
2014-12-14 05:00:00,10257.6692905288
2014-12-14 06:00:00,10569.3079703102
2014-12-14 07:00:00,9663.218815768829
2014-12-14 08:00:00,10171.9211589033
2014-12-14 09:00:00,10222.6005766124
2014-12-14 10:00:00,10126.510981675401
2014-12-14 11:00:00,10788.4677894421
2014-12-14 12:00:00,10451.0858925563
2014-12-14 13:00:00,9987.60781552548
2014-12-14 14:00:00,9969.51195058757
2014-12-14 15:00:00,10378.2310685345
2014-12-14 16:00:00,10411.0789205588
2014-12-14 17:00:00,10345.896641531
2014-12-14 18:00:00,10011.7854147588
2014-12-14 19:00:00,10323.266142827
2014-12-14 20:00:00,10176.9923647194
2014-12-14 21:00:00,10695.8697416802
2014-12-14 22:00:00,10007.4356551519
2014-12-14 23:00:00,10258.146295053199
2014-12-15 00:00:00,10002.6881923938
2014-12-15 01:00:00,10036.0037649235
2014-12-15 02:00:00,10317.125025139101
2014-12-15 03:00:00,10280.3537309875
2014-12-15 04:00:00,10237.8292679454
2014-12-15 05:00:00,10800.8073005432
2014-12-15 06:00:00,10448.9878013403
2014-12-15 07:00:00,10801.6685841575
2014-12-15 08:00:00,10234.232329065699
2014-12-15 09:00:00,10460.5648136807
2014-12-15 10:00:00,10194.0691624501
2014-12-15 11:00:00,10973.860906959399
2014-12-15 12:00:00,10380.3966562682
2014-12-15 13:00:00,11061.487270105601
2014-12-15 14:00:00,10459.5989454223
2014-12-15 15:00:00,10736.6229003639
2014-12-15 16:00:00,10055.2305437102
2014-12-15 17:00:00,10786.912642986601
2014-12-15 18:00:00,10902.2158740765
2014-12-15 19:00:00,10445.8021176732
2014-12-15 20:00:00,10921.1461059382
2014-12-15 21:00:00,10956.609710115401
2014-12-15 22:00:00,10618.969865207
2014-12-15 23:00:00,11386.825794889299
2014-12-16 00:00:00,10890.067803272901
2014-12-16 01:00:00,11204.90429968
2014-12-16 02:00:00,11465.8247055181
2014-12-16 03:00:00,11238.9372949779
2014-12-16 04:00:00,11628.8718105755
2014-12-16 05:00:00,11527.718595356599
2014-12-16 06:00:00,11942.867091644499
2014-12-16 07:00:00,11442.707790036398
2014-12-16 08:00:00,11374.801436489699
2014-12-16 09:00:00,11834.217743861002
2014-12-16 10:00:00,11753.304163988601
2014-12-16 11:00:00,11791.362642603899
2014-12-16 12:00:00,12062.971237870901
2014-12-16 13:00:00,12125.425009148701
2014-12-16 14:00:00,12069.8305748827
2014-12-16 15:00:00,12297.1713100977
2014-12-16 16:00:00,12395.4260256262
2014-12-16 17:00:00,12483.508330831799
2014-12-16 18:00:00,12585.7856858647
2014-12-16 19:00:00,12739.5100009192
2014-12-16 20:00:00,12434.507491792
2014-12-16 21:00:00,12423.815136630601
2014-12-16 22:00:00,12287.067490791498
2014-12-16 23:00:00,12614.160648212901
2014-12-17 00:00:00,12503.128779846298
2014-12-17 01:00:00,12921.221845998101
2014-12-17 02:00:00,12830.7852704773
2014-12-17 03:00:00,12805.8918273854
2014-12-17 04:00:00,12764.892200305901
2014-12-17 05:00:00,13104.1220881161
2014-12-17 06:00:00,13000.4786357673
2014-12-17 07:00:00,12895.5503147175
2014-12-17 08:00:00,12923.5390791214
2014-12-17 09:00:00,13646.0227335045
2014-12-17 10:00:00,13248.389528388601
2014-12-17 11:00:00,13292.287460584199
2014-12-17 12:00:00,13480.583045083898
2014-12-17 13:00:00,13471.5220646306
2014-12-17 14:00:00,13570.0496196326
2014-12-17 15:00:00,13667.9189629609
2014-12-17 16:00:00,13654.9609703299
2014-12-17 17:00:00,13588.8927762782
2014-12-17 18:00:00,14122.1883228219
2014-12-17 19:00:00,13967.623159016799
2014-12-17 20:00:00,13678.6561185073
2014-12-17 21:00:00,14324.4000222544
2014-12-17 22:00:00,13717.429846467
2014-12-17 23:00:00,14123.2789525527
2014-12-18 00:00:00,14208.3955267901
2014-12-18 01:00:00,14092.859104770601
2014-12-18 02:00:00,14466.056154918
2014-12-18 03:00:00,14050.085740676599
2014-12-18 04:00:00,14890.348544923001
2014-12-18 05:00:00,14639.2873511618
2014-12-18 06:00:00,15035.374043952399
2014-12-18 07:00:00,14806.868233256499
2014-12-18 08:00:00,14243.9189258299
2014-12-18 09:00:00,14897.826414724499
2014-12-18 10:00:00,14888.911384243898
2014-12-18 11:00:00,15081.233030617299
2014-12-18 12:00:00,15134.115219743
2014-12-18 13:00:00,15011.908530973798
2014-12-18 14:00:00,15094.425767466799
2014-12-18 15:00:00,14813.9034784297
2014-12-18 16:00:00,15413.2198424646
2014-12-18 17:00:00,14572.1877710522
2014-12-18 18:00:00,14573.0840771271
2014-12-18 19:00:00,14756.6066297704
2014-12-18 20:00:00,15359.462410845901
2014-12-18 21:00:00,14859.6750600491
2014-12-18 22:00:00,15073.7667718182
2014-12-18 23:00:00,15219.3005354449
2014-12-19 00:00:00,15093.555474903898
2014-12-19 01:00:00,14696.332122673799
2014-12-19 02:00:00,15564.251189023502
2014-12-19 03:00:00,15256.985254898702
2014-12-19 04:00:00,15431.4722758157
2014-12-19 05:00:00,15308.7857704519
2014-12-19 06:00:00,15182.0719560544
2014-12-19 07:00:00,40839.1904459554
2014-12-19 08:00:00,40839.1904459554
2014-12-19 09:00:00,40839.1904459554
2014-12-19 10:00:00,15055.3571831995
2014-12-19 11:00:00,15702.6612046521
2014-12-19 12:00:00,15130.7297153658
2014-12-19 13:00:00,15373.903151028999
2014-12-19 14:00:00,14998.4850337077
2014-12-19 15:00:00,15550.7477577742
2014-12-19 16:00:00,15524.9230424097
2014-12-19 17:00:00,15296.6263603272
2014-12-19 18:00:00,15768.849155964199
2014-12-19 19:00:00,15224.732965353101
2014-12-19 20:00:00,15275.442415931
2014-12-19 21:00:00,15631.4722693893
2014-12-19 22:00:00,15454.932036073798
2014-12-19 23:00:00,15547.6662188151
2014-12-20 00:00:00,15697.004073716398
2014-12-20 01:00:00,15365.928528546201
2014-12-20 02:00:00,15458.718216811101
2014-12-20 03:00:00,15107.849755263302
2014-12-20 04:00:00,15381.4318383664
2014-12-20 05:00:00,15163.6376628873
2014-12-20 06:00:00,15560.6585636585
2014-12-20 07:00:00,15197.6589267495
2014-12-20 08:00:00,15199.6442451651
2014-12-20 09:00:00,15171.8346802772
2014-12-20 10:00:00,14622.0514741744
2014-12-20 11:00:00,14873.6255934142
2014-12-20 12:00:00,15624.413138064
2014-12-20 13:00:00,15274.810375915
2014-12-20 14:00:00,15078.835590795401
2014-12-20 15:00:00,15004.7438089271
2014-12-20 16:00:00,14981.0166566497
2014-12-20 17:00:00,15114.808809553799
2014-12-20 18:00:00,40401.5009338177
2014-12-20 19:00:00,40401.5009338177
2014-12-20 20:00:00,40401.5009338177
2014-12-20 21:00:00,14577.6601975426
2014-12-20 22:00:00,14769.539173089699
2014-12-20 23:00:00,14990.2492511209
2014-12-21 00:00:00,14455.779159466001
2014-12-21 01:00:00,15075.537160971298
2014-12-21 02:00:00,15093.1912621808
2014-12-21 03:00:00,14759.2293445625
2014-12-21 04:00:00,14808.555292624
2014-12-21 05:00:00,15065.5224969496
2014-12-21 06:00:00,14540.0620845371
2014-12-21 07:00:00,14425.328033240501
2014-12-21 08:00:00,14347.0951090129
2014-12-21 09:00:00,14371.6779725423
2014-12-21 10:00:00,14419.433018258702
2014-12-21 11:00:00,14681.658504000701
2014-12-21 12:00:00,14318.4229912548
2014-12-21 13:00:00,14473.8214089993
2014-12-21 14:00:00,14567.204554101101
2014-12-21 15:00:00,14172.7578560569
2014-12-21 16:00:00,14862.485433395801
2014-12-21 17:00:00,14817.284864958201
2014-12-21 18:00:00,13989.5663964129
2014-12-21 19:00:00,14319.9688329527
2014-12-21 20:00:00,14335.5117350119
2014-12-21 21:00:00,14464.662996450501
2014-12-21 22:00:00,14103.0352660229
2014-12-21 23:00:00,14300.727054138899
2014-12-22 00:00:00,14594.1551129181
2014-12-22 01:00:00,14640.447634178001
2014-12-22 02:00:00,14434.7705075897
2014-12-22 03:00:00,14457.235085480801
2014-12-22 04:00:00,14196.0244003611
2014-12-22 05:00:00,14246.1846810025
2014-12-22 06:00:00,14663.2912848828
2014-12-22 07:00:00,14376.5942509798
2014-12-22 08:00:00,14182.388342665501
2014-12-22 09:00:00,14789.3502583607
2014-12-22 10:00:00,14213.8165584522
2014-12-22 11:00:00,14666.471673246202
2014-12-22 12:00:00,14529.788109211
2014-12-22 13:00:00,14485.0839492678
2014-12-22 14:00:00,14314.452336986598
2014-12-22 15:00:00,14637.858408238
2014-12-22 16:00:00,13990.4390981366
2014-12-22 17:00:00,14174.9170591086
2014-12-22 18:00:00,14384.734202124399
2014-12-22 19:00:00,14506.1649718231
2014-12-22 20:00:00,14510.618736568798
2014-12-22 21:00:00,14429.043937729699
2014-12-22 22:00:00,14449.174829679
2014-12-22 23:00:00,14671.4020599503
2014-12-23 00:00:00,14400.6436282927
2014-12-23 01:00:00,14028.140930251599
2014-12-23 02:00:00,14628.617275616201
2014-12-23 03:00:00,14882.1504103849
2014-12-23 04:00:00,14943.5922582131
2014-12-23 05:00:00,14643.9566435387
2014-12-23 06:00:00,14738.0154065854
2014-12-23 07:00:00,15183.868356913601
2014-12-23 08:00:00,14658.0929436861
2014-12-23 09:00:00,14830.1586019453
2014-12-23 10:00:00,15030.6787278401
2014-12-23 11:00:00,14776.768824607
2014-12-23 12:00:00,14866.5921895994
2014-12-23 13:00:00,15179.638517251298
2014-12-23 14:00:00,14888.0330670566
2014-12-23 15:00:00,15242.4139571556
2014-12-23 16:00:00,14858.655505550701
2014-12-23 17:00:00,14693.7343824657
2014-12-23 18:00:00,15432.6356137911
2014-12-23 19:00:00,15287.8346977708
2014-12-23 20:00:00,15261.790645918101
2014-12-23 21:00:00,15293.091189079
2014-12-23 22:00:00,15743.323919963
2014-12-23 23:00:00,15257.1870093121
2014-12-24 00:00:00,15848.184978654399
2014-12-24 01:00:00,15384.6759645352
2014-12-24 02:00:00,15679.0330834904
2014-12-24 03:00:00,15719.045712909
2014-12-24 04:00:00,15985.781097013898
2014-12-24 05:00:00,15434.181915878702
2014-12-24 06:00:00,15893.5067607857
2014-12-24 07:00:00,15987.604460353301
2014-12-24 08:00:00,16233.368959707099
2014-12-24 09:00:00,16445.4526836364
2014-12-24 10:00:00,15961.500528036899
2014-12-24 11:00:00,16369.0502071406
2014-12-24 12:00:00,16467.0158817574
2014-12-24 13:00:00,16725.9603247276
2014-12-24 14:00:00,16461.1754417964
2014-12-24 15:00:00,16851.3385261364
2014-12-24 16:00:00,16642.6194282899
2014-12-24 17:00:00,16611.2257410344
2014-12-24 18:00:00,16890.4225984486
2014-12-24 19:00:00,16899.3003985088
2014-12-24 20:00:00,16994.492546788002
2014-12-24 21:00:00,17225.2198598706
2014-12-24 22:00:00,16957.1852000322
2014-12-24 23:00:00,17038.6987991073
2014-12-25 00:00:00,17116.2225133964
2014-12-25 01:00:00,17517.897475711798
2014-12-25 02:00:00,17815.4184122904
2014-12-25 03:00:00,17626.294247448997
2014-12-25 04:00:00,17713.4829477514
2014-12-25 05:00:00,17971.6846713282
2014-12-25 06:00:00,17427.9692599258
2014-12-25 07:00:00,17260.1500863999
2014-12-25 08:00:00,17420.326125149
2014-12-25 09:00:00,17842.2344972286
2014-12-25 10:00:00,17847.049532035202
2014-12-25 11:00:00,17196.5922924452
2014-12-25 12:00:00,18278.626026303602
2014-12-25 13:00:00,17975.005066724298
2014-12-25 14:00:00,18079.8993134757
2014-12-25 15:00:00,18262.324089203998
2014-12-25 16:00:00,17875.1164212867
2014-12-25 17:00:00,18092.2029953112
2014-12-25 18:00:00,18605.330672376298
2014-12-25 19:00:00,18908.234702814298
2014-12-25 20:00:00,18629.631848079498
2014-12-25 21:00:00,18698.659462365802
2014-12-25 22:00:00,18114.819848081297
2014-12-25 23:00:00,18888.9866645163
2014-12-26 00:00:00,18959.8327954783
2014-12-26 01:00:00,18625.3402787972
2014-12-26 02:00:00,18817.0157134431
2014-12-26 03:00:00,19057.738546038898
2014-12-26 04:00:00,19425.9388027561
2014-12-26 05:00:00,18620.5872416798
2014-12-26 06:00:00,19223.7382176901
2014-12-26 07:00:00,19357.9186811834
2014-12-26 08:00:00,19279.3058784635
2014-12-26 09:00:00,19157.827345166297
2014-12-26 10:00:00,19080.8117178077
2014-12-26 11:00:00,19201.2299400749
2014-12-26 12:00:00,19421.2067302094
2014-12-26 13:00:00,18947.9774116844
2014-12-26 14:00:00,18943.6601154317
2014-12-26 15:00:00,19108.841936246798
2014-12-26 16:00:00,18953.1824811796
2014-12-26 17:00:00,18917.95837125
2014-12-26 18:00:00,19740.9101309642
2014-12-26 19:00:00,19166.6310263936
2014-12-26 20:00:00,19299.191462713
2014-12-26 21:00:00,19157.3543315213
2014-12-26 22:00:00,19608.4674885347
2014-12-26 23:00:00,19632.0130106906
2014-12-27 00:00:00,19822.3776485299
2014-12-27 01:00:00,19408.1585108068
2014-12-27 02:00:00,19867.6482226996
2014-12-27 03:00:00,19592.9533078655
2014-12-27 04:00:00,19229.9370677047
2014-12-27 05:00:00,19880.119751398797
2014-12-27 06:00:00,19983.5862515782
2014-12-27 07:00:00,19805.440571138897
2014-12-27 08:00:00,19489.7666525691
2014-12-27 09:00:00,19255.7901399677
2014-12-27 10:00:00,19619.7354166948
2014-12-27 11:00:00,19260.5423958135
2014-12-27 12:00:00,19138.7628677094
2014-12-27 13:00:00,19795.0666011253
2014-12-27 14:00:00,19531.0448774073
2014-12-27 15:00:00,19501.459962612298
2014-12-27 16:00:00,19432.881310294
2014-12-27 17:00:00,19938.1414896335
2014-12-27 18:00:00,19173.8695781411
2014-12-27 19:00:00,19463.1390600562
2014-12-27 20:00:00,19717.3955577269
2014-12-27 21:00:00,19634.7637996842
2014-12-27 22:00:00,19386.6330037508
2014-12-27 23:00:00,19518.3791096151
2014-12-28 00:00:00,19470.5754302117
2014-12-28 01:00:00,19945.4836946945
2014-12-28 02:00:00,19517.3771623774
2014-12-28 03:00:00,19303.251130344
2014-12-28 04:00:00,19766.5926889316
2014-12-28 05:00:00,19106.7608279791
2014-12-28 06:00:00,19560.500793394298
2014-12-28 07:00:00,19721.8437410095
2014-12-28 08:00:00,19076.2234580456
2014-12-28 09:00:00,19444.3749846507
2014-12-28 10:00:00,19586.6656819594
2014-12-28 11:00:00,19608.3701659754
2014-12-28 12:00:00,19692.2529742701
2014-12-28 13:00:00,19772.4802413399
2014-12-28 14:00:00,19301.1335156627
2014-12-28 15:00:00,19004.4832052628
2014-12-28 16:00:00,19004.5155448374
2014-12-28 17:00:00,19359.7342788713
2014-12-28 18:00:00,18743.8811777984
2014-12-28 19:00:00,19260.9722851885
2014-12-28 20:00:00,18804.9248611667
2014-12-28 21:00:00,18840.82847859
2014-12-28 22:00:00,19147.5416093878
2014-12-28 23:00:00,18880.5123903828
2014-12-29 00:00:00,18794.4368723262
2014-12-29 01:00:00,18813.8837534572
2014-12-29 02:00:00,19333.5210862696
2014-12-29 03:00:00,18582.8855447545
2014-12-29 04:00:00,18946.6328582195
2014-12-29 05:00:00,18774.1566588747
2014-12-29 06:00:00,19647.2429833353
2014-12-29 07:00:00,18811.7680499636
2014-12-29 08:00:00,19307.1142834409
2014-12-29 09:00:00,19037.5622796048
2014-12-29 10:00:00,18383.8096442302
2014-12-29 11:00:00,18908.4019581475
2014-12-29 12:00:00,18937.5339934372
2014-12-29 13:00:00,18745.1890227021
2014-12-29 14:00:00,18212.696432425902
2014-12-29 15:00:00,19292.575378710902
2014-12-29 16:00:00,18642.871153053402
2014-12-29 17:00:00,18312.427551779398
2014-12-29 18:00:00,18991.2487581165
2014-12-29 19:00:00,18589.241045823797
2014-12-29 20:00:00,18707.186521781998
2014-12-29 21:00:00,18430.3177871586
2014-12-29 22:00:00,18157.7497742224
2014-12-29 23:00:00,18574.2249658497
2014-12-30 00:00:00,18807.935892717
2014-12-30 01:00:00,18602.703563382198
2014-12-30 02:00:00,18610.826365161298
2014-12-30 03:00:00,18659.3835576696
2014-12-30 04:00:00,18704.542174691298
2014-12-30 05:00:00,18532.685174086
2014-12-30 06:00:00,18523.6248663422
2014-12-30 07:00:00,18414.4979414074
2014-12-30 08:00:00,18249.9163879573
2014-12-30 09:00:00,18240.3542726904
2014-12-30 10:00:00,18418.913849893
2014-12-30 11:00:00,18439.3273806686
2014-12-30 12:00:00,18541.5269430993
2014-12-30 13:00:00,43680.480532530695
2014-12-30 14:00:00,43680.480532530695
2014-12-30 15:00:00,43680.480532530695
2014-12-30 16:00:00,18797.5221735908
2014-12-30 17:00:00,18786.6580119728
2014-12-30 18:00:00,18731.6775947967
2014-12-30 19:00:00,18519.6810353927
2014-12-30 20:00:00,18627.37211763
2014-12-30 21:00:00,18709.2219824255
2014-12-30 22:00:00,18854.7359933061
2014-12-30 23:00:00,18849.9964238644
2014-12-31 00:00:00,19359.3262007294
2014-12-31 01:00:00,18829.3866476646
2014-12-31 02:00:00,18754.549093761398
2014-12-31 03:00:00,18555.5581332611
2014-12-31 04:00:00,18756.8992584033
2014-12-31 05:00:00,19732.0204379768
2014-12-31 06:00:00,19171.4366545049
2014-12-31 07:00:00,19368.7087013632
2014-12-31 08:00:00,19226.4259050512
2014-12-31 09:00:00,19260.6976256213
2014-12-31 10:00:00,19214.4160263521
2014-12-31 11:00:00,19447.8920973129
2014-12-31 12:00:00,19725.6046591848
2014-12-31 13:00:00,19631.3447165215
2014-12-31 14:00:00,19386.8807432867
2014-12-31 15:00:00,19522.5444036892
2014-12-31 16:00:00,19167.8032370291
2014-12-31 17:00:00,19895.6263633098
2014-12-31 18:00:00,20125.4471335358
2014-12-31 19:00:00,19312.3579965475
2014-12-31 20:00:00,19757.8087885822
2014-12-31 21:00:00,19589.64407862
2014-12-31 22:00:00,19564.6907931437
2014-12-31 23:00:00,20215.0139294012
2015-01-01 00:00:00,20300.3579445238
2015-01-01 01:00:00,20586.325677784498
2015-01-01 02:00:00,20248.5714439596
2015-01-01 03:00:00,19704.618397077
2015-01-01 04:00:00,20371.1227678237
2015-01-01 05:00:00,20126.1633356553
2015-01-01 06:00:00,20319.804854703998
2015-01-01 07:00:00,20500.0320638903
2015-01-01 08:00:00,20520.9474987987
2015-01-01 09:00:00,20776.095465185
2015-01-01 10:00:00,20464.493474612398
2015-01-01 11:00:00,20525.8902115078
2015-01-01 12:00:00,20818.2345446716
2015-01-01 13:00:00,21067.227384281203
2015-01-01 14:00:00,20803.9490841704
2015-01-01 15:00:00,20800.1394727435
2015-01-01 16:00:00,20779.6909629015
2015-01-01 17:00:00,20916.1059665354
2015-01-01 18:00:00,21106.8876589203
2015-01-01 19:00:00,20945.4767570521
2015-01-01 20:00:00,21499.0003470234
2015-01-01 21:00:00,20850.6054010575
2015-01-01 22:00:00,21415.7740159536
2015-01-01 23:00:00,21147.377792588002
2015-01-02 00:00:00,21910.171291352
2015-01-02 01:00:00,21527.329516479098
2015-01-02 02:00:00,22022.961421208798
2015-01-02 03:00:00,21686.1820402507
2015-01-02 04:00:00,21807.0590549273
2015-01-02 05:00:00,21662.5969419994
2015-01-02 06:00:00,21190.3794092217
2015-01-02 07:00:00,22489.8403781402
2015-01-02 08:00:00,21756.5772255725
2015-01-02 09:00:00,22858.4520078896
2015-01-02 10:00:00,22337.272072095297
2015-01-02 11:00:00,22167.2767048462
2015-01-02 12:00:00,22559.0892708232
2015-01-02 13:00:00,22667.499292986802
2015-01-02 14:00:00,22438.2633782036
2015-01-02 15:00:00,22592.434042358902
2015-01-02 16:00:00,23096.178092731603
2015-01-02 17:00:00,22305.427766455898
2015-01-02 18:00:00,22715.569940346802
2015-01-02 19:00:00,22990.7225591066
2015-01-02 20:00:00,22468.3417261198
2015-01-02 21:00:00,22423.035724421003
2015-01-02 22:00:00,23295.327161277
2015-01-02 23:00:00,22797.070646495496
2015-01-03 00:00:00,22770.625722840898
2015-01-03 01:00:00,23079.848246494
2015-01-03 02:00:00,22991.1892426538
2015-01-03 03:00:00,23035.2666940871
2015-01-03 04:00:00,22854.4455466924
2015-01-03 05:00:00,23030.578300664798
2015-01-03 06:00:00,23529.9109617713
2015-01-03 07:00:00,23478.7404545302
2015-01-03 08:00:00,23220.1698928873
2015-01-03 09:00:00,24053.8934019792
2015-01-03 10:00:00,23845.294359440803
2015-01-03 11:00:00,23299.7462147934
2015-01-03 12:00:00,23499.4466014361
2015-01-03 13:00:00,22711.098254458302
2015-01-03 14:00:00,23834.899671053998
2015-01-03 15:00:00,23758.8752861696
2015-01-03 16:00:00,23509.2381465481
2015-01-03 17:00:00,23613.2198540097
2015-01-03 18:00:00,23709.5519855217
2015-01-03 19:00:00,23974.216209538597
2015-01-03 20:00:00,23475.5854831796
2015-01-03 21:00:00,24025.601125185
2015-01-03 22:00:00,23961.4860547675
2015-01-03 23:00:00,23596.2362181713
2015-01-04 00:00:00,23718.8832062927
2015-01-04 01:00:00,24286.7355438481
2015-01-04 02:00:00,23776.2460721555
2015-01-04 03:00:00,23463.890316071698
2015-01-04 04:00:00,23450.142484455497
2015-01-04 05:00:00,23823.0144438059
2015-01-04 06:00:00,23908.697064521002
2015-01-04 07:00:00,23915.2897737696
2015-01-04 08:00:00,23783.190230574102
2015-01-04 09:00:00,23337.5219369511
2015-01-04 10:00:00,23735.225549603398
2015-01-04 11:00:00,24092.6631736323
2015-01-04 12:00:00,23242.252850574303
2015-01-04 13:00:00,24003.6369312641
2015-01-04 14:00:00,23453.3004286098
2015-01-04 15:00:00,23773.7935015891
2015-01-04 16:00:00,23456.666811169103
2015-01-04 17:00:00,24027.9868745921
2015-01-04 18:00:00,23648.831718152003
2015-01-04 19:00:00,23902.3195414998
2015-01-04 20:00:00,23570.9575526297
2015-01-04 21:00:00,23457.590784727203
2015-01-04 22:00:00,23358.0577365234
2015-01-04 23:00:00,23435.074292033198
2015-01-05 00:00:00,23628.0003530226
2015-01-05 01:00:00,24065.223680452702
2015-01-05 02:00:00,23834.5102085767
2015-01-05 03:00:00,23500.6387695963
2015-01-05 04:00:00,23710.625968940898
2015-01-05 05:00:00,23366.925790443398
2015-01-05 06:00:00,23447.015483749503
2015-01-05 07:00:00,23627.683993373703
2015-01-05 08:00:00,24265.4490318169
2015-01-05 09:00:00,23602.7230039754
2015-01-05 10:00:00,23546.500364468102
2015-01-05 11:00:00,22896.5085345067
2015-01-05 12:00:00,23781.1816205488
2015-01-05 13:00:00,23776.6348562485
2015-01-05 14:00:00,23003.4595765597
2015-01-05 15:00:00,23402.5796958341
2015-01-05 16:00:00,23160.773901918903
2015-01-05 17:00:00,23386.2793138349
2015-01-05 18:00:00,23200.4373952186
2015-01-05 19:00:00,23574.791061698597
2015-01-05 20:00:00,23340.0850465626
2015-01-05 21:00:00,23281.7704002982
2015-01-05 22:00:00,23337.0264869592
2015-01-05 23:00:00,22738.0325918342
2015-01-06 00:00:00,22882.793795213598
2015-01-06 01:00:00,23523.284401806402
2015-01-06 02:00:00,23193.980472541098
2015-01-06 03:00:00,23228.5752645948
2015-01-06 04:00:00,22734.014939548502
2015-01-06 05:00:00,23646.921386755
2015-01-06 06:00:00,22918.8216641416
2015-01-06 07:00:00,23167.025840315
2015-01-06 08:00:00,22952.669569751
2015-01-06 09:00:00,23243.616654157002
2015-01-06 10:00:00,22747.3520811566
2015-01-06 11:00:00,23225.1572718896
2015-01-06 12:00:00,23214.3106792008
2015-01-06 13:00:00,22731.147217756097
2015-01-06 14:00:00,22490.751408006003
2015-01-06 15:00:00,23015.0966842263
2015-01-06 16:00:00,22285.5620933461
2015-01-06 17:00:00,23078.0536931602
2015-01-06 18:00:00,23074.6184558346
2015-01-06 19:00:00,23074.536179385097
2015-01-06 20:00:00,22771.8253331942
2015-01-06 21:00:00,23330.7050764721
2015-01-06 22:00:00,22810.817297127203
2015-01-06 23:00:00,22591.9599244846
2015-01-07 00:00:00,22741.314236539103
2015-01-07 01:00:00,22511.7179476371
2015-01-07 02:00:00,22507.8955754717
2015-01-07 03:00:00,22896.221175531202
2015-01-07 04:00:00,22857.7694872271
2015-01-07 05:00:00,22709.1432950023
2015-01-07 06:00:00,22798.2597311396
2015-01-07 07:00:00,22821.8242017733
2015-01-07 08:00:00,22790.906673974703
2015-01-07 09:00:00,23342.5857492894
2015-01-07 10:00:00,22737.4709425748
2015-01-07 11:00:00,23085.1542435496
2015-01-07 12:00:00,22830.924042216
2015-01-07 13:00:00,22658.6263867187
2015-01-07 14:00:00,22708.082064807597
2015-01-07 15:00:00,23013.2218917042
2015-01-07 16:00:00,22843.6293914144
2015-01-07 17:00:00,23056.3005851224
2015-01-07 18:00:00,23127.6144705198
2015-01-07 19:00:00,23255.8480825504
2015-01-07 20:00:00,22823.1986962415
2015-01-07 21:00:00,23474.8094810689
2015-01-07 22:00:00,22648.928682628703
2015-01-07 23:00:00,22678.006724860097
2015-01-08 00:00:00,23509.393695836698
2015-01-08 01:00:00,23571.271417481497
2015-01-08 02:00:00,22981.0268632652
2015-01-08 03:00:00,23450.045880885897
2015-01-08 04:00:00,23011.543337237203
2015-01-08 05:00:00,23815.025165050898
2015-01-08 06:00:00,23457.1122306867
2015-01-08 07:00:00,23445.8345826904
2015-01-08 08:00:00,23438.5672300439
2015-01-08 09:00:00,23248.4728113494
2015-01-08 10:00:00,23841.1174708911
2015-01-08 11:00:00,23668.7675268439
2015-01-08 12:00:00,23847.2861400647
2015-01-08 13:00:00,23557.259078993102
2015-01-08 14:00:00,23709.3853821013
2015-01-08 15:00:00,23936.6745245313
2015-01-08 16:00:00,23471.4097612579
2015-01-08 17:00:00,23736.0171296128
2015-01-08 18:00:00,23877.05952808
2015-01-08 19:00:00,24245.6007033477
2015-01-08 20:00:00,23908.4252601035
2015-01-08 21:00:00,23931.014619165097
2015-01-08 22:00:00,24384.4732273379
2015-01-08 23:00:00,24138.333874111802
2015-01-09 00:00:00,24663.1284166115
2015-01-09 01:00:00,24019.804654607597
2015-01-09 02:00:00,24426.569740829502
2015-01-09 03:00:00,24379.9812048116
2015-01-09 04:00:00,24518.9917058902
2015-01-09 05:00:00,24908.088073079398
2015-01-09 06:00:00,24970.79720966
2015-01-09 07:00:00,24653.50416025
2015-01-09 08:00:00,24431.226474593397
2015-01-09 09:00:00,24787.474942160297
2015-01-09 10:00:00,25404.5269958703
2015-01-09 11:00:00,25119.1504592715
2015-01-09 12:00:00,24962.5909852494
2015-01-09 13:00:00,25263.609092953197
2015-01-09 14:00:00,25544.785947300898
2015-01-09 15:00:00,25881.1163759692
2015-01-09 16:00:00,25608.9605063425
2015-01-09 17:00:00,25278.03799667
2015-01-09 18:00:00,26199.645772483902
2015-01-09 19:00:00,25697.0172530911
2015-01-09 20:00:00,26113.460293028398
2015-01-09 21:00:00,26150.6792660664
2015-01-09 22:00:00,25347.099179547997
2015-01-09 23:00:00,26375.040643433502
2015-01-10 00:00:00,25985.5104317408
2015-01-10 01:00:00,25862.5147122553
2015-01-10 02:00:00,26167.278605135
2015-01-10 03:00:00,26235.078600445
2015-01-10 04:00:00,26286.0745714658
2015-01-10 05:00:00,26305.68391988
2015-01-10 06:00:00,26800.8003908625
2015-01-10 07:00:00,26741.515730068702
2015-01-10 08:00:00,26623.0344461996
2015-01-10 09:00:00,26445.2951451283
2015-01-10 10:00:00,26983.2334193576
2015-01-10 11:00:00,26898.923376618703
2015-01-10 12:00:00,26669.268793569703
2015-01-10 13:00:00,26708.799615976
2015-01-10 14:00:00,26830.9311056021
2015-01-10 15:00:00,26910.7097075053
2015-01-10 16:00:00,27107.987452562404
2015-01-10 17:00:00,27292.7604038906
2015-01-10 18:00:00,27172.3628483836
2015-01-10 19:00:00,26727.3400612348
2015-01-10 20:00:00,27310.456016094
2015-01-10 21:00:00,27555.6074650591
2015-01-10 22:00:00,26973.427610464198
2015-01-10 23:00:00,26868.5984793957
2015-01-11 00:00:00,27614.231267945
2015-01-11 01:00:00,27351.039994577797
2015-01-11 02:00:00,27628.795860140697
2015-01-11 03:00:00,27474.0504291596
2015-01-11 04:00:00,28030.7198971323
2015-01-11 05:00:00,27929.219797970098
2015-01-11 06:00:00,27823.4308489706
2015-01-11 07:00:00,27907.1090265923
2015-01-11 08:00:00,27972.5978033498
2015-01-11 09:00:00,28051.673361418798
2015-01-11 10:00:00,27544.941973520497
2015-01-11 11:00:00,28232.3191397873
2015-01-11 12:00:00,27475.110803261097
2015-01-11 13:00:00,27310.6883575602
2015-01-11 14:00:00,27848.3856532763
2015-01-11 15:00:00,28085.8083237123
2015-01-11 16:00:00,28047.4998435714
2015-01-11 17:00:00,28116.8051850382
2015-01-11 18:00:00,28010.549694511203
2015-01-11 19:00:00,27843.691922050897
2015-01-11 20:00:00,28054.535500051003
2015-01-11 21:00:00,28502.9408250586
2015-01-11 22:00:00,27972.3543761102
2015-01-11 23:00:00,28185.1494988534
2015-01-12 00:00:00,28194.2908270759
2015-01-12 01:00:00,28393.6788205089
2015-01-12 02:00:00,27795.7048144848
2015-01-12 03:00:00,27988.5526954735
2015-01-12 04:00:00,28165.8990926761
2015-01-12 05:00:00,27983.369673533998
2015-01-12 06:00:00,28142.0602705318
2015-01-12 07:00:00,28028.3515644537
2015-01-12 08:00:00,27842.0959142516
2015-01-12 09:00:00,27666.915738572403
2015-01-12 10:00:00,28300.5510142486
2015-01-12 11:00:00,28109.0504988271
2015-01-12 12:00:00,28272.872748563703
2015-01-12 13:00:00,27464.703693480496
2015-01-12 14:00:00,28335.5759397417
2015-01-12 15:00:00,28137.5468410993
2015-01-12 16:00:00,27918.2902546738
2015-01-12 17:00:00,28165.2956471254
2015-01-12 18:00:00,28084.8539963663
2015-01-12 19:00:00,28162.649999527403
2015-01-12 20:00:00,28121.080354191698
2015-01-12 21:00:00,28010.2501512818
2015-01-12 22:00:00,27987.624057877798
2015-01-12 23:00:00,27774.538157863797
2015-01-13 00:00:00,28033.5819984113
2015-01-13 01:00:00,27756.026612784102
2015-01-13 02:00:00,28218.3165369173
2015-01-13 03:00:00,27883.2824295908
2015-01-13 04:00:00,28211.5660086871
2015-01-13 05:00:00,27721.7419268466
2015-01-13 06:00:00,27738.1430218389
2015-01-13 07:00:00,27988.8644353798
2015-01-13 08:00:00,28042.0553028523
2015-01-13 09:00:00,27426.9039094225
2015-01-13 10:00:00,27918.743387681003
2015-01-13 11:00:00,27962.6173112728
2015-01-13 12:00:00,27537.1163248801
2015-01-13 13:00:00,27812.1417453748
2015-01-13 14:00:00,27434.295131072202
2015-01-13 15:00:00,27441.6913241852
2015-01-13 16:00:00,27509.8510072231
2015-01-13 17:00:00,27349.9630496963
2015-01-13 18:00:00,27893.255011863
2015-01-13 19:00:00,27473.0030208581
2015-01-13 20:00:00,27350.0728604575
2015-01-13 21:00:00,27010.131591830297
2015-01-13 22:00:00,27432.056011223198
2015-01-13 23:00:00,27189.2842564163
2015-01-14 00:00:00,27261.7996845154
2015-01-14 01:00:00,27255.352287351
2015-01-14 02:00:00,26888.9479531855
2015-01-14 03:00:00,27426.6533553905
2015-01-14 04:00:00,27340.2637992088
2015-01-14 05:00:00,27372.951296427404
2015-01-14 06:00:00,27024.6859979387
2015-01-14 07:00:00,26742.9617136574
2015-01-14 08:00:00,27720.565733071202
2015-01-14 09:00:00,27564.901646591497
2015-01-14 10:00:00,27061.722032849902
2015-01-14 11:00:00,26790.1375293977
2015-01-14 12:00:00,27104.9058012339
2015-01-14 13:00:00,27129.343678550696
2015-01-14 14:00:00,26587.473475095
2015-01-14 15:00:00,27044.7710091115
2015-01-14 16:00:00,27130.9230711689
2015-01-14 17:00:00,27542.9661139525
2015-01-14 18:00:00,26806.0545204564
2015-01-14 19:00:00,27719.1300173521
2015-01-14 20:00:00,27415.1795362911
2015-01-14 21:00:00,27066.284905981498
2015-01-14 22:00:00,26983.3103840799
2015-01-14 23:00:00,27184.9739476121
2015-01-15 00:00:00,27413.4623125625
2015-01-15 01:00:00,27458.938269482
2015-01-15 02:00:00,27135.0302183859
2015-01-15 03:00:00,26888.064994277003
2015-01-15 04:00:00,27386.837199855298
2015-01-15 05:00:00,27380.2979553611
2015-01-15 06:00:00,26961.8366231794
2015-01-15 07:00:00,26851.6668368954
2015-01-15 08:00:00,27106.252119371402
2015-01-15 09:00:00,27245.8754526683
2015-01-15 10:00:00,27109.6330910669
2015-01-15 11:00:00,26914.114676862002
2015-01-15 12:00:00,26983.871141665
2015-01-15 13:00:00,27439.495629639903
2015-01-15 14:00:00,27425.795830258397
2015-01-15 15:00:00,27358.0885750594
2015-01-15 16:00:00,27123.4526281375
2015-01-15 17:00:00,27279.9541018189
2015-01-15 18:00:00,27055.218524968503
2015-01-15 19:00:00,27612.7379565682
2015-01-15 20:00:00,26941.9407668951
2015-01-15 21:00:00,27377.7731154507
2015-01-15 22:00:00,27412.6995055571
2015-01-15 23:00:00,27344.199178770697
2015-01-16 00:00:00,28191.2355226545
2015-01-16 01:00:00,28164.394398918903
2015-01-16 02:00:00,27491.597145773598
2015-01-16 03:00:00,27783.5269836498
2015-01-16 04:00:00,27795.959947584302
2015-01-16 05:00:00,27870.697212209303
2015-01-16 06:00:00,27927.228540806
2015-01-16 07:00:00,27670.466260340898
2015-01-16 08:00:00,27328.2546020173
2015-01-16 09:00:00,27825.88850707
2015-01-16 10:00:00,28168.2912762426
2015-01-16 11:00:00,27893.230021948
2015-01-16 12:00:00,28182.4766807098
2015-01-16 13:00:00,27946.805321542597
2015-01-16 14:00:00,28263.847920171298
2015-01-16 15:00:00,28387.5301241837
2015-01-16 16:00:00,28338.5665745062
2015-01-16 17:00:00,28106.806214273798
2015-01-16 18:00:00,28742.0836318685
2015-01-16 19:00:00,28478.625757797203
2015-01-16 20:00:00,28223.275078385897
2015-01-16 21:00:00,28440.699318295297
2015-01-16 22:00:00,28706.829592324302
2015-01-16 23:00:00,28526.4633591156
2015-01-17 00:00:00,28330.5222369019
2015-01-17 01:00:00,28605.661979024902
2015-01-17 02:00:00,28910.633024115297
2015-01-17 03:00:00,29023.5254372836
2015-01-17 04:00:00,29455.824840947796
2015-01-17 05:00:00,28959.280219344902
2015-01-17 06:00:00,28970.6674848643
2015-01-17 07:00:00,29089.5608352356
2015-01-17 08:00:00,29594.2868034723
2015-01-17 09:00:00,29179.7110774666
2015-01-17 10:00:00,29440.462138464798
2015-01-17 11:00:00,30087.615512752902
2015-01-17 12:00:00,29278.355399801898
2015-01-17 13:00:00,29464.57746985
2015-01-17 14:00:00,29631.4885974521
2015-01-17 15:00:00,29399.177146067002
2015-01-17 16:00:00,29939.556486596
2015-01-17 17:00:00,29413.8667458599
2015-01-17 18:00:00,29922.0786799796
2015-01-17 19:00:00,29864.5334580926
2015-01-17 20:00:00,29973.8492554023
2015-01-17 21:00:00,30523.170241788197
2015-01-17 22:00:00,30477.955342586298
2015-01-17 23:00:00,30823.7760448284
2015-01-18 00:00:00,30698.0877362344
2015-01-18 01:00:00,30535.0396202038
2015-01-18 02:00:00,30395.1834722706
2015-01-18 03:00:00,30683.735230144102
2015-01-18 04:00:00,30763.8147946087
2015-01-18 05:00:00,30677.187532647597
2015-01-18 06:00:00,30427.035766048102
2015-01-18 07:00:00,31067.1992412594
2015-01-18 08:00:00,30723.5899910923
2015-01-18 09:00:00,30667.993122581098
2015-01-18 10:00:00,31066.9134654102
2015-01-18 11:00:00,31006.892085942596
2015-01-18 12:00:00,31420.5293694632
2015-01-18 13:00:00,31118.290628323703
2015-01-18 14:00:00,31574.938406681602
2015-01-18 15:00:00,31412.4401875251
2015-01-18 16:00:00,31441.6319152242
2015-01-18 17:00:00,31381.483946800097
2015-01-18 18:00:00,31801.9444310787
2015-01-18 19:00:00,31420.2161852775
2015-01-18 20:00:00,31413.9114507927
2015-01-18 21:00:00,31687.5460972763
2015-01-18 22:00:00,31730.205151426002
2015-01-18 23:00:00,32242.8158337338
2015-01-19 00:00:00,31748.2830165824
2015-01-19 01:00:00,32013.555355021097
2015-01-19 02:00:00,31831.5395914263
2015-01-19 03:00:00,32281.3441878712
2015-01-19 04:00:00,32065.0855234673
2015-01-19 05:00:00,32121.395171254102
2015-01-19 06:00:00,32059.9549627992
2015-01-19 07:00:00,31778.450594495298
2015-01-19 08:00:00,31888.4816279244
2015-01-19 09:00:00,32221.843607751
2015-01-19 10:00:00,31833.5836243935
2015-01-19 11:00:00,32450.2896740458
2015-01-19 12:00:00,31816.224084948197
2015-01-19 13:00:00,31866.9738101102
2015-01-19 14:00:00,31898.6170902125
2015-01-19 15:00:00,32240.9370329896
2015-01-19 16:00:00,32520.456605814503
2015-01-19 17:00:00,31843.5953444094
2015-01-19 18:00:00,32160.481316862202
2015-01-19 19:00:00,32299.0103661619
2015-01-19 20:00:00,31877.9673426197
2015-01-19 21:00:00,32234.8245523056
2015-01-19 22:00:00,32259.604945885898
2015-01-19 23:00:00,32589.827999227797
2015-01-20 00:00:00,32498.9439565995
2015-01-20 01:00:00,31987.590111734302
2015-01-20 02:00:00,32035.061404209904
2015-01-20 03:00:00,32139.024541416602
2015-01-20 04:00:00,31783.0935343933
2015-01-20 05:00:00,32028.634706322202
2015-01-20 06:00:00,32541.4519677773
2015-01-20 07:00:00,32221.6923157466
2015-01-20 08:00:00,32520.0701250432
2015-01-20 09:00:00,32525.332756045
2015-01-20 10:00:00,32112.069152592
2015-01-20 11:00:00,32181.4311079244
2015-01-20 12:00:00,32789.3038011661
2015-01-20 13:00:00,32190.635600086498
2015-01-20 14:00:00,32327.0446958158
2015-01-20 15:00:00,32556.036036014302
2015-01-20 16:00:00,32211.2410280524
2015-01-20 17:00:00,32267.2898111446
2015-01-20 18:00:00,31889.3529598596
2015-01-20 19:00:00,32719.9104364606
2015-01-20 20:00:00,31978.0496390811
2015-01-20 21:00:00,31853.7990092234
2015-01-20 22:00:00,31994.019235982596
2015-01-20 23:00:00,32581.2397745992
2015-01-21 00:00:00,31639.741329624198
2015-01-21 01:00:00,32027.646899324904
2015-01-21 02:00:00,31739.0435369873
2015-01-21 03:00:00,31770.4045179859
2015-01-21 04:00:00,32024.1539489467
2015-01-21 05:00:00,32118.7563077212
2015-01-21 06:00:00,32407.339320786003
2015-01-21 07:00:00,31845.054186335
2015-01-21 08:00:00,32038.5822650695
2015-01-21 09:00:00,31178.537445336002
2015-01-21 10:00:00,31914.395822140297
2015-01-21 11:00:00,32283.1848801655
2015-01-21 12:00:00,31961.343126801603
