timestamp,value,error_prediction,anomaly_score,convergence_loss,prediction
2014-04-01 01:00:00,0.091317088708393,0.0,0.5,0,0.0
2014-04-01 02:00:00,0.12695734805254,0.0,0.5,0,0.0
2014-04-01 03:00:00,0.096719576089545,0.0,0.5,0,0.0
2014-04-01 04:00:00,0.10211020974574,0.0,0.5,0,0.0
2014-04-01 05:00:00,0.10255656176667,0.0,0.5,0,0.0
2014-04-01 06:00:00,0.095628663464331,0.0,0.5,0,0.0
2014-04-01 07:00:00,0.11993908868909,0.0,0.5,0,0.0
2014-04-01 08:00:00,0.18442362011702,0.0,0.5,0,0.0
2014-04-01 09:00:00,0.18669382469382,0.0,0.5,0,0.0
2014-04-01 10:00:00,0.11021845064143,0.0,0.5,0,0.0
2014-04-01 11:00:00,0.09334126844424302,-0.09334126844424302,0.5,[0.008712592534720898],0.0
2014-04-01 12:00:00,0.090649209194936,-0.090649209194936,0.5,[0.008217278867959976],0.0
2014-04-01 13:00:00,4.74842741323,-4.74842741323,0.5,[22.547563552856445],0.0
2014-04-01 14:00:00,2.7204777472443,-2.7204777472443,0.5,[7.400999546051025],0.0
2014-04-01 15:00:00,0.11178172086774,-0.11178172086774,0.5,[0.012495153583586216],0.0
2014-04-01 16:00:00,0.088042124542125,-0.088042124542125,0.5,[0.007751415949314833],0.0
2014-04-01 17:00:00,0.11263104730236,-0.11263104730236,0.5,[0.012685752473771572],0.0
2014-04-01 18:00:00,0.11029461279461,-0.11029461279461,0.5,[0.01216490101069212],0.0
2014-04-01 19:00:00,0.10429982735835,-0.10429982735835,0.5,[0.010878453962504864],0.0
2014-04-01 20:00:00,0.11186174265883997,-0.11186174265883997,0.5,[0.012513049878180027],0.0
2014-04-01 21:00:00,0.10724686379928,-0.10724686379928,0.4875567135064609,[0.011501888744533062],0.0
2014-04-01 22:00:00,0.099249237918593,-0.099249237918593,0.4754705278626633,[0.009850410744547844],0.0
2014-04-01 23:00:00,0.07190116096294599,-0.07190116096294599,0.5625166223181303,[0.005169776268303394],0.0
2014-04-02 00:00:00,0.27087542087542,-0.27087542087542,0.6149940571731474,[0.07337349653244019],0.0
2014-04-02 01:00:00,0.097621267621268,-0.097621267621268,0.6137961908464458,[0.009529911912977695],0.0
2014-04-02 02:00:00,0.11018932758063,-0.11018932758063,0.6121659414925785,[0.012141687795519829],0.0
2014-04-02 03:00:00,0.07912936252943903,-0.07912936252943903,0.6114530875726951,[0.006261455826461315],0.0
2014-04-02 04:00:00,0.092157842157842,-0.092157842157842,0.6107848122928625,[0.00849306769669056],0.0
2014-04-02 05:00:00,0.11521658172133,-0.11521658172133,0.6098557869652658,[0.013274860568344593],0.0
2014-04-02 06:00:00,0.10238095238095,-0.10238095238095,0.6093444832109134,[0.010481859557330608],0.0
2014-04-02 07:00:00,0.042857142857143,-0.042857142857143,0.6095638705007195,[0.0018367348238825798],0.0
2014-04-02 08:00:00,0.0,0.0,0.6103878064889212,[0.0],0.0
2014-04-02 09:00:00,0.0,0.0,0.6106408495543187,[0.0],0.0
2014-04-02 10:00:00,0.046889972522156,-0.046889972522156,0.6172659239243725,[0.002198669360950589],0.0
2014-04-02 11:00:00,0.056143140044069,-0.056143140044069,0.618098883855813,[0.003152051940560341],0.0
2014-04-02 12:00:00,0.07381394098272501,-0.07381394098272501,0.6191901499747302,[0.005448497366160154],0.0
2014-04-02 13:00:00,0.062792397660819,-0.062792397660819,0.619449934011609,[0.003942885436117649],0.0
2014-04-02 14:00:00,0.068289939219621,-0.068289939219621,0.620174017987168,[0.004663515370339155],0.0
2014-04-02 15:00:00,0.06860513739546,-0.06860513739546,0.6219242679496471,[0.0047066654078662395],0.0
2014-04-02 16:00:00,0.068938522777532,-0.068938522777532,0.6232647773024473,[0.004752520006150007],0.0
2014-04-02 17:00:00,0.067307692307692,-0.067307692307692,0.622161435335354,[0.004530325997620821],0.0
2014-04-02 18:00:00,0.09021884010256097,-0.09021884010256097,0.6184194178858927,[0.008139439858496189],0.0
2014-04-02 19:00:00,0.088155262104842,-0.088155262104842,0.6145025141597085,[0.00777135044336319],0.0
2014-04-02 20:00:00,0.068950075047366,-0.068950075047366,0.6132160560291364,[0.0047541125677526],0.0
2014-04-02 21:00:00,0.11283271961834,-0.11283271961834,0.6108664585173688,[0.012731222435832024],0.0
2014-04-02 22:00:00,0.14464701740910998,-0.14464701740910998,0.6081368274579242,[0.020922759547829628],0.0
2014-04-02 23:00:00,0.13270248591988,-0.13270248591988,0.6050767539825913,[0.01760995015501976],0.0
2014-04-03 00:00:00,0.14566666666667002,-0.14566666666667002,0.601618185748696,[0.021218780428171158],0.0
2014-04-03 01:00:00,0.34518309687801,-0.34518309687801,0.5897815647518023,[0.11915137618780136],0.0
2014-04-03 02:00:00,0.35793650793651,-0.35793650793651,0.5765378319150065,[0.12811854481697083],0.0
2014-04-03 03:00:00,0.39162704527111,-0.39162704527111,0.5607594498403387,[0.15337173640727997],0.0
2014-04-03 04:00:00,0.44979284369115,-0.44979284369115,0.54262568081202,[0.2023135870695114],0.0
2014-04-03 05:00:00,0.43860497105713,-0.43860497105713,0.5238010311671217,[0.1923743337392807],0.0
2014-04-03 06:00:00,0.36722222222222,-0.36722222222222,0.5062401319757601,[0.13485215604305267],0.0
2014-04-03 07:00:00,0.38450435093188,-0.38450435093188,0.48980219646038614,[0.147843599319458],0.0
2014-04-03 08:00:00,0.4440404040404,-0.4440404040404,0.47162379584500047,[0.1971718966960907],0.0
2014-04-03 09:00:00,0.4023830754436599,-0.4023830754436599,0.4540648148373445,[0.16191214323043823],0.0
2014-04-03 10:00:00,0.4048332773869099,-0.4048332773869099,0.43659288040123445,[0.16388998925685883],0.0
2014-04-03 11:00:00,0.27659565901245003,-0.27659565901245003,0.4396759961617476,[0.0765051543712616],0.0
2014-04-03 12:00:00,0.34698230657411,-0.34698230657411,0.43982343476023933,[0.12039671838283539],0.0
2014-04-03 13:00:00,0.39421335502706,-0.39421335502706,0.4397006966959186,[0.15540416538715363],0.0
2014-04-03 14:00:00,0.41039515108192,-0.41039515108192,0.4429532639750575,[0.16842417418956757],0.0
2014-04-03 15:00:00,0.45853263394538,-0.45853263394538,0.44250678027522783,[0.21025218069553375],0.0
2014-04-03 16:00:00,0.38369746142449,-0.38369746142449,0.4411605888914303,[0.14722372591495514],0.0
2014-04-03 17:00:00,0.44900930010772,-0.44900930010772,0.43694018356609243,[0.20160935819149017],0.0
2014-04-03 18:00:00,0.26100280959151,-0.26100280959151,0.4497359137863972,[0.06812246888875961],0.0
2014-04-03 19:00:00,0.24793824280526,-0.24793824280526,0.46056641770504514,[0.06147337332367897],0.0
2014-04-03 20:00:00,0.25406618908284,-0.25406618908284,0.4716489112737209,[0.06454963237047195],0.0
2014-04-03 21:00:00,0.16719833827251002,-0.16719833827251002,0.4783997158299954,[0.02795528620481491],0.0
2014-04-03 22:00:00,0.21313852813853,-0.21313852813853,0.4882511305111321,[0.04542803019285202],0.0
2014-04-03 23:00:00,0.44613871030586,-0.44613871030586,0.48543915731284837,[0.1990397423505783],0.0
2014-04-04 00:00:00,0.41202644780779,-0.41202644780779,0.4864991174993307,[0.16976578533649445],0.0
2014-04-04 01:00:00,0.53837722431281,-0.53837722431281,0.48227296435611244,[0.28985002636909485],0.0
2014-04-04 02:00:00,0.348120376433,-0.348120376433,0.48572303497383795,[0.12118778377771378],0.0
2014-04-04 03:00:00,0.56084286162676,-0.56084286162676,0.47854285340349756,[0.3145447373390198],0.0
2014-04-04 04:00:00,0.48303286569996,-0.48303286569996,0.45947274331640964,[0.23332074284553528],0.0
2014-04-04 05:00:00,0.29244477371949,-0.29244477371949,0.4541267404596002,[0.08552394062280655],0.0
2014-04-04 06:00:00,0.25050093911936,-0.25050093911936,0.45274882223158075,[0.06275072693824768],0.0
2014-04-04 07:00:00,0.36820254604153,-0.36820254604153,0.4329131063542726,[0.1355731040239334],0.0
2014-04-04 08:00:00,0.44340715538115,-0.44340715538115,0.41089647306128363,[0.19660989940166473],0.0
2014-04-04 09:00:00,0.46069624819625,-0.46069624819625,0.41015362096145336,[0.2122410386800766],0.0
2014-04-04 10:00:00,0.3877713940422,-0.3877713940422,0.4122249897956022,[0.1503666639328003],0.0
2014-04-04 11:00:00,0.38768166764076,-0.38768166764076,0.42739625854012175,[0.15029707551002502],0.0
2014-04-04 12:00:00,0.40267127735567,-0.40267127735567,0.42176359257898066,[0.16214415431022644],0.0
2014-04-04 13:00:00,0.5878110164940601,-0.5878110164940601,0.42169013722545534,[0.3455217778682709],0.0
2014-04-04 14:00:00,0.53771299917967,-0.53771299917967,0.41780951285970136,[0.28913524746894836],0.0
2014-04-04 15:00:00,0.60755178907721,-0.60755178907721,0.38707214790718714,[0.36911919713020325],0.0
2014-04-04 16:00:00,0.81888888888889,-0.81888888888889,0.3339616818969984,[0.6705790162086487],0.0
2014-04-04 17:00:00,0.7752639781803999,-0.7752639781803999,0.2979944166270081,[0.6010342240333557],0.0
2014-04-04 18:00:00,0.82082657452124,-0.82082657452124,0.266901270467618,[0.6737563014030457],0.0
2014-04-04 19:00:00,0.6808981102669001,-0.6808981102669001,0.24865762323908114,[0.4636222720146179],0.0
2014-04-04 20:00:00,0.45750554547288,-0.45750554547288,0.24087768972583357,[0.2093113362789154],0.0
2014-04-04 21:00:00,0.26268770079533,-0.26268770079533,0.24855045856670133,[0.0690048336982727],0.0
2014-04-04 22:00:00,0.11887566137566,-0.11887566137566,0.27053318985124664,[0.014131422154605389],0.0
2014-04-04 23:00:00,0.22766213151927,-0.22766213151927,0.3029196212037657,[0.051830045878887177],0.0
2014-04-05 00:00:00,0.17153892820934002,-0.17153892820934002,0.33784633669857356,[0.02942560613155365],0.0
2014-04-05 01:00:00,0.1933946787979,-0.1933946787979,0.38087690669498164,[0.03740150108933449],0.0
2014-04-05 02:00:00,0.15800349578179998,-0.15800349578179998,0.45576346154879455,[0.024965103715658188],0.0
2014-04-05 03:00:00,0.13281539598308,-0.13281539598308,0.5312648231395316,[0.017639927566051483],0.0
2014-04-05 04:00:00,0.24168160924868,-0.24168160924868,0.6011067130817337,[0.058410000056028366],0.0
2014-04-05 05:00:00,0.22598290598291,-0.22598290598291,0.6547248891902571,[0.051068272441625595],0.0
2014-04-05 06:00:00,0.2116428954008,-0.2116428954008,0.6829243415806665,[0.04479271173477173],0.0
2014-04-05 07:00:00,0.23601266062984,-0.23601266062984,0.6864183000805223,[0.055701978504657745],0.0
2014-04-05 08:00:00,0.15183774759205998,-0.15183774759205998,0.681905238689771,[0.0230547022074461],0.0
2014-04-05 09:00:00,0.09813599315507596,-0.09813599315507596,0.6953846388531805,[0.009630673564970493],0.0
2014-04-05 10:00:00,0.19824995479088,-0.19824995479088,0.6923599399274016,[0.039303041994571686],0.0
2014-04-05 11:00:00,0.19989791179446,-0.19989791179446,0.691666178335987,[0.03995917737483978],0.0
2014-04-05 12:00:00,0.12184236254888,-0.12184236254888,0.6949046604923381,[0.014845561236143112],0.0
2014-04-05 13:00:00,0.15049483189018,-0.15049483189018,0.6922142654554096,[0.02264869399368763],0.0
2014-04-05 14:00:00,0.25259883003938,-0.25259883003938,0.6916920529010326,[0.06380616128444672],0.0
2014-04-05 15:00:00,0.38563823553928,-0.38563823553928,0.6744145211821536,[0.14871685206890106],0.0
2014-04-05 16:00:00,0.45304268591538,-0.45304268591538,0.6465682017409622,[0.2052476704120636],0.0
2014-04-05 17:00:00,0.44460851147867,-0.44460851147867,0.621625157990883,[0.19767673313617706],0.0
2014-04-05 18:00:00,0.28676836562398,-0.28676836562398,0.6037278433179943,[0.08223610371351242],0.0
2014-04-05 19:00:00,0.57413844158265,-0.57413844158265,0.5406934417235543,[0.32963496446609497],0.0
2014-04-05 20:00:00,0.31209562051679,-0.31209562051679,0.5243418095475043,[0.09740366786718369],0.0
2014-04-05 21:00:00,0.33711643826586,-0.33711643826586,0.5045656914073597,[0.11364749819040298],0.0
2014-04-05 22:00:00,0.2433137954616,-0.2433137954616,0.4854487567407699,[0.05920160189270973],0.0
2014-04-05 23:00:00,0.16798496682117,-0.16798496682117,0.4804661301302715,[0.02821894735097885],0.0
2014-04-06 00:00:00,0.26068218036152,-0.26068218036152,0.47810034642986643,[0.06795518845319748],0.0
2014-04-06 01:00:00,0.21480841458668,-0.21480841458668,0.5021509535278212,[0.04614265635609627],0.0
2014-04-06 02:00:00,0.17245572139375,-0.17245572139375,0.5427286042707172,[0.02974097803235054],0.0
2014-04-06 03:00:00,0.18295901629235,-0.18295901629235,0.5808444584112507,[0.03347400203347206],0.0
2014-04-06 04:00:00,0.1785187201087,-0.1785187201087,0.5958691831524822,[0.031868934631347656],0.0
2014-04-06 05:00:00,0.22256707816616,-0.22256707816616,0.647627805809253,[0.04953610524535179],0.0
2014-04-06 06:00:00,0.19824266010187,-0.19824266010187,0.663720198641412,[0.03930015489459038],0.0
2014-04-06 07:00:00,0.097418822654382,-0.097418822654382,0.6960768896631443,[0.009490426629781723],0.0
2014-04-06 08:00:00,0.22610925177142,-0.22610925177142,0.698810634533423,[0.05112539231777191],0.0
2014-04-06 09:00:00,0.10559043778802,-0.10559043778802,0.7062347917809061,[0.011149341240525246],0.0
2014-04-06 10:00:00,0.21046272833342,-0.21046272833342,0.7134429316208003,[0.0442945621907711],0.0
2014-04-06 11:00:00,0.17997644583069,-0.17997644583069,0.718151145101886,[0.03239152207970619],0.0
2014-04-06 12:00:00,0.15092097264438,-0.15092097264438,0.7206638598477147,[0.022777140140533447],0.0
2014-04-06 13:00:00,0.18586544126311,-0.18586544126311,0.7202641818851748,[0.03454596549272537],0.0
2014-04-06 14:00:00,0.17202821485489994,-0.17202821485489994,0.7210032283358649,[0.029593706130981445],0.0
2014-04-06 15:00:00,0.24368362345812,-0.24368362345812,0.7187475278119734,[0.05938170850276947],0.0
2014-04-06 16:00:00,0.18973092553495,-0.18973092553495,0.7200126054091146,[0.03599782660603523],0.0
2014-04-06 17:00:00,0.25251590674994,-0.25251590674994,0.698056947998947,[0.063764289021492],0.0
2014-04-06 18:00:00,0.28604112161281003,-0.28604112161281003,0.6900782509014981,[0.08181951940059662],0.0
2014-04-06 19:00:00,0.20107708544411,-0.20107708544411,0.6752192337656383,[0.04043199494481087],0.0
2014-04-06 20:00:00,0.27860755716631,-0.27860755716631,0.6652527464092465,[0.07762216776609421],0.0
2014-04-06 21:00:00,0.27838393579213,-0.27838393579213,0.6500500611853062,[0.07749761641025543],0.0
2014-04-06 22:00:00,0.6288546189868001,-0.6288546189868001,0.5735473910187574,[0.3954581618309021],0.0
2014-04-06 23:00:00,0.14487657660704995,-0.14487657660704995,0.5789886583772899,[0.020989220589399338],0.0
2014-04-07 00:00:00,0.16154373470673,-0.16154373470673,0.5793825176708836,[0.02609638124704361],0.0
2014-04-07 01:00:00,0.16384340591657998,-0.16384340591657998,0.5920871038692671,[0.026844661682844162],0.0
2014-04-07 02:00:00,0.16692604355717006,-0.16692604355717006,0.5948705046276865,[0.027864303439855576],0.0
2014-04-07 03:00:00,0.1588125075453,-0.1588125075453,0.6101433569585439,[0.025221413001418114],0.0
2014-04-07 04:00:00,0.14393850788588,-0.14393850788588,0.6337099261286958,[0.020718295127153397],0.0
2014-04-07 05:00:00,0.16571891602072,-0.16571891602072,0.6389611710327502,[0.027462758123874664],0.0
2014-04-07 06:00:00,0.17052675831993,-0.17052675831993,0.6569444146711063,[0.02907937578856945],0.0
2014-04-07 07:00:00,0.29923822115541,-0.29923822115541,0.6543182535415508,[0.08954352140426636],0.0
2014-04-07 08:00:00,0.26476658331317,-0.26476658331317,0.7161550766874205,[0.07010133564472198],0.0
2014-04-07 09:00:00,0.16641881510303,-0.16641881510303,0.7123308435116735,[0.027695223689079285],0.0
2014-04-07 10:00:00,0.37337580630806,-0.37337580630806,0.6788158959452115,[0.13940949738025665],0.0
2014-04-07 11:00:00,3.3205255151204995,-3.3205255151204995,0.23006256424832427,[11.02588939666748],0.0
2014-04-07 12:00:00,0.23247379209726,-0.23247379209726,0.2205001851566144,[0.05404406413435936],0.0
2014-04-07 13:00:00,0.12334870873799,-0.12334870873799,0.22161097232580884,[0.01521490328013897],0.0
2014-04-07 14:00:00,0.11213804713805,-0.11213804713805,0.22230078195526093,[0.012574941851198673],0.0
2014-04-07 15:00:00,0.40331436128469,-0.40331436128469,0.19543517591972404,[0.16266246140003204],0.0
2014-04-07 16:00:00,0.35863985754569,-0.35863985754569,0.17487215557594848,[0.12862254679203033],0.0
2014-04-07 17:00:00,0.30977961022465994,-0.30977961022465994,0.17214955380142483,[0.09596341103315353],0.0
2014-04-07 18:00:00,0.4664088422563,-0.4664088422563,0.15239553426965036,[0.21753720939159393],0.0
2014-04-07 19:00:00,0.3159131601824,-0.3159131601824,0.1374858191029249,[0.09980113059282303],0.0
2014-04-07 20:00:00,0.38407054307762,-0.38407054307762,0.13536937501633295,[0.14751018583774567],0.0
2014-04-07 21:00:00,0.18542361942638005,-0.18542361942638005,0.5523345660703896,[0.034381914883852005],0.0
2014-04-07 22:00:00,0.1383516405197,-0.1383516405197,0.5655761796115892,[0.019141174852848053],0.0
2014-04-07 23:00:00,0.15540172457972,-0.15540172457972,0.5592147582263135,[0.0241496954113245],0.0
2014-04-08 00:00:00,0.20766182282809,-0.20766182282809,0.5431897339276497,[0.043123431503772736],0.0
2014-04-08 01:00:00,0.16882978446141,-0.16882978446141,0.579413594591675,[0.028503496199846268],0.0
2014-04-08 02:00:00,0.30567415860248,-0.30567415860248,0.5882137425926701,[0.09343669563531876],0.0
2014-04-08 03:00:00,0.18731363454839006,-0.18731363454839006,0.606880388165534,[0.03508639708161354],0.0
2014-04-08 04:00:00,0.15113345045621,-0.15113345045621,0.6549178168016755,[0.02284131944179535],0.0
2014-04-08 05:00:00,0.12307251582804,-0.12307251582804,0.6829022765654336,[0.015146843157708645],0.0
2014-04-08 06:00:00,0.15628929091016,-0.15628929091016,0.7154783356790966,[0.02442634291946888],0.0
2014-04-08 07:00:00,0.16523037031073998,-0.16523037031073998,0.7181290813981713,[0.02730107307434082],0.0
2014-04-08 08:00:00,0.15398722033782,-0.15398722033782,0.7155823310258459,[0.02371206134557724],0.0
2014-04-08 09:00:00,0.16866718286229998,-0.16866718286229998,0.7134931566520138,[0.028448618948459625],0.0
2014-04-08 10:00:00,0.12965951532128,-0.12965951532128,0.7241330474314192,[0.016811590641736984],0.0
2014-04-08 11:00:00,0.11532648315737,-0.11532648315737,0.7310891279049061,[0.013300198130309582],0.0
2014-04-08 12:00:00,0.12594738704935002,-0.12594738704935002,0.7555304124294386,[0.01586274430155754],0.0
2014-04-08 13:00:00,0.11069839537925,-0.11069839537925,0.7653270472987929,[0.012254134751856327],0.0
2014-04-08 14:00:00,0.23281354983203,-0.23281354983203,0.7549769773625492,[0.05420215055346489],0.0
2014-04-08 15:00:00,0.29195478356769,-0.29195478356769,0.7323470887788768,[0.08523759990930557],0.0
2014-04-08 16:00:00,0.45640920701266,-0.45640920701266,0.6896493775221173,[0.2083093672990799],0.0
2014-04-08 17:00:00,0.50139436445106,-0.50139436445106,0.638130626207319,[0.2513963282108307],0.0
2014-04-08 18:00:00,0.5604109881809,-0.5604109881809,0.571737341331856,[0.3140604496002197],0.0
2014-04-08 19:00:00,0.33726058472299003,-0.33726058472299003,0.5426930828295593,[0.11374469846487045],0.0
2014-04-08 20:00:00,0.33350744618717,-0.33350744618717,0.5067288992719554,[0.11122722178697586],0.0
2014-04-08 21:00:00,0.19831001416367008,-0.19831001416367008,0.49069246712922365,[0.03932686150074005],0.0
2014-04-08 22:00:00,0.1811703531315101,-0.1811703531315101,0.4793623390503179,[0.03282269835472107],0.0
2014-04-08 23:00:00,0.14541117865585998,-0.14541117865585998,0.47131785318052877,[0.021144410595297813],0.0
2014-04-09 00:00:00,0.15655489619014998,-0.15655489619014998,0.4835755311927207,[0.024509433656930923],0.0
2014-04-09 01:00:00,0.1334126984127,-0.1334126984127,0.5108694295473973,[0.017798949033021927],0.0
2014-04-09 02:00:00,0.17662129733264995,-0.17662129733264995,0.5610377009507852,[0.031195085495710373],0.0
2014-04-09 03:00:00,0.14735854533223,-0.14735854533223,0.6236130751262561,[0.02171454206109047],0.0
2014-04-09 04:00:00,0.11948517633727004,-0.11948517633727004,0.6976729894165601,[0.014276707544922829],0.0
2014-04-09 05:00:00,0.15859700371895,-0.15859700371895,0.7258949264984325,[0.025153011083602905],0.0
2014-04-09 06:00:00,0.14844291976367,-0.14844291976367,0.7538624031452761,[0.022035302594304085],0.0
2014-04-09 07:00:00,0.14405505347366,-0.14405505347366,0.76166235960654,[0.02075185813009739],0.0
2014-04-09 08:00:00,0.17267523910941002,-0.17267523910941002,0.7629893843503308,[0.02981673739850521],0.0
2014-04-09 09:00:00,0.14239932826270002,-0.14239932826270002,0.7632354386860485,[0.020277567207813263],0.0
2014-04-09 10:00:00,0.12855555555556,-0.12855555555556,0.7670428755724605,[0.01652652956545353],0.0
2014-04-09 11:00:00,0.09817429615302,-0.09817429615302,0.7716192110394706,[0.009638192132115364],0.0
2014-04-09 12:00:00,0.12585696055008,-0.12585696055008,0.7786972648059559,[0.01583997532725334],0.0
2014-04-09 13:00:00,0.13003995878283,-0.13003995878283,0.7809741555692653,[0.016910390928387642],0.0
2014-04-09 14:00:00,0.13261930277894,-0.13261930277894,0.7788887501634193,[0.017587879672646523],0.0
2014-04-09 15:00:00,0.12142769844121,-0.12142769844121,0.7839802904560255,[0.014744685962796211],0.0
2014-04-09 16:00:00,0.35106784573451,-0.35106784573451,0.755229263408908,[0.1232486292719841],0.0
2014-04-09 17:00:00,0.32338945005612,-0.32338945005612,0.7278333419819217,[0.10458073019981384],0.0
2014-04-09 18:00:00,0.22968061507674,-0.22968061507674,0.7187782202918557,[0.052753183990716934],0.0
2014-04-09 19:00:00,0.11916318855702,-0.11916318855702,0.7220468280894606,[0.01419986505061388],0.0
2014-04-09 20:00:00,0.15260347236538,-0.15260347236538,0.7176817041301232,[0.0232878215610981],0.0
2014-04-09 21:00:00,0.19531862873968,-0.19531862873968,0.7009643976618813,[0.03814936429262161],0.0
2014-04-09 22:00:00,0.22755024791188005,-0.22755024791188005,0.6831336165144124,[0.051779117435216904],0.0
2014-04-09 23:00:00,0.2426834021716401,-0.2426834021716401,0.6627926964181634,[0.058895230293273926],0.0
2014-04-10 00:00:00,0.13275831087152,-0.13275831087152,0.6619726584691684,[0.017624767497181892],0.0
2014-04-10 01:00:00,0.14624292747401998,-0.14624292747401998,0.6566344799295329,[0.021386995911598206],0.0
2014-04-10 02:00:00,0.14086188020098,-0.14086188020098,0.6949436412430583,[0.01984206959605217],0.0
2014-04-10 03:00:00,0.10495141784311998,-0.10495141784311998,0.7325867434223944,[0.011014800518751144],0.0
2014-04-10 04:00:00,0.10366817496229,-0.10366817496229,0.7530528804405034,[0.01074709091335535],0.0
2014-04-10 05:00:00,0.13096974648444998,-0.13096974648444998,0.7507664597249147,[0.017153074964880943],0.0
2014-04-10 06:00:00,0.16000819655538,-0.16000819655538,0.7494628523010083,[0.02560262195765972],0.0
2014-04-10 07:00:00,0.14428304655195,-0.14428304655195,0.75773306694957,[0.020817596465349197],0.0
2014-04-10 08:00:00,0.14010181603267002,-0.14010181603267002,0.7717574623753138,[0.01962851919233799],0.0
2014-04-10 09:00:00,0.13024158381301,-0.13024158381301,0.7891984185810207,[0.016962870955467224],0.0
2014-04-10 10:00:00,0.16325314768863,-0.16325314768863,0.7845944139397978,[0.026651589199900627],0.0
2014-04-10 11:00:00,0.071755355018601,-0.071755355018601,0.7953862790665739,[0.0051488312892615795],0.0
2014-04-10 12:00:00,0.10581963220071,-0.10581963220071,0.8003570602268201,[0.011197795160114765],0.0
2014-04-10 13:00:00,0.13357087357087,-0.13357087357087,0.7959325476441983,[0.01784118078649044],0.0
2014-04-10 14:00:00,0.42598784194529,-0.42598784194529,0.7451437841302126,[0.18146564066410065],0.0
2014-04-10 15:00:00,0.34606403940887,-0.34606403940887,0.7076792743818943,[0.11976031213998795],0.0
2014-04-10 16:00:00,0.077069962042788,-0.077069962042788,0.7220037533244099,[0.005939778871834278],0.0
2014-04-10 17:00:00,0.11858652245407,-0.11858652245407,0.7261344778703537,[0.014062764123082161],0.0
2014-04-10 18:00:00,0.38164090681469,-0.38164090681469,0.6819227221299081,[0.14564979076385498],0.0
2014-04-10 19:00:00,0.33368948501196,-0.33368948501196,0.6420123427419709,[0.11134866625070572],0.0
2014-04-10 20:00:00,0.18268485822164,-0.18268485822164,0.6376341658163284,[0.03337375447154045],0.0
2014-04-10 21:00:00,0.12465432977628994,-0.12465432977628994,0.6255648492734665,[0.01553870178759098],0.0
2014-04-10 22:00:00,0.11141467917865,-0.11141467917865,0.6232517420069363,[0.01241323072463274],0.0
2014-04-10 23:00:00,0.13896288896289002,-0.13896288896289002,0.6212527733800446,[0.019310686737298965],0.0
2014-04-11 00:00:00,0.15567360954457998,-0.15567360954457998,0.6770836210322234,[0.02423427253961563],0.0
2014-04-11 01:00:00,0.12522291583886,-0.12522291583886,0.7199384401458799,[0.01568078063428402],0.0
2014-04-11 02:00:00,0.13542867701404,-0.13542867701404,0.7082259749335875,[0.018340928480029106],0.0
2014-04-11 03:00:00,0.12214673387308,-0.12214673387308,0.7069233018439826,[0.014919823966920376],0.0
2014-04-11 04:00:00,0.1880758866425,-0.1880758866425,0.7439071078117401,[0.0353725403547287],0.0
2014-04-11 05:00:00,0.18104113159145,-0.18104113159145,0.7714465159494195,[0.032775893807411194],0.0
2014-04-11 06:00:00,0.15389121264121,-0.15389121264121,0.7764224186779429,[0.023682503029704094],0.0
2014-04-11 07:00:00,0.15284806214051,-0.15284806214051,0.7714895696872093,[0.023362530395388603],0.0
2014-04-11 08:00:00,0.20851275407839,-0.20851275407839,0.754478449202912,[0.04347756877541542],0.0
2014-04-11 09:00:00,0.21360551990169,-0.21360551990169,0.740971541618613,[0.04562731832265854],0.0
2014-04-11 10:00:00,0.20192294461644,-0.20192294461644,0.7323849197924016,[0.040772873908281326],0.0
2014-04-11 11:00:00,0.14349089922307998,-0.14349089922307998,0.7285431473735131,[0.020589636638760567],0.0
2014-04-11 12:00:00,0.14724789653493,-0.14724789653493,0.7259557145081927,[0.02168194204568863],0.0
2014-04-11 13:00:00,0.12169247442932,-0.12169247442932,0.7255306814075111,[0.014809057116508484],0.0
2014-04-11 14:00:00,0.13378306878307,-0.13378306878307,0.7358190263892598,[0.01789790950715542],0.0
2014-04-11 15:00:00,0.1555682061881,-0.1555682061881,0.7406296172104069,[0.024201469495892525],0.0
2014-04-11 16:00:00,0.21799855602487,-0.21799855602487,0.7284337223556883,[0.047523368149995804],0.0
2014-04-11 17:00:00,0.37449926818425,-0.37449926818425,0.684142315799111,[0.14024969935417175],0.0
2014-04-11 18:00:00,0.40859459176317,-0.40859459176317,0.6418251985778977,[0.16694952547550201],0.0
2014-04-11 19:00:00,0.49708665603402,-0.49708665603402,0.578427218610061,[0.24709513783454895],0.0
2014-04-11 20:00:00,0.32547097586079,-0.32547097586079,0.549615517641983,[0.1059313639998436],0.0
2014-04-11 21:00:00,0.1899247049247,-0.1899247049247,0.5377454530683099,[0.03607139363884926],0.0
2014-04-11 22:00:00,0.18219817219817008,-0.18219817219817008,0.528484901919765,[0.03319617360830307],0.0
2014-04-11 23:00:00,0.12987227401631,-0.12987227401631,0.5251985226658908,[0.016866808757185936],0.0
2014-04-12 00:00:00,0.16483211034722,-0.16483211034722,0.5166090131179224,[0.02716962620615959],0.0
2014-04-12 01:00:00,0.32908983143998,-0.32908983143998,0.47430433346134004,[0.1083001121878624],0.0
2014-04-12 02:00:00,0.16937474242506,-0.16937474242506,0.4852838399221755,[0.02868780493736267],0.0
2014-04-12 03:00:00,0.1492435704479,-0.1492435704479,0.5401380656493517,[0.02227364107966423],0.0
2014-04-12 04:00:00,0.22687261926576,-0.22687261926576,0.5847682478480793,[0.05147118866443634],0.0
2014-04-12 05:00:00,0.25956279587859,-0.25956279587859,0.6421673751878381,[0.06737284362316132],0.0
2014-04-12 06:00:00,0.22932475318275,-0.22932475318275,0.6647388425948473,[0.05258984491229057],0.0
2014-04-12 07:00:00,0.27581317301656,-0.27581317301656,0.6453119864841097,[0.07607290148735046],0.0
2014-04-12 08:00:00,0.26285482746348,-0.26285482746348,0.6264847120868904,[0.06909265369176865],0.0
2014-04-12 09:00:00,0.15812577624815,-0.15812577624815,0.61901716860992,[0.025003759190440178],0.0
2014-04-12 10:00:00,0.25275218335726,-0.25275218335726,0.5976287351453035,[0.06388366967439651],0.0
2014-04-12 11:00:00,0.2114937473428,-0.2114937473428,0.6264459004951,[0.044729605317115784],0.0
2014-04-12 12:00:00,0.26732060141415,-0.26732060141415,0.602680729780225,[0.0714603066444397],0.0
2014-04-12 13:00:00,0.1861961343722,-0.1861961343722,0.5929823456972219,[0.034669000655412674],0.0
2014-04-12 14:00:00,0.22837778041168,-0.22837778041168,0.5925543223154451,[0.05215640738606453],0.0
2014-04-12 15:00:00,0.29265486138839003,-0.29265486138839003,0.5846997465678435,[0.08564687520265579],0.0
2014-04-12 16:00:00,0.30771578099058,-0.30771578099058,0.565222681840657,[0.09468899667263031],0.0
2014-04-12 17:00:00,0.19700299485287,-0.19700299485287,0.5850943949757196,[0.03881017863750458],0.0
2014-04-12 18:00:00,0.19516838360433,-0.19516838360433,0.6020423558176726,[0.03809070214629173],0.0
2014-04-12 19:00:00,0.15313025947551,-0.15313025947551,0.6025704990101131,[0.023448877036571503],0.0
2014-04-12 20:00:00,0.18689949313059,-0.18689949313059,0.6189595818289847,[0.03493142127990723],0.0
2014-04-12 21:00:00,0.24559895337239,-0.24559895337239,0.6104651504497918,[0.06031884625554085],0.0
2014-04-12 22:00:00,0.2183025313651,-0.2183025313651,0.6229261632791396,[0.047655995935201645],0.0
2014-04-12 23:00:00,0.24427530560864005,-0.24427530560864005,0.6082165407821256,[0.05967042222619057],0.0
2014-04-13 00:00:00,0.16878341118373005,-0.16878341118373005,0.6230159816603433,[0.02848784066736698],0.0
2014-04-13 01:00:00,0.20532592289507,-0.20532592289507,0.645105099490116,[0.04215873032808304],0.0
2014-04-13 02:00:00,0.18607408249191,-0.18607408249191,0.6751206089995553,[0.034623563289642334],0.0
2014-04-13 03:00:00,0.20842040717066,-0.20842040717066,0.672373938075112,[0.04343906790018082],0.0
2014-04-13 04:00:00,0.21478850426722,-0.21478850426722,0.6676211501951265,[0.046134103089571],0.0
2014-04-13 05:00:00,0.23416992476426,-0.23416992476426,0.6474520146587023,[0.05483555793762207],0.0
2014-04-13 06:00:00,0.26671901330914,-0.26671901330914,0.6273319891365055,[0.07113903015851974],0.0
2014-04-13 07:00:00,0.28016854104090994,-0.28016854104090994,0.6188140472032433,[0.07849440723657608],0.0
2014-04-13 08:00:00,0.33751266202947,-0.33751266202947,0.5880005060265269,[0.11391480267047882],0.0
2014-04-13 09:00:00,0.27419661058824,-0.27419661058824,0.5802493627253671,[0.07518378645181656],0.0
2014-04-13 10:00:00,0.2978011739579,-0.2978011739579,0.5453204074701414,[0.0886855348944664],0.0
2014-04-13 11:00:00,0.27807638391938,-0.27807638391938,0.5253200837641059,[0.07732647657394409],0.0
2014-04-13 12:00:00,0.4099147040753901,-0.4099147040753901,0.46405264305224514,[0.16803006827831268],0.0
2014-04-13 13:00:00,0.32167219123756,-0.32167219123756,0.43285114241185685,[0.1034730076789856],0.0
2014-04-13 14:00:00,0.20955421611893,-0.20955421611893,0.43353256775358784,[0.043912965804338455],0.0
2014-04-13 15:00:00,0.17235996898184006,-0.17235996898184006,0.4497352606721655,[0.029707960784435272],0.0
2014-04-13 16:00:00,0.22915891373965,-0.22915891373965,0.45981094310126114,[0.05251380428671837],0.0
2014-04-13 17:00:00,0.13036578443411,-0.13036578443411,0.5010155359840536,[0.01699523814022541],0.0
2014-04-13 18:00:00,0.20115220483642,-0.20115220483642,0.5393303762258901,[0.04046221077442169],0.0
2014-04-13 19:00:00,0.18549860752518,-0.18549860752518,0.5639194093939586,[0.03440973535180092],0.0
2014-04-13 20:00:00,0.12069014319014,-0.12069014319014,0.6124168578842935,[0.014566111378371716],0.0
2014-04-13 21:00:00,0.22022978956028,-0.22022978956028,0.6282952651119831,[0.048501159995794296],0.0
2014-04-13 22:00:00,0.15345660070864,-0.15345660070864,0.6956092837458868,[0.023548927158117294],0.0
2014-04-13 23:00:00,0.12875270301357,-0.12875270301357,0.7423010246855993,[0.016577260568737984],0.0
2014-04-14 00:00:00,0.1055113319916,-0.1055113319916,0.7655693042828803,[0.011132640764117241],0.0
2014-04-14 01:00:00,0.18598629687811,-0.18598629687811,0.7626218241192055,[0.03459090366959572],0.0
2014-04-14 02:00:00,0.23069098813662,-0.23069098813662,0.7627507169404211,[0.053218331187963486],0.0
2014-04-14 03:00:00,0.16656395611718,-0.16656395611718,0.7543827164245953,[0.02774355188012123],0.0
2014-04-14 04:00:00,0.12028218694885,-0.12028218694885,0.7723408318017697,[0.014467804692685604],0.0
2014-04-14 05:00:00,0.26431684156916,-0.26431684156916,0.7550957377699042,[0.06986338645219803],0.0
2014-04-14 06:00:00,0.20093340696374,-0.20093340696374,0.7361820795417938,[0.040374234318733215],0.0
2014-04-14 07:00:00,0.23008852712002,-0.23008852712002,0.7341824880454371,[0.052940733730793],0.0
2014-04-14 08:00:00,0.26895486686612,-0.26895486686612,0.7058244080559627,[0.07233672589063644],0.0
2014-04-14 09:00:00,0.16497845145039,-0.16497845145039,0.6961268340293854,[0.027217887341976166],0.0
2014-04-14 10:00:00,0.11645099377863,-0.11645099377863,0.69249222829112,[0.013560834340751171],0.0
2014-04-14 11:00:00,0.15945970293796,-0.15945970293796,0.6991564184129042,[0.025427399203181267],0.0
2014-04-14 12:00:00,0.18390493053137,-0.18390493053137,0.7112826064036476,[0.033821024000644684],0.0
2014-04-14 13:00:00,0.16540635914268,-0.16540635914268,0.711358278831074,[0.027359263971447945],0.0
2014-04-14 14:00:00,0.17171705192341,-0.17171705192341,0.6976594279068795,[0.029486743733286858],0.0
2014-04-14 15:00:00,0.15788197710908,-0.15788197710908,0.7250949370550324,[0.024926718324422836],0.0
2014-04-14 16:00:00,0.23052691538656,-0.23052691538656,0.7178672497802868,[0.05314265564084053],0.0
2014-04-14 17:00:00,0.22255338166204008,-0.22255338166204008,0.7201201885241365,[0.04953001067042351],0.0
2014-04-14 18:00:00,0.3125197291722701,-0.3125197291722701,0.7097491373486371,[0.09766858071088791],0.0
2014-04-14 19:00:00,0.26756019537167003,-0.26756019537167003,0.6826735912057287,[0.07158844918012619],0.0
2014-04-14 20:00:00,0.17178325532492,-0.17178325532492,0.6669519271233976,[0.029509486630558968],0.0
2014-04-14 21:00:00,0.20547968317472,-0.20547968317472,0.6538333571102424,[0.04222190007567406],0.0
2014-04-14 22:00:00,0.17223335679922,-0.17223335679922,0.6568363801135502,[0.029664330184459686],0.0
2014-04-14 23:00:00,0.13351930794358,-0.13351930794358,0.6652594235124515,[0.017827404662966728],0.0
2014-04-15 00:00:00,0.17165754477354,-0.17165754477354,0.6649591477241646,[0.029466314241290092],0.0
2014-04-15 01:00:00,0.20410403906335,-0.20410403906335,0.6515848434500902,[0.04165845736861229],0.0
2014-04-15 02:00:00,0.11451946212816,-0.11451946212816,0.6839232415733127,[0.013114707544445992],0.0
2014-04-15 03:00:00,0.19119985035199,-0.19119985035199,0.6926280514369476,[0.036557383835315704],0.0
2014-04-15 04:00:00,0.24029071840144,-0.24029071840144,0.7128622051468894,[0.05773962661623955],0.0
2014-04-15 05:00:00,0.18712084399761,-0.18712084399761,0.734261830773459,[0.035014208406209946],0.0
2014-04-15 06:00:00,0.23879132091708,-0.23879132091708,0.7169008098679811,[0.05702129378914833],0.0
2014-04-15 07:00:00,0.15685693857348,-0.15685693857348,0.7296537867493018,[0.02460409887135029],0.0
2014-04-15 08:00:00,0.18903259243124,-0.18903259243124,0.7252120006811269,[0.03573332354426384],0.0
2014-04-15 09:00:00,0.21640054441684,-0.21640054441684,0.7027783513208248,[0.04682919755578041],0.0
2014-04-15 10:00:00,0.21852354894361,-0.21852354894361,0.6897641606953206,[0.047752540558576584],0.0
2014-04-15 11:00:00,0.16106220985396,-0.16106220985396,0.7016372873550664,[0.025941036641597748],0.0
2014-04-15 12:00:00,0.20800023286185,-0.20800023286185,0.6749131460533613,[0.04326409474015236],0.0
2014-04-15 13:00:00,0.21546298084123,-0.21546298084123,0.6678857840306861,[0.046424295753240585],0.0
2014-04-15 14:00:00,0.22122178198449,-0.22122178198449,0.6736773805850602,[0.04893907532095909],0.0
2014-04-15 15:00:00,0.18206913400112,-0.18206913400112,0.6749814609441134,[0.033149171620607376],0.0
2014-04-15 16:00:00,0.21941380161577,-0.21941380161577,0.6808489077191618,[0.04814241826534271],0.0
2014-04-15 17:00:00,0.23222819312071,-0.23222819312071,0.658631982982518,[0.05392993241548538],0.0
2014-04-15 18:00:00,0.19485547138646,-0.19485547138646,0.6567486582126993,[0.037968654185533524],0.0
2014-04-15 19:00:00,0.22389729112052,-0.22389729112052,0.6546067452693128,[0.05012999847531319],0.0
2014-04-15 20:00:00,0.24150770305779,-0.24150770305779,0.6478368021567517,[0.05832597240805626],0.0
2014-04-15 21:00:00,0.19934072910768,-0.19934072910768,0.6358105094227339,[0.03973672538995743],0.0
2014-04-15 22:00:00,0.18600190722284,-0.18600190722284,0.642432877141731,[0.03459671139717102],0.0
2014-04-15 23:00:00,0.20701479090341,-0.20701479090341,0.6450249493378919,[0.042855121195316315],0.0
2014-04-16 00:00:00,0.17859784615410998,-0.17859784615410998,0.6579732390993844,[0.03189719468355179],0.0
2014-04-16 01:00:00,0.16851320514110998,-0.16851320514110998,0.6618004279915222,[0.02839670144021511],0.0
2014-04-16 02:00:00,0.21923940257274,-0.21923940257274,0.661973602706926,[0.0480659157037735],0.0
2014-04-16 03:00:00,0.27633894945319,-0.27633894945319,0.6488293426506654,[0.076363205909729],0.0
2014-04-16 04:00:00,0.25770210686877,-0.25770210686877,0.6292558618196596,[0.0664103776216507],0.0
2014-04-16 05:00:00,0.23671024921405,-0.23671024921405,0.6253101855464999,[0.056031741201877594],0.0
2014-04-16 06:00:00,0.30842000026926,-0.30842000026926,0.6042714871761713,[0.09512289613485336],0.0
2014-04-16 07:00:00,0.31680749487584003,-0.31680749487584003,0.5658910085680985,[0.1003669947385788],0.0
2014-04-16 08:00:00,0.22706036948624,-0.22706036948624,0.5518820939649474,[0.051556408405303955],0.0
2014-04-16 09:00:00,0.19670438414825,-0.19670438414825,0.55498421764758,[0.03869261592626572],0.0
2014-04-16 10:00:00,0.25807003925406,-0.25807003925406,0.5279163525150006,[0.06660015136003494],0.0
2014-04-16 11:00:00,0.17357135783606,-0.17357135783606,0.5254694846434586,[0.030127018690109253],0.0
2014-04-16 12:00:00,0.27052158999193,-0.27052158999193,0.5079303586883746,[0.07318192720413208],0.0
2014-04-16 13:00:00,0.22542905795779,-0.22542905795779,0.5253570913653669,[0.05081826075911522],0.0
2014-04-16 14:00:00,0.16040842088668,-0.16040842088668,0.5582422438882747,[0.025730861350893974],0.0
2014-04-16 15:00:00,0.20204710815144,-0.20204710815144,0.5698620656065221,[0.040823034942150116],0.0
2014-04-16 16:00:00,0.21484404187348,-0.21484404187348,0.6017026088668247,[0.04615796357393265],0.0
2014-04-16 17:00:00,0.19264137539074,-0.19264137539074,0.6429383135026051,[0.03711070120334625],0.0
2014-04-16 18:00:00,0.2210273576662,-0.2210273576662,0.6449999082182872,[0.04885309189558029],0.0
2014-04-16 19:00:00,0.2701807549176,-0.2701807549176,0.6210341363367633,[0.07299764454364777],0.0
2014-04-16 20:00:00,0.18876650115535,-0.18876650115535,0.6439258965325498,[0.03563278913497925],0.0
2014-04-16 21:00:00,0.22579365079365,-0.22579365079365,0.626580561766215,[0.0509827695786953],0.0
2014-04-16 22:00:00,0.15511028653885994,-0.15511028653885994,0.6643038850816567,[0.024059200659394264],0.0
2014-04-16 23:00:00,0.34309580470365003,-0.34309580470365003,0.6263446675348135,[0.11771473288536072],0.0
2014-04-17 00:00:00,0.21988925085621,-0.21988925085621,0.6059910982749386,[0.04835128411650658],0.0
2014-04-17 01:00:00,0.28031200214533003,-0.28031200214533003,0.5792043696365237,[0.07857482135295868],0.0
2014-04-17 02:00:00,0.23438937023843,-0.23438937023843,0.5723298651024544,[0.05493837594985962],0.0
2014-04-17 03:00:00,0.23906666034792,-0.23906666034792,0.5558577611495787,[0.05715286731719971],0.0
2014-04-17 04:00:00,0.91343948073812,-0.91343948073812,0.32054853219466517,[0.8343716263771057],0.0
2014-04-17 05:00:00,0.28827599301284,-0.28827599301284,0.31459214552253045,[0.08310304582118988],0.0
2014-04-17 06:00:00,0.23988123701741,-0.23988123701741,0.2978445990180758,[0.05754300579428673],0.0
2014-04-17 07:00:00,0.29445285578619,-0.29445285578619,0.27654443973567755,[0.08670248091220856],0.0
2014-04-17 08:00:00,0.20834495313142,-0.20834495313142,0.25977565409895986,[0.0434076189994812],0.0
2014-04-17 09:00:00,0.2260197384784801,-0.2260197384784801,0.29460362408874896,[0.05108492448925972],0.0
2014-04-17 10:00:00,0.2685451098609,-0.2685451098609,0.27913551066772957,[0.07211647927761078],0.0
2014-04-17 11:00:00,0.23600361468783,-0.23600361468783,0.2922239238264739,[0.05569770187139511],0.0
2014-04-17 12:00:00,0.35591681776574,-0.35591681776574,0.25556133547241033,[0.1266767829656601],0.0
2014-04-17 13:00:00,0.22119409946193,-0.22119409946193,0.26005603535221833,[0.04892683029174805],0.0
2014-04-17 14:00:00,0.17953992580429,-0.17953992580429,0.5115490101743537,[0.03223458305001259],0.0
2014-04-17 15:00:00,0.22190170940171,-0.22190170940171,0.5356540180924338,[0.049240369349718094],0.0
2014-04-17 16:00:00,0.18105366784395,-0.18105366784395,0.5566080118447071,[0.03278043121099472],0.0
2014-04-17 17:00:00,0.19266110432777,-0.19266110432777,0.5931470702130235,[0.037118300795555115],0.0
2014-04-17 18:00:00,0.18032029478458,-0.18032029478458,0.602765040722496,[0.03251540660858154],0.0
2014-04-17 19:00:00,0.14427638511358998,-0.14427638511358998,0.631054790397079,[0.02081567421555519],0.0
2014-04-17 20:00:00,0.12618211309049998,-0.12618211309049998,0.679127348334231,[0.015921924263238907],0.0
2014-04-17 21:00:00,0.16225535470818,-0.16225535470818,0.7030520438898025,[0.026326801627874374],0.0
2014-04-17 22:00:00,0.19687181658993,-0.19687181658993,0.7524991472460203,[0.03875851258635521],0.0
2014-04-17 23:00:00,0.14855078681964998,-0.14855078681964998,0.7732953789306891,[0.022067338228225708],0.0
2014-04-18 00:00:00,0.22823602158499,-0.22823602158499,0.7596352009884233,[0.052091680467128754],0.0
2014-04-18 01:00:00,0.3003175988362,-0.3003175988362,0.7369218891938775,[0.09019064903259277],0.0
2014-04-18 02:00:00,0.21829642945462,-0.21829642945462,0.725530110987739,[0.047653328627347946],0.0
2014-04-18 03:00:00,0.25972931283276,-0.25972931283276,0.7044743267023803,[0.06745932251214981],0.0
2014-04-18 04:00:00,0.30748111550285,-0.30748111550285,0.6623375959273154,[0.09454463422298431],0.0
2014-04-18 05:00:00,0.4562360446571,-0.4562360446571,0.5504762962447036,[0.20815132558345795],0.0
2014-04-18 06:00:00,0.4158075508923,-0.4158075508923,0.4420751130451064,[0.1728959083557129],0.0
2014-04-18 07:00:00,0.28365513937304,-0.28365513937304,0.3968101743675778,[0.08046023547649384],0.0
2014-04-18 08:00:00,0.34155186974953994,-0.34155186974953994,0.34494760737136443,[0.11665768176317215],0.0
2014-04-18 09:00:00,0.2593282695884,-0.2593282695884,0.30627397028500103,[0.06725115329027176],0.0
2014-04-18 10:00:00,0.34683626701062004,-0.34683626701062004,0.26770872345810204,[0.12029539793729782],0.0
2014-04-18 11:00:00,0.50525204664158,-0.50525204664158,0.20832622475672313,[0.25527966022491455],0.0
2014-04-18 12:00:00,0.4473884140550801,-0.4473884140550801,0.15139833520170654,[0.20015639066696167],0.0
2014-04-18 13:00:00,0.30307980020290004,-0.30307980020290004,0.14145528332835156,[0.09185737371444702],0.0
2014-04-18 14:00:00,0.33450654766378,-0.33450654766378,0.1355237718108735,[0.1118946298956871],0.0
2014-04-18 15:00:00,0.37419146554193,-0.37419146554193,0.15378652674138338,[0.1400192528963089],0.0
2014-04-18 16:00:00,0.4685247877581,-0.4685247877581,0.14273798990203512,[0.21951547265052795],0.0
2014-04-18 17:00:00,0.31093031546501,-0.31093031546501,0.1365446131122714,[0.09667766094207764],0.0
2014-04-18 18:00:00,0.26694589931001,-0.26694589931001,0.15260524501947703,[0.07126010954380035],0.0
2014-04-18 19:00:00,0.20646709723026,-0.20646709723026,0.16427670589824717,[0.042628660798072815],0.0
2014-04-18 20:00:00,0.20993392690332,-0.20993392690332,0.198848497642111,[0.04407225176692009],0.0
2014-04-18 21:00:00,0.25692086911181,-0.25692086911181,0.27329990966160833,[0.06600833684206009],0.0
2014-04-18 22:00:00,0.40322228856712,-0.40322228856712,0.28879288811387505,[0.1625882238149643],0.0
2014-04-18 23:00:00,0.24111249486325,-0.24111249486325,0.30950903148003195,[0.05813523754477501],0.0
2014-04-19 00:00:00,0.36572857425788,-0.36572857425788,0.2991952413804406,[0.13375739753246307],0.0
2014-04-19 01:00:00,0.33617708643077,-0.33617708643077,0.31269628254030135,[0.11301503330469131],0.0
2014-04-19 02:00:00,0.30954905774094,-0.30954905774094,0.3708394419142693,[0.09582062065601349],0.0
2014-04-19 03:00:00,0.33537893726991,-0.33537893726991,0.36205854019609807,[0.11247903853654861],0.0
2014-04-19 04:00:00,0.27459579793883,-0.27459579793883,0.3590284502850931,[0.07540284842252731],0.0
2014-04-19 05:00:00,0.32100562470431,-0.32100562470431,0.31726684055040577,[0.10304460674524307],0.0
2014-04-19 06:00:00,0.18524895038342004,-0.18524895038342004,0.32517110496781365,[0.034317176789045334],0.0
2014-04-19 07:00:00,0.16566313055285994,-0.16566313055285994,0.35777173652851346,[0.027444269508123398],0.0
2014-04-19 08:00:00,0.23893043196144,-0.23893043196144,0.420860066174056,[0.05708775296807289],0.0
2014-04-19 09:00:00,0.19166450425884,-0.19166450425884,0.43974754978949737,[0.036735281348228455],0.0
2014-04-19 10:00:00,0.16193224923459,-0.16193224923459,0.5209955054033272,[0.026222052052617073],0.0
2014-04-19 11:00:00,0.1434144600272,-0.1434144600272,0.5971997762776621,[0.02056770585477352],0.0
2014-04-19 12:00:00,0.14874959899047,-0.14874959899047,0.6583321524716604,[0.022126445546746254],0.0
2014-04-19 13:00:00,0.16313904509172,-0.16313904509172,0.7198684150387524,[0.026614347472786903],0.0
2014-04-19 14:00:00,0.13098102398853995,-0.13098102398853995,0.7665580079852203,[0.017156029120087624],0.0
2014-04-19 15:00:00,0.14037080453876002,-0.14037080453876002,0.8189708527455624,[0.01970396190881729],0.0
2014-04-19 16:00:00,0.16257073336804,-0.16257073336804,0.824965630520343,[0.02642924152314663],0.0
2014-04-19 17:00:00,0.15366378708425,-0.15366378708425,0.8280072702913648,[0.023612558841705322],0.0
2014-04-19 18:00:00,0.12815281694939998,-0.12815281694939998,0.8552854516033346,[0.016423145309090614],0.0
2014-04-19 19:00:00,0.10740341028885002,-0.10740341028885002,0.8738599225523196,[0.011535492725670338],0.0
2014-04-19 20:00:00,0.13509073809585,-0.13509073809585,0.8794052802454473,[0.0182495079934597],0.0
2014-04-19 21:00:00,0.18476285410496,-0.18476285410496,0.8707640908637518,[0.034137312322854996],0.0
2014-04-19 22:00:00,0.26130337418483,-0.26130337418483,0.8451146863349988,[0.0682794451713562],0.0
2014-04-19 23:00:00,0.20564640288423008,-0.20564640288423008,0.8345994922868907,[0.04229044169187546],0.0
2014-04-20 00:00:00,0.22478871580838009,-0.22478871580838009,0.8094892185619549,[0.05052996426820755],0.0
2014-04-20 01:00:00,0.15103607267484,-0.15103607267484,0.806256951625832,[0.0228118933737278],0.0
2014-04-20 02:00:00,0.14675053892017,-0.14675053892017,0.8105598356877247,[0.0215357206761837],0.0
2014-04-20 03:00:00,0.19013708513709,-0.19013708513709,0.8001149682480553,[0.03615211322903633],0.0
2014-04-20 04:00:00,0.17935989289332996,-0.17935989289332996,0.7846946652143996,[0.032169971615076065],0.0
2014-04-20 05:00:00,0.13636147199433002,-0.13636147199433002,0.7752832390082486,[0.018594449386000633],0.0
2014-04-20 06:00:00,0.30585252014886,-0.30585252014886,0.718605118013322,[0.09354577213525772],0.0
2014-04-20 07:00:00,0.21788682605865,-0.21788682605865,0.7067945186281855,[0.04747466742992401],0.0
2014-04-20 08:00:00,0.15283631707869,-0.15283631707869,0.7447015549783148,[0.023358941078186035],0.0
2014-04-20 09:00:00,0.26358996098027,-0.26358996098027,0.725066400710564,[0.06947965919971466],0.0
2014-04-20 10:00:00,0.15108960344123,-0.15108960344123,0.7502581933949629,[0.02282807044684887],0.0
2014-04-20 11:00:00,0.23000090044606,-0.23000090044606,0.7230366914805153,[0.052900414913892746],0.0
2014-04-20 12:00:00,0.14264708846501994,-0.14264708846501994,0.7240220183130258,[0.020348191261291504],0.0
2014-04-20 13:00:00,0.12667152784174002,-0.12667152784174002,0.745700102282483,[0.016045674681663513],0.0
2014-04-20 14:00:00,0.14949098831451998,-0.14949098831451998,0.7555264013504592,[0.022347554564476013],0.0
2014-04-20 15:00:00,0.14089553770226002,-0.14089553770226002,0.7535846378995124,[0.019851550459861755],0.0
2014-04-20 16:00:00,0.26855731372989,-0.26855731372989,0.7666675986999554,[0.07212302833795547],0.0
2014-04-20 17:00:00,0.5960717353448599,-0.5960717353448599,0.6284719115627564,[0.35530149936676025],0.0
2014-04-20 18:00:00,0.7600120776693701,-0.7600120776693701,0.37685510196787375,[0.5776183605194092],0.0
2014-04-20 19:00:00,0.26037737213483,-0.26037737213483,0.3779708349188563,[0.06779637932777405],0.0
2014-04-20 20:00:00,0.29884784247229995,-0.29884784247229995,0.3192560053372886,[0.08931004256010056],0.0
2014-04-20 21:00:00,0.20930544527333,-0.20930544527333,0.32656086367704185,[0.043808773159980774],0.0
2014-04-20 22:00:00,0.30369721521759,-0.30369721521759,0.2664357239945907,[0.09223200380802155],0.0
2014-04-20 23:00:00,0.09713587792019196,-0.09713587792019196,0.2755231237115413,[0.009435378946363926],0.0
2014-04-21 00:00:00,0.28284632100235,-0.28284632100235,0.22912516860511878,[0.08000204712152481],0.0
2014-04-21 01:00:00,0.16967911371587,-0.16967911371587,0.21873368135973603,[0.028791002929210663],0.0
2014-04-21 02:00:00,0.12722279637172998,-0.12722279637172998,0.26547633953277905,[0.016185639426112175],0.0
2014-04-21 03:00:00,0.12678545117904,-0.12678545117904,0.45317034385283916,[0.01607455126941204],0.0
2014-04-21 04:00:00,0.12471253340156,-0.12471253340156,0.7172678419550004,[0.015553216449916363],0.0
2014-04-21 05:00:00,0.17970553597459,-0.17970553597459,0.7462397698829333,[0.032294075936079025],0.0
2014-04-21 06:00:00,0.14851352694376002,-0.14851352694376002,0.7958142141266304,[0.02205626666545868],0.0
2014-04-21 07:00:00,0.11295965320159,-0.11295965320159,0.8240686623725467,[0.01275988295674324],0.0
2014-04-21 08:00:00,0.10925900059767,-0.10925900059767,0.8736072358500502,[0.011937529779970646],0.0
2014-04-21 09:00:00,0.23936570675701,-0.23936570675701,0.8385595005644588,[0.057295944541692734],0.0
2014-04-21 10:00:00,0.15833639677065,-0.15833639677065,0.8699407234158352,[0.025070415809750557],0.0
2014-04-21 11:00:00,0.078274509803922,-0.078274509803922,0.889716476008619,[0.0061268992722034454],0.0
2014-04-21 12:00:00,0.14547893790129998,-0.14547893790129998,0.8858108029881048,[0.021164121106266975],0.0
2014-04-21 13:00:00,0.18197116886074,-0.18197116886074,0.8736710018752145,[0.0331135056912899],0.0
2014-04-21 14:00:00,0.22337447737023,-0.22337447737023,0.8498102218121331,[0.049896154552698135],0.0
2014-04-21 15:00:00,0.20017025009643,-0.20017025009643,0.8446301561497842,[0.0400681272149086],0.0
2014-04-21 16:00:00,0.19258906955749,-0.19258906955749,0.8327286302628714,[0.03709055110812187],0.0
2014-04-21 17:00:00,0.20344492803596,-0.20344492803596,0.8063031139095067,[0.041389837861061096],0.0
2014-04-21 18:00:00,0.19115164372083,-0.19115164372083,0.780134764490696,[0.036538951098918915],0.0
2014-04-21 19:00:00,0.13836434470936998,-0.13836434470936998,0.8119653805916816,[0.0191446915268898],0.0
2014-04-21 20:00:00,0.15595861796885,-0.15595861796885,0.8125443175566918,[0.02432309277355671],0.0
2014-04-21 21:00:00,0.14996265730498,-0.14996265730498,0.7897652034609095,[0.022488800808787346],0.0
2014-04-21 22:00:00,0.19687123987124,-0.19687123987124,0.772706762395879,[0.038758285343647],0.0
2014-04-21 23:00:00,0.18422920219475,-0.18422920219475,0.771917092928869,[0.0339403972029686],0.0
2014-04-22 00:00:00,0.26171024203833,-0.26171024203833,0.7590932118609205,[0.06849225610494614],0.0
2014-04-22 01:00:00,0.24471569356016,-0.24471569356016,0.7434322646293006,[0.059885770082473755],0.0
2014-04-22 02:00:00,0.2553378718676,-0.2553378718676,0.7203223265741603,[0.0651974231004715],0.0
2014-04-22 03:00:00,0.20520147681441,-0.20520147681441,0.7196917289539018,[0.04210764542222023],0.0
2014-04-22 04:00:00,0.1309111106044,-0.1309111106044,0.7418953876015132,[0.017137719318270683],0.0
2014-04-22 05:00:00,0.18606300119867,-0.18606300119867,0.7238268187336789,[0.034619443118572235],0.0
2014-04-22 06:00:00,0.17220851283488,-0.17220851283488,0.7173234670101236,[0.02965577319264412],0.0
2014-04-22 07:00:00,0.19481785540481,-0.19481785540481,0.6995474879690832,[0.037953995168209076],0.0
2014-04-22 08:00:00,0.27897857433572,-0.27897857433572,0.6664174584684517,[0.07782904803752899],0.0
2014-04-22 09:00:00,0.30488770040832003,-0.30488770040832003,0.6150854568154936,[0.09295652061700821],0.0
2014-04-22 10:00:00,0.28487804230345,-0.28487804230345,0.6053237657677082,[0.08115550130605698],0.0
2014-04-22 11:00:00,0.23832049909094,-0.23832049909094,0.6082900481843199,[0.05679665878415108],0.0
2014-04-22 12:00:00,0.17194064773594,-0.17194064773594,0.6445419543195092,[0.02956358902156353],0.0
2014-04-22 13:00:00,0.18015811321438,-0.18015811321438,0.6550284947199049,[0.03245694562792778],0.0
2014-04-22 14:00:00,0.22967110540596,-0.22967110540596,0.6117744746045067,[0.05274881795048714],0.0
2014-04-22 15:00:00,0.18933970431288,-0.18933970431288,0.6099885144704951,[0.035849522799253464],0.0
2014-04-22 16:00:00,0.11589778998381,-0.11589778998381,0.6340763811287067,[0.013432297855615616],0.0
2014-04-22 17:00:00,0.14465543941154002,-0.14465543941154002,0.6553349316507515,[0.020925195887684822],0.0
2014-04-22 18:00:00,0.097637496472012,-0.097637496472012,0.7290910951031322,[0.009533081203699112],0.0
2014-04-22 19:00:00,0.1665956619209,-0.1665956619209,0.779993005001492,[0.02775411680340767],0.0
2014-04-22 20:00:00,0.15953753143407998,-0.15953753143407998,0.8210547298009634,[0.02545222081243992],0.0
2014-04-22 21:00:00,0.11366173900951,-0.11366173900951,0.8565692976391257,[0.012918990105390549],0.0
2014-04-22 22:00:00,0.12387438765071,-0.12387438765071,0.868811201814889,[0.015344863757491112],0.0
2014-04-22 23:00:00,0.13335017985001,-0.13335017985001,0.880105742036607,[0.017782270908355713],0.0
2014-04-23 00:00:00,0.11356490562154,-0.11356490562154,0.9052580363009521,[0.012896988540887833],0.0
2014-04-23 01:00:00,0.14562440531768,-0.14562440531768,0.9137186770883596,[0.021206466481089592],0.0
2014-04-23 02:00:00,0.1972017456228,-0.1972017456228,0.8977040424314318,[0.03888852894306183],0.0
2014-04-23 03:00:00,0.130033059675,-0.130033059675,0.9006769648727009,[0.016908597201108932],0.0
2014-04-23 04:00:00,0.095901720269769,-0.095901720269769,0.9007551665017534,[0.009197140112519264],0.0
2014-04-23 05:00:00,0.14591523237110998,-0.14591523237110998,0.904988953756541,[0.021291252225637436],0.0
2014-04-23 06:00:00,0.12265886275738,-0.12265886275738,0.9121281470823535,[0.015045196749269962],0.0
2014-04-23 07:00:00,0.13947528465533,-0.13947528465533,0.9070488036325737,[0.01945335604250431],0.0
2014-04-23 08:00:00,0.10753864573324,-0.10753864573324,0.9100809293188512,[0.011564561165869236],0.0
2014-04-23 09:00:00,0.1538282082659,-0.1538282082659,0.9060476887575024,[0.023663116618990898],0.0
2014-04-23 10:00:00,0.16268592739180998,-0.16268592739180998,0.8957947804248112,[0.02646671235561371],0.0
2014-04-23 11:00:00,0.14557200929151998,-0.14557200929151998,0.8957783092513807,[0.02119120955467224],0.0
2014-04-23 12:00:00,0.12574933734508,-0.12574933734508,0.9104678118560412,[0.015812894329428673],0.0
2014-04-23 13:00:00,0.13550494258782,-0.13550494258782,0.9093403848386036,[0.018361590802669525],0.0
2014-04-23 14:00:00,0.25073815073815,-0.25073815073815,0.8751853344071117,[0.0628696158528328],0.0
2014-04-23 15:00:00,0.17893424814179998,-0.17893424814179998,0.8668521908694351,[0.03201746568083763],0.0
2014-04-23 16:00:00,0.13293576142072,-0.13293576142072,0.8639748782769595,[0.017671916633844376],0.0
2014-04-23 17:00:00,0.13933361873764,-0.13933361873764,0.8638839283115465,[0.019413858652114868],0.0
2014-04-23 18:00:00,0.13212353501827,-0.13212353501827,0.8570313817719728,[0.017456626519560814],0.0
2014-04-23 19:00:00,0.13007116988022,-0.13007116988022,0.8633037255131427,[0.01691850833594799],0.0
2014-04-23 20:00:00,0.1345206909647,-0.1345206909647,0.8705760427801341,[0.018095817416906357],0.0
2014-04-23 21:00:00,0.165115995116,-0.165115995116,0.8654799445668943,[0.02726329304277897],0.0
2014-04-23 22:00:00,0.10030607774794,-0.10030607774794,0.8717898966664329,[0.010061309672892094],0.0
2014-04-23 23:00:00,0.12353320048744,-0.12353320048744,0.8746569465515972,[0.015260452404618263],0.0
2014-04-24 00:00:00,0.1175200997219,-0.1175200997219,0.9052442173528361,[0.013810974545776844],0.0
2014-04-24 01:00:00,0.17990838660827,-0.17990838660827,0.9051926070163514,[0.032367024570703506],0.0
2014-04-24 02:00:00,0.15564243241156,-0.15564243241156,0.9003991946711337,[0.024224568158388138],0.0
2014-04-24 03:00:00,0.17060666634427,-0.17060666634427,0.8935487913785438,[0.029106637462973595],0.0
2014-04-24 04:00:00,0.14988267770876,-0.14988267770876,0.889432981370045,[0.0224648155272007],0.0
2014-04-24 05:00:00,0.16643943443324,-0.16643943443324,0.8807259596035717,[0.027702083811163902],0.0
2014-04-24 06:00:00,0.14443919199464,-0.14443919199464,0.8781850420119092,[0.020862679928541183],0.0
2014-04-24 07:00:00,0.17561967750063,-0.17561967750063,0.8756210216034437,[0.030842270702123642],0.0
2014-04-24 08:00:00,0.15651491703148002,-0.15651491703148002,0.8606042746656992,[0.02449691854417324],0.0
2014-04-24 09:00:00,0.16779995412013002,-0.16779995412013002,0.8479634731283704,[0.02815682254731655],0.0
2014-04-24 10:00:00,0.13961956010473994,-0.13961956010473994,0.8411825267664883,[0.019493620842695236],0.0
2014-04-24 11:00:00,0.2034069392751,-0.2034069392751,0.8341559741098064,[0.041374385356903076],0.0
2014-04-24 12:00:00,0.14534147010872,-0.14534147010872,0.8372196925928206,[0.02112414315342903],0.0
2014-04-24 13:00:00,0.11436197803951,-0.11436197803951,0.8537403331859239,[0.013078662566840649],0.0
2014-04-24 14:00:00,0.15293295564292,-0.15293295564292,0.8527956870686157,[0.023388490080833435],0.0
2014-04-24 15:00:00,0.10510332561963,-0.10510332561963,0.8696004469692076,[0.01104670949280262],0.0
2014-04-24 16:00:00,0.091298183594973,-0.091298183594973,0.8829621692926418,[0.008335358463227749],0.0
2014-04-24 17:00:00,0.14543110752018,-0.14543110752018,0.8902767056149752,[0.02115020528435707],0.0
2014-04-24 18:00:00,0.1020325203252,-0.1020325203252,0.9024772335781166,[0.01041063480079174],0.0
2014-04-24 19:00:00,0.14530657285976,-0.14530657285976,0.9073085469105948,[0.02111399918794632],0.0
2014-04-24 20:00:00,0.14753073799585,-0.14753073799585,0.9056315723847317,[0.021765317767858505],0.0
2014-04-24 21:00:00,0.094560994560995,-0.094560994560995,0.9267094703429932,[0.00894178170710802],0.0
2014-04-24 22:00:00,0.09908804925479,-0.09908804925479,0.9344299861501364,[0.009818442165851593],0.0
2014-04-24 23:00:00,0.1814115429058,-0.1814115429058,0.9229314110785769,[0.03291014954447746],0.0
2014-04-25 00:00:00,0.17026594002204,-0.17026594002204,0.919793977624673,[0.02899049036204815],0.0
2014-04-25 01:00:00,0.12297887382719,-0.12297887382719,0.9162365955576331,[0.015123803168535233],0.0
2014-04-25 02:00:00,0.15142282425039,-0.15142282425039,0.9037312903991094,[0.02292887307703495],0.0
2014-04-25 03:00:00,0.19076719576720005,-0.19076719576720005,0.8935938125864369,[0.03639212250709534],0.0
2014-04-25 04:00:00,0.20181179716063,-0.20181179716063,0.8683086808759741,[0.040727999061346054],0.0
2014-04-25 05:00:00,0.17796090233554002,-0.17796090233554002,0.8592030184520247,[0.03167008236050606],0.0
2014-04-25 06:00:00,0.17473076020280998,-0.17473076020280998,0.8512709054425571,[0.030530840158462524],0.0
2014-04-25 07:00:00,0.18416632792775,-0.18416632792775,0.82283433339651,[0.03391723707318306],0.0
2014-04-25 08:00:00,0.16268270700354,-0.16268270700354,0.8005007533619589,[0.02646566554903984],0.0
2014-04-25 09:00:00,0.14455555555556,-0.14455555555556,0.813426790861264,[0.0208963081240654],0.0
2014-04-25 10:00:00,0.14575711680021,-0.14575711680021,0.821701057588527,[0.021245138719677925],0.0
2014-04-25 11:00:00,0.1583605622183,-0.1583605622183,0.8093178167813366,[0.02507806569337845],0.0
2014-04-25 12:00:00,0.14638075507244,-0.14638075507244,0.8109225843835317,[0.021427324041724205],0.0
2014-04-25 13:00:00,0.13339689116693,-0.13339689116693,0.8303161019606334,[0.017794732004404068],0.0
2014-04-25 14:00:00,0.14943251193251,-0.14943251193251,0.8469976953244749,[0.02233007550239563],0.0
2014-04-25 15:00:00,0.14595978908607998,-0.14595978908607998,0.8566122866788939,[0.021304260939359665],0.0
2014-04-25 16:00:00,0.16849436359171,-0.16849436359171,0.8585065977886008,[0.028390349820256233],0.0
2014-04-25 17:00:00,0.24526499865483,-0.24526499865483,0.8401745775533999,[0.06015491485595703],0.0
2014-04-25 18:00:00,0.1240892657382,-0.1240892657382,0.8519929391520715,[0.015398145653307438],0.0
2014-04-25 19:00:00,0.14726576994434,-0.14726576994434,0.8510744583214627,[0.021687209606170654],0.0
2014-04-25 20:00:00,0.18836044414712,-0.18836044414712,0.8377655128450081,[0.035479653626680374],0.0
2014-04-25 21:00:00,0.1260261148066,-0.1260261148066,0.8478228095628101,[0.0158825796097517],0.0
2014-04-25 22:00:00,0.16799779983838,-0.16799779983838,0.8409976301747267,[0.02822326309978962],0.0
2014-04-25 23:00:00,0.11946733821734,-0.11946733821734,0.8451578926888959,[0.014272445812821388],0.0
2014-04-26 00:00:00,0.14417052246,-0.14417052246,0.846701457376773,[0.020785139873623848],0.0
2014-04-26 01:00:00,0.10045705529576,-0.10045705529576,0.8602328079382069,[0.010091620497405529],0.0
2014-04-26 02:00:00,0.11318733554028,-0.11318733554028,0.875742926052722,[0.012811372987926006],0.0
2014-04-26 03:00:00,0.17986500128895,-0.17986500128895,0.8928993403716352,[0.03235141932964325],0.0
2014-04-26 04:00:00,0.17985004087105,-0.17985004087105,0.87863326143917,[0.03234603628516197],0.0
2014-04-26 05:00:00,0.3044618599791,-0.3044618599791,0.8316416748146516,[0.09269703179597855],0.0
2014-04-26 06:00:00,0.17513821840866,-0.17513821840866,0.8361251512873085,[0.030673395842313766],0.0
2014-04-26 07:00:00,0.16796439898073004,-0.16796439898073004,0.821803935550431,[0.028212038800120354],0.0
2014-04-26 08:00:00,0.19716604143692,-0.19716604143692,0.811550427410132,[0.03887444734573364],0.0
2014-04-26 09:00:00,0.17000090880969,-0.17000090880969,0.792561052226966,[0.028900310397148132],0.0
2014-04-26 10:00:00,0.22275904203945,-0.22275904203945,0.7611927588886258,[0.0496215894818306],0.0
2014-04-26 11:00:00,0.13414182475158,-0.13414182475158,0.7464294907328528,[0.017994027584791183],0.0
2014-04-26 12:00:00,0.12566176470588,-0.12566176470588,0.7404959516251953,[0.015790877863764763],0.0
2014-04-26 13:00:00,0.15183449555371,-0.15183449555371,0.7524119472099935,[0.023053716868162155],0.0
2014-04-26 14:00:00,0.13455824711144002,-0.13455824711144002,0.7711033599657622,[0.018105922266840935],0.0
2014-04-26 15:00:00,0.25844785575049,-0.25844785575049,0.7901632217123958,[0.06679529696702957],0.0
2014-04-26 16:00:00,0.1717387470286,-0.1717387470286,0.7914647616693264,[0.02949419617652893],0.0
2014-04-26 17:00:00,0.17581627116255,-0.17581627116255,0.7883687738278748,[0.030911359935998917],0.0
2014-04-26 18:00:00,0.15493950647265,-0.15493950647265,0.8045667253697524,[0.024006249383091927],0.0
2014-04-26 19:00:00,0.11774952351172,-0.11774952351172,0.8233622091175208,[0.013864951208233833],0.0
2014-04-26 20:00:00,0.36638161693101,-0.36638161693101,0.7689102592171746,[0.13423548638820648],0.0
2014-04-26 21:00:00,0.18281664752808,-0.18281664752808,0.7480549709492683,[0.03342192992568016],0.0
2014-04-26 22:00:00,0.23967298155032,-0.23967298155032,0.6958924816352967,[0.05744314193725586],0.0
2014-04-26 23:00:00,0.13667375509481,-0.13667375509481,0.7026731385960413,[0.01867971383035183],0.0
2014-04-27 00:00:00,0.15097228912587,-0.15097228912587,0.6944098587745577,[0.02279263362288475],0.0
2014-04-27 01:00:00,0.21753588516746,-0.21753588516746,0.7141262860223011,[0.0473218597471714],0.0
2014-04-27 02:00:00,0.16077596996245,-0.16077596996245,0.7190137841720947,[0.025848913937807083],0.0
2014-04-27 03:00:00,0.14801541325228,-0.14801541325228,0.7315292595412556,[0.021908560767769814],0.0
2014-04-27 04:00:00,0.16895867542419002,-0.16895867542419002,0.7249097460503648,[0.02854703553020954],0.0
2014-04-27 05:00:00,0.14711098649777998,-0.14711098649777998,0.7107547243140229,[0.021641641855239868],0.0
2014-04-27 06:00:00,0.11956996071259,-0.11956996071259,0.815339577093062,[0.01429697498679161],0.0
2014-04-27 07:00:00,0.13597705697451,-0.13597705697451,0.83203146236713,[0.018489761278033257],0.0
2014-04-27 08:00:00,0.13539674417723,-0.13539674417723,0.8658822893304585,[0.018332280218601227],0.0
2014-04-27 09:00:00,0.17255689478298,-0.17255689478298,0.8548098728708617,[0.02977588027715683],0.0
2014-04-27 10:00:00,0.15220085470085,-0.15220085470085,0.854364941075251,[0.02316509746015072],0.0
2014-04-27 11:00:00,0.14173595833998,-0.14173595833998,0.8772256294308982,[0.020089080557227135],0.0
2014-04-27 12:00:00,0.11349837662338,-0.11349837662338,0.8900014607568254,[0.01288188062608242],0.0
2014-04-27 13:00:00,0.12483130904184,-0.12483130904184,0.895882932882171,[0.015582856722176075],0.0
2014-04-27 14:00:00,0.12884393757503,-0.12884393757503,0.9056439506426175,[0.01660075969994068],0.0
2014-04-27 15:00:00,0.11040949164826,-0.11040949164826,0.913898796784071,[0.012190255336463451],0.0
2014-04-27 16:00:00,0.13528932976214,-0.13528932976214,0.9103177361097257,[0.018303202465176582],0.0
2014-04-27 17:00:00,0.22222661093008,-0.22222661093008,0.8892603214263768,[0.04938466474413872],0.0
2014-04-27 18:00:00,0.096233526262873,-0.096233526262873,0.8991176557589855,[0.009260891005396843],0.0
2014-04-27 19:00:00,0.21661616161616,-0.21661616161616,0.8879563193643938,[0.04692256450653076],0.0
2014-04-27 20:00:00,0.12224641723261,-0.12224641723261,0.8957118829891278,[0.014944185502827168],0.0
2014-04-27 21:00:00,0.129634422025,-0.129634422025,0.8986982677830055,[0.01680508442223072],0.0
2014-04-27 22:00:00,0.13871679681620006,-0.13871679681620006,0.892136703396311,[0.01924235187470913],0.0
2014-04-27 23:00:00,0.15546705210498002,-0.15546705210498002,0.8838380537687057,[0.024170003831386566],0.0
2014-04-28 00:00:00,0.2246097111078,-0.2246097111078,0.8552669066481238,[0.05044952407479286],0.0
2014-04-28 01:00:00,0.36644909059945,-0.36644909059945,0.7571681083903727,[0.13428492844104767],0.0
2014-04-28 02:00:00,0.22681868334602,-0.22681868334602,0.7146710758222018,[0.051446713507175446],0.0
2014-04-28 03:00:00,0.18100444847321,-0.18100444847321,0.7343486273696882,[0.03276260942220688],0.0
2014-04-28 04:00:00,0.19286924207069006,-0.19286924207069006,0.6869589427731881,[0.03719854727387428],0.0
2014-04-28 05:00:00,0.26297862978598,-0.26297862978598,0.6634882711984662,[0.06915776431560516],0.0
2014-04-28 06:00:00,0.15571045621045998,-0.15571045621045998,0.645318462773416,[0.024245746433734894],0.0
2014-04-28 07:00:00,0.14729578871533,-0.14729578871533,0.6352913220964557,[0.021696049720048904],0.0
2014-04-28 08:00:00,0.14522174036695,-0.14522174036695,0.6312249885569955,[0.021089354529976845],0.0
2014-04-28 09:00:00,0.13917161632848002,-0.13917161632848002,0.6395060227015354,[0.019368737936019897],0.0
2014-04-28 10:00:00,0.11692062022944,-0.11692062022944,0.6953905185277514,[0.013670431450009346],0.0
2014-04-28 11:00:00,0.16303102453101995,-0.16303102453101995,0.7898076491477483,[0.0265791155397892],0.0
2014-04-28 12:00:00,0.12240257648953,-0.12240257648953,0.8305118374254568,[0.014982391148805618],0.0
2014-04-28 13:00:00,0.11995382174627,-0.11995382174627,0.8517194321095927,[0.01438891887664795],0.0
2014-04-28 14:00:00,0.15499944378278,-0.15499944378278,0.8640875595387183,[0.024024829268455505],0.0
2014-04-28 15:00:00,0.11445736434109,-0.11445736434109,0.9056489596656143,[0.013100487180054188],0.0
2014-04-28 16:00:00,0.10507641818558,-0.10507641818558,0.9173139476974217,[0.01104105357080698],0.0
2014-04-28 17:00:00,0.17107819716515002,-0.17107819716515002,0.912001876093032,[0.029267746955156326],0.0
2014-04-28 18:00:00,0.12895906432749002,-0.12895906432749002,0.9156784937855098,[0.016630439087748528],0.0
2014-04-28 19:00:00,0.19355187091036,-0.19355187091036,0.9028720019580312,[0.037462323904037476],0.0
2014-04-28 20:00:00,0.10955319322255,-0.10955319322255,0.9045384307224908,[0.012001902796328068],0.0
2014-04-28 21:00:00,0.23094618935044,-0.23094618935044,0.8868606282298652,[0.053336139768362045],0.0
2014-04-28 22:00:00,0.32596852300242,-0.32596852300242,0.8196122109106805,[0.10625548660755157],0.0
2014-04-28 23:00:00,0.23840996168582,-0.23840996168582,0.77057578091654,[0.056839313358068466],0.0
2014-04-29 00:00:00,0.3937510408747,-0.3937510408747,0.6526731923675009,[0.15503989160060883],0.0
2014-04-29 01:00:00,0.43511689219236,-0.43511689219236,0.4695503886084531,[0.1893267035484314],0.0
2014-04-29 02:00:00,0.4696148613291501,-0.4696148613291501,0.27100659840610863,[0.22053812444210052],0.0
2014-04-29 03:00:00,0.19722921932471,-0.19722921932471,0.25782168752847634,[0.038899365812540054],0.0
2014-04-29 04:00:00,0.20492194776757008,-0.20492194776757008,0.22238501295264645,[0.04199300333857536],0.0
2014-04-29 05:00:00,0.21993497848293,-0.21993497848293,0.21050749896666554,[0.04837139695882797],0.0
2014-04-29 06:00:00,0.34355060783598995,-0.34355060783598995,0.12489756201940405,[0.11802703142166138],0.0
2014-04-29 07:00:00,0.23512235404822,-0.23512235404822,0.12330190416136644,[0.05528252199292183],0.0
2014-04-29 08:00:00,0.2427479905572,-0.2427479905572,0.15010308671962846,[0.05892658606171608],0.0
2014-04-29 09:00:00,0.18838467135581,-0.18838467135581,0.1675950025839792,[0.035488784313201904],0.0
2014-04-29 10:00:00,0.18629424610002,-0.18629424610002,0.2559461439620251,[0.034705545753240585],0.0
2014-04-29 11:00:00,0.25770941444408,-0.25770941444408,0.3480516814236476,[0.06641414016485214],0.0
2014-04-29 12:00:00,0.21386785227965,-0.21386785227965,0.49680473126813884,[0.04573946073651314],0.0
2014-04-29 13:00:00,0.20694182883448,-0.20694182883448,0.49079140495294094,[0.042824920266866684],0.0
2014-04-29 14:00:00,0.26358129846896,-0.26358129846896,0.4559865552026541,[0.06947510689496994],0.0
2014-04-29 15:00:00,0.22914578069402,-0.22914578069402,0.45043178291362684,[0.05250778794288635],0.0
2014-04-29 16:00:00,0.21745750019584,-0.21745750019584,0.5259868790924945,[0.04728776589035988],0.0
2014-04-29 17:00:00,0.14307462557394,-0.14307462557394,0.5801936564576111,[0.020470350980758667],0.0
2014-04-29 18:00:00,0.20706091438372,-0.20706091438372,0.601097136708472,[0.04287422448396683],0.0
2014-04-29 19:00:00,0.46930901901369,-0.46930901901369,0.4351096352764613,[0.2202509641647339],0.0
2014-04-29 20:00:00,0.25488254948273,-0.25488254948273,0.3947568360219169,[0.06496511399745941],0.0
2014-04-29 21:00:00,0.19163681890545,-0.19163681890545,0.4333277715458581,[0.03672466799616814],0.0
2014-04-29 22:00:00,0.16697533301485,-0.16697533301485,0.4608592159320587,[0.02788076177239418],0.0
2014-04-29 23:00:00,0.202557997558,-0.202557997558,0.4632223227978761,[0.04102974012494087],0.0
2014-04-30 00:00:00,0.20148634977596,-0.20148634977596,0.5006208733335167,[0.040596749633550644],0.0
2014-04-30 01:00:00,0.37077385077385,-0.37077385077385,0.4163319526443764,[0.13747325539588928],0.0
2014-04-30 02:00:00,0.2558634725892,-0.2558634725892,0.39371644936280015,[0.06546610593795776],0.0
2014-04-30 03:00:00,0.22823452631097,-0.22823452631097,0.3444658299496791,[0.052090998739004135],0.0
2014-04-30 04:00:00,0.29717540463303005,-0.29717540463303005,0.2955142719102807,[0.08831322193145752],0.0
2014-04-30 05:00:00,0.34223739162172,-0.34223739162172,0.3667015588882623,[0.11712642759084702],0.0
2014-04-30 06:00:00,0.34879241960511,-0.34879241960511,0.3147279741411888,[0.12165616452693939],0.0
2014-04-30 07:00:00,0.17567689938710998,-0.17567689938710998,0.32282596434447053,[0.030862372368574142],0.0
2014-04-30 08:00:00,0.14718232219098,-0.14718232219098,0.3329594189453535,[0.0216626338660717],0.0
2014-04-30 09:00:00,0.34632074667815,-0.34632074667815,0.2574647840283244,[0.11993806064128876],0.0
2014-04-30 10:00:00,0.5714962657637299,-0.5714962657637299,0.11268285271724487,[0.32660797238349915],0.0
2014-04-30 11:00:00,0.24692130085529,-0.24692130085529,0.15319509381200336,[0.06097012758255005],0.0
2014-04-30 12:00:00,0.11459437916581,-0.11459437916581,0.2093915831933444,[0.013131871819496155],0.0
2014-04-30 13:00:00,0.08440539748409301,-0.08440539748409301,0.27747683720206706,[0.007124271709471941],0.0
2014-04-30 14:00:00,0.084133751541431,-0.084133751541431,0.39560792085212537,[0.007078488357365131],0.0
2014-04-30 15:00:00,0.10858650104858,-0.10858650104858,0.5374362654812432,[0.011791027151048183],0.0
2014-04-30 16:00:00,0.17346856633316,-0.17346856633316,0.6423059420318555,[0.030091341584920883],0.0
2014-04-30 17:00:00,0.10993153585545,-0.10993153585545,0.6788296085416698,[0.012084942311048508],0.0
2014-04-30 18:00:00,0.13844631266444,-0.13844631266444,0.6831722264051429,[0.019167382270097733],0.0
2014-04-30 19:00:00,0.11463492063492,-0.11463492063492,0.7981352669804307,[0.013141165487468243],0.0
2014-04-30 20:00:00,0.35147497829969004,-0.35147497829969004,0.8812365185247495,[0.1235346570611],0.0
2014-04-30 21:00:00,0.35591641852605,-0.35591641852605,0.8450319381791837,[0.12667648494243622],0.0
2014-04-30 22:00:00,0.40547798125189,-0.40547798125189,0.714388138696767,[0.16441237926483154],0.0
2014-04-30 23:00:00,0.38980483733902,-0.38980483733902,0.5372418412147977,[0.15194781124591827],0.0
2014-05-01 00:00:00,0.32569184249858,-0.32569184249858,0.38903157041683967,[0.10607518255710602],0.0
2014-05-01 01:00:00,0.449769629388,-0.449769629388,0.2088088751420072,[0.20229271054267883],0.0
2014-05-01 02:00:00,0.4609126533837,-0.4609126533837,0.1047001478806826,[0.21244046092033386],0.0
2014-05-01 03:00:00,0.76877494808052,-0.76877494808052,0.011830825345955143,[0.5910148620605469],0.0
2014-05-01 04:00:00,1.3522484796855,-1.3522484796855,2.877984074711737e-05,[1.828575849533081],0.0
2014-05-01 05:00:00,0.67874396934331,-0.67874396934331,6.017132104796374e-07,[0.460693359375],0.0
2014-05-01 06:00:00,1.7756432971039,-1.7756432971039,1.4464207609421464e-11,[3.152909278869629],0.0
2014-05-01 07:00:00,2.1474692777428,-2.1474692777428,0.0,[4.611624240875244],0.0
2014-05-01 08:00:00,0.17084470953265,-0.17084470953265,1.1102230246251565e-16,[0.029187912121415138],0.0
2014-05-01 09:00:00,0.21576255162462,-0.21576255162462,4.440892098500626e-16,[0.04655348137021065],0.0
2014-05-01 10:00:00,0.7419371477724399,-0.7419371477724399,0.0,[0.550470769405365],0.0
2014-05-01 11:00:00,0.5941746729608299,-0.5941746729608299,0.0,[0.3530435562133789],0.0
2014-05-01 12:00:00,0.61895503100638,-0.61895503100638,0.0,[0.3831053078174591],0.0
2014-05-01 13:00:00,0.19926177940817005,-0.19926177940817005,1.1102230246251565e-16,[0.03970525786280632],0.0
2014-05-01 14:00:00,0.22457945800094,-0.22457945800094,1.1080691919573837e-11,[0.050435930490493774],0.0
2014-05-01 15:00:00,0.20150567990858,-0.20150567990858,6.888504211488566e-10,[0.04060453921556473],0.0
2014-05-01 16:00:00,0.28091236639231,-0.28091236639231,2.5642700671846264e-05,[0.07891175895929337],0.0
2014-05-01 17:00:00,3.2428201777117,-3.2428201777117,1.3443592846718033e-06,[10.515883445739746],0.0
2014-05-01 18:00:00,1.3862695714701998,-1.3862695714701998,1.2179438568793444e-09,[1.9217432737350464],0.0
2014-05-01 19:00:00,1.8834219389428,-1.8834219389428,2.55351295663786e-14,[3.5472779273986816],0.0
2014-05-01 20:00:00,3.624125401199701,-3.624125401199701,0.0,[13.134285926818848],0.0
2014-05-01 21:00:00,2.3308740661831,-2.3308740661831,0.0,[5.432973384857178],0.0
