timestamp,value,anomaly_score
2015-07-28 11:56:00,248,0.0
2015-07-28 12:06:00,178,0.0
2015-07-28 12:25:00,155,0.0
2015-07-28 13:56:00,121,0.0
2015-07-28 14:06:00,103,0.0
2015-07-28 14:16:00,96,0.0
2015-07-28 17:23:00,170,0.0
2015-07-28 22:03:00,168,0.0
2015-07-28 22:13:00,177,0.0
2015-07-28 22:22:00,211,0.0
2015-07-28 22:33:00,258,0.0
2015-07-28 22:43:00,191,0.0
2015-07-29 06:49:00,4416,0.0
2015-07-29 07:23:00,200,0.0
2015-07-29 07:53:00,210,0.0
2015-07-29 08:13:00,197,0.0
2015-07-29 08:23:00,238,0.0
2015-07-29 08:51:00,264,0.0
2015-07-29 09:03:00,263,0.0
2015-07-29 09:13:00,237,0.0
2015-07-29 09:43:00,218,0.0
2015-07-29 10:03:00,218,0.0
2015-07-29 10:13:00,286,0.0
2015-07-29 10:17:00,287,0.0
2015-07-30 08:58:00,312,0.0
2015-07-30 09:07:00,296,0.0
2015-07-30 09:18:00,213,0.0
2015-07-30 09:28:00,189,0.0
2015-07-30 09:37:00,174,0.0
2015-07-30 09:48:00,210,0.0
2015-07-30 09:57:00,229,0.0
2015-07-30 10:18:00,226,0.0
2015-07-30 11:07:00,348,0.0
2015-07-30 12:35:00,58,0.0
2015-07-30 13:14:00,118,0.0
2015-07-30 13:38:00,121,0.0
2015-07-30 14:14:00,530,0.0
2015-07-30 14:38:00,185,0.0
2015-07-30 14:48:00,189,0.0
2015-07-30 14:52:00,221,0.0
2015-07-30 15:08:00,392,0.0
2015-07-30 15:18:00,418,0.0
2015-07-30 15:27:00,603,0.0
2015-07-30 15:37:00,705,0.0
2015-07-30 15:48:00,798,0.0
2015-07-30 15:58:00,729,0.0
2015-07-30 16:08:00,863,0.0
2015-07-30 16:34:00,916,0.0
2015-07-30 16:55:00,652,0.0
2015-07-30 17:26:00,881,0.0
2015-07-30 18:07:00,383,0.0
2015-07-30 19:00:00,393,0.0
2015-07-30 20:48:00,29,0.0
2015-07-30 21:39:00,69,0.0
2015-07-30 21:41:00,99,0.0
2015-07-30 21:59:00,73,0.0
2015-07-30 22:01:00,106,0.0
2015-07-30 22:59:00,159,0.0
2015-07-30 23:48:00,110,0.0
2015-07-31 06:07:00,96,0.0
2015-07-31 08:59:00,611,0.0
2015-07-31 09:09:00,1144,0.0
2015-07-31 09:19:00,1321,0.0
2015-07-31 09:28:00,1510,0.0
2015-07-31 09:39:00,1623,0.0
2015-07-31 09:49:00,1932,0.0
2015-07-31 09:59:00,2051,0.0
2015-07-31 10:09:00,1978,0.0
2015-07-31 10:19:00,2942,0.0
2015-07-31 10:29:00,3036,0.0
2015-07-31 10:39:00,3182,0.0
2015-07-31 10:49:00,2869,0.0
2015-07-31 10:59:00,3058,0.0
2015-07-31 11:09:00,4290,0.0
2015-07-31 11:29:00,3922,0.0
2015-07-31 11:39:00,4295,0.0
2015-07-31 11:59:00,4757,0.0
2015-07-31 12:09:00,5161,0.0
2015-07-31 12:29:00,5241,0.0
2015-07-31 12:33:00,5578,0.0
2015-07-31 16:39:00,277,0.0
2015-07-31 16:49:00,217,0.0
2015-07-31 16:59:00,226,0.0
2015-07-31 17:08:00,308,0.0
2015-07-31 17:18:00,349,0.0
2015-07-31 17:41:00,230,0.0
2015-07-31 17:48:00,224,0.0
2015-07-31 18:01:00,261,0.0
2015-07-31 23:50:00,182,0.0
2015-08-01 19:09:00,162,0.0
2015-08-01 19:59:00,162,0.0
2015-08-01 20:18:00,192,0.0
2015-08-01 22:33:00,190,0.0
2015-08-01 22:45:00,201,0.0
2015-08-01 23:43:00,301,0.0
2015-08-02 05:55:00,114,0.0
2015-08-02 06:15:00,122,0.0
2015-08-02 06:35:00,111,0.0
2015-08-02 09:44:00,157,0.0
2015-08-02 10:05:00,92,0.0
2015-08-02 14:46:00,147,0.0
2015-08-02 15:26:00,154,0.0
2015-08-02 16:26:00,144,0.0
2015-08-02 17:05:00,214,0.0
2015-08-02 18:46:00,147,0.0
2015-08-02 19:16:00,189,0.0
2015-08-02 19:24:00,186,0.0
2015-08-02 19:56:00,141,0.0
2015-08-02 20:56:00,186,0.0
2015-08-02 22:46:00,228,0.0
2015-08-02 23:06:00,268,0.0
2015-08-02 23:16:00,285,0.0
2015-08-02 23:26:00,320,0.0
2015-08-02 23:45:00,436,0.0
2015-08-02 23:56:00,353,0.0
2015-08-03 00:04:00,431,0.0
2015-08-03 07:36:00,188,0.0
2015-08-03 07:46:00,203,0.0
2015-08-03 07:55:00,202,0.0
2015-08-03 08:05:00,240,0.0
2015-08-03 08:16:00,293,0.0
2015-08-03 08:26:00,324,0.0
2015-08-03 08:36:00,386,0.0
2015-08-03 08:46:00,414,0.0
2015-08-03 08:53:00,374,0.0
2015-08-03 09:06:00,317,0.0
2015-08-03 10:46:00,291,0.0
2015-08-03 10:56:00,316,0.0
2015-08-03 11:15:00,317,0.0
2015-08-03 11:46:00,237,0.0
2015-08-03 11:56:00,216,0.0
2015-08-03 13:06:00,166,0.0
2015-08-03 14:06:00,168,0.0
2015-08-03 14:16:00,142,0.0
2015-08-03 15:56:00,72,0.0
2015-08-03 16:27:00,390,0.0
2015-08-03 16:37:00,315,0.0
2015-08-03 16:57:00,334,0.0
2015-08-03 17:16:00,210,0.0
2015-08-03 18:37:00,148,0.0
2015-08-04 03:27:00,915,0.0
2015-08-04 03:37:00,922,0.0
2015-08-04 03:47:00,912,0.0
2015-08-04 03:51:00,980,0.0
2015-08-04 07:55:00,190,0.0
2015-08-04 08:07:00,208,0.0
2015-08-04 08:15:00,188,0.0
2015-08-04 08:25:00,212,0.0
2015-08-04 08:34:00,297,0.0
2015-08-04 08:47:00,322,0.0
2015-08-04 08:57:00,359,0.0
2015-08-04 09:07:00,360,0.0
2015-08-04 09:27:00,307,0.0
2015-08-04 09:46:00,204,0.0
2015-08-04 10:07:00,258,0.0
2015-08-04 10:17:00,239,0.0
2015-08-04 10:27:00,219,0.0
2015-08-04 11:07:00,788,0.0
2015-08-04 11:17:00,1147,0.0
2015-08-04 11:33:00,1328,0.0
2015-08-04 11:43:00,330,0.0
2015-08-04 11:53:00,249,0.0
2015-08-04 12:13:00,521,0.0
2015-08-04 12:22:00,549,0.0
2015-08-04 12:33:00,631,0.0
2015-08-04 15:23:00,141,0.0
2015-08-04 16:02:00,146,0.0
2015-08-04 16:13:00,153,0.0
2015-08-04 16:23:00,171,0.0
2015-08-04 16:33:00,363,0.0
2015-08-04 16:43:00,147,0.0
2015-08-04 16:53:00,191,0.0
2015-08-04 17:03:00,188,0.0
2015-08-04 17:12:00,195,0.0
2015-08-04 17:23:00,178,0.0
2015-08-04 17:33:00,352,0.0
2015-08-04 17:43:00,146,0.0
2015-08-04 17:53:00,456,0.0
2015-08-04 18:03:00,146,0.0
2015-08-04 18:10:00,267,0.0
2015-08-04 18:23:00,145,0.0
2015-08-04 18:30:00,139,0.0
2015-08-04 18:36:00,144,0.0
2015-08-04 18:50:00,183,0.0
2015-08-04 19:00:00,162,0.0
2015-08-04 19:08:00,168,0.0
2015-08-04 19:20:00,864,0.0
2015-08-04 19:29:00,799,0.0
2015-08-04 19:39:00,821,0.0
2015-08-04 19:47:00,730,0.0
2015-08-04 20:00:00,606,0.0
2015-08-04 20:10:00,1012,0.0
2015-08-04 20:20:00,760,0.0
2015-08-04 20:30:00,987,0.0
2015-08-04 20:39:00,719,0.0
2015-08-04 20:48:00,2155,0.0
2015-08-04 20:59:00,515,0.0
2015-08-04 21:20:00,518,0.0
2015-08-04 21:30:00,789,0.0
2015-08-04 21:40:00,989,0.0
2015-08-04 21:50:00,1072,0.0
2015-08-04 21:59:00,1011,0.0
2015-08-04 22:10:00,1070,0.0
2015-08-04 22:13:00,2432,0.0
2015-08-04 22:30:00,1587,0.0
2015-08-04 22:40:00,1402,0.0
2015-08-04 22:50:00,1208,0.0
2015-08-04 23:00:00,1425,0.0
2015-08-04 23:10:00,1288,0.0
2015-08-04 23:20:00,1081,0.0
2015-08-04 23:48:00,383,0.0
2015-08-05 00:18:00,1022,0.0
2015-08-05 00:30:00,2439,0.0
2015-08-05 00:40:00,1908,0.0
2015-08-05 00:50:00,749,0.0
2015-08-05 07:30:00,183,0.0
2015-08-05 07:50:00,155,0.0
2015-08-05 07:59:00,161,0.0
2015-08-05 08:10:00,171,0.0
2015-08-05 08:19:00,203,0.0
2015-08-05 08:30:00,291,0.0
2015-08-05 08:40:00,381,0.0
2015-08-05 09:00:00,410,0.0
2015-08-05 09:10:00,273,0.0
2015-08-05 09:48:00,266,0.0
2015-08-05 10:08:00,207,0.0
2015-08-05 10:20:00,301,0.0
2015-08-05 10:30:00,405,0.0
2015-08-05 12:26:00,154,0.0
2015-08-05 12:56:00,164,0.0
2015-08-05 13:46:00,139,0.0
2015-08-05 13:55:00,153,0.0
2015-08-05 14:56:00,154,0.0
2015-08-05 16:56:00,164,0.0
2015-08-05 17:26:00,152,0.0
2015-08-05 17:34:00,181,0.0
2015-08-05 18:14:00,149,0.0
2015-08-05 21:27:00,138,0.0
2015-08-05 22:39:00,135,0.0
2015-08-05 23:27:00,150,0.0
2015-08-06 04:38:00,107,0.0
2015-08-06 04:48:00,117,0.0
2015-08-06 05:08:00,111,0.0
2015-08-06 06:08:00,104,0.0
2015-08-06 06:38:00,146,0.0
2015-08-06 06:58:00,130,0.0
2015-08-06 07:48:00,134,0.0
2015-08-06 07:54:00,136,0.0
2015-08-06 08:07:00,201,0.0
2015-08-06 08:17:00,246,0.0
2015-08-06 08:26:00,240,0.0
2015-08-06 08:38:00,301,0.0
2015-08-06 08:48:00,356,0.0
2015-08-06 08:58:00,308,0.0
2015-08-06 09:08:00,347,0.0
2015-08-06 09:18:00,488,0.0
2015-08-06 09:28:00,466,0.0
2015-08-06 09:38:00,378,0.0
2015-08-06 09:48:00,323,0.0
2015-08-06 09:58:00,218,0.0
2015-08-06 10:07:00,205,0.0
2015-08-06 10:18:00,208,0.0
2015-08-06 10:28:00,277,0.0
2015-08-06 10:36:00,318,0.0
2015-08-06 10:58:00,207,0.0
2015-08-06 11:48:00,99,0.0
2015-08-06 11:57:00,100,0.0
2015-08-06 12:07:00,110,0.0
2015-08-06 12:18:00,120,0.0
2015-08-06 12:28:00,125,0.0
2015-08-06 12:38:00,139,0.0
2015-08-06 12:48:00,180,0.0
2015-08-06 13:09:00,163,0.0
2015-08-06 13:28:00,167,0.0
2015-08-06 13:58:00,199,0.0
2015-08-06 14:05:00,193,0.0
2015-08-06 15:47:00,181,0.0
2015-08-06 16:17:00,180,0.0
2015-08-06 16:28:00,179,0.0
2015-08-06 17:08:00,175,0.0
2015-08-06 17:41:00,156,0.0
2015-08-06 17:58:00,123,0.0
2015-08-06 18:08:00,50,0.0
2015-08-06 18:18:00,126,0.0
2015-08-06 19:08:00,142,0.0
2015-08-06 21:28:00,247,0.0
2015-08-06 21:37:00,200,0.0
2015-08-07 06:09:00,5461,0.0
2015-08-07 07:40:00,168,0.0
2015-08-07 08:19:00,194,0.0
2015-08-07 08:30:00,190,0.0
2015-08-07 08:40:00,291,0.0
2015-08-07 08:50:00,211,0.0
2015-08-07 08:59:00,197,0.0
2015-08-07 09:30:00,255,0.0
2015-08-07 09:40:00,281,0.0
2015-08-07 09:48:00,270,0.0
2015-08-07 10:10:00,500,0.0
2015-08-07 10:30:00,595,0.0
2015-08-07 10:40:00,736,0.0
2015-08-07 10:50:00,344,0.0
2015-08-07 11:00:00,440,0.0
2015-08-07 11:10:00,550,0.0
2015-08-07 11:17:00,444,0.0
2015-08-07 11:30:00,335,0.0
2015-08-07 11:40:00,364,0.0
2015-08-07 11:59:00,390,0.0
2015-08-07 12:10:00,395,0.0
2015-08-07 12:48:00,305,0.0
2015-08-07 12:59:00,359,0.0
2015-08-07 13:10:00,294,0.0
2015-08-07 13:20:00,273,0.0
2015-08-07 13:30:00,236,0.0
2015-08-07 13:39:00,279,0.0
2015-08-07 13:50:00,312,0.0
2015-08-07 14:00:00,219,0.0
2015-08-07 14:10:00,168,0.0
2015-08-07 14:18:00,136,0.0
2015-08-07 14:30:00,154,0.0
2015-08-07 14:40:00,168,0.0
2015-08-07 14:50:00,178,0.0
2015-08-07 15:00:00,181,0.0
2015-08-07 15:28:00,312,0.0
2015-08-07 15:38:00,332,0.0
2015-08-07 15:58:00,368,-368.0
2015-08-07 16:06:00,302,-302.0
2015-08-07 16:17:00,309,-309.0
2015-08-07 16:24:00,306,-306.0
2015-08-07 16:46:00,436,-436.0
2015-08-07 16:57:00,651,-651.0
2015-08-07 17:06:00,684,-684.0
2015-08-07 17:16:00,822,-822.0
2015-08-07 17:27:00,901,-901.0
2015-08-07 17:38:00,643,-643.0
2015-08-07 17:57:00,339,-339.0
2015-08-07 18:07:00,372,-372.0
2015-08-07 18:17:00,310,-310.0
2015-08-07 18:27:00,259,-259.0
2015-08-07 18:37:00,239,-239.0
2015-08-07 18:47:00,200,-200.0
2015-08-07 20:17:00,159,-159.0
2015-08-07 20:46:00,146,-146.0
2015-08-07 20:55:00,138,-138.0
2015-08-07 22:47:00,89,-89.0
2015-08-08 03:56:00,125,-125.0
2015-08-08 04:47:00,59,-59.0
2015-08-08 04:57:00,61,-61.0
2015-08-08 05:06:00,675,-675.0
2015-08-08 05:17:00,699,-699.0
2015-08-08 05:26:00,552,-552.0
2015-08-08 05:37:00,1170,-1170.0
2015-08-08 05:47:00,1687,-1687.0
2015-08-08 08:17:00,171,-171.0
2015-08-08 08:37:00,296,-296.0
2015-08-08 08:47:00,304,-304.0
2015-08-08 08:57:00,340,-340.0
2015-08-08 09:07:00,370,-370.0
2015-08-08 09:16:00,417,-417.0
2015-08-08 09:26:00,425,-425.0
2015-08-08 09:37:00,424,-424.0
2015-08-08 09:47:00,342,-342.0
2015-08-08 09:57:00,291,-291.0
2015-08-08 10:07:00,387,-387.0
2015-08-08 10:17:00,334,-334.0
2015-08-08 10:27:00,296,-296.0
2015-08-08 10:37:00,276,-276.0
2015-08-08 10:46:00,263,-263.0
2015-08-08 10:57:00,248,-248.0
2015-08-08 11:07:00,302,-302.0
2015-08-08 11:17:00,235,-235.0
2015-08-08 11:27:00,253,-253.0
2015-08-08 11:37:00,264,-264.0
2015-08-08 11:47:00,133,-133.0
2015-08-08 12:07:00,108,-108.0
2015-08-08 12:17:00,114,-114.0
2015-08-08 12:26:00,116,-116.0
2015-08-08 12:47:00,100,-100.0
2015-08-08 12:57:00,102,-102.0
2015-08-08 13:07:00,94,-94.0
2015-08-08 13:17:00,92,-92.0
2015-08-08 13:27:00,84,-84.0
2015-08-08 13:37:00,124,-124.0
2015-08-08 14:47:00,122,-122.0
2015-08-08 14:56:00,124,-124.0
2015-08-08 16:30:00,144,-144.0
2015-08-08 17:02:00,127,-127.0
2015-08-08 17:11:00,143,-143.0
2015-08-08 17:22:00,108,-108.0
2015-08-08 17:31:00,131,-131.0
2015-08-08 18:22:00,133,-133.0
2015-08-08 19:12:00,153,-153.0
2015-08-08 20:02:00,111,-111.0
2015-08-08 20:12:00,114,-114.0
2015-08-08 20:22:00,172,-172.0
2015-08-08 22:01:00,143,-143.0
2015-08-08 22:21:00,105,-105.0
2015-08-08 22:32:00,110,-110.0
2015-08-08 22:42:00,113,-113.0
2015-08-08 22:51:00,130,-130.0
2015-08-09 00:22:00,129,-129.0
2015-08-09 04:52:00,115,-115.0
2015-08-09 05:12:00,715,-715.0
2015-08-09 05:22:00,1351,-1351.0
2015-08-09 05:32:00,1518,-1518.0
2015-08-09 05:42:00,1606,-1606.0
2015-08-09 05:50:00,1614,-1614.0
2015-08-09 09:32:00,208,-208.0
2015-08-09 09:42:00,235,-235.0
2015-08-09 09:52:00,209,-209.0
2015-08-09 10:02:00,217,-217.0
2015-08-09 10:11:00,176,-176.0
2015-08-09 10:42:00,150,-150.0
2015-08-09 10:52:00,178,-178.0
2015-08-09 10:59:00,183,-183.0
2015-08-09 11:13:00,279,-279.0
2015-08-09 11:22:00,304,-304.0
2015-08-09 11:32:00,275,-275.0
2015-08-09 11:42:00,167,-167.0
2015-08-09 12:32:00,166,-166.0
2015-08-09 12:52:00,151,-151.0
2015-08-09 13:29:00,145,-145.0
2015-08-09 14:22:00,135,-135.0
2015-08-09 14:32:00,144,-144.0
2015-08-09 14:42:00,127,-127.0
2015-08-09 14:52:00,135,-135.0
2015-08-09 15:02:00,110,-110.0
2015-08-09 15:12:00,116,-116.0
2015-08-09 15:32:00,140,-140.0
2015-08-09 16:12:00,170,-170.0
2015-08-09 16:32:00,144,-144.0
2015-08-09 16:42:00,128,-128.0
2015-08-09 16:45:00,132,-132.0
2015-08-09 16:57:00,114,-114.0
2015-08-09 17:05:00,123,-123.0
2015-08-09 17:17:00,122,-122.0
2015-08-09 17:27:00,111,-111.0
2015-08-09 17:36:00,111,-111.0
2015-08-09 17:47:00,115,-115.0
2015-08-09 17:57:00,103,-103.0
2015-08-09 18:06:00,111,-111.0
2015-08-09 18:17:00,110,-110.0
2015-08-09 18:26:00,118,-118.0
2015-08-09 18:37:00,128,-128.0
2015-08-09 18:46:00,129,-129.0
2015-08-09 19:17:00,179,-179.0
2015-08-09 19:27:00,166,-166.0
2015-08-09 19:46:00,131,-131.0
2015-08-09 19:56:00,133,-133.0
2015-08-09 20:06:00,136,-136.0
2015-08-09 20:17:00,133,-133.0
2015-08-09 20:25:00,135,-135.0
2015-08-09 20:37:00,128,-128.0
2015-08-09 20:47:00,124,-124.0
2015-08-09 21:07:00,146,-146.0
2015-08-09 21:17:00,125,-125.0
2015-08-09 21:26:00,120,-120.0
2015-08-09 21:36:00,117,-117.0
2015-08-09 21:57:00,125,-125.0
2015-08-09 22:07:00,131,-131.0
2015-08-09 22:17:00,137,-137.0
2015-08-09 22:27:00,125,-125.0
2015-08-09 22:36:00,90,-90.0
2015-08-09 22:47:00,91,-91.0
2015-08-09 23:07:00,88,-88.0
2015-08-09 23:17:00,101,-101.0
2015-08-09 23:23:00,102,-102.0
2015-08-09 23:37:00,107,-107.0
2015-08-09 23:57:00,84,-84.0
2015-08-10 00:07:00,80,-80.0
2015-08-10 00:17:00,84,-84.0
2015-08-10 00:27:00,91,-91.0
2015-08-10 00:36:00,106,-106.0
2015-08-10 01:06:00,98,-98.0
2015-08-10 05:57:00,108,-108.0
2015-08-10 07:16:00,182,-182.0
2015-08-10 07:37:00,250,-250.0
2015-08-10 07:57:00,249,-249.0
2015-08-10 08:17:00,206,-206.0
2015-08-10 08:27:00,192,-192.0
2015-08-10 08:37:00,278,-278.0
2015-08-10 08:47:00,366,-366.0
2015-08-10 08:57:00,336,-336.0
2015-08-10 09:07:00,211,-211.0
2015-08-10 09:17:00,151,-151.0
2015-08-10 09:27:00,149,-149.0
2015-08-10 09:37:00,165,-165.0
2015-08-10 09:46:00,176,-176.0
2015-08-10 09:57:00,203,-203.0
2015-08-10 10:06:00,224,-224.0
2015-08-10 10:17:00,207,-207.0
2015-08-10 10:27:00,243,-243.0
2015-08-10 10:37:00,254,-254.0
2015-08-10 10:57:00,229,-229.0
2015-08-10 11:07:00,282,-282.0
2015-08-10 11:17:00,360,-360.0
2015-08-10 11:25:00,368,-368.0
2015-08-10 11:36:00,324,-324.0
2015-08-10 11:47:00,318,-318.0
2015-08-10 11:56:00,333,-333.0
2015-08-10 12:17:00,395,-395.0
2015-08-10 12:27:00,428,-428.0
2015-08-10 12:37:00,362,-362.0
2015-08-10 12:47:00,394,-394.0
2015-08-10 12:57:00,334,-334.0
2015-08-10 13:06:00,345,-345.0
2015-08-10 13:36:00,391,-391.0
2015-08-10 13:46:00,419,-419.0
2015-08-10 13:57:00,567,-567.0
2015-08-10 14:07:00,684,-684.0
2015-08-10 14:17:00,470,-470.0
2015-08-10 14:27:00,359,-359.0
2015-08-10 15:47:00,87,-87.0
2015-08-10 15:55:00,79,-79.0
2015-08-10 16:07:00,184,-184.0
2015-08-10 16:17:00,200,-200.0
2015-08-10 16:56:00,165,-165.0
2015-08-10 20:32:00,137,-137.0
2015-08-10 22:52:00,138,-138.0
2015-08-11 01:52:00,136,-136.0
2015-08-11 04:02:00,126,-126.0
2015-08-11 04:22:00,144,-144.0
2015-08-11 05:12:00,113,-113.0
2015-08-11 05:32:00,120,-120.0
2015-08-11 05:42:00,150,-150.0
2015-08-11 06:52:00,148,-148.0
2015-08-11 07:12:00,174,-174.0
2015-08-11 07:21:00,192,-192.0
2015-08-11 07:32:00,222,-222.0
2015-08-11 07:42:00,241,-241.0
2015-08-11 07:52:00,265,-265.0
2015-08-11 08:12:00,283,-283.0
2015-08-11 08:22:00,342,-342.0
2015-08-11 08:31:00,485,-485.0
2015-08-11 08:42:00,472,-472.0
2015-08-11 08:52:00,545,-545.0
2015-08-11 09:02:00,555,-555.0
2015-08-11 09:12:00,421,-421.0
2015-08-11 09:22:00,308,-308.0
2015-08-11 10:01:00,144,-144.0
2015-08-11 10:22:00,153,-153.0
2015-08-11 10:32:00,159,-159.0
2015-08-11 10:41:00,140,-140.0
2015-08-11 10:52:00,135,-135.0
2015-08-11 11:12:00,123,-123.0
2015-08-11 11:22:00,136,-136.0
2015-08-11 11:32:00,136,-136.0
2015-08-11 12:07:00,3106,-3106.0
2015-08-11 13:42:00,280,-280.0
2015-08-11 13:52:00,186,-186.0
2015-08-11 14:12:00,176,-176.0
2015-08-11 14:22:00,281,-281.0
2015-08-11 14:32:00,282,-282.0
2015-08-11 14:41:00,508,-508.0
2015-08-11 16:12:00,1789,-1789.0
2015-08-11 16:52:00,1217,-1217.0
2015-08-11 17:00:00,121,-121.0
2015-08-11 17:12:00,123,-123.0
2015-08-11 17:21:00,125,-125.0
2015-08-11 17:30:00,128,-128.0
2015-08-11 17:41:00,113,-113.0
2015-08-11 17:52:00,120,-120.0
2015-08-11 18:02:00,374,-374.0
2015-08-11 18:12:00,141,-141.0
2015-08-11 18:22:00,644,-644.0
2015-08-11 18:28:00,703,-703.0
2015-08-11 18:41:00,153,-153.0
2015-08-11 19:02:00,156,-156.0
2015-08-11 19:12:00,491,-491.0
2015-08-11 19:22:00,147,-147.0
2015-08-11 19:42:00,474,-474.0
2015-08-11 19:52:00,824,-824.0
2015-08-11 20:02:00,1346,-1346.0
2015-08-11 20:12:00,758,-758.0
2015-08-11 20:21:00,270,-270.0
2015-08-11 20:31:00,1277,-1277.0
2015-08-11 20:42:00,1057,-1057.0
2015-08-11 20:52:00,649,-649.0
2015-08-11 21:32:00,730,-730.0
2015-08-11 21:41:00,1179,-1179.0
2015-08-11 21:51:00,1127,-1127.0
2015-08-11 22:01:00,1052,-1052.0
2015-08-11 22:09:00,1563,-1563.0
2015-08-11 22:22:00,1334,-1334.0
2015-08-11 22:32:00,1561,-1561.0
2015-08-11 22:42:00,1795,-1795.0
2015-08-11 22:52:00,2192,-2192.0
2015-08-11 23:01:00,1139,-1139.0
2015-08-11 23:12:00,711,-711.0
2015-08-11 23:22:00,739,-739.0
2015-08-12 00:10:00,834,-834.0
2015-08-12 00:22:00,817,-817.0
2015-08-12 00:32:00,801,-801.0
2015-08-12 00:42:00,355,-355.0
2015-08-12 01:01:00,392,-392.0
2015-08-12 01:21:00,161,-161.0
2015-08-12 01:42:00,2875,-2875.0
2015-08-12 01:52:00,2988,-2988.0
2015-08-12 02:01:00,2818,-2818.0
2015-08-12 02:12:00,1415,-1415.0
2015-08-12 02:22:00,2331,-2331.0
2015-08-12 02:32:00,909,-909.0
2015-08-12 02:42:00,1218,-1218.0
2015-08-12 03:22:00,862,-862.0
2015-08-12 03:43:00,132,-132.0
2015-08-12 04:12:00,187,-187.0
2015-08-12 04:22:00,211,-211.0
2015-08-12 04:32:00,383,-383.0
2015-08-12 04:42:00,154,-154.0
2015-08-12 05:02:00,176,-176.0
2015-08-12 06:12:00,119,-119.0
2015-08-12 06:31:00,126,-126.0
2015-08-12 07:12:00,143,-143.0
2015-08-12 07:50:00,167,-167.0
2015-08-12 08:02:00,150,-150.0
2015-08-12 08:10:00,145,-145.0
2015-08-12 08:22:00,193,-193.0
2015-08-12 08:52:00,282,-282.0
2015-08-12 09:02:00,226,-226.0
2015-08-12 09:11:00,204,-204.0
2015-08-12 09:42:00,174,-174.0
2015-08-12 10:02:00,195,-195.0
2015-08-12 10:12:00,253,-253.0
2015-08-12 10:31:00,328,-328.0
2015-08-12 10:42:00,268,-268.0
2015-08-12 10:52:00,270,-270.0
2015-08-12 11:02:00,358,-358.0
2015-08-12 11:12:00,388,-388.0
2015-08-12 11:22:00,360,-360.0
2015-08-12 11:32:00,413,-413.0
2015-08-12 11:50:00,407,-407.0
2015-08-12 12:01:00,400,-400.0
2015-08-12 12:10:00,328,-328.0
2015-08-12 12:22:00,343,-343.0
2015-08-12 12:32:00,354,-354.0
2015-08-12 12:41:00,360,-360.0
2015-08-12 12:52:00,337,-337.0
2015-08-12 13:02:00,344,-344.0
2015-08-12 13:12:00,274,-274.0
2015-08-12 13:22:00,289,-289.0
2015-08-12 13:32:00,204,-204.0
2015-08-12 13:41:00,222,-222.0
2015-08-12 13:52:00,202,-202.0
2015-08-12 14:02:00,162,-162.0
2015-08-12 14:11:00,130,-130.0
2015-08-12 15:01:00,152,-152.0
2015-08-12 15:12:00,157,-157.0
2015-08-12 15:21:00,175,-175.0
2015-08-12 15:31:00,178,-178.0
2015-08-12 17:11:00,166,-166.0
2015-08-12 17:21:00,161,-161.0
2015-08-12 17:52:00,157,-157.0
2015-08-12 18:42:00,130,-130.0
2015-08-12 19:12:00,128,-128.0
2015-08-12 19:52:00,1092,-1092.0
2015-08-12 20:01:00,1556,-1556.0
2015-08-12 20:12:00,1423,-1423.0
2015-08-12 20:27:00,911,-911.0
2015-08-12 20:46:00,681,-681.0
2015-08-12 20:56:00,839,-839.0
2015-08-12 21:07:00,1117,-1117.0
2015-08-12 21:17:00,430,-430.0
2015-08-12 21:23:00,683,-683.0
2015-08-12 21:37:00,574,-574.0
2015-08-12 21:47:00,580,-580.0
2015-08-12 21:57:00,499,-499.0
2015-08-12 22:07:00,646,-646.0
2015-08-12 22:17:00,589,-589.0
2015-08-12 22:27:00,663,-663.0
2015-08-12 22:37:00,517,-517.0
2015-08-12 23:27:00,1087,-1087.0
2015-08-12 23:37:00,1123,-1123.0
2015-08-12 23:47:00,763,-763.0
2015-08-12 23:57:00,732,-732.0
2015-08-13 00:07:00,860,-860.0
2015-08-13 00:16:00,1420,-1420.0
2015-08-13 00:27:00,1492,-1492.0
2015-08-13 02:57:00,102,-102.0
2015-08-13 03:12:00,101,-101.0
2015-08-13 03:37:00,112,-112.0
2015-08-13 04:28:00,1772,-1772.0
2015-08-13 04:47:00,251,-251.0
2015-08-13 04:57:00,106,-106.0
2015-08-13 05:12:00,103,-103.0
2015-08-13 05:47:00,115,-115.0
2015-08-13 07:47:00,222,-222.0
2015-08-13 08:17:00,216,-216.0
2015-08-13 08:27:00,243,-243.0
2015-08-13 08:36:00,290,-290.0
2015-08-13 08:46:00,325,-325.0
2015-08-13 08:57:00,301,-301.0
2015-08-13 09:07:00,298,-298.0
2015-08-13 09:17:00,236,-236.0
2015-08-13 09:25:00,272,-272.0
2015-08-13 09:37:00,263,-263.0
2015-08-13 09:57:00,201,-201.0
2015-08-13 10:06:00,196,-196.0
2015-08-13 10:17:00,209,-209.0
2015-08-13 10:27:00,242,-242.0
2015-08-13 10:37:00,289,-289.0
2015-08-13 10:46:00,241,-241.0
2015-08-13 10:56:00,246,-246.0
2015-08-13 11:57:00,114,-114.0
2015-08-13 12:06:00,109,-109.0
2015-08-13 12:17:00,73,-73.0
2015-08-13 12:26:00,75,-75.0
2015-08-13 12:37:00,92,-92.0
2015-08-13 13:05:00,150,-150.0
2015-08-13 13:26:00,171,-171.0
2015-08-13 14:37:00,195,-195.0
2015-08-13 15:27:00,269,-269.0
2015-08-13 16:16:00,442,-442.0
2015-08-13 16:27:00,463,-463.0
2015-08-13 16:36:00,405,-405.0
2015-08-13 16:46:00,402,-402.0
2015-08-13 16:57:00,370,-370.0
2015-08-13 17:07:00,350,-350.0
2015-08-13 17:17:00,346,-346.0
2015-08-13 17:25:00,347,-347.0
2015-08-13 17:37:00,235,-235.0
2015-08-13 17:46:00,205,-205.0
2015-08-13 17:57:00,228,-228.0
2015-08-13 18:07:00,76,-76.0
2015-08-13 18:15:00,79,-79.0
2015-08-13 18:25:00,196,-196.0
2015-08-13 18:33:00,302,-302.0
2015-08-13 18:47:00,201,-201.0
2015-08-13 18:56:00,183,-183.0
2015-08-13 19:06:00,151,-151.0
2015-08-14 07:27:00,170,-170.0
2015-08-14 08:07:00,259,-259.0
2015-08-14 08:27:00,331,-331.0
2015-08-14 08:37:00,360,-360.0
2015-08-14 08:47:00,264,-264.0
2015-08-14 09:06:00,275,-275.0
2015-08-14 09:27:00,322,-322.0
2015-08-14 09:57:00,297,-297.0
2015-08-14 10:03:00,319,-319.0
2015-08-14 10:17:00,409,-409.0
2015-08-14 10:37:00,404,-404.0
2015-08-14 10:47:00,402,-402.0
2015-08-14 10:57:00,355,-355.0
2015-08-14 11:07:00,570,-570.0
2015-08-14 11:16:00,572,-572.0
2015-08-14 11:37:00,483,-483.0
2015-08-14 11:47:00,350,-350.0
2015-08-14 12:17:00,314,-314.0
2015-08-14 12:37:00,393,-393.0
2015-08-14 12:47:00,346,-346.0
2015-08-14 12:56:00,361,-361.0
2015-08-14 13:17:00,403,-403.0
2015-08-14 13:27:00,424,-424.0
2015-08-14 13:33:00,487,-487.0
2015-08-14 13:47:00,470,-470.0
2015-08-14 13:55:00,414,-414.0
2015-08-14 14:16:00,180,-180.0
2015-08-14 14:26:00,167,-167.0
2015-08-14 14:37:00,188,-188.0
2015-08-14 14:47:00,176,-176.0
2015-08-14 15:07:00,194,-194.0
2015-08-14 15:37:00,209,-209.0
2015-08-14 15:47:00,223,-223.0
2015-08-14 16:07:00,276,-276.0
2015-08-14 16:24:00,327,-327.0
2015-08-14 16:37:00,291,-291.0
2015-08-14 16:43:00,282,-282.0
2015-08-14 17:07:00,305,-305.0
2015-08-14 17:47:00,275,-275.0
2015-08-14 18:57:00,139,-139.0
2015-08-14 23:01:00,171,-171.0
2015-08-14 23:12:00,180,-180.0
2015-08-14 23:32:00,214,-214.0
2015-08-14 23:41:00,209,-209.0
2015-08-15 04:32:00,45,-45.0
2015-08-15 04:42:00,49,-49.0
2015-08-15 04:52:00,52,-52.0
2015-08-15 05:22:00,962,-962.0
2015-08-15 05:31:00,1178,-1178.0
2015-08-15 06:02:00,111,-111.0
2015-08-15 10:51:00,138,-138.0
2015-08-15 11:02:00,197,-197.0
2015-08-15 11:51:00,193,-193.0
2015-08-15 22:36:00,152,-152.0
2015-08-15 23:17:00,215,-215.0
2015-08-15 23:27:00,265,-265.0
2015-08-15 23:47:00,312,-312.0
2015-08-16 05:17:00,117,-117.0
2015-08-16 09:37:00,161,-161.0
2015-08-16 10:46:00,116,-116.0
2015-08-16 11:17:00,145,-145.0
2015-08-16 15:27:00,280,-280.0
2015-08-16 15:47:00,370,-370.0
2015-08-16 15:57:00,352,-352.0
2015-08-16 16:07:00,300,-300.0
2015-08-16 16:27:00,221,-221.0
2015-08-16 16:57:00,198,-198.0
2015-08-16 17:07:00,262,-262.0
2015-08-16 17:17:00,298,-298.0
2015-08-16 17:36:00,384,-384.0
2015-08-16 17:47:00,369,-369.0
2015-08-16 17:57:00,336,-336.0
2015-08-16 18:06:00,561,-561.0
2015-08-16 18:16:00,366,-366.0
2015-08-16 18:26:00,436,-436.0
2015-08-16 18:37:00,472,-472.0
2015-08-16 18:56:00,341,-341.0
2015-08-16 19:07:00,220,-220.0
2015-08-16 19:17:00,256,-256.0
2015-08-16 19:27:00,225,-225.0
2015-08-16 19:37:00,168,-168.0
2015-08-16 19:47:00,172,-172.0
2015-08-16 20:17:00,248,-248.0
2015-08-16 21:30:00,185,-185.0
2015-08-16 23:30:00,194,-194.0
2015-08-17 03:40:00,130,-130.0
2015-08-17 06:00:00,120,-120.0
2015-08-17 07:30:00,196,-196.0
2015-08-17 07:50:00,187,-187.0
2015-08-17 08:10:00,177,-177.0
2015-08-17 08:20:00,197,-197.0
2015-08-17 08:30:00,252,-252.0
2015-08-17 08:40:00,311,-311.0
2015-08-17 08:49:00,332,-332.0
2015-08-17 09:00:00,293,-293.0
2015-08-17 09:10:00,254,-254.0
2015-08-17 10:19:00,274,-274.0
2015-08-17 10:30:00,379,-379.0
2015-08-17 10:40:00,410,-410.0
2015-08-17 10:50:00,331,-331.0
2015-08-17 10:59:00,351,-351.0
2015-08-17 11:08:00,325,-325.0
2015-08-17 11:20:00,270,-270.0
2015-08-17 11:30:00,313,-313.0
2015-08-17 11:37:00,2409,-2409.0
2015-08-17 12:00:00,287,-287.0
2015-08-17 12:18:00,284,-284.0
2015-08-17 12:50:00,208,-208.0
2015-08-17 15:50:00,74,-74.0
2015-08-17 15:59:00,73,-73.0
2015-08-17 16:28:00,154,-154.0
2015-08-17 17:10:00,140,-140.0
2015-08-18 08:23:00,197,-197.0
2015-08-18 08:34:00,266,-266.0
2015-08-18 08:44:00,287,-287.0
2015-08-18 08:54:00,327,-327.0
2015-08-18 09:12:00,250,-250.0
2015-08-18 09:52:00,177,-177.0
2015-08-18 10:04:00,172,-172.0
2015-08-18 10:34:00,183,-183.0
2015-08-18 10:44:00,219,-219.0
2015-08-18 10:54:00,192,-192.0
2015-08-18 11:04:00,190,-190.0
2015-08-18 11:12:00,142,-142.0
2015-08-18 13:53:00,137,-137.0
2015-08-18 14:04:00,92,-92.0
2015-08-18 14:14:00,94,-94.0
2015-08-18 14:43:00,123,-123.0
2015-08-18 20:47:00,140,-140.0
2015-08-19 07:56:00,204,-204.0
2015-08-19 08:17:00,212,-212.0
2015-08-19 08:27:00,253,-253.0
2015-08-19 08:57:00,281,-281.0
2015-08-19 09:07:00,256,-256.0
2015-08-19 09:27:00,363,-363.0
2015-08-19 09:36:00,267,-267.0
2015-08-19 09:47:00,369,-369.0
2015-08-19 10:27:00,358,-358.0
2015-08-19 10:37:00,362,-362.0
2015-08-19 10:47:00,292,-292.0
2015-08-19 10:57:00,317,-317.0
2015-08-19 11:05:00,373,-373.0
2015-08-19 11:25:00,341,-341.0
2015-08-19 11:47:00,310,-310.0
2015-08-19 11:57:00,298,-298.0
2015-08-19 12:26:00,285,-285.0
2015-08-19 12:57:00,525,-525.0
2015-08-19 13:17:00,731,-731.0
2015-08-19 13:44:00,688,-688.0
2015-08-19 16:57:00,168,-168.0
2015-08-19 17:07:00,164,-164.0
2015-08-20 04:35:00,101,-101.0
2015-08-20 05:05:00,114,-114.0
2015-08-20 05:15:00,104,-104.0
2015-08-20 05:34:00,112,-112.0
2015-08-20 06:45:00,117,-117.0
2015-08-20 08:25:00,260,-260.0
2015-08-20 08:44:00,309,-309.0
2015-08-20 09:35:00,202,-202.0
2015-08-20 09:45:00,295,-295.0
2015-08-20 09:55:00,395,-395.0
2015-08-20 10:05:00,322,-322.0
2015-08-20 10:15:00,292,-292.0
2015-08-20 10:25:00,290,-290.0
2015-08-20 10:35:00,273,-273.0
2015-08-20 10:41:00,304,-304.0
2015-08-20 10:55:00,258,-258.0
2015-08-20 11:04:00,266,-266.0
2015-08-20 11:34:00,332,-332.0
2015-08-20 11:45:00,322,-322.0
2015-08-20 11:55:00,205,-205.0
2015-08-20 12:05:00,184,-184.0
2015-08-20 12:25:00,150,-150.0
2015-08-20 12:35:00,180,-180.0
2015-08-20 12:45:00,172,-172.0
2015-08-20 12:55:00,254,-254.0
2015-08-20 13:45:00,187,-187.0
2015-08-20 16:25:00,203,-203.0
2015-08-20 16:35:00,169,-169.0
2015-08-20 17:25:00,179,-179.0
2015-08-20 17:35:00,159,-159.0
2015-08-20 18:04:00,40,-40.0
2015-08-20 18:15:00,39,-39.0
2015-08-20 18:25:00,105,-105.0
2015-08-20 18:33:00,144,-144.0
2015-08-21 08:19:00,234,-234.0
2015-08-21 08:27:00,184,-184.0
2015-08-21 08:49:00,195,-195.0
2015-08-21 08:59:00,213,-213.0
2015-08-21 10:48:00,301,-301.0
2015-08-21 10:58:00,314,-314.0
2015-08-21 11:09:00,412,-412.0
2015-08-21 11:29:00,390,-390.0
2015-08-21 11:39:00,463,-463.0
2015-08-21 11:49:00,448,-448.0
2015-08-21 11:59:00,530,-530.0
2015-08-21 12:19:00,432,-432.0
2015-08-21 12:28:00,372,-372.0
2015-08-21 12:37:00,336,-336.0
2015-08-21 13:06:00,311,-311.0
2015-08-21 13:29:00,318,-318.0
2015-08-21 13:48:00,358,-358.0
2015-08-21 14:29:00,132,-132.0
2015-08-21 14:58:00,248,-248.0
2015-08-21 15:09:00,279,-279.0
2015-08-21 15:19:00,251,-251.0
2015-08-21 15:39:00,311,-311.0
2015-08-21 15:49:00,343,-343.0
2015-08-21 15:59:00,377,-377.0
2015-08-21 16:08:00,386,-386.0
2015-08-21 16:29:00,343,-343.0
2015-08-21 16:39:00,354,-354.0
2015-08-21 16:49:00,355,-355.0
2015-08-21 16:59:00,337,-337.0
2015-08-21 17:08:00,276,-276.0
2015-08-21 17:19:00,209,-209.0
2015-08-21 17:28:00,203,-203.0
2015-08-21 17:49:00,184,-184.0
2015-08-21 20:58:00,151,-151.0
2015-08-21 21:35:00,498,-498.0
2015-08-21 21:49:00,1000,-1000.0
2015-08-21 21:59:00,1364,-1364.0
2015-08-21 22:12:00,1635,-1635.0
2015-08-22 04:50:00,57,-57.0
2015-08-22 05:00:00,58,-58.0
2015-08-22 05:10:00,155,-155.0
2015-08-22 06:30:00,119,-119.0
2015-08-22 07:10:00,110,-110.0
2015-08-22 08:30:00,183,-183.0
2015-08-22 09:06:00,364,-364.0
2015-08-22 09:30:00,278,-278.0
2015-08-22 09:50:00,221,-221.0
2015-08-22 12:37:00,328,-328.0
2015-08-23 15:48:00,146,-146.0
2015-08-23 18:08:00,136,-136.0
2015-08-23 18:46:00,121,-121.0
2015-08-23 18:58:00,132,-132.0
2015-08-23 19:18:00,180,-180.0
2015-08-23 19:27:00,253,-253.0
2015-08-23 19:58:00,229,-229.0
2015-08-23 20:08:00,263,-263.0
2015-08-23 20:18:00,307,-307.0
2015-08-23 20:28:00,312,-312.0
2015-08-23 20:37:00,313,-313.0
2015-08-23 20:48:00,373,-373.0
2015-08-23 21:07:00,184,-184.0
2015-08-24 03:32:00,123,-123.0
2015-08-24 03:43:00,129,-129.0
2015-08-24 06:22:00,133,-133.0
2015-08-24 07:51:00,194,-194.0
2015-08-24 08:03:00,192,-192.0
2015-08-24 08:13:00,178,-178.0
2015-08-24 08:23:00,205,-205.0
2015-08-24 08:33:00,250,-250.0
2015-08-24 08:43:00,283,-283.0
2015-08-24 08:53:00,296,-296.0
2015-08-24 09:03:00,256,-256.0
2015-08-24 09:13:00,218,-218.0
2015-08-24 09:43:00,197,-197.0
2015-08-24 09:53:00,226,-226.0
2015-08-24 10:03:00,257,-257.0
2015-08-24 10:13:00,211,-211.0
2015-08-24 10:23:00,225,-225.0
2015-08-24 10:43:00,262,-262.0
2015-08-24 10:51:00,280,-280.0
2015-08-24 11:03:00,483,-483.0
2015-08-24 11:13:00,628,-628.0
2015-08-24 11:23:00,1047,-1047.0
2015-08-24 11:33:00,1111,-1111.0
2015-08-24 11:42:00,764,-764.0
2015-08-24 12:03:00,504,-504.0
2015-08-24 12:12:00,729,-729.0
2015-08-24 12:22:00,627,-627.0
2015-08-24 12:33:00,288,-288.0
2015-08-24 12:42:00,318,-318.0
2015-08-24 12:52:00,167,-167.0
2015-08-24 13:32:00,156,-156.0
2015-08-24 13:43:00,161,-161.0
2015-08-24 13:53:00,169,-169.0
2015-08-24 14:03:00,181,-181.0
2015-08-24 14:13:00,190,-190.0
2015-08-24 14:23:00,154,-154.0
2015-08-24 14:33:00,170,-170.0
2015-08-24 15:52:00,77,-77.0
2015-08-24 16:03:00,175,-175.0
2015-08-24 16:13:00,190,-190.0
2015-08-24 16:22:00,187,-187.0
2015-08-24 16:43:00,141,-141.0
2015-08-24 17:03:00,157,-157.0
2015-08-24 17:13:00,173,-173.0
2015-08-24 17:23:00,177,-177.0
2015-08-24 17:43:00,140,-140.0
2015-08-24 18:33:00,140,-140.0
2015-08-24 18:41:00,141,-141.0
2015-08-24 18:53:00,146,-146.0
2015-08-24 19:03:00,155,-155.0
2015-08-24 19:12:00,142,-142.0
2015-08-25 08:12:00,155,-155.0
2015-08-25 08:22:00,211,-211.0
2015-08-25 08:30:00,232,-232.0
2015-08-25 08:41:00,285,-285.0
2015-08-25 08:50:00,324,-324.0
2015-08-25 09:01:00,314,-314.0
2015-08-25 09:12:00,236,-236.0
2015-08-25 09:20:00,170,-170.0
2015-08-25 09:32:00,161,-161.0
2015-08-25 10:01:00,180,-180.0
2015-08-25 10:21:00,222,-222.0
2015-08-25 10:32:00,228,-228.0
2015-08-25 10:42:00,240,-240.0
2015-08-25 10:52:00,219,-219.0
2015-08-25 11:02:00,226,-226.0
2015-08-25 11:12:00,221,-221.0
2015-08-25 11:32:00,204,-204.0
2015-08-25 11:41:00,233,-233.0
2015-08-25 12:02:00,263,-263.0
2015-08-25 13:41:00,129,-129.0
2015-08-25 13:52:00,114,-114.0
2015-08-25 14:01:00,94,-94.0
2015-08-25 14:12:00,109,-109.0
2015-08-25 15:32:00,157,-157.0
2015-08-25 15:41:00,171,-171.0
2015-08-25 17:42:00,304,-304.0
2015-08-25 17:50:00,379,-379.0
2015-08-25 18:02:00,502,-502.0
2015-08-25 18:11:00,608,-608.0
2015-08-25 18:33:00,607,-607.0
2015-08-25 18:40:00,695,-695.0
2015-08-25 18:52:00,437,-437.0
2015-08-25 19:02:00,260,-260.0
2015-08-26 04:59:00,115,-115.0
2015-08-26 05:09:00,108,-108.0
2015-08-26 05:29:00,113,-113.0
2015-08-26 06:09:00,111,-111.0
2015-08-26 07:19:00,142,-142.0
2015-08-26 08:09:00,207,-207.0
2015-08-26 08:19:00,230,-230.0
2015-08-26 08:30:00,305,-305.0
2015-08-26 08:58:00,361,-361.0
2015-08-26 09:40:00,205,-205.0
2015-08-26 10:19:00,288,-288.0
2015-08-26 10:30:00,351,-351.0
2015-08-26 10:39:00,387,-387.0
2015-08-26 10:49:00,293,-293.0
2015-08-26 11:00:00,326,-325.9826126098633
2015-08-26 11:08:00,405,-404.9465789794922
2015-08-26 11:29:00,579,-578.8872451782227
2015-08-26 11:39:00,486,-485.8269805908203
2015-08-26 11:49:00,547,-546.7860717773438
2015-08-26 12:00:00,710,-709.7447357177734
2015-08-26 12:10:00,604,-603.7015838623047
2015-08-26 12:30:00,480,-479.64786529541016
2015-08-26 12:50:00,620,-619.5807342529297
2015-08-26 13:00:00,494,-493.5329818725586
2015-08-26 13:20:00,570,-569.4743576049805
2015-08-26 13:37:00,420,-419.44007873535156
2015-08-26 14:00:00,333,-332.4103546142578
2015-08-26 14:09:00,272,-271.38897705078125
2015-08-26 15:35:00,167,-166.3708038330078
2015-08-27 00:10:00,124,-123.35740661621094
2015-08-27 04:36:00,102,-101.34839630126953
2015-08-27 04:46:00,114,-113.33940124511719
2015-08-27 05:26:00,665,-664.312614440918
2015-08-27 05:36:00,1777,-1776.2236099243164
2015-08-27 05:46:00,1774,-1773.0626220703125
2015-08-27 06:36:00,122,-121.01332092285156
2015-08-27 06:45:00,124,-122.99945831298828
2015-08-27 08:06:00,171,-169.98975372314453
2015-08-27 08:16:00,174,-172.9791030883789
2015-08-27 08:25:00,207,-205.96887969970703
2015-08-27 08:36:00,238,-236.9499053955078
2015-08-27 08:44:00,265,-263.93395233154297
2015-08-27 08:56:00,322,-320.9194641113281
2015-08-27 09:06:00,270,-268.90303802490234
2015-08-27 09:16:00,213,-211.88739776611328
2015-08-27 09:25:00,205,-203.8718032836914
2015-08-27 09:35:00,173,-171.85897827148438
2015-08-27 09:56:00,195,-193.84557342529297
2015-08-27 10:06:00,221,-219.82896423339844
2015-08-27 10:14:00,272,-270.8108673095703
2015-08-27 10:26:00,336,-334.7881622314453
2015-08-27 10:36:00,394,-392.7596664428711
2015-08-27 10:56:00,472,-470.7203903198242
2015-08-27 11:06:00,519,-517.695930480957
2015-08-27 11:16:00,565,-563.6454086303711
2015-08-27 11:26:00,523,-521.6121673583984
2015-08-27 11:35:00,636,-634.5766372680664
2015-08-27 11:46:00,345,-343.5456771850586
2015-08-27 11:56:00,326,-324.5215530395508
2015-08-27 12:07:00,281,-279.49359130859375
2015-08-27 12:27:00,199,-197.4788360595703
2015-08-27 12:37:00,238,-236.46229553222656
2015-08-27 12:47:00,383,-381.4408721923828
2015-08-27 12:57:00,413,-411.4108581542969
2015-08-27 13:07:00,389,-387.38453674316406
2015-08-27 13:17:00,364,-362.3615417480469
2015-08-27 13:27:00,394,-392.3377456665039
2015-08-27 13:36:00,376,-374.3134078979492
2015-08-27 13:46:00,368,-366.2831573486328
2015-08-27 16:17:00,193,-191.2661590576172
2015-08-27 16:26:00,187,-185.25272369384766
2015-08-27 17:27:00,177,-175.23748016357422
2015-08-27 17:37:00,134,-132.2224884033203
2015-08-27 17:46:00,110,-108.21277618408203
2015-08-27 17:57:00,114,-112.20335388183594
2015-08-27 18:17:00,90,-88.19621276855469
2015-08-27 18:27:00,99,-97.1884994506836
2015-08-27 18:35:00,187,-185.17344665527344
2015-08-27 19:15:00,131,-129.16000366210938
2015-08-28 04:47:00,117,-115.15418243408203
2015-08-28 05:08:00,400,-398.1317596435547
2015-08-28 05:18:00,114,-112.11611938476562
2015-08-28 07:18:00,152,-150.1043472290039
2015-08-28 07:37:00,160,-158.0906753540039
2015-08-28 07:47:00,574,-572.0512008666992
2015-08-28 08:19:00,218,-216.02301025390625
2015-08-28 08:26:00,250,-248.00064849853516
2015-08-28 08:38:00,280,-277.9707717895508
2015-08-28 08:47:00,257,-254.9498291015625
2015-08-28 08:58:00,246,-243.9222412109375
2015-08-28 09:08:00,225,-222.89688110351562
2015-08-28 09:28:00,167,-164.87582397460938
2015-08-28 09:48:00,195,-192.85899353027344
2015-08-28 09:57:00,247,-244.84194946289062
2015-08-28 10:08:00,279,-276.8173065185547
2015-08-28 10:18:00,334,-331.7952651977539
2015-08-28 10:38:00,368,-365.77079010009766
2015-08-28 10:48:00,334,-331.7428970336914
2015-08-28 10:58:00,359,-356.7126922607422
2015-08-28 11:07:00,500,-497.6708068847656
2015-08-28 11:27:00,587,-584.6303939819336
2015-08-28 11:34:00,612,-609.5883941650391
2015-08-28 12:22:00,536,-533.5383224487305
2015-08-28 12:36:00,728,-725.48486328125
2015-08-28 12:58:00,844,-841.4250717163086
2015-08-28 13:07:00,566,-563.3725814819336
2015-08-28 13:18:00,675,-672.3079071044922
2015-08-28 13:28:00,616,-613.2582015991211
2015-08-28 13:38:00,781,-778.1904373168945
2015-08-28 13:56:00,702,-699.1296005249023
2015-08-28 14:08:00,476,-473.0825958251953
2015-08-28 14:18:00,297,-294.0469284057617
2015-08-28 14:28:00,258,-255.02012634277344
2015-08-28 14:48:00,223,-220.0004119873047
2015-08-28 14:58:00,197,-193.98678588867188
2015-08-28 15:38:00,234,-230.97171020507812
2015-08-28 15:47:00,248,-244.9516143798828
2015-08-28 15:58:00,260,-256.9298782348633
2015-08-28 16:07:00,231,-227.9121551513672
2015-08-28 16:27:00,215,-211.8980255126953
2015-08-28 17:08:00,206,-202.88631439208984
2015-08-28 17:38:00,177,-173.87379455566406
2015-08-28 19:48:00,276,-272.8555908203125
2015-08-28 19:58:00,277,-273.82830810546875
2015-08-28 23:08:00,183,-179.81238555908203
2015-08-28 23:48:00,299,-295.7885513305664
2015-08-28 23:58:00,328,-324.75811767578125
2015-08-29 10:53:00,157,-153.74070739746094
2015-08-29 12:14:00,182,-178.72820281982422
2015-08-29 12:25:00,167,-163.71910858154297
2015-08-29 13:21:00,212,-208.70162200927734
2015-08-29 13:55:00,172,-168.68260955810547
2015-08-29 15:35:00,157,-153.66466522216797
2015-08-29 18:45:00,133,-129.65279388427734
2015-08-29 18:55:00,189,-185.63568115234375
2015-08-29 19:04:00,185,-181.6217041015625
2015-08-29 19:14:00,182,-178.60885620117188
2015-08-29 19:34:00,172,-168.5902099609375
2015-08-29 19:55:00,364,-360.55409240722656
2015-08-29 20:04:00,378,-374.5008850097656
2015-08-29 20:15:00,468,-464.4436950683594
2015-08-29 20:23:00,761,-757.3900527954102
2015-08-29 20:34:00,556,-552.3305587768555
2015-08-29 20:44:00,606,-602.27587890625
2015-08-29 20:55:00,545,-541.2310333251953
2015-08-29 21:03:00,286,-282.1935348510742
2015-08-29 21:15:00,243,-239.16541290283203
2015-08-30 04:55:00,109,-105.14864349365234
2015-08-30 06:07:00,121,-117.13664245605469
2015-08-30 09:37:00,166,-162.12791442871094
2015-08-30 09:45:00,167,-163.1155776977539
2015-08-30 10:27:00,136,-132.1007080078125
2015-08-30 10:47:00,112,-108.09103393554688
2015-08-30 10:56:00,119,-115.08309936523438
2015-08-30 11:27:00,148,-144.07203674316406
2015-08-30 12:25:00,182,-178.05604553222656
2015-08-30 14:27:00,112,-108.04200744628906
2015-08-30 14:46:00,331,-327.02271270751953
2015-08-30 14:57:00,358,-353.9915542602539
2015-08-30 15:07:00,377,-372.94652557373047
2015-08-30 15:16:00,261,-256.91615295410156
2015-08-30 15:25:00,319,-314.89127349853516
2015-08-30 15:37:00,349,-344.85115814208984
2015-08-30 15:46:00,322,-317.8205795288086
2015-08-30 15:57:00,252,-247.79295349121094
2015-08-30 16:07:00,215,-210.76476287841797
2015-08-30 16:17:00,255,-250.74369049072266
2015-08-30 16:27:00,284,-279.71337890625
2015-08-30 16:47:00,331,-326.6850814819336
2015-08-30 17:05:00,569,-564.6283264160156
2015-08-30 17:17:00,511,-506.58744049072266
2015-08-30 17:26:00,431,-426.54549407958984
2015-08-30 17:37:00,536,-531.4950332641602
2015-08-30 17:47:00,520,-515.4473495483398
2015-08-30 17:57:00,744,-739.3842086791992
2015-08-30 18:06:00,485,-480.3220901489258
2015-08-30 18:15:00,402,-397.2790069580078
2015-08-30 18:26:00,351,-346.2334976196289
2015-08-30 18:37:00,290,-285.1921615600586
2015-08-30 18:47:00,237,-232.16841888427734
2015-08-30 18:57:00,199,-194.14999389648438
2015-08-30 19:16:00,211,-206.12835693359375
2015-08-30 19:27:00,185,-180.11422729492188
2015-08-30 19:37:00,150,-145.10325622558594
2015-08-30 20:17:00,162,-157.09214782714844
2015-08-30 20:27:00,163,-158.0733642578125
2015-08-30 21:07:00,167,-162.0573501586914
2015-08-30 22:17:00,171,-166.0365219116211
2015-08-31 04:47:00,119,-114.0206298828125
2015-08-31 05:26:00,114,-109.01075744628906
2015-08-31 05:57:00,118,-112.99820709228516
2015-08-31 07:50:00,176,-170.98331451416016
2015-08-31 08:03:00,172,-166.96514892578125
2015-08-31 08:11:00,168,-162.9498062133789
2015-08-31 08:22:00,228,-222.92772674560547
2015-08-31 08:32:00,280,-274.9006881713867
2015-08-31 08:53:00,253,-247.88108825683594
2015-08-31 09:03:00,189,-183.8560028076172
2015-08-31 09:13:00,195,-189.8294906616211
2015-08-31 10:43:00,278,-272.7911071777344
2015-08-31 11:03:00,329,-323.75245666503906
2015-08-31 11:13:00,292,-286.7151412963867
2015-08-31 11:22:00,309,-303.6794738769531
2015-08-31 11:29:00,299,-293.65476989746094
2015-08-31 11:43:00,268,-262.6317138671875
2015-08-31 11:53:00,263,-257.6104507446289
2015-08-31 12:03:00,259,-253.58846282958984
2015-08-31 14:03:00,171,-165.5671615600586
2015-08-31 14:12:00,165,-159.54979705810547
2015-08-31 14:33:00,127,-121.53433227539062
2015-08-31 16:23:00,153,-147.5174560546875
2015-08-31 17:43:00,178,-172.49868774414062
2015-08-31 18:23:00,128,-122.4842758178711
2015-08-31 19:11:00,177,-171.46709442138672
2015-09-01 05:11:00,308,-302.4469299316406
2015-09-01 05:23:00,686,-680.4018707275391
2015-09-01 05:32:00,748,-742.3237991333008
2015-09-01 08:05:00,164,-158.2793426513672
2015-09-01 08:15:00,154,-148.2579116821289
2015-09-01 08:25:00,165,-159.24359130859375
2015-09-01 08:35:00,225,-219.22179412841797
2015-09-01 08:44:00,243,-237.20891571044922
2015-09-01 08:55:00,257,-251.18181610107422
2015-09-01 09:15:00,194,-188.15638732910156
2015-09-01 09:24:00,158,-152.14093780517578
2015-09-01 10:35:00,124,-118.13085174560547
2015-09-01 10:45:00,134,-128.12076568603516
2015-09-01 10:55:00,118,-112.11377716064453
2015-09-01 11:04:00,465,-459.0755844116211
2015-09-01 11:14:00,114,-108.04399871826172
2015-09-01 11:45:00,174,-168.02383422851562
2015-09-01 13:44:00,141,-135.01007843017578
2015-09-01 13:54:00,114,-107.99699401855469
2015-09-01 14:11:00,91,-84.98768615722656
2015-09-01 14:25:00,116,-109.97743225097656
2015-09-01 14:35:00,140,-133.96286010742188
2015-09-01 14:45:00,126,-119.94969940185547
2015-09-01 22:01:00,147,-140.93439483642578
2015-09-01 22:11:00,132,-125.92138671875
2015-09-01 23:21:00,176,-169.9084014892578
2015-09-01 23:41:00,318,-311.88206481933594
2015-09-01 23:59:00,460,-453.8418502807617
2015-09-02 07:21:00,170,-163.81808471679688
2015-09-02 07:41:00,170,-163.80565643310547
2015-09-02 09:00:00,210,-203.7787322998047
2015-09-02 09:11:00,175,-168.75069427490234
2015-09-02 09:21:00,217,-210.71843719482422
2015-09-02 09:41:00,156,-149.6971435546875
2015-09-02 13:41:00,142,-135.67877197265625
2015-09-02 14:11:00,66,-59.67205810546875
2015-09-02 14:20:00,47,-40.66944122314453
2015-09-02 17:10:00,151,-144.6602020263672
2015-09-02 19:40:00,171,-164.6475601196289
2015-09-02 19:49:00,174,-167.62397003173828
2015-09-02 22:16:00,186,-179.60499572753906
2015-09-02 22:36:00,605,-598.5598602294922
2015-09-02 22:44:00,770,-763.4696273803711
2015-09-02 22:56:00,991,-984.36767578125
2015-09-02 23:06:00,1190,-1183.2461547851562
2015-09-02 23:14:00,1150,-1143.1346969604492
2015-09-02 23:26:00,1033,-1026.0375671386719
2015-09-02 23:36:00,771,-763.9627914428711
2015-09-02 23:46:00,723,-715.9035263061523
2015-09-02 23:54:00,768,-760.853401184082
2015-09-03 00:06:00,639,-631.7901992797852
2015-09-03 00:16:00,683,-675.7348022460938
2015-09-03 00:26:00,682,-674.6930923461914
2015-09-03 00:36:00,940,-932.6155624389648
2015-09-03 00:46:00,908,-900.5426559448242
2015-09-03 00:55:00,835,-827.4761657714844
2015-09-03 01:06:00,653,-645.4363403320312
2015-09-03 01:26:00,674,-666.3947143554688
2015-09-03 01:36:00,954,-946.3116302490234
2015-09-03 01:46:00,1028,-1020.2436218261719
2015-09-03 01:56:00,411,-403.1908950805664
2015-09-03 02:05:00,204,-196.15892028808594
2015-09-03 04:35:00,105,-97.1468505859375
2015-09-03 04:46:00,116,-108.14081573486328
2015-09-03 04:54:00,111,-103.13557434082031
2015-09-03 05:05:00,110,-102.13085174560547
2015-09-03 05:15:00,111,-103.12454986572266
2015-09-03 05:25:00,110,-102.11824035644531
2015-09-03 05:50:00,126,-118.11141204833984
2015-09-03 06:06:00,118,-110.10736846923828
2015-09-03 06:16:00,121,-113.10186767578125
2015-09-03 06:46:00,127,-119.09571838378906
2015-09-03 07:45:00,153,-145.08525848388672
2015-09-03 08:16:00,176,-168.07186889648438
2015-09-03 08:26:00,228,-220.0579833984375
2015-09-03 08:35:00,296,-288.03882598876953
2015-09-03 08:46:00,429,-421.0085754394531
2015-09-03 08:56:00,404,-395.98494720458984
2015-09-03 09:06:00,358,-349.96007537841797
2015-09-03 09:15:00,351,-342.9375228881836
2015-09-03 09:26:00,274,-265.91796875
2015-09-03 09:46:00,247,-238.90142822265625
2015-09-03 09:55:00,249,-240.88842010498047
2015-09-03 10:06:00,298,-289.8662414550781
2015-09-03 10:16:00,314,-305.84339904785156
2015-09-03 10:26:00,352,-343.8187942504883
2015-09-03 10:36:00,321,-312.79344177246094
2015-09-03 10:55:00,211,-202.7717056274414
2015-09-03 11:36:00,194,-185.7560806274414
2015-09-03 11:46:00,158,-149.74493408203125
2015-09-03 11:55:00,190,-181.73123931884766
2015-09-03 12:05:00,251,-242.71724700927734
2015-09-03 12:16:00,197,-188.70015716552734
2015-09-03 12:26:00,149,-140.69283294677734
2015-09-03 12:36:00,161,-152.68592834472656
2015-09-03 12:45:00,108,-99.67803955078125
2015-09-03 13:36:00,147,-138.66812133789062
2015-09-03 16:24:00,182,-173.65535736083984
2015-09-03 16:46:00,162,-153.64163970947266
2015-09-03 17:14:00,215,-206.62554931640625
2015-09-03 17:24:00,218,-209.61814880371094
2015-09-03 17:36:00,168,-159.60739135742188
2015-09-03 17:44:00,185,-176.59327697753906
2015-09-03 17:56:00,126,-117.58299255371094
2015-09-03 18:06:00,42,-33.579681396484375
2015-09-03 18:15:00,41,-32.578285217285156
2015-09-03 18:24:00,110,-101.57247924804688
2015-09-03 18:35:00,152,-143.56226348876953
2015-09-03 18:45:00,164,-155.54771423339844
2015-09-03 19:06:00,141,-132.53623962402344
2015-09-03 19:36:00,162,-153.52970123291016
2015-09-03 21:52:00,153,-144.51773834228516
2015-09-03 22:12:00,306,-297.5036163330078
2015-09-03 22:32:00,512,-503.4739761352539
2015-09-03 22:42:00,464,-455.4379425048828
2015-09-03 22:52:00,665,-656.3721618652344
2015-09-03 23:02:00,203,-194.33473205566406
2015-09-04 05:53:00,2222,-2213.227867126465
2015-09-04 07:43:00,151,-142.18121337890625
2015-09-04 07:52:00,151,-142.1669692993164
2015-09-04 08:01:00,162,-153.15768432617188
2015-09-04 08:23:00,190,-181.14936065673828
2015-09-04 08:31:00,201,-192.13739013671875
2015-09-04 08:43:00,236,-227.12139129638672
2015-09-04 08:53:00,243,-234.09877014160156
2015-09-04 09:03:00,218,-209.07732391357422
2015-09-04 09:23:00,162,-153.05889892578125
2015-09-04 09:43:00,173,-164.04612731933594
2015-09-04 09:53:00,206,-197.03521728515625
2015-09-04 10:03:00,224,-215.02687072753906
2015-09-04 10:13:00,223,-214.0097885131836
2015-09-04 10:23:00,230,-220.99339294433594
2015-09-04 10:43:00,269,-259.97669982910156
2015-09-04 10:53:00,255,-245.96015167236328
2015-09-04 11:02:00,292,-282.9309387207031
2015-09-04 11:13:00,245,-235.9059829711914
2015-09-04 11:23:00,212,-202.88619995117188
2015-09-04 11:53:00,252,-242.86822509765625
2015-09-04 12:03:00,296,-286.8483581542969
2015-09-04 12:41:00,165,-155.83013916015625
2015-09-04 13:39:00,335,-325.8112030029297
2015-09-04 13:52:00,495,-485.7725143432617
2015-09-04 14:02:00,626,-616.7219696044922
2015-09-04 14:12:00,828,-818.6496200561523
2015-09-04 14:22:00,627,-617.5793380737305
2015-09-04 14:33:00,374,-364.53033447265625
2015-09-04 14:53:00,298,-288.5045166015625
2015-09-04 15:02:00,208,-198.48040771484375
2015-09-04 15:23:00,200,-190.4650650024414
2015-09-04 15:33:00,265,-255.4387664794922
2015-09-04 15:43:00,276,-266.4088439941406
2015-09-04 15:52:00,308,-298.3900909423828
2015-09-04 16:03:00,255,-245.37454986572266
2015-09-04 16:12:00,284,-274.3544006347656
2015-09-04 16:23:00,289,-279.3244094848633
2015-09-04 16:33:00,308,-298.2963562011719
2015-09-04 16:42:00,347,-337.2756576538086
2015-09-04 16:53:00,346,-336.25257873535156
2015-09-04 16:58:00,360,-350.22010040283203
2015-09-04 17:13:00,350,-340.19322204589844
2015-09-04 17:30:00,255,-245.1669692993164
2015-09-04 18:02:00,187,-177.14859771728516
2015-09-04 18:12:00,166,-156.13278198242188
2015-09-04 19:02:00,155,-145.11632537841797
2015-09-05 08:39:00,163,-153.10692596435547
2015-09-05 09:39:00,195,-185.09453582763672
2015-09-05 09:59:00,517,-507.0536422729492
2015-09-05 10:09:00,628,-618.0127716064453
2015-09-05 10:28:00,391,-380.96517181396484
2015-09-05 10:37:00,175,-164.93488311767578
2015-09-05 10:49:00,172,-161.91778564453125
2015-09-05 10:59:00,151,-140.9015121459961
2015-09-05 13:27:00,198,-187.8892059326172
2015-09-05 14:47:00,155,-144.87765502929688
2015-09-05 19:07:00,145,-134.86500549316406
2015-09-05 19:56:00,161,-150.8543243408203
2015-09-05 20:17:00,189,-178.84225463867188
2015-09-05 20:27:00,182,-171.8264389038086
2015-09-05 22:37:00,120,-109.81761169433594
2015-09-06 04:47:00,107,-96.81228637695312
2015-09-06 05:27:00,1572,-1561.7348022460938
2015-09-06 05:37:00,1472,-1461.641128540039
2015-09-06 05:47:00,1900,-1889.502326965332
2015-09-06 06:07:00,118,-107.45579528808594
2015-09-06 06:47:00,116,-105.4459228515625
2015-09-06 06:57:00,115,-104.44029998779297
2015-09-06 07:37:00,116,-105.43350219726562
2015-09-06 09:37:00,160,-149.42545318603516
2015-09-06 10:47:00,115,-104.4184799194336
2015-09-06 10:57:00,112,-101.41165924072266
2015-09-06 15:01:00,131,-120.4076156616211
2015-09-06 15:51:00,137,-126.39917755126953
2015-09-06 16:11:00,193,-182.38257598876953
2015-09-06 19:01:00,135,-124.36853790283203
2015-09-06 19:11:00,142,-131.35858154296875
2015-09-06 19:21:00,167,-156.3453826904297
2015-09-06 19:31:00,143,-132.33521270751953
2015-09-06 19:39:00,149,-138.32694244384766
2015-09-06 20:21:00,86,-75.32160949707031
2015-09-06 20:30:00,339,-328.30653381347656
2015-09-06 20:40:00,415,-404.2704849243164
2015-09-06 20:51:00,1634,-1623.1736679077148
2015-09-06 21:01:00,1067,-1056.0912246704102
2015-09-06 21:20:00,521,-510.0435333251953
2015-09-06 21:31:00,612,-601.0124053955078
2015-09-06 21:41:00,101,-90.00200653076172
2015-09-06 22:01:00,95,-83.99653625488281
2015-09-06 22:11:00,433,-421.97251892089844
2015-09-07 05:21:00,749,-737.9324951171875
2015-09-07 05:31:00,1248,-1236.8538055419922
2015-09-07 05:41:00,1330,-1318.7861328125
2015-09-07 06:00:00,116,-104.76290893554688
2015-09-07 06:51:00,113,-101.75578308105469
2015-09-07 07:01:00,118,-106.74988555908203
2015-09-07 07:21:00,137,-125.74307250976562
2015-09-07 07:31:00,131,-119.73556518554688
2015-09-07 08:21:00,154,-142.72824096679688
2015-09-07 08:41:00,165,-153.71728515625
2015-09-07 08:51:00,173,-161.7086181640625
2015-09-07 09:01:00,147,-135.7008514404297
2015-09-07 09:11:00,149,-137.69141387939453
2015-09-07 11:00:00,113,-101.68388366699219
2015-09-07 11:21:00,151,-139.67579650878906
2015-09-07 11:39:00,151,-139.66741180419922
2015-09-07 13:42:00,143,-131.6580581665039
2015-09-07 14:03:00,164,-152.6513214111328
2015-09-07 14:13:00,160,-148.63949584960938
2015-09-07 15:54:00,71,-59.634674072265625
2015-09-07 16:24:00,159,-147.62975311279297
2015-09-07 17:24:00,136,-124.62322235107422
2015-09-07 19:03:00,150,-138.61651611328125
2015-09-07 19:13:00,141,-129.61005401611328
2015-09-07 20:03:00,162,-150.60320281982422
2015-09-07 20:13:00,158,-146.5964584350586
2015-09-07 20:33:00,157,-145.5892562866211
2015-09-07 21:33:00,156,-144.57694244384766
2015-09-07 22:12:00,152,-140.5660171508789
2015-09-08 04:23:00,120,-108.56046295166016
2015-09-08 05:13:00,115,-103.55545043945312
2015-09-08 05:23:00,1102,-1090.4825592041016
2015-09-08 05:32:00,1238,-1226.3540267944336
2015-09-08 05:41:00,1496,-1484.2610626220703
2015-09-08 07:53:00,172,-160.21495819091797
2015-09-08 08:20:00,196,-184.2008514404297
2015-09-08 08:32:00,293,-281.18907928466797
2015-09-08 08:42:00,344,-332.1752166748047
2015-09-08 08:53:00,344,-332.15526580810547
2015-09-08 09:03:00,304,-292.13985443115234
2015-09-08 09:12:00,254,-242.12702178955078
2015-09-08 09:23:00,180,-168.11529541015625
2015-09-08 09:43:00,120,-108.10801696777344
2015-09-08 10:03:00,163,-151.09908294677734
2015-09-08 10:13:00,224,-212.08576202392578
2015-09-08 10:32:00,233,-221.0686798095703
2015-09-08 10:36:00,256,-244.05684661865234
2015-09-08 10:47:00,195,-183.04371643066406
2015-09-08 10:57:00,178,-166.03246307373047
2015-09-08 11:07:00,153,-141.02430725097656
2015-09-08 11:45:00,169,-157.01429748535156
2015-09-08 12:25:00,164,-152.0046844482422
2015-09-08 13:47:00,125,-112.99491882324219
2015-09-08 14:07:00,87,-74.9896469116211
2015-09-08 14:17:00,126,-113.98222351074219
2015-09-08 14:26:00,118,-105.97480773925781
2015-09-08 14:47:00,126,-113.96923065185547
2015-09-08 14:57:00,119,-106.95984649658203
2015-09-08 15:45:00,173,-160.94996643066406
2015-09-08 16:27:00,72,-59.94477844238281
2015-09-08 16:37:00,819,-806.9147186279297
2015-09-08 16:46:00,872,-859.8616027832031
2015-09-08 17:06:00,42,-29.84027862548828
2015-09-08 17:15:00,22,-9.83880615234375
2015-09-08 17:27:00,164,-151.83457946777344
2015-09-08 17:47:00,147,-134.8257598876953
2015-09-08 19:57:00,165,-152.81298065185547
2015-09-08 20:05:00,152,-139.80196380615234
2015-09-08 20:47:00,153,-140.79418182373047
2015-09-09 05:04:00,532,-519.7671966552734
2015-09-09 05:37:00,123,-110.75101470947266
2015-09-09 07:27:00,174,-161.73914337158203
2015-09-09 07:47:00,202,-189.7265853881836
2015-09-09 07:57:00,325,-312.7032699584961
2015-09-09 08:07:00,386,-373.6717224121094
2015-09-09 08:17:00,362,-349.64493560791016
2015-09-09 08:27:00,312,-299.6175994873047
2015-09-09 08:37:00,215,-202.5995330810547
2015-09-09 08:46:00,166,-153.58216857910156
2015-09-09 09:17:00,149,-136.57080841064453
2015-09-09 09:57:00,196,-183.55606079101562
2015-09-09 10:17:00,275,-262.54126739501953
2015-09-09 10:19:00,272,-259.5243225097656
2015-09-09 10:27:00,303,-290.5077438354492
2015-09-09 10:49:00,185,-172.4896240234375
2015-09-09 10:58:00,128,-115.47776794433594
2015-09-09 13:30:00,148,-135.46744537353516
2015-09-09 14:50:00,150,-137.4569320678711
2015-09-09 15:10:00,183,-170.4421844482422
2015-09-09 15:40:00,213,-200.42787170410156
2015-09-09 15:48:00,189,-176.41150665283203
2015-09-09 16:10:00,185,-172.39456939697266
2015-09-09 16:19:00,164,-151.378173828125
2015-09-09 16:30:00,214,-201.35865020751953
2015-09-09 16:39:00,215,-202.33496856689453
2015-09-09 16:48:00,193,-180.31590270996094
2015-09-09 17:00:00,225,-212.29999542236328
2015-09-09 17:10:00,285,-272.26446533203125
2015-09-09 17:20:00,289,-276.2311553955078
2015-09-09 17:30:00,300,-287.19730377197266
2015-09-09 17:48:00,366,-353.1488342285156
2015-09-09 18:00:00,398,-385.11829376220703
2015-09-09 18:10:00,428,-415.0913543701172
2015-09-09 18:20:00,458,-445.0548858642578
2015-09-09 18:28:00,467,-454.0053253173828
2015-09-09 18:39:00,535,-521.9539413452148
2015-09-09 18:50:00,506,-492.9036560058594
2015-09-09 19:00:00,531,-517.8596343994141
2015-09-09 19:10:00,497,-483.80406951904297
2015-09-09 19:20:00,533,-519.7500534057617
2015-09-09 19:30:00,448,-434.7014923095703
2015-09-09 19:40:00,375,-361.6509017944336
2015-09-09 19:49:00,329,-315.61753845214844
2015-09-09 21:10:00,140,-126.60248565673828
2015-09-09 22:20:00,133,-119.59351348876953
2015-09-09 22:30:00,158,-144.58155059814453
2015-09-09 22:40:00,143,-129.56849670410156
2015-09-09 23:00:00,138,-124.55980682373047
2015-09-09 23:40:00,134,-120.54934692382812
2015-09-10 00:10:00,130,-116.53964233398438
2015-09-10 00:20:00,125,-111.53080749511719
2015-09-10 00:30:00,121,-107.52344512939453
2015-09-10 04:20:00,135,-121.51445770263672
2015-09-10 04:40:00,117,-103.50468444824219
2015-09-10 04:50:00,132,-118.49217987060547
2015-09-10 05:00:00,128,-114.48169708251953
2015-09-10 05:10:00,115,-101.47013092041016
2015-09-10 05:20:00,134,-120.45816802978516
2015-09-10 05:26:00,127,-113.44600677490234
2015-09-10 05:50:00,136,-122.4364242553711
2015-09-10 06:00:00,137,-123.42606353759766
2015-09-10 06:40:00,135,-121.41188049316406
2015-09-10 06:50:00,146,-132.39903259277344
2015-09-10 07:10:00,142,-128.3879852294922
2015-09-10 07:30:00,227,-213.36746978759766
2015-09-10 07:40:00,242,-228.3444061279297
2015-09-10 08:10:00,287,-273.3072204589844
2015-09-10 08:20:00,326,-312.27037048339844
2015-09-10 08:30:00,328,-314.2351989746094
2015-09-10 08:39:00,354,-340.1980895996094
2015-09-10 08:50:00,431,-417.1535186767578
2015-09-10 09:00:00,409,-395.11502838134766
2015-09-10 09:10:00,555,-541.066780090332
2015-09-10 09:20:00,451,-437.0122375488281
2015-09-10 09:29:00,502,-487.96693420410156
2015-09-10 09:39:00,325,-310.93634033203125
2015-09-10 09:50:00,348,-333.89473724365234
2015-09-10 10:00:00,204,-189.86740112304688
2015-09-10 10:20:00,214,-199.8475570678711
2015-09-10 10:30:00,170,-155.8296661376953
2015-09-10 10:40:00,177,-162.81420135498047
2015-09-10 10:53:00,171,-156.7957305908203
2015-09-10 11:03:00,177,-162.77289581298828
2015-09-10 11:54:00,101,-86.76136016845703
2015-09-10 12:04:00,90,-75.75554656982422
2015-09-10 12:14:00,93,-78.74755859375
2015-09-10 12:21:00,72,-57.743690490722656
2015-09-10 12:34:00,86,-71.73942565917969
2015-09-10 12:44:00,89,-74.73143005371094
2015-09-10 12:54:00,144,-129.7222671508789
2015-09-10 13:03:00,180,-165.71149444580078
2015-09-10 13:13:00,153,-138.69710540771484
2015-09-10 13:34:00,159,-144.68017578125
2015-09-10 13:40:00,149,-134.66626739501953
2015-09-10 13:53:00,156,-141.6525650024414
2015-09-10 14:40:00,183,-168.63571166992188
2015-09-10 15:04:00,192,-177.61771392822266
2015-09-10 15:14:00,222,-207.59011840820312
2015-09-10 15:24:00,226,-211.56192779541016
2015-09-10 15:43:00,232,-217.53607940673828
2015-09-10 15:53:00,210,-195.50758361816406
2015-09-10 16:04:00,216,-201.48683166503906
2015-09-10 16:14:00,207,-192.45891571044922
2015-09-10 16:23:00,284,-269.42432022094727
2015-09-10 16:33:00,205,-190.3921890258789
2015-09-10 16:43:00,210,-195.36994552612305
2015-09-10 16:54:00,178,-163.35159301757812
2015-09-10 17:14:00,199,-184.32548904418945
2015-09-10 17:23:00,244,-229.3045883178711
2015-09-10 17:34:00,234,-219.27596282958984
2015-09-10 17:43:00,219,-204.25616836547852
2015-09-10 17:52:00,169,-154.24102783203125
2015-09-10 18:04:00,68,-53.23297119140625
2015-09-10 18:14:00,73,-58.228050231933594
2015-09-10 18:23:00,185,-170.21120834350586
2015-09-10 18:44:00,307,-292.1815719604492
2015-09-10 18:54:00,342,-327.1420593261719
2015-09-10 19:04:00,391,-376.0743064880371
2015-09-10 19:14:00,338,-323.0127410888672
2015-09-10 19:23:00,230,-214.9754180908203
2015-09-10 19:32:00,179,-163.9463653564453
2015-09-10 19:44:00,154,-138.9330062866211
2015-09-10 20:04:00,166,-150.91936492919922
2015-09-10 20:14:00,161,-145.90375518798828
2015-09-11 04:58:00,371,-355.8634796142578
2015-09-11 07:34:00,153,-137.83547973632812
2015-09-11 07:43:00,162,-146.81639862060547
2015-09-11 07:54:00,204,-188.7976837158203
2015-09-11 08:04:00,342,-326.7758445739746
2015-09-11 08:14:00,333,-317.74827575683594
2015-09-11 08:24:00,351,-335.7048645019531
2015-09-11 08:34:00,389,-373.6597366333008
2015-09-11 08:44:00,422,-406.62327575683594
2015-09-11 08:54:00,382,-366.5695343017578
2015-09-11 09:04:00,426,-410.52674865722656
2015-09-11 09:10:00,339,-323.47793197631836
2015-09-11 09:24:00,326,-310.44332122802734
2015-09-11 09:34:00,191,-175.4169578552246
2015-09-11 10:14:00,168,-152.39443969726562
2015-09-11 10:24:00,169,-153.37460327148438
2015-09-11 10:34:00,181,-165.35995483398438
2015-09-11 10:44:00,234,-218.3364486694336
2015-09-11 10:53:00,248,-232.31151580810547
2015-09-11 11:04:00,280,-264.2773857116699
2015-09-11 11:14:00,270,-254.23821640014648
2015-09-11 11:23:00,238,-222.20079803466797
2015-09-11 11:30:00,199,-183.17670822143555
2015-09-11 11:40:00,155,-139.15587615966797
2015-09-11 11:59:00,217,-201.13088989257812
2015-09-11 12:13:00,241,-225.1043472290039
2015-09-11 12:27:00,348,-332.0763626098633
2015-09-11 12:40:00,399,-383.0347137451172
2015-09-11 12:49:00,290,-273.99784088134766
2015-09-11 12:58:00,306,-289.9563865661621
2015-09-11 13:19:00,258,-241.9231300354004
2015-09-11 13:30:00,251,-234.89427185058594
2015-09-11 13:40:00,291,-274.8568801879883
2015-09-11 13:50:00,342,-325.80907440185547
2015-09-11 14:00:00,244,-227.76629638671875
2015-09-11 14:20:00,131,-114.74630355834961
2015-09-11 14:50:00,147,-130.73320770263672
2015-09-11 15:20:00,187,-170.70852279663086
2015-09-11 15:29:00,210,-193.69014739990234
2015-09-11 15:40:00,305,-288.6454658508301
2015-09-11 15:50:00,319,-302.6173858642578
2015-09-11 16:00:00,362,-345.5689697265625
2015-09-11 16:10:00,384,-367.5228805541992
2015-09-11 16:30:00,423,-406.4483947753906
2015-09-11 16:40:00,439,-422.36265563964844
2015-09-11 16:50:00,442,-425.30353927612305
2015-09-11 17:10:00,449,-432.2360610961914
2015-09-11 17:20:00,450,-433.18931579589844
2015-09-11 17:30:00,403,-386.1413040161133
2015-09-11 17:40:00,425,-408.08036041259766
2015-09-11 17:50:00,417,-400.0160713195801
2015-09-11 18:00:00,393,-375.9546432495117
2015-09-11 18:10:00,378,-360.89876556396484
2015-09-11 18:19:00,316,-298.84932708740234
2015-09-11 18:30:00,283,-265.80831146240234
2015-09-11 18:39:00,273,-255.77777099609375
2015-09-11 18:50:00,265,-247.7557601928711
2015-09-11 19:00:00,283,-265.7198028564453
2015-09-11 19:10:00,305,-287.6892433166504
2015-09-11 19:13:00,295,-277.6715087890625
2015-09-11 19:23:00,250,-232.64738082885742
2015-09-11 19:33:00,233,-215.6231460571289
2015-09-11 19:43:00,232,-214.60502243041992
2015-09-11 19:53:00,200,-182.58238983154297
2015-09-11 20:02:00,189,-171.56619262695312
2015-09-11 20:23:00,163,-145.55277633666992
2015-09-11 21:43:00,169,-151.52928161621094
2015-09-11 21:51:00,180,-162.51107788085938
2015-09-11 22:03:00,170,-152.4908447265625
2015-09-11 22:33:00,86,-68.48170471191406
2015-09-12 03:03:00,119,-101.47454452514648
2015-09-12 04:53:00,49,-31.470169067382812
2015-09-12 05:13:00,118,-100.45897674560547
2015-09-12 05:22:00,467,-449.4081726074219
2015-09-12 05:39:00,1960,-1942.243797302246
2015-09-12 06:43:00,123,-105.15025329589844
2015-09-12 08:32:00,143,-125.1341552734375
2015-09-12 08:43:00,171,-153.1202850341797
2015-09-12 08:53:00,196,-178.10675430297852
2015-09-12 09:03:00,229,-211.08983612060547
2015-09-12 09:13:00,253,-235.06952667236328
2015-09-12 09:23:00,269,-251.0416717529297
2015-09-12 09:32:00,233,-215.0213165283203
2015-09-12 09:42:00,281,-262.9956245422363
2015-09-12 09:53:00,268,-249.9809341430664
2015-09-12 10:03:00,234,-215.96792602539062
2015-09-12 10:13:00,199,-180.95147323608398
2015-09-12 10:22:00,166,-147.94049072265625
2015-09-12 10:33:00,188,-169.92858123779297
2015-09-12 10:43:00,206,-187.91526794433594
2015-09-12 10:53:00,223,-204.89886093139648
2015-09-12 11:03:00,267,-248.8821792602539
2015-09-12 11:13:00,252,-233.86465454101562
2015-09-12 11:14:00,254,-235.84026336669922
2015-09-12 13:08:00,165,-146.81868743896484
2015-09-12 13:47:00,137,-118.80939483642578
2015-09-12 13:58:00,138,-119.79754638671875
2015-09-12 15:07:00,138,-119.78878021240234
2015-09-12 15:58:00,135,-116.7786750793457
2015-09-12 17:48:00,231,-212.75836944580078
2015-09-12 17:57:00,264,-245.73929595947266
2015-09-12 18:08:00,280,-261.71692276000977
2015-09-12 18:18:00,338,-319.6861267089844
2015-09-12 18:28:00,303,-284.6658172607422
2015-09-12 18:38:00,212,-193.64853286743164
2015-09-12 18:48:00,174,-155.6319122314453
2015-09-12 19:08:00,182,-163.6173210144043
2015-09-12 19:18:00,154,-135.60816955566406
2015-09-12 19:28:00,167,-148.59391021728516
2015-09-12 19:38:00,161,-142.5784568786621
2015-09-12 19:47:00,193,-174.56473922729492
2015-09-12 19:58:00,181,-162.5501823425293
2015-09-12 20:07:00,158,-139.53334045410156
2015-09-12 20:18:00,211,-192.51197052001953
2015-09-12 20:28:00,230,-211.49329376220703
2015-09-12 20:38:00,178,-159.48472595214844
2015-09-12 20:58:00,158,-139.47367095947266
2015-09-12 21:28:00,152,-133.46003341674805
2015-09-12 21:57:00,143,-124.44745635986328
2015-09-12 22:38:00,115,-96.43685913085938
2015-09-12 23:37:00,141,-122.4219856262207
2015-09-13 00:58:00,157,-138.40723419189453
2015-09-13 04:57:00,118,-99.39668273925781
2015-09-13 05:08:00,119,-100.38812637329102
2015-09-13 05:47:00,112,-93.3795394897461
2015-09-13 06:48:00,116,-97.3721809387207
2015-09-13 06:57:00,115,-96.36601257324219
2015-09-13 07:05:00,116,-97.35387420654297
2015-09-13 07:18:00,125,-106.34426879882812
2015-09-13 07:28:00,118,-99.3325309753418
2015-09-13 08:08:00,119,-100.3212661743164
2015-09-13 08:18:00,120,-101.30987930297852
2015-09-13 08:58:00,132,-113.2948989868164
2015-09-13 09:28:00,128,-109.28460693359375
2015-09-13 10:18:00,131,-112.27352905273438
2015-09-13 10:27:00,132,-113.25866317749023
2015-09-13 10:57:00,110,-91.24700927734375
2015-09-13 11:28:00,139,-120.23564147949219
2015-09-13 11:38:00,131,-112.22845458984375
2015-09-13 11:48:00,130,-111.21393585205078
2015-09-13 11:58:00,133,-114.20220184326172
2015-09-13 12:08:00,136,-117.18595886230469
2015-09-13 12:16:00,141,-122.16548919677734
2015-09-13 12:47:00,135,-116.14910888671875
2015-09-13 13:06:00,132,-113.1335220336914
2015-09-13 13:48:00,119,-100.11521911621094
2015-09-13 14:29:00,135,-116.10057067871094
2015-09-13 14:49:00,139,-120.08365249633789
2015-09-13 14:59:00,148,-129.06681442260742
2015-09-13 15:19:00,139,-120.04927062988281
2015-09-13 15:40:00,134,-115.03605651855469
2015-09-13 15:50:00,152,-133.01654052734375
2015-09-13 15:59:00,151,-131.9995346069336
2015-09-13 16:10:00,175,-155.9803009033203
2015-09-13 16:19:00,164,-144.95563507080078
2015-09-13 16:29:00,183,-163.94131469726562
2015-09-13 16:39:00,173,-153.9198112487793
2015-09-13 16:49:00,192,-172.89988708496094
2015-09-13 17:00:00,212,-192.87299346923828
2015-09-13 17:07:00,178,-158.84283065795898
2015-09-13 17:30:00,146,-126.82104873657227
2015-09-13 17:40:00,142,-122.80653381347656
2015-09-13 18:10:00,149,-129.7841567993164
2015-09-13 18:30:00,146,-126.76749420166016
2015-09-13 18:40:00,154,-134.7497787475586
2015-09-13 18:59:00,145,-125.7283935546875
2015-09-13 19:20:00,160,-140.70809173583984
2015-09-13 19:28:00,157,-137.6852912902832
2015-09-13 19:39:00,173,-153.66006469726562
2015-09-13 20:08:00,127,-107.6422119140625
2015-09-13 20:19:00,66,-46.634376525878906
2015-09-13 20:29:00,69,-49.62869644165039
2015-09-13 20:39:00,41,-21.627002716064453
2015-09-13 20:49:00,42,-22.626941680908203
2015-09-13 20:59:00,41,-21.628097534179688
2015-09-13 21:08:00,38,-18.62920379638672
2015-09-13 21:28:00,38,-18.630367279052734
2015-09-13 21:39:00,74,-54.62699508666992
2015-09-13 21:49:00,62,-42.62470245361328
2015-09-13 21:59:00,60,-40.623138427734375
2015-09-13 22:09:00,62,-42.61907958984375
2015-09-13 22:29:00,129,-109.60476303100586
2015-09-14 00:40:00,124,-104.58151245117188
2015-09-14 01:40:00,121,-101.5637321472168
2015-09-14 02:29:00,134,-114.54612731933594
2015-09-14 03:09:00,126,-106.52511596679688
2015-09-14 03:19:00,125,-105.51097106933594
2015-09-14 03:39:00,119,-99.49428939819336
2015-09-14 03:49:00,124,-104.48136901855469
2015-09-14 03:59:00,126,-106.47093963623047
2015-09-14 04:09:00,122,-102.4560775756836
2015-09-14 04:19:00,122,-102.43726348876953
2015-09-14 04:29:00,128,-108.41776275634766
2015-09-14 04:39:00,123,-103.39854431152344
2015-09-14 04:49:00,117,-97.37834167480469
2015-09-14 05:09:00,114,-94.36334228515625
2015-09-14 05:29:00,118,-98.35297775268555
2015-09-14 07:19:00,162,-142.3253631591797
2015-09-14 07:30:00,161,-141.29225158691406
2015-09-14 07:49:00,139,-119.26611328125
2015-09-14 07:59:00,152,-132.24390029907227
2015-09-14 08:09:00,156,-136.22415924072266
2015-09-14 08:19:00,166,-146.19504165649414
2015-09-14 08:29:00,229,-209.16009521484375
2015-09-14 08:39:00,227,-207.1353530883789
2015-09-14 08:47:00,274,-254.05503845214844
2015-09-14 08:58:00,216,-195.9676055908203
2015-09-14 09:09:00,161,-140.89291381835938
2015-09-14 09:19:00,139,-118.83562088012695
2015-09-14 09:49:00,136,-115.79442596435547
2015-09-14 09:59:00,144,-123.7427749633789
2015-09-14 10:09:00,160,-139.68097305297852
2015-09-14 10:27:00,262,-241.58366012573242
2015-09-14 10:39:00,347,-326.4618721008301
2015-09-14 10:49:00,364,-343.3459014892578
2015-09-14 10:59:00,384,-363.23744201660156
2015-09-14 11:09:00,578,-557.0765838623047
2015-09-14 11:19:00,626,-604.892951965332
2015-09-14 11:29:00,385,-363.76905822753906
2015-09-14 11:39:00,289,-267.6598129272461
2015-09-14 11:50:00,297,-275.5637321472168
2015-09-14 11:59:00,337,-315.47167205810547
2015-09-14 12:09:00,365,-343.3783645629883
2015-09-14 12:19:00,326,-304.27701568603516
2015-09-14 12:29:00,345,-323.1793746948242
2015-09-14 12:39:00,271,-249.1041717529297
2015-09-14 12:49:00,293,-271.02172088623047
2015-09-14 12:59:00,300,-277.92931365966797
2015-09-14 13:07:00,277,-254.83642578125
2015-09-14 13:29:00,159,-136.7861328125
2015-09-14 13:48:00,157,-134.74592971801758
2015-09-14 13:58:00,174,-151.69763946533203
2015-09-14 14:09:00,172,-149.6521224975586
2015-09-14 14:16:00,175,-152.60777282714844
2015-09-14 14:26:00,155,-132.56293106079102
2015-09-14 14:46:00,175,-152.52157974243164
2015-09-14 15:06:00,145,-122.47637557983398
2015-09-14 15:56:00,67,-44.450504302978516
2015-09-14 16:26:00,166,-143.4251594543457
2015-09-14 16:36:00,150,-127.39305114746094
2015-09-14 16:45:00,150,-127.3558578491211
2015-09-14 17:06:00,144,-121.31255340576172
2015-09-14 17:15:00,146,-123.27691650390625
2015-09-14 17:26:00,186,-163.24159240722656
2015-09-14 17:35:00,146,-123.20814514160156
2015-09-14 17:46:00,144,-121.17025756835938
2015-09-14 18:36:00,143,-120.13127899169922
2015-09-14 18:45:00,145,-122.09022521972656
2015-09-14 18:56:00,158,-135.04313278198242
2015-09-14 19:16:00,160,-136.9933967590332
2015-09-14 19:46:00,153,-129.95262145996094
2015-09-14 22:26:00,136,-112.91913223266602
2015-09-14 22:46:00,144,-120.87985610961914
2015-09-15 00:16:00,134,-110.84547424316406
2015-09-15 02:35:00,131,-107.81571960449219
2015-09-15 03:36:00,127,-103.7833480834961
2015-09-15 03:46:00,130,-106.75699234008789
2015-09-15 04:16:00,121,-97.7203598022461
2015-09-15 04:46:00,122,-98.67816162109375
2015-09-15 04:54:00,114,-90.64694213867188
2015-09-15 05:06:00,112,-88.61693572998047
2015-09-15 05:36:00,116,-92.5893783569336
2015-09-15 05:46:00,120,-96.55985260009766
2015-09-15 06:06:00,129,-105.52979278564453
2015-09-15 06:16:00,130,-106.4942626953125
2015-09-15 07:36:00,179,-155.45296478271484
2015-09-15 07:46:00,172,-148.40726470947266
2015-09-15 07:55:00,152,-128.36078262329102
2015-09-15 08:05:00,158,-134.30958557128906
2015-09-15 08:15:00,169,-145.26630020141602
2015-09-15 08:26:00,199,-175.20549774169922
2015-09-15 08:36:00,101,-77.16151428222656
2015-09-15 08:46:00,196,-172.11306381225586
2015-09-15 08:56:00,124,-100.06249237060547
2015-09-15 09:04:00,151,-127.02603149414062
2015-09-15 09:16:00,192,-167.98217010498047
2015-09-15 09:26:00,160,-135.93294525146484
2015-09-15 09:36:00,146,-121.88375091552734
2015-09-15 10:06:00,149,-124.83810806274414
2015-09-15 11:46:00,261,-236.7756118774414
2015-09-15 11:55:00,286,-261.6882095336914
2015-09-15 12:04:00,257,-232.5993881225586
2015-09-15 12:15:00,254,-229.5323486328125
2015-09-15 12:26:00,182,-157.47837829589844
2015-09-15 12:31:00,159,-134.43772888183594
2015-09-15 12:46:00,163,-138.38799285888672
2015-09-15 13:14:00,141,-116.34346008300781
2015-09-15 13:46:00,129,-104.30718231201172
2015-09-15 13:56:00,122,-97.27131652832031
2015-09-15 14:05:00,94,-69.24382781982422
2015-09-15 14:15:00,93,-68.21903228759766
2015-09-15 14:26:00,117,-92.18717193603516
2015-09-15 14:36:00,122,-97.14999389648438
2015-09-15 14:45:00,119,-94.11737442016602
2015-09-15 14:55:00,123,-98.08573150634766
2015-09-15 15:34:00,157,-132.03311920166016
2015-09-15 15:42:00,159,-133.97777557373047
2015-09-15 16:34:00,138,-112.93062973022461
2015-09-15 16:38:00,179,-153.88255310058594
2015-09-15 17:15:00,149,-123.83870697021484
2015-09-15 17:35:00,131,-105.79791259765625
2015-09-15 17:53:00,148,-122.74967956542969
2015-09-15 18:04:00,137,-111.6980094909668
2015-09-15 18:55:00,145,-119.6563606262207
2015-09-15 19:34:00,142,-116.61376953125
2015-09-15 20:15:00,148,-122.56958770751953
2015-09-15 21:54:00,146,-120.52670288085938
2015-09-15 22:35:00,151,-125.48484802246094
2015-09-15 23:04:00,137,-111.44355010986328
2015-09-16 00:45:00,124,-98.40879821777344
2015-09-16 01:15:00,123,-97.37471771240234
2015-09-16 01:53:00,120,-94.33905792236328
2015-09-16 02:05:00,127,-101.29802322387695
2015-09-16 02:15:00,137,-111.24787902832031
2015-09-16 02:25:00,127,-101.2048568725586
2015-09-16 03:05:00,121,-95.17359161376953
2015-09-16 03:14:00,125,-99.14169311523438
2015-09-16 03:35:00,125,-99.10098648071289
2015-09-16 03:45:00,124,-98.06546783447266
2015-09-16 03:54:00,128,-102.0345687866211
2015-09-16 04:05:00,123,-97.00003433227539
2015-09-16 04:15:00,126,-99.95514678955078
2015-09-16 04:25:00,127,-100.89837646484375
2015-09-16 04:35:00,125,-98.85527038574219
2015-09-16 04:45:00,126,-99.81824493408203
2015-09-16 05:03:00,422,-395.7066879272461
2015-09-16 05:15:00,113,-86.62456130981445
2015-09-16 05:25:00,117,-90.57913208007812
2015-09-16 05:45:00,121,-94.54356384277344
2015-09-16 05:55:00,122,-95.50919342041016
2015-09-16 06:05:00,116,-89.47248458862305
2015-09-16 06:15:00,123,-96.4311294555664
2015-09-16 06:24:00,139,-112.39240264892578
2015-09-16 06:55:00,140,-113.3421630859375
2015-09-16 07:03:00,129,-102.30028533935547
2015-09-16 07:25:00,152,-125.24444961547852
2015-09-16 07:35:00,151,-124.18753433227539
2015-09-16 07:44:00,157,-130.13085174560547
2015-09-16 08:05:00,173,-146.05152893066406
2015-09-16 08:15:00,180,-152.98814392089844
2015-09-16 08:25:00,207,-179.92998504638672
2015-09-16 08:35:00,294,-266.85298919677734
2015-09-16 08:44:00,309,-281.7724914550781
2015-09-16 08:54:00,344,-316.6629104614258
2015-09-16 09:04:00,294,-266.54532623291016
2015-09-16 09:15:00,302,-274.45208740234375
2015-09-16 09:25:00,242,-214.37429809570312
2015-09-16 09:35:00,175,-147.31607055664062
2015-09-16 09:44:00,143,-115.26535034179688
2015-09-16 09:54:00,140,-112.22551727294922
2015-09-16 10:15:00,155,-127.18462753295898
2015-09-16 10:25:00,202,-174.12470626831055
2015-09-16 10:35:00,217,-189.06756973266602
2015-09-16 10:45:00,186,-158.0178680419922
2015-09-16 10:55:00,260,-231.95800399780273
2015-09-16 11:03:00,394,-365.85168838500977
2015-09-16 11:14:00,324,-295.73960876464844
2015-09-16 11:25:00,168,-139.66100311279297
2015-09-16 12:35:00,128,-99.61318969726562
2015-09-16 12:45:00,138,-109.57726287841797
2015-09-16 12:55:00,133,-104.54730224609375
2015-09-16 13:03:00,132,-103.51459121704102
2015-09-16 13:15:00,148,-119.47473526000977
2015-09-16 13:42:00,139,-110.4375
2015-09-16 13:55:00,133,-104.4033432006836
2015-09-16 14:05:00,142,-113.36932373046875
2015-09-16 14:15:00,155,-126.33219909667969
2015-09-16 14:25:00,128,-99.29762268066406
2015-09-16 14:35:00,168,-139.25194931030273
2015-09-16 14:43:00,156,-127.20257949829102
2015-09-16 14:55:00,157,-128.15660095214844
2015-09-16 15:30:00,146,-117.11198425292969
2015-09-16 15:41:00,169,-140.07972717285156
2015-09-16 15:51:00,147,-118.04341125488281
2015-09-16 16:10:00,145,-115.99943923950195
2015-09-16 16:20:00,161,-131.95141983032227
2015-09-16 16:31:00,150,-120.90228271484375
2015-09-16 16:41:00,156,-126.85510635375977
2015-09-16 16:51:00,136,-106.82044219970703
2015-09-16 17:11:00,170,-140.77463912963867
2015-09-16 17:20:00,160,-130.73052215576172
2015-09-16 17:50:00,159,-129.69017028808594
2015-09-16 18:11:00,135,-105.64838409423828
2015-09-16 18:20:00,160,-130.60374450683594
2015-09-16 18:51:00,142,-112.57072067260742
2015-09-16 19:00:00,144,-114.53014373779297
2015-09-16 19:09:00,131,-101.4966812133789
2015-09-16 19:21:00,138,-108.45115280151367
2015-09-16 19:41:00,139,-109.41230773925781
2015-09-16 19:51:00,154,-124.3726806640625
2015-09-16 20:01:00,145,-115.32636260986328
2015-09-16 20:10:00,135,-105.27949523925781
2015-09-16 20:21:00,141,-111.23582458496094
2015-09-16 20:29:00,153,-123.19141387939453
2015-09-16 20:40:00,129,-99.14712524414062
2015-09-16 20:49:00,133,-103.11488342285156
2015-09-16 21:11:00,136,-106.07298278808594
2015-09-16 21:21:00,129,-99.03371810913086
2015-09-16 21:31:00,137,-106.99593353271484
2015-09-16 21:41:00,140,-109.95509338378906
2015-09-16 21:51:00,134,-103.91852569580078
2015-09-16 22:01:00,144,-113.8806266784668
2015-09-16 22:11:00,167,-136.83099365234375
2015-09-16 22:20:00,315,-284.7456970214844
2015-09-16 22:31:00,435,-404.60986709594727
2015-09-16 22:50:00,809,-778.4051666259766
2015-09-16 23:01:00,939,-908.1757507324219
2015-09-16 23:11:00,779,-747.9724807739258
2015-09-16 23:21:00,635,-603.829761505127
2015-09-16 23:31:00,581,-549.7245941162109
2015-09-16 23:41:00,1107,-1075.5487785339355
2015-09-16 23:51:00,865,-833.3860321044922
2015-09-17 00:00:00,650,-618.2683258056641
2015-09-17 00:11:00,419,-387.19122314453125
2015-09-17 00:21:00,291,-259.14171600341797
2015-09-17 00:31:00,139,-107.11122131347656
2015-09-17 00:41:00,122,-90.09436416625977
2015-09-17 00:51:00,130,-98.0777473449707
2015-09-17 01:11:00,122,-90.06319808959961
2015-09-17 01:21:00,127,-95.04909133911133
2015-09-17 01:31:00,123,-91.03114318847656
2015-09-17 01:41:00,137,-105.01340866088867
2015-09-17 02:01:00,126,-93.99596786499023
2015-09-17 02:10:00,130,-97.9766845703125
2015-09-17 06:01:00,117,-84.96191787719727
2015-09-17 06:10:00,119,-86.94512557983398
2015-09-17 06:21:00,132,-99.92942810058594
2015-09-17 06:31:00,114,-81.91680145263672
2015-09-17 06:41:00,133,-100.8989028930664
2015-09-17 07:01:00,124,-91.88465881347656
2015-09-17 07:11:00,134,-101.86579132080078
2015-09-17 07:30:00,147,-114.84366989135742
2015-09-17 07:41:00,148,-115.82278442382812
2015-09-17 07:51:00,159,-126.79715728759766
2015-09-17 08:00:00,156,-123.76953887939453
2015-09-17 08:11:00,167,-134.74349212646484
2015-09-17 08:21:00,186,-153.7096710205078
2015-09-17 08:31:00,220,-187.67853927612305
2015-09-17 08:40:00,251,-218.63953399658203
2015-09-17 08:51:00,287,-254.60126495361328
2015-09-17 09:00:00,304,-271.5489807128906
2015-09-17 09:11:00,294,-261.4938774108887
2015-09-17 09:20:00,244,-211.44937133789062
2015-09-17 09:31:00,210,-177.41136169433594
2015-09-17 09:41:00,195,-162.37994384765625
2015-09-17 09:51:00,226,-193.33685302734375
2015-09-17 10:01:00,196,-163.2949447631836
2015-09-17 10:11:00,263,-230.24546813964844
2015-09-17 10:21:00,342,-309.19264221191406
2015-09-17 10:31:00,372,-339.1221694946289
2015-09-17 10:41:00,432,-399.044921875
2015-09-17 10:51:00,427,-393.9674644470215
2015-09-17 11:01:00,429,-395.8842010498047
2015-09-17 11:11:00,461,-427.8055648803711
2015-09-17 11:21:00,349,-315.7332458496094
2015-09-17 11:29:00,256,-222.6818504333496
2015-09-17 11:41:00,201,-167.6352310180664
2015-09-17 11:51:00,113,-79.61115264892578
2015-09-17 11:59:00,102,-68.5977554321289
2015-09-17 12:11:00,88,-54.58489227294922
2015-09-17 12:21:00,70,-36.57655334472656
2015-09-17 12:41:00,84,-50.566490173339844
2015-09-17 12:51:00,154,-120.5445556640625
2015-09-17 13:01:00,155,-121.51480865478516
2015-09-17 13:10:00,149,-115.48661041259766
2015-09-17 13:20:00,163,-129.45757293701172
2015-09-17 13:28:00,158,-124.43135070800781
2015-09-17 13:41:00,156,-122.40766906738281
2015-09-17 13:50:00,140,-106.38054656982422
2015-09-17 14:10:00,177,-143.35054397583008
2015-09-17 14:21:00,160,-126.31793975830078
2015-09-17 14:31:00,150,-116.28899002075195
2015-09-17 14:41:00,153,-119.2649917602539
2015-09-17 14:51:00,143,-109.2441635131836
2015-09-17 15:00:00,151,-117.22067260742188
2015-09-17 15:11:00,150,-116.19238662719727
2015-09-17 15:21:00,149,-115.16580963134766
2015-09-17 15:31:00,200,-166.1278076171875
2015-09-17 15:34:00,218,-184.08637619018555
2015-09-17 15:44:00,213,-179.0349884033203
2015-09-17 15:54:00,211,-176.9941062927246
2015-09-17 16:04:00,229,-194.95535278320312
2015-09-17 16:13:00,235,-200.91645050048828
2015-09-17 16:23:00,255,-220.86502075195312
2015-09-17 16:34:00,189,-154.81582641601562
2015-09-17 16:44:00,193,-158.77403259277344
2015-09-17 17:00:00,216,-181.72855377197266
2015-09-17 17:09:00,209,-174.69195175170898
