timestamp,value,is_anomaly,error_prediction,anomaly_score,convergence_loss,prediction
2011-07-01 00:00:01,0.3811999868729904,0,0.0,0.5,0,0.0
2011-07-01 01:00:01,0.3732753796170659,0,0.0,0.5,0,0.0
2011-07-01 02:00:01,0.2945710617471043,0,0.0,0.5,0,0.0
2011-07-01 03:00:01,0.20222828262821685,0,0.0,0.5,0,0.0
2011-07-01 04:00:01,0.19543736333815145,0,0.0,0.5,0,0.0
2011-07-01 05:00:01,0.2430718208411714,0,0.0,0.5,0,0.0
2011-07-01 06:00:01,0.2913689147384664,0,0.0,0.5,0,0.0
2011-07-01 07:00:01,0.2812567739375693,0,0.0,0.5,0,0.0
2011-07-01 08:00:01,0.5043065096399643,0,0.0,0.5,0,0.0
2011-07-01 09:00:01,0.7514950726688235,0,0.0,0.5,0,0.0
2011-07-01 10:00:01,0.7074035742691879,0,,0.5,[nan],
2011-07-01 11:00:01,0.7007559557113088,0,,,[nan],
2011-07-01 12:00:01,0.6633293215754437,0,,,[nan],
2011-07-01 13:00:01,0.6535863699588962,0,,,[nan],
2011-07-01 14:00:01,0.49194544348170505,0,,,[nan],
2011-07-01 15:00:01,0.4934475291347559,0,,,[nan],
2011-07-01 16:00:01,0.4887918861805425,0,,,[nan],
2011-07-01 17:00:01,0.3966392256172349,0,,,[nan],
2011-07-01 18:00:01,0.2360217345761186,0,,,[nan],
2011-07-01 19:00:01,0.2939663086548797,0,,,[nan],
2011-07-01 20:00:01,0.2594366995355653,0,,,[nan],
2011-07-01 21:00:01,0.2512479175213961,0,,,[nan],
2011-07-01 22:00:01,0.2202493573983986,0,,,[nan],
2011-07-01 23:00:01,0.2484807115184707,0,,,[nan],
2011-07-02 00:00:01,0.308670680535843,0,,,[nan],
2011-07-02 01:00:01,0.2387459045517121,0,,,[nan],
2011-07-02 02:00:01,0.20385291609591571,0,,,[nan],
2011-07-02 03:00:01,0.15783652512757915,0,,,[nan],
2011-07-02 04:00:01,0.20115944637404334,0,,,[nan],
2011-07-02 05:00:01,0.2881213419016799,0,,,[nan],
2011-07-02 06:00:01,0.2735463777200109,0,,,[nan],
2011-07-02 07:00:01,0.3770780324725321,0,,,[nan],
2011-07-02 08:00:01,0.5594656279972545,0,,,[nan],
2011-07-02 09:00:01,0.5641867775854769,0,,,[nan],
2011-07-02 10:00:01,0.6788259742572993,0,,,[nan],
2011-07-02 11:00:01,0.7489031111271031,0,,,[nan],
2011-07-02 12:00:01,0.7007574134203723,0,,,[nan],
2011-07-02 13:00:01,0.6485630510011491,0,,,[nan],
2011-07-02 14:00:01,0.6871904414459675,0,,,[nan],
2011-07-02 15:00:01,0.5032592577992512,0,,,[nan],
2011-07-02 16:00:01,0.38393089542587694,0,,,[nan],
2011-07-02 17:00:01,0.3290975890197139,0,,,[nan],
2011-07-02 18:00:01,0.2627169601777149,0,,,[nan],
2011-07-02 19:00:01,0.25997505072208843,0,,,[nan],
2011-07-02 20:00:01,0.3313311037287866,0,,,[nan],
2011-07-02 21:00:01,0.2747359020161215,0,,,[nan],
2011-07-02 22:00:01,0.3056939641728128,0,,,[nan],
2011-07-02 23:00:01,0.2470425835279911,0,,,[nan],
2011-07-03 00:00:01,0.19454496402612326,0,,,[nan],
2011-07-03 01:00:01,0.19697749848149865,0,,,[nan],
2011-07-03 02:00:01,0.16451337547428166,0,,,[nan],
2011-07-03 03:00:01,0.1254142956335742,0,,,[nan],
2011-07-03 04:00:01,0.16222767037450878,0,,,[nan],
2011-07-03 05:00:01,0.2653809479902829,0,,,[nan],
2011-07-03 06:00:01,0.23533401891571776,0,,,[nan],
2011-07-03 07:00:01,0.3305280208420658,0,,,[nan],
2011-07-03 08:00:01,0.6437849536772257,0,,,[nan],
2011-07-03 09:00:01,0.5976086710342471,0,,,[nan],
2011-07-03 10:00:01,0.5712051415613529,0,,,[nan],
2011-07-03 11:00:01,0.566279050967355,0,,,[nan],
2011-07-03 12:00:01,0.6830521259896268,0,,,[nan],
2011-07-03 13:00:01,0.6051462619112704,0,,,[nan],
2011-07-03 14:00:01,0.5338480930743204,0,,,[nan],
2011-07-03 15:00:01,0.4180945513770422,0,,,[nan],
2011-07-03 16:00:01,0.34652303966376025,0,,,[nan],
2011-07-03 17:00:01,0.2895054100784674,0,,,[nan],
2011-07-03 18:00:01,0.2501624892116022,0,,,[nan],
2011-07-03 19:00:01,0.2307487942765088,0,,,[nan],
2011-07-03 20:00:01,0.22925613481877455,0,,,[nan],
2011-07-03 21:00:01,0.19773362288933927,0,,,[nan],
2011-07-03 22:00:01,0.1922165055562552,0,,,[nan],
2011-07-03 23:00:01,0.2196435671735422,0,,,[nan],
2011-07-04 00:00:01,0.17083429848710396,0,,,[nan],
2011-07-04 01:00:01,0.1829475369913377,0,,,[nan],
2011-07-04 02:00:01,0.15788905168924056,0,,,[nan],
2011-07-04 03:00:01,0.13499457777875234,0,,,[nan],
2011-07-04 04:00:01,0.12365640116919603,0,,,[nan],
2011-07-04 05:00:01,0.1585413404752145,0,,,[nan],
2011-07-04 06:00:01,0.20197863662167032,0,,,[nan],
2011-07-04 07:00:01,0.26653742117549195,0,,,[nan],
2011-07-04 08:00:01,0.4515705012429253,0,,,[nan],
2011-07-04 09:00:01,0.5173857292833082,0,,,[nan],
2011-07-04 10:00:01,0.4794743137576389,0,,,[nan],
2011-07-04 11:00:01,0.5085708646515146,0,,,[nan],
2011-07-04 12:00:01,0.5798013076475458,0,,,[nan],
2011-07-04 13:00:01,0.4938059898581761,0,,,[nan],
2011-07-04 14:00:01,0.4975168460300475,0,,,[nan],
2011-07-04 15:00:01,0.4050134970547627,0,,,[nan],
2011-07-04 16:00:01,0.3120420292343035,0,,,[nan],
2011-07-04 17:00:01,0.33274477740850106,0,,,[nan],
2011-07-04 18:00:01,0.231856006963139,0,,,[nan],
2011-07-04 19:00:01,0.2287149541884909,0,,,[nan],
2011-07-04 20:00:01,0.2086629624283028,0,,,[nan],
2011-07-04 21:00:01,0.2052185088043708,0,,,[nan],
2011-07-04 22:00:01,0.21114484036249606,0,,,[nan],
2011-07-04 23:00:01,0.2391069999360137,0,,,[nan],
2011-07-05 00:00:01,0.21709749136821888,0,,,[nan],
2011-07-05 01:00:01,0.1544470064930802,0,,,[nan],
2011-07-05 02:00:01,0.17125436372964606,0,,,[nan],
2011-07-05 03:00:01,0.12186129084067915,0,,,[nan],
2011-07-05 04:00:01,0.12521094510885958,0,,,[nan],
2011-07-05 05:00:01,0.16678380831210834,0,,,[nan],
2011-07-05 06:00:01,0.21041532306111912,0,,,[nan],
2011-07-05 07:00:01,0.26387117099947743,0,,,[nan],
2011-07-05 08:00:01,0.4192766643257969,0,,,[nan],
2011-07-05 09:00:01,0.454630995266574,0,,,[nan],
2011-07-05 10:00:01,0.5187249367304474,0,,,[nan],
2011-07-05 11:00:01,0.6346995701783339,0,,,[nan],
2011-07-05 12:00:01,0.5168125185719249,0,,,[nan],
2011-07-05 13:00:01,0.5593037546022407,0,,,[nan],
2011-07-05 14:00:01,0.4075550113635576,0,,,[nan],
2011-07-05 15:00:01,0.3757883415813308,0,,,[nan],
2011-07-05 16:00:01,0.34426320658600323,0,,,[nan],
2011-07-05 17:00:01,0.3056821941323013,0,,,[nan],
2011-07-05 18:00:01,0.2577940292596578,0,,,[nan],
2011-07-05 19:00:01,0.22618921969143405,0,,,[nan],
2011-07-05 20:00:01,0.20439711409878933,0,,,[nan],
2011-07-05 21:00:01,0.20203460818239588,0,,,[nan],
2011-07-05 22:00:01,0.18165405053223035,0,,,[nan],
2011-07-05 23:00:01,0.2299845575044591,0,,,[nan],
2011-07-06 00:00:01,0.2137813046772251,0,,,[nan],
2011-07-06 01:00:01,0.18750258944500064,0,,,[nan],
2011-07-06 02:00:01,0.12969404632753398,0,,,[nan],
2011-07-06 03:00:01,0.10782930432709076,0,,,[nan],
2011-07-06 04:00:01,0.15067600348831595,0,,,[nan],
2011-07-06 05:00:01,0.1925309747612986,0,,,[nan],
2011-07-06 06:00:01,0.21438781020074174,0,,,[nan],
2011-07-06 07:00:01,0.2682720259599981,0,,,[nan],
2011-07-06 08:00:01,0.4558716890596364,0,,,[nan],
2011-07-06 09:00:01,0.6134359007558607,0,,,[nan],
2011-07-06 10:00:01,0.5002402347981205,0,,,[nan],
2011-07-06 11:00:01,0.5468588851548879,0,,,[nan],
2011-07-06 12:00:01,0.5485641062825667,0,,,[nan],
2011-07-06 13:00:01,0.48964051817316206,0,,,[nan],
2011-07-06 14:00:01,0.38611324487848897,0,,,[nan],
2011-07-06 15:00:01,0.4246956881892497,0,,,[nan],
2011-07-06 16:00:01,0.3430194341325509,0,,,[nan],
2011-07-06 17:00:01,0.3372201092061549,0,,,[nan],
2011-07-06 18:00:01,0.275162193627999,0,,,[nan],
2011-07-06 19:00:01,0.2314053583710447,0,,,[nan],
2011-07-06 20:00:01,0.1972229052317459,0,,,[nan],
2011-07-06 21:00:01,0.2809501539893331,0,,,[nan],
2011-07-06 22:00:01,0.2042990840272136,0,,,[nan],
2011-07-06 23:00:01,0.21446346080623246,0,,,[nan],
2011-07-07 00:00:01,0.20054689516208216,0,,,[nan],
2011-07-07 01:00:01,0.15531509362738946,0,,,[nan],
2011-07-07 02:00:01,0.11709718507328018,0,,,[nan],
2011-07-07 03:00:01,0.10632518221260796,0,,,[nan],
2011-07-07 04:00:01,0.11732055555751505,0,,,[nan],
2011-07-07 05:00:01,0.16536365927001356,0,,,[nan],
2011-07-07 06:00:01,0.18497192068588028,0,,,[nan],
2011-07-07 07:00:01,0.2361789507262716,0,,,[nan],
2011-07-07 08:00:01,0.3881992868855965,0,,,[nan],
2011-07-07 09:00:01,0.5073712474087247,0,,,[nan],
2011-07-07 10:00:01,0.5150520131941771,0,,,[nan],
2011-07-07 11:00:01,0.41848116216061465,0,,,[nan],
2011-07-07 12:00:01,0.4424587257514017,0,,,[nan],
2011-07-07 13:00:01,0.41286068402080395,0,,,[nan],
2011-07-07 14:00:01,0.3327999778410787,0,,,[nan],
2011-07-07 15:00:01,0.3623326676542312,0,,,[nan],
2011-07-07 16:00:01,0.30690702252648866,0,,,[nan],
2011-07-07 17:00:01,0.2382997216155259,0,,,[nan],
2011-07-07 18:00:01,0.21682081671498574,0,,,[nan],
2011-07-07 19:00:01,0.1439723775581586,0,,,[nan],
2011-07-07 20:00:01,0.1714013192362954,0,,,[nan],
2011-07-07 21:00:01,0.16370836243335113,0,,,[nan],
2011-07-07 22:00:01,0.16214529832875185,0,,,[nan],
2011-07-07 23:00:01,0.14932332178367302,0,,,[nan],
2011-07-08 00:00:01,0.15261849302628888,0,,,[nan],
2011-07-08 01:00:01,0.1392508393203983,0,,,[nan],
2011-07-08 02:00:01,0.13373175514529145,0,,,[nan],
2011-07-08 03:00:01,0.097286732173032,0,,,[nan],
2011-07-08 04:00:01,0.10482529770656022,0,,,[nan],
2011-07-08 05:00:01,0.1368539667380175,0,,,[nan],
2011-07-08 06:00:01,0.15027462973274144,0,,,[nan],
2011-07-08 07:00:01,0.2965022548180993,0,,,[nan],
2011-07-08 08:00:01,0.5012284873654554,0,,,[nan],
2011-07-08 09:00:01,0.4125565195377293,0,,,[nan],
2011-07-08 10:00:01,0.4698810701280599,0,,,[nan],
2011-07-08 11:00:01,0.4343811491587744,0,,,[nan],
2011-07-08 12:00:01,0.4223364270963771,0,,,[nan],
2011-07-08 13:00:01,0.34384312158621605,0,,,[nan],
2011-07-08 14:00:01,0.2938282794812513,0,,,[nan],
2011-07-08 15:00:01,0.3071642869642149,0,,,[nan],
2011-07-08 16:00:01,0.2165839526374824,0,,,[nan],
2011-07-08 17:00:01,0.23595366002543786,0,,,[nan],
2011-07-08 18:00:01,0.21878438046120635,0,,,[nan],
2011-07-08 19:00:01,0.1891918497223158,0,,,[nan],
2011-07-08 20:00:01,0.17337870868892769,0,,,[nan],
2011-07-08 21:00:01,0.19140838065218324,0,,,[nan],
2011-07-08 22:00:01,0.1879116330418837,0,,,[nan],
2011-07-08 23:00:01,0.1711479084593976,0,,,[nan],
2011-07-09 00:00:01,0.1827962259845075,0,,,[nan],
2011-07-09 01:00:01,0.1488454159370311,0,,,[nan],
2011-07-09 02:00:01,0.1229508609829844,0,,,[nan],
2011-07-09 03:00:01,0.10476066680868036,0,,,[nan],
2011-07-09 04:00:01,0.1622868485477143,0,,,[nan],
2011-07-09 05:00:01,0.22524580397113325,0,,,[nan],
2011-07-09 06:00:01,0.2177084993106191,0,,,[nan],
2011-07-09 07:00:01,0.2835069501684924,0,,,[nan],
2011-07-09 08:00:01,0.4745205402282786,0,,,[nan],
2011-07-09 09:00:01,0.4414607586077539,0,,,[nan],
2011-07-09 10:00:01,0.4490815655576454,0,,,[nan],
2011-07-09 11:00:01,0.5173468437140865,0,,,[nan],
2011-07-09 12:00:01,0.5491197704310562,0,,,[nan],
2011-07-09 13:00:01,0.490086525367293,0,,,[nan],
2011-07-09 14:00:01,0.3877508438322729,0,,,[nan],
2011-07-09 15:00:01,0.3800506837086568,0,,,[nan],
2011-07-09 16:00:01,0.33589037134587024,0,,,[nan],
2011-07-09 17:00:01,0.27382879627990303,0,,,[nan],
2011-07-09 18:00:01,0.20484761519847294,0,,,[nan],
2011-07-09 19:00:01,0.2240635659245568,0,,,[nan],
2011-07-09 20:00:01,0.18170492712226816,0,,,[nan],
2011-07-09 21:00:01,0.17938994175297376,0,,,[nan],
2011-07-09 22:00:01,0.1914146749635694,0,,,[nan],
2011-07-09 23:00:01,0.2098767545077949,0,,,[nan],
2011-07-10 00:00:01,0.1938289401458073,0,,,[nan],
2011-07-10 01:00:01,0.15468243155222025,0,,,[nan],
2011-07-10 02:00:01,0.11332133656182758,0,,,[nan],
2011-07-10 03:00:01,0.10630187289346728,0,,,[nan],
2011-07-10 04:00:01,0.1258323940036481,0,,,[nan],
2011-07-10 05:00:01,0.21097678068919898,0,,,[nan],
2011-07-10 06:00:01,0.18206921584099364,0,,,[nan],
2011-07-10 07:00:01,0.2477553811575098,0,,,[nan],
2011-07-10 08:00:01,0.4480526569993436,0,,,[nan],
2011-07-10 09:00:01,0.453744416338469,0,,,[nan],
2011-07-10 10:00:01,0.4245247729603946,0,,,[nan],
2011-07-10 11:00:01,0.4716787526993679,0,,,[nan],
2011-07-10 12:00:01,0.4709993650498048,0,,,[nan],
2011-07-10 13:00:01,0.4079705834921306,0,,,[nan],
2011-07-10 14:00:01,0.3958126203507117,0,,,[nan],
2011-07-10 15:00:01,0.3577164242925117,0,,,[nan],
2011-07-10 16:00:01,0.3291212806176657,0,,,[nan],
2011-07-10 17:00:01,0.3087901324969402,0,,,[nan],
2011-07-10 18:00:01,0.21369282660759786,0,,,[nan],
2011-07-10 19:00:01,0.18409300746039492,0,,,[nan],
2011-07-10 20:00:01,0.18590655850081947,0,,,[nan],
2011-07-10 21:00:01,0.17055425355289036,0,,,[nan],
2011-07-10 22:00:01,0.17005734669386535,0,,,[nan],
2011-07-10 23:00:01,0.14847589656141227,0,,,[nan],
2011-07-11 00:00:01,0.13225201204217096,0,,,[nan],
2011-07-11 01:00:01,0.1337410317227191,0,,,[nan],
2011-07-11 02:00:01,0.08740617518137585,0,,,[nan],
2011-07-11 03:00:01,0.07785599080469023,0,,,[nan],
2011-07-11 04:00:01,0.08607026382041591,0,,,[nan],
2011-07-11 05:00:01,0.1491787193424563,0,,,[nan],
2011-07-11 06:00:01,0.16397110700148432,0,,,[nan],
2011-07-11 07:00:01,0.24373641259379644,0,,,[nan],
2011-07-11 08:00:01,0.4071125887079585,0,,,[nan],
2011-07-11 09:00:01,0.4222813346636027,0,,,[nan],
2011-07-11 10:00:01,0.4598351688364159,0,,,[nan],
2011-07-11 11:00:01,0.4360213408033276,0,,,[nan],
2011-07-11 12:00:01,0.39771089651184,0,,,[nan],
2011-07-11 13:00:01,0.373972525846474,0,,,[nan],
2011-07-11 14:00:01,0.298258625482832,0,,,[nan],
2011-07-11 15:00:01,0.2747692775488646,0,,,[nan],
2011-07-11 16:00:01,0.2366860914843065,0,,,[nan],
2011-07-11 17:00:01,0.2433625983550237,0,,,[nan],
2011-07-11 18:00:01,0.20225646252118126,0,,,[nan],
2011-07-11 19:00:01,0.20587365894387316,0,,,[nan],
2011-07-11 20:00:01,0.18780275769844898,0,,,[nan],
2011-07-11 21:00:01,0.1784386862063682,0,,,[nan],
2011-07-11 22:00:01,0.17794948623705412,0,,,[nan],
2011-07-11 23:00:01,0.17803206866426624,0,,,[nan],
2011-07-12 00:00:01,0.16040570029872814,0,,,[nan],
2011-07-12 01:00:01,0.14432125474947988,0,,,[nan],
2011-07-12 02:00:01,0.13041768307415788,0,,,[nan],
2011-07-12 03:00:01,0.09868877502060763,0,,,[nan],
2011-07-12 04:00:01,0.13560966088366547,0,,,[nan],
2011-07-12 05:00:01,0.13594921899465012,0,,,[nan],
2011-07-12 06:00:01,0.17623575708459402,0,,,[nan],
2011-07-12 07:00:01,0.16414209551653186,0,,,[nan],
2011-07-12 08:00:01,0.46542118280938594,0,,,[nan],
2011-07-12 09:00:01,0.4519129065683448,0,,,[nan],
2011-07-12 10:00:01,0.4856919822433657,0,,,[nan],
2011-07-12 11:00:01,0.5127318429552099,0,,,[nan],
2011-07-12 12:00:01,0.5349710943314864,0,,,[nan],
2011-07-12 13:00:01,0.4692939418313687,0,,,[nan],
2011-07-12 14:00:01,0.35648550814747965,0,,,[nan],
2011-07-12 15:00:01,0.3490263752723879,0,,,[nan],
2011-07-12 16:00:01,0.2941254520031718,0,,,[nan],
2011-07-12 17:00:01,0.2754585229876516,0,,,[nan],
2011-07-12 18:00:01,0.2348957294185089,0,,,[nan],
2011-07-12 19:00:01,0.21376746558239232,0,,,[nan],
2011-07-12 20:00:01,0.2236747698618099,0,,,[nan],
2011-07-12 21:00:01,0.2315357033045325,0,,,[nan],
2011-07-12 22:00:01,0.21484406904838266,0,,,[nan],
2011-07-12 23:00:01,0.20940363347372906,0,,,[nan],
2011-07-13 00:00:01,0.1684871259339777,0,,,[nan],
2011-07-13 01:00:01,0.15672281456505166,0,,,[nan],
2011-07-13 02:00:01,0.123946492460819,0,,,[nan],
2011-07-13 03:00:01,0.1088005712038122,0,,,[nan],
2011-07-13 04:00:01,0.13394413539128405,0,,,[nan],
2011-07-13 05:00:01,0.17690040339275162,0,,,[nan],
2011-07-13 06:00:01,0.218025111969341,0,,,[nan],
2011-07-13 07:00:01,0.3548555717651829,0,,,[nan],
2011-07-13 08:00:01,0.4638882591546752,0,,,[nan],
2011-07-13 09:00:01,0.5125931727329048,0,,,[nan],
2011-07-13 10:00:01,0.4415552228562348,0,,,[nan],
2011-07-13 11:00:01,0.5915814868110295,0,,,[nan],
2011-07-13 12:00:01,0.5302159125832481,0,,,[nan],
2011-07-13 13:00:01,0.4318613008688731,0,,,[nan],
2011-07-13 14:00:01,0.43283132179279227,0,,,[nan],
2011-07-13 15:00:01,0.38581822263289933,0,,,[nan],
2011-07-13 16:00:01,0.39205797914108537,0,,,[nan],
2011-07-13 17:00:01,0.3056787524146944,0,,,[nan],
2011-07-13 18:00:01,0.29779441888234265,0,,,[nan],
2011-07-13 19:00:01,0.2479656610759149,0,,,[nan],
2011-07-13 20:00:01,0.25380753243605275,0,,,[nan],
2011-07-13 21:00:01,0.19222304280297767,0,,,[nan],
2011-07-13 22:00:01,0.2376338405452005,0,,,[nan],
2011-07-13 23:00:01,0.2456872996744853,0,,,[nan],
2011-07-14 00:00:01,0.1930476605321303,0,,,[nan],
2011-07-14 01:00:01,0.1587830358774985,0,,,[nan],
2011-07-14 02:00:01,0.12316677797944656,0,,,[nan],
2011-07-14 03:00:01,0.11163442981994788,0,,,[nan],
2011-07-14 04:00:01,0.17583419306064152,0,,,[nan],
2011-07-14 05:00:01,0.24024671726485414,0,,,[nan],
2011-07-14 06:00:01,0.21979772274985188,0,,,[nan],
2011-07-14 07:00:01,0.35069935368644545,0,,,[nan],
2011-07-14 08:00:01,0.4694411584731204,0,,,[nan],
2011-07-14 09:00:01,0.4715002833678802,0,,,[nan],
2011-07-14 10:00:01,0.4273410639719705,0,,,[nan],
2011-07-14 11:00:01,0.39784338452034,0,,,[nan],
2011-07-14 12:00:01,0.5652275915945831,0,,,[nan],
2011-07-14 13:00:01,0.6283640528636395,0,,,[nan],
2011-07-14 14:00:01,0.5367565323715779,0,,,[nan],
2011-07-14 15:00:01,0.4056943131333538,0,,,[nan],
2011-07-14 16:00:01,0.3811993639631889,0,,,[nan],
2011-07-14 17:00:01,0.2365965512910256,0,,,[nan],
2011-07-14 18:00:01,0.2953825434619132,0,,,[nan],
2011-07-14 19:00:01,0.22183095827530466,0,,,[nan],
2011-07-14 20:00:01,0.2058898611178631,0,,,[nan],
2011-07-14 21:00:01,0.22249535156685024,0,,,[nan],
2011-07-14 22:00:01,0.21354647965853774,0,,,[nan],
2011-07-14 23:00:01,0.2134850170279463,0,,,[nan],
2011-07-15 00:00:01,0.1775462601688746,0,,,[nan],
2011-07-15 01:00:01,0.18240641656803774,0,,,[nan],
2011-07-15 02:00:01,0.12801546279656414,0,,,[nan],
2011-07-15 03:00:01,0.1232575408756117,0,,,[nan],
2011-07-15 04:00:01,0.1590966293749556,0,,,[nan],
2011-07-15 05:00:01,0.17223134798355416,0,,,[nan],
2011-07-15 06:00:01,0.2196944647548204,0,,,[nan],
2011-07-15 07:00:01,0.2745482131392922,0,,,[nan],
2011-07-15 08:00:01,0.4364534319030303,0,,,[nan],
2011-07-15 09:00:01,0.549448114247544,0,,,[nan],
2011-07-15 10:00:01,0.4368233758815018,0,,,[nan],
2011-07-15 11:00:01,0.5451160805380727,0,,,[nan],
2011-07-15 12:00:01,0.6997016189326036,0,,,[nan],
2011-07-15 13:00:01,0.5048909023079363,0,,,[nan],
2011-07-15 14:00:01,0.4576067279288745,0,,,[nan],
2011-07-15 15:00:01,0.42765873842229934,0,,,[nan],
2011-07-15 16:00:01,0.4000721150362127,0,,,[nan],
2011-07-15 17:00:01,0.3068146159447501,0,,,[nan],
2011-07-15 18:00:01,0.13661308305062492,0,,,[nan],
2011-07-15 19:00:01,0.04236198565606957,0,,,[nan],
2011-07-15 20:00:01,0.22027783575839174,0,,,[nan],
2011-07-15 21:00:01,0.2924951484706373,0,,,[nan],
2011-07-15 22:00:01,0.20451041130985095,0,,,[nan],
2011-07-15 23:00:01,0.19082766500674408,0,,,[nan],
2011-07-16 00:00:01,0.4353143371167422,0,,,[nan],
2011-07-16 01:00:01,0.19718120885237847,0,,,[nan],
2011-07-16 02:00:01,0.17449273159688766,0,,,[nan],
2011-07-16 03:00:01,0.15770802886084434,0,,,[nan],
2011-07-16 04:00:01,0.051666906343572,0,,,[nan],
2011-07-16 05:00:01,0.3930412953170728,0,,,[nan],
2011-07-16 06:00:01,0.2019686396916248,0,,,[nan],
2011-07-16 07:00:01,0.3854211358179816,0,,,[nan],
2011-07-16 08:00:01,0.3743688708332593,0,,,[nan],
2011-07-16 09:00:01,0.5037703385426043,0,,,[nan],
2011-07-16 10:00:01,0.4508540612683304,0,,,[nan],
2011-07-16 11:00:01,0.4577449903580642,0,,,[nan],
2011-07-16 12:00:01,0.6793097071430668,0,,,[nan],
2011-07-16 13:00:01,0.5657024200995071,0,,,[nan],
2011-07-16 14:00:01,0.4728851509719342,0,,,[nan],
2011-07-16 15:00:01,0.449080215642878,0,,,[nan],
2011-07-16 16:00:01,0.3716897769646903,0,,,[nan],
2011-07-16 17:00:01,0.33002653238199786,0,,,[nan],
2011-07-16 18:00:01,0.28035351123668983,0,,,[nan],
2011-07-16 19:00:01,0.2656085766451015,0,,,[nan],
2011-07-16 20:00:01,0.23495847820046584,0,,,[nan],
2011-07-16 21:00:01,0.2225814564313279,0,,,[nan],
2011-07-16 22:00:01,0.2322342527921279,0,,,[nan],
2011-07-16 23:00:01,0.24725524451600636,0,,,[nan],
2011-07-17 00:00:01,0.18762888011397652,0,,,[nan],
2011-07-17 01:00:01,0.18690447818654848,0,,,[nan],
2011-07-17 02:00:01,0.15724912765626328,0,,,[nan],
2011-07-17 03:00:01,0.13602881947169312,0,,,[nan],
2011-07-17 04:00:01,0.2031200775670132,0,,,[nan],
2011-07-17 05:00:01,0.2066355656473297,0,,,[nan],
2011-07-17 06:00:01,0.22266065778271696,0,,,[nan],
2011-07-17 07:00:01,0.3296680451995108,0,,,[nan],
2011-07-17 08:00:01,0.396562697848481,0,,,[nan],
2011-07-17 09:00:01,0.40353210764299613,0,,,[nan],
2011-07-17 10:00:01,0.5216450810860418,0,,,[nan],
2011-07-17 11:00:01,0.5559592944924735,0,,,[nan],
2011-07-17 12:00:01,0.5828258626420895,0,,,[nan],
2011-07-17 13:00:01,0.5427674287604086,0,,,[nan],
2011-07-17 14:00:01,0.5517946389502724,0,,,[nan],
2011-07-17 15:00:01,0.4999291508989258,0,,,[nan],
2011-07-17 16:00:01,0.3771308968882217,0,,,[nan],
2011-07-17 17:00:01,0.3297293887433695,0,,,[nan],
2011-07-17 18:00:01,0.2741403141591732,0,,,[nan],
2011-07-17 19:00:01,0.2441189634414259,0,,,[nan],
2011-07-17 20:00:01,0.2569952276155227,0,,,[nan],
2011-07-17 21:00:01,0.2277306026790121,0,,,[nan],
2011-07-17 22:00:01,0.2226105910304134,0,,,[nan],
2011-07-17 23:00:01,0.17839273499400804,0,,,[nan],
2011-07-18 00:00:01,0.2138781442753625,0,,,[nan],
2011-07-18 01:00:01,0.15336657520214658,0,,,[nan],
2011-07-18 02:00:01,0.1425308812932491,0,,,[nan],
2011-07-18 03:00:01,0.1314343600776982,0,,,[nan],
2011-07-18 04:00:01,0.13228437328403975,0,,,[nan],
2011-07-18 05:00:01,0.1385139200736254,0,,,[nan],
2011-07-18 06:00:01,0.17743449195698388,0,,,[nan],
2011-07-18 07:00:01,0.3037468352919497,0,,,[nan],
2011-07-18 08:00:01,0.4949581141774752,0,,,[nan],
2011-07-18 09:00:01,0.4311531855751364,0,,,[nan],
2011-07-18 10:00:01,0.4780291941456629,0,,,[nan],
2011-07-18 11:00:01,0.5649449065868439,0,,,[nan],
2011-07-18 12:00:01,0.3961669770150068,0,,,[nan],
2011-07-18 13:00:01,0.4344829730809381,0,,,[nan],
2011-07-18 14:00:01,0.404039641997016,0,,,[nan],
2011-07-18 15:00:01,0.37196573563709306,0,,,[nan],
2011-07-18 16:00:01,0.5377693128374716,0,,,[nan],
2011-07-18 17:00:01,0.305792147196063,0,,,[nan],
2011-07-18 18:00:01,0.21306890980589244,0,,,[nan],
2011-07-18 19:00:01,0.2342060767993229,0,,,[nan],
2011-07-18 20:00:01,0.19764305941709345,0,,,[nan],
2011-07-18 21:00:01,0.21679571959065472,0,,,[nan],
2011-07-18 22:00:01,0.19747192083127948,0,,,[nan],
2011-07-18 23:00:01,0.19197975969778697,0,,,[nan],
2011-07-19 00:00:01,0.1990051253954634,0,,,[nan],
2011-07-19 01:00:01,0.17478224997121805,0,,,[nan],
2011-07-19 02:00:01,0.16682584631979794,0,,,[nan],
2011-07-19 03:00:01,0.14861049739729199,0,,,[nan],
2011-07-19 04:00:01,0.1611663753311894,0,,,[nan],
2011-07-19 05:00:01,0.2029335163801856,0,,,[nan],
2011-07-19 06:00:01,0.2926050752884507,0,,,[nan],
2011-07-19 07:00:01,0.19590097816414914,0,,,[nan],
2011-07-19 08:00:01,0.3658488352016753,0,,,[nan],
2011-07-19 09:00:01,0.4617413033223618,0,,,[nan],
2011-07-19 10:00:01,0.5170567968520036,0,,,[nan],
2011-07-19 11:00:01,0.4874357555693422,0,,,[nan],
2011-07-19 12:00:01,0.48920511719165005,0,,,[nan],
2011-07-19 13:00:01,0.3679108867594278,0,,,[nan],
2011-07-19 14:00:01,0.2843209468742279,0,,,[nan],
2011-07-19 15:00:01,0.444388964926888,0,,,[nan],
2011-07-19 16:00:01,0.29071140798662737,0,,,[nan],
2011-07-19 17:00:01,0.25293791355105794,0,,,[nan],
2011-07-19 18:00:01,0.21734227431052147,0,,,[nan],
2011-07-19 19:00:01,0.35877660886943563,0,,,[nan],
2011-07-19 20:00:01,0.2114588056883366,0,,,[nan],
2011-07-19 21:00:01,0.2273798568030029,0,,,[nan],
2011-07-19 22:00:01,0.20020075985413324,0,,,[nan],
2011-07-19 23:00:01,0.1967875189763554,0,,,[nan],
2011-07-20 00:00:01,0.1739069784181529,0,,,[nan],
2011-07-20 01:00:01,0.16646847026209102,0,,,[nan],
2011-07-20 02:00:01,0.1414741544454259,0,,,[nan],
2011-07-20 03:00:01,0.1263832940482292,0,,,[nan],
2011-07-20 04:00:01,0.14456240505121853,0,,,[nan],
2011-07-20 05:00:01,0.18433853427258326,0,,,[nan],
2011-07-20 06:00:01,0.21685927763283225,0,,,[nan],
2011-07-20 07:00:01,0.30202626791398224,0,,,[nan],
2011-07-20 08:00:01,0.3504605705644961,0,,,[nan],
2011-07-20 09:00:01,0.48195650567656606,0,,,[nan],
2011-07-20 10:00:01,0.4515624560758031,0,,,[nan],
2011-07-20 11:00:01,0.4690903183824723,0,,,[nan],
2011-07-20 12:00:01,0.460150978855868,0,,,[nan],
2011-07-20 13:00:01,0.4993242466065961,0,,,[nan],
2011-07-20 14:00:01,0.3559051702720592,0,,,[nan],
2011-07-20 15:00:01,0.2840433107340837,0,,,[nan],
2011-07-20 16:00:01,0.19871692385873674,0,,,[nan],
2011-07-20 17:00:01,0.3757713019022326,0,,,[nan],
2011-07-20 18:00:01,0.23506488951973975,0,,,[nan],
2011-07-20 19:00:01,0.19129709601042505,0,,,[nan],
2011-07-20 20:00:01,0.21521461104267914,0,,,[nan],
2011-07-20 21:00:01,0.20566582002614936,0,,,[nan],
2011-07-20 22:00:01,0.2068715711904276,0,,,[nan],
2011-07-20 23:00:01,0.2650937229187157,0,,,[nan],
2011-07-21 00:00:01,0.16784530858778293,0,,,[nan],
2011-07-21 01:00:01,0.1478119714783273,0,,,[nan],
2011-07-21 02:00:01,0.15938194515415996,0,,,[nan],
2011-07-21 03:00:01,0.13791283247268984,0,,,[nan],
2011-07-21 04:00:01,0.1540600637742806,0,,,[nan],
2011-07-21 06:00:01,0.21382467183202614,0,,,[nan],
2011-07-21 07:00:01,0.29020309124056576,0,,,[nan],
2011-07-21 08:00:01,0.2589843930312731,0,,,[nan],
2011-07-21 09:00:01,0.3172613224398036,0,,,[nan],
2011-07-21 10:00:01,0.4759947668062172,0,,,[nan],
2011-07-21 11:00:01,0.3747894978481278,0,,,[nan],
2011-07-21 12:00:01,0.6548863262516662,0,,,[nan],
2011-07-21 13:00:01,0.5196256961181633,0,,,[nan],
2011-07-21 14:00:01,0.4452322153669642,0,,,[nan],
2011-07-21 15:00:01,0.4167493452683827,0,,,[nan],
2011-07-21 16:00:01,0.3854281865494711,0,,,[nan],
2011-07-21 17:00:01,0.33021920452391995,0,,,[nan],
2011-07-21 18:00:01,0.3382783079287749,0,,,[nan],
2011-07-21 19:00:01,0.3053918645235481,0,,,[nan],
2011-07-21 20:00:01,0.28248881915121465,0,,,[nan],
2011-07-21 21:00:01,0.2949527779467481,0,,,[nan],
2011-07-21 22:00:01,0.2654044741358165,0,,,[nan],
2011-07-21 23:00:01,0.25950392901827835,0,,,[nan],
2011-07-22 00:00:01,0.2053393058888704,0,,,[nan],
2011-07-22 01:00:01,0.20795388732881895,0,,,[nan],
2011-07-22 02:00:01,0.17599152572678295,0,,,[nan],
2011-07-22 03:00:01,0.15225180380609474,0,,,[nan],
2011-07-22 04:00:01,0.21811019047890376,0,,,[nan],
2011-07-22 05:00:01,0.20123945405907667,0,,,[nan],
2011-07-22 06:00:01,0.22511205110791493,0,,,[nan],
2011-07-22 07:00:01,0.2708603588637902,0,,,[nan],
2011-07-22 08:00:01,0.4723038851700892,0,,,[nan],
2011-07-22 09:00:01,0.39417230541508863,0,,,[nan],
2011-07-22 10:00:01,0.6261065944552717,0,,,[nan],
2011-07-22 11:00:01,0.4534651777692966,0,,,[nan],
2011-07-22 12:00:01,0.5673922589236832,0,,,[nan],
2011-07-22 13:00:01,0.4869763836121959,0,,,[nan],
2011-07-22 14:00:01,0.4671397943685148,0,,,[nan],
2011-07-22 15:00:01,0.3582542647876452,0,,,[nan],
2011-07-22 16:00:01,0.3187490601990119,0,,,[nan],
2011-07-22 17:00:01,0.3149601731759716,0,,,[nan],
2011-07-22 18:00:01,0.31451906069516283,0,,,[nan],
2011-07-22 19:00:01,0.15737443984972335,0,,,[nan],
2011-07-22 20:00:01,0.3746901961714893,0,,,[nan],
2011-07-22 21:00:01,0.2712620645155835,0,,,[nan],
2011-07-22 22:00:01,0.2711950672190325,0,,,[nan],
2011-07-22 23:00:01,0.26879987812975337,0,,,[nan],
2011-07-23 00:00:01,0.2515077858690687,0,,,[nan],
2011-07-23 01:00:01,0.2794427066589603,0,,,[nan],
2011-07-23 02:00:01,0.20340870569126035,0,,,[nan],
2011-07-23 03:00:01,0.17153550323007793,0,,,[nan],
2011-07-23 04:00:01,0.256707174638703,0,,,[nan],
2011-07-23 05:00:01,0.25829536103847395,0,,,[nan],
2011-07-23 06:00:01,0.21329702304220602,0,,,[nan],
2011-07-23 07:00:01,0.3442424483699915,0,,,[nan],
2011-07-23 08:00:01,0.4691682144845869,0,,,[nan],
2011-07-23 09:00:01,0.4627423337123993,0,,,[nan],
2011-07-23 10:00:01,0.4846751435930983,0,,,[nan],
2011-07-23 11:00:01,0.5767411805029794,0,,,[nan],
2011-07-23 12:00:01,0.5899709199005115,0,,,[nan],
2011-07-23 13:00:01,0.5103741574403123,0,,,[nan],
2011-07-23 14:00:01,0.5593336139733027,0,,,[nan],
2011-07-23 15:00:01,0.4944217416144429,0,,,[nan],
2011-07-23 16:00:01,0.3875829884066087,0,,,[nan],
2011-07-23 17:00:01,0.30438688918747386,0,,,[nan],
2011-07-23 18:00:01,0.28800592257449803,0,,,[nan],
2011-07-23 19:00:01,0.2438572992071779,0,,,[nan],
2011-07-23 20:00:01,0.21812875437532198,0,,,[nan],
2011-07-23 21:00:01,0.1893151642381414,0,,,[nan],
2011-07-23 22:00:01,0.19387309849521367,0,,,[nan],
2011-07-23 23:00:01,0.1909318663802572,0,,,[nan],
2011-07-24 00:00:01,0.2007608131003955,0,,,[nan],
2011-07-24 01:00:01,0.16534074458010287,0,,,[nan],
2011-07-24 02:00:01,0.12202814576919635,0,,,[nan],
2011-07-24 03:00:01,0.10740098135816456,0,,,[nan],
2011-07-24 04:00:01,0.18418057975367091,0,,,[nan],
2011-07-24 05:00:01,0.20131826023321625,0,,,[nan],
2011-07-24 06:00:01,0.17285656388073165,0,,,[nan],
2011-07-24 07:00:01,0.2711531863654517,0,,,[nan],
2011-07-24 08:00:01,0.2751049569880193,0,,,[nan],
2011-07-24 09:00:01,0.4117077878474216,0,,,[nan],
2011-07-24 10:00:01,0.4128058820792813,0,,,[nan],
2011-07-24 11:00:01,0.5774811157932046,0,,,[nan],
2011-07-24 12:00:01,0.524607789928625,0,,,[nan],
2011-07-24 13:00:01,0.4884157236772163,0,,,[nan],
2011-07-24 14:00:01,0.5476230879982504,1,,,[nan],
2011-07-24 15:00:01,0.4419881173363655,1,,,[nan],
2011-07-24 16:00:01,0.345446105374756,1,,,[nan],
2011-07-24 17:00:01,0.2783866518809528,1,,,[nan],
2011-07-24 18:00:01,0.260597635684156,1,,,[nan],
2011-07-24 19:00:01,0.2018546828049317,1,,,[nan],
2011-07-24 20:00:01,0.20277389365087534,1,,,[nan],
2011-07-24 21:00:01,0.18851135405246508,1,,,[nan],
2011-07-24 22:00:01,0.18135806566468246,1,,,[nan],
2011-07-24 23:00:01,0.16769287444446035,1,,,[nan],
2011-07-25 00:00:01,0.16905627166973178,1,,,[nan],
2011-07-25 01:00:01,0.12840592397853642,1,,,[nan],
2011-07-25 02:00:01,0.10823156946303872,1,,,[nan],
2011-07-25 03:00:01,0.09912372715225792,1,,,[nan],
2011-07-25 04:00:01,0.13687349248003314,1,,,[nan],
2011-07-25 05:00:01,0.1618266782422151,1,,,[nan],
2011-07-25 06:00:01,0.14563831260378735,1,,,[nan],
2011-07-25 07:00:01,0.18042327692650212,1,,,[nan],
2011-07-25 08:00:01,0.35670545633740314,1,,,[nan],
2011-07-25 09:00:01,0.3306737155527662,1,,,[nan],
2011-07-25 10:00:01,0.3711208136851819,1,,,[nan],
2011-07-25 11:00:01,0.3891957565345353,1,,,[nan],
2011-07-25 12:00:01,0.4090169236652827,1,,,[nan],
2011-07-25 13:00:01,0.4033307793901945,1,,,[nan],
2011-07-25 14:00:01,0.4303240619781927,1,,,[nan],
2011-07-25 15:00:01,0.42351198109360205,1,,,[nan],
2011-07-25 16:00:01,0.14962545351491324,1,,,[nan],
2011-07-25 17:00:01,0.3810643437249333,1,,,[nan],
2011-07-25 18:00:01,0.22915844366491764,1,,,[nan],
2011-07-25 19:00:01,0.16107784509790646,1,,,[nan],
2011-07-25 20:00:01,0.22337027605326068,1,,,[nan],
2011-07-25 21:00:01,0.1907871289768675,1,,,[nan],
2011-07-25 22:00:01,0.1937101373423628,1,,,[nan],
2011-07-25 23:00:01,0.19480629851912493,1,,,[nan],
2011-07-26 00:00:01,0.1355742722221823,1,,,[nan],
2011-07-26 01:00:01,0.4266972683752426,1,,,[nan],
2011-07-26 02:00:01,0.13221630951488172,1,,,[nan],
2011-07-26 03:00:01,0.12211606252793727,1,,,[nan],
2011-07-26 04:00:01,0.12196061887648532,1,,,[nan],
2011-07-26 05:00:01,0.15445175396041014,1,,,[nan],
2011-07-26 06:00:01,0.0005698705270960168,1,,,[nan],
2011-07-26 07:00:01,0.2307369248189788,1,,,[nan],
2011-07-26 08:00:01,0.36353668210662426,1,,,[nan],
2011-07-26 09:00:01,0.31345554884061594,1,,,[nan],
2011-07-26 10:00:01,0.4975871839117718,1,,,[nan],
2011-07-26 11:00:01,0.4362002273679472,1,,,[nan],
2011-07-26 12:00:01,0.3794063372162675,1,,,[nan],
2011-07-26 13:00:01,0.3607516240408592,1,,,[nan],
2011-07-26 14:00:01,0.3991283736153581,1,,,[nan],
2011-07-26 15:00:01,0.2859360119831182,1,,,[nan],
2011-07-26 16:00:01,0.2663190414535612,1,,,[nan],
2011-07-26 17:00:01,0.2408385715685834,1,,,[nan],
2011-07-26 18:00:01,0.2464408721428964,1,,,[nan],
2011-07-26 19:00:01,0.1840617059645742,1,,,[nan],
2011-07-26 20:00:01,0.20761850805498255,1,,,[nan],
2011-07-26 21:00:01,0.18611065635479293,1,,,[nan],
2011-07-26 22:00:01,0.17822856858641478,1,,,[nan],
2011-07-26 23:00:01,0.186522742581686,1,,,[nan],
2011-07-27 00:00:01,0.1672505190449364,1,,,[nan],
2011-07-27 01:00:01,0.15287416120306066,1,,,[nan],
2011-07-27 02:00:01,0.13805506348220903,1,,,[nan],
2011-07-27 03:00:01,0.10196182077373596,1,,,[nan],
2011-07-27 04:00:01,0.14801051650558347,1,,,[nan],
2011-07-27 05:00:01,0.19903034629228428,1,,,[nan],
2011-07-27 06:00:01,0.14108123444452692,1,,,[nan],
2011-07-27 07:00:01,0.1989680283630762,1,,,[nan],
2011-07-27 08:00:01,0.2803598853420001,1,,,[nan],
2011-07-27 09:00:01,0.3436416859387159,1,,,[nan],
2011-07-27 10:00:01,0.4178470283295764,1,,,[nan],
2011-07-27 11:00:01,0.4672339979785359,1,,,[nan],
2011-07-27 12:00:01,0.4207476131010475,1,,,[nan],
2011-07-27 13:00:01,0.4260236575791572,1,,,[nan],
2011-07-27 14:00:01,0.4170019575466027,1,,,[nan],
2011-07-27 15:00:01,0.35551952013243715,1,,,[nan],
2011-07-27 16:00:01,0.3607196710021687,1,,,[nan],
2011-07-27 17:00:01,0.3055481526939968,1,,,[nan],
2011-07-27 18:00:01,0.31485353363416274,1,,,[nan],
2011-07-27 19:00:01,0.2464206248989441,1,,,[nan],
2011-07-27 20:00:01,0.2438040195477814,1,,,[nan],
2011-07-27 21:00:01,0.21373206745710696,1,,,[nan],
2011-07-27 22:00:01,0.2314967577414457,1,,,[nan],
2011-07-27 23:00:01,0.2026939909001612,0,,,[nan],
2011-07-28 00:00:01,0.1400013948234285,0,,,[nan],
2011-07-28 01:00:01,0.2100147879143032,0,,,[nan],
2011-07-28 02:00:01,0.14907038345382426,0,,,[nan],
2011-07-28 03:00:01,0.1288746867647125,0,,,[nan],
2011-07-28 04:00:01,0.1354321646940176,0,,,[nan],
2011-07-28 05:00:01,0.19295633409684668,0,,,[nan],
2011-07-28 06:00:01,0.15390500240734833,0,,,[nan],
2011-07-28 07:00:01,0.03351293968507192,0,,,[nan],
2011-07-28 08:00:01,0.4923729625098151,0,,,[nan],
2011-07-28 09:00:01,0.35227781616217496,0,,,[nan],
2011-07-28 10:00:01,0.582379649580053,0,,,[nan],
2011-07-28 11:00:01,0.4546387915557732,0,,,[nan],
2011-07-28 12:00:01,0.4244720680678565,0,,,[nan],
2011-07-28 13:00:01,0.3988795244529652,0,,,[nan],
2011-07-28 14:00:01,0.38413775113761095,0,,,[nan],
2011-07-28 15:00:01,0.3599539220968194,0,,,[nan],
2011-07-28 16:00:01,0.002740172773289559,0,,,[nan],
2011-07-28 17:00:01,0.002562527254728232,0,,,[nan],
2011-07-28 18:00:01,0.4326839339196805,0,,,[nan],
2011-07-28 19:00:01,0.2829543366876324,0,,,[nan],
2011-07-28 20:00:01,0.19197149407459405,0,,,[nan],
2011-07-28 21:00:01,0.2293587162256837,0,,,[nan],
2011-07-28 22:00:01,0.20986412139364,0,,,[nan],
2011-07-28 23:00:01,0.21390694178155809,0,,,[nan],
2011-07-29 00:00:01,0.20087588695741002,0,,,[nan],
2011-07-29 01:00:01,0.1864376971797325,0,,,[nan],
2011-07-29 02:00:01,0.14017982994460793,0,,,[nan],
2011-07-29 03:00:01,0.1271432007706569,0,,,[nan],
2011-07-29 04:00:01,0.13379718643803468,0,,,[nan],
2011-07-29 05:00:01,0.16039126437544593,0,,,[nan],
2011-07-29 06:00:01,0.15073212895594446,0,,,[nan],
2011-07-29 07:00:01,0.21253693873957427,0,,,[nan],
2011-07-29 08:00:01,0.4348602202128719,0,,,[nan],
2011-07-29 09:00:01,0.4725960235895447,0,,,[nan],
2011-07-29 10:00:01,0.4462830667977173,0,,,[nan],
2011-07-29 11:00:01,0.4708540730592334,0,,,[nan],
2011-07-29 12:00:01,0.4425543573623106,0,,,[nan],
2011-07-29 13:00:01,0.5057439363148439,0,,,[nan],
2011-07-29 14:00:01,0.4307247451245276,0,,,[nan],
2011-07-29 15:00:01,0.4065630961515904,0,,,[nan],
2011-07-29 16:00:01,0.16368292701353185,0,,,[nan],
2011-07-29 17:00:01,0.4027562094867202,0,,,[nan],
2011-07-29 18:00:01,0.25361381246465264,0,,,[nan],
2011-07-29 19:00:01,0.2474353012916137,0,,,[nan],
2011-07-29 20:00:01,0.05925788866693345,0,,,[nan],
2011-07-29 21:00:01,0.3187710154665989,0,,,[nan],
2011-07-29 22:00:01,0.20933076009030632,0,,,[nan],
2011-07-29 23:00:01,0.2594046043248204,0,,,[nan],
2011-07-30 00:00:01,0.21757545418225008,0,,,[nan],
2011-07-30 01:00:01,0.19880826016788575,0,,,[nan],
2011-07-30 02:00:01,0.1469480672237617,0,,,[nan],
2011-07-30 03:00:01,0.16277260265407242,0,,,[nan],
2011-07-30 04:00:01,0.19355086173298694,0,,,[nan],
2011-07-30 05:00:01,0.2833607567609889,0,,,[nan],
2011-07-30 06:00:01,0.22125393183631828,0,,,[nan],
2011-07-30 07:00:01,0.258154486246898,0,,,[nan],
2011-07-30 08:00:01,0.35725611139538044,0,,,[nan],
2011-07-30 09:00:01,0.3587344596394737,0,,,[nan],
2011-07-30 10:00:01,0.4178185213536408,0,,,[nan],
2011-07-30 11:00:01,0.549153413272684,0,,,[nan],
2011-07-30 12:00:01,0.45160888738179705,0,,,[nan],
2011-07-30 13:00:01,0.5338991910414063,0,,,[nan],
2011-07-30 14:00:01,0.43246000743730395,0,,,[nan],
2011-07-30 15:00:01,0.3904948625417353,0,,,[nan],
2011-07-30 16:00:01,0.29460851992434883,0,,,[nan],
2011-07-30 17:00:01,0.3028850608276802,0,,,[nan],
2011-07-30 18:00:01,0.3065907812109247,0,,,[nan],
2011-07-30 19:00:01,0.24995312837995284,0,,,[nan],
2011-07-30 20:00:01,0.22788775917210366,0,,,[nan],
2011-07-30 21:00:01,0.234025214499732,0,,,[nan],
2011-07-30 22:00:01,0.22309482271193184,0,,,[nan],
2011-07-30 23:00:01,0.2235146085872572,0,,,[nan],
2011-07-31 00:00:01,0.2459767227000809,0,,,[nan],
2011-07-31 01:00:01,0.20506343162764645,0,,,[nan],
2011-07-31 02:00:01,0.16032655901636655,0,,,[nan],
2011-07-31 03:00:01,0.1292179566670234,0,,,[nan],
2011-07-31 04:00:01,0.18523191840802,0,,,[nan],
2011-07-31 05:00:01,0.2450053254194529,0,,,[nan],
2011-07-31 06:00:01,0.20145511495536567,0,,,[nan],
2011-07-31 07:00:01,0.24093047503416026,0,,,[nan],
2011-07-31 08:00:01,0.2664089394569625,0,,,[nan],
2011-07-31 09:00:01,0.3183708098631333,0,,,[nan],
2011-07-31 10:00:01,0.3092959894031985,0,,,[nan],
2011-07-31 11:00:01,0.4547086030571464,0,,,[nan],
2011-07-31 12:00:01,0.40152434987472413,0,,,[nan],
2011-07-31 13:00:01,0.4069305476155466,0,,,[nan],
2011-07-31 14:00:01,0.4321196390185822,0,,,[nan],
2011-07-31 15:00:01,0.41302215097943146,0,,,[nan],
2011-07-31 16:00:01,0.3579994977699699,0,,,[nan],
2011-07-31 17:00:01,0.2628523103874611,0,,,[nan],
2011-07-31 18:00:01,0.2196515335952081,0,,,[nan],
2011-07-31 19:00:01,0.21888192188966335,0,,,[nan],
2011-07-31 20:00:01,0.2105817081894454,0,,,[nan],
2011-07-31 21:00:01,0.13977111792045993,0,,,[nan],
2011-07-31 22:00:01,0.2583916990684144,0,,,[nan],
2011-07-31 23:00:01,0.1749329341617048,0,,,[nan],
2011-08-01 00:00:01,0.17455746286225746,0,,,[nan],
2011-08-01 01:00:01,0.13901581662270104,0,,,[nan],
2011-08-01 02:00:01,0.12946429994931405,0,,,[nan],
2011-08-01 03:00:01,0.08315507594679265,0,,,[nan],
2011-08-01 04:00:01,0.1076710452558498,0,,,[nan],
2011-08-01 05:00:01,0.11733253023954812,0,,,[nan],
2011-08-01 06:00:01,0.14178766325959732,0,,,[nan],
2011-08-01 07:00:01,0.2078570752991075,0,,,[nan],
2011-08-01 08:00:01,0.34358633041947106,0,,,[nan],
2011-08-01 09:00:01,0.19771819416592015,0,,,[nan],
2011-08-01 10:00:01,0.4644962207156055,0,,,[nan],
2011-08-01 11:00:01,0.4831587166329044,0,,,[nan],
2011-08-01 12:00:01,0.3926951898466931,0,,,[nan],
2011-08-01 13:00:01,0.4258952413175624,0,,,[nan],
2011-08-01 14:00:01,0.341919615251895,0,,,[nan],
2011-08-01 15:00:01,0.35794229845240233,0,,,[nan],
2011-08-01 16:00:01,0.2746650607956026,0,,,[nan],
2011-08-01 17:00:01,0.3005618086830198,0,,,[nan],
2011-08-01 18:00:01,0.3075405595509602,0,,,[nan],
2011-08-01 19:00:01,0.2462665517044285,0,,,[nan],
2011-08-01 20:00:01,0.21782601196196552,0,,,[nan],
2011-08-01 21:00:01,0.20626819647668526,0,,,[nan],
2011-08-01 22:00:01,0.19266516690116284,0,,,[nan],
2011-08-01 23:00:01,0.18284250868302326,0,,,[nan],
2011-08-02 00:00:01,0.1663321416129831,0,,,[nan],
2011-08-02 01:00:01,0.12335406577164244,0,,,[nan],
2011-08-02 02:00:01,0.16375763573046895,0,,,[nan],
2011-08-02 03:00:01,0.09732545193019773,0,,,[nan],
2011-08-02 04:00:01,0.11650927155311296,0,,,[nan],
2011-08-02 05:00:01,0.1545205456678798,0,,,[nan],
2011-08-02 06:00:01,0.16305241765889875,0,,,[nan],
2011-08-02 07:00:01,0.27716774088346197,0,,,[nan],
2011-08-02 08:00:01,0.3812914229835329,0,,,[nan],
2011-08-02 09:00:01,0.4486606702444125,0,,,[nan],
2011-08-02 10:00:01,0.4250093892222159,0,,,[nan],
2011-08-02 11:00:01,0.5525046372961322,0,,,[nan],
2011-08-02 12:00:01,0.4413312847731606,0,,,[nan],
2011-08-02 13:00:01,0.4717580609345414,0,,,[nan],
2011-08-02 14:00:01,0.4297701715995051,0,,,[nan],
2011-08-02 15:00:01,0.4123760911563713,0,,,[nan],
2011-08-02 16:00:01,0.36878027815733744,0,,,[nan],
2011-08-02 17:00:01,0.32153450777249826,0,,,[nan],
2011-08-02 18:00:01,0.2937061786878305,0,,,[nan],
2011-08-02 19:00:01,0.2762544642610779,0,,,[nan],
2011-08-02 20:00:01,0.29058764564847656,0,,,[nan],
2011-08-02 21:00:01,0.3014973341506581,0,,,[nan],
2011-08-02 22:00:01,0.28240133793573674,0,,,[nan],
2011-08-02 23:00:01,0.22395367721788506,0,,,[nan],
2011-08-03 00:00:01,0.1787742106444838,0,,,[nan],
2011-08-03 01:00:01,0.1627907577184217,0,,,[nan],
2011-08-03 02:00:01,0.12711938244890186,0,,,[nan],
2011-08-03 03:00:01,0.0973923766874232,0,,,[nan],
2011-08-03 04:00:01,0.12165614647970535,0,,,[nan],
2011-08-03 05:00:01,0.16551005931892934,0,,,[nan],
2011-08-03 06:00:01,0.14589954412715792,0,,,[nan],
2011-08-03 07:00:01,0.21340565313454132,0,,,[nan],
2011-08-03 08:00:01,0.3444940861819911,0,,,[nan],
2011-08-03 09:00:01,0.1846621024263277,0,,,[nan],
2011-08-03 10:00:01,0.6579765038577021,0,,,[nan],
2011-08-03 11:00:01,0.4450890023844992,0,,,[nan],
2011-08-03 12:00:01,0.4220881799762304,0,,,[nan],
2011-08-03 13:00:01,0.4643867134067273,0,,,[nan],
2011-08-03 14:00:01,0.4307945098501522,0,,,[nan],
2011-08-03 15:00:01,0.3930010872197878,0,,,[nan],
2011-08-03 16:00:01,0.3596583637187956,0,,,[nan],
2011-08-03 17:00:01,0.2757008637656829,0,,,[nan],
2011-08-03 18:00:01,0.2539604864738774,0,,,[nan],
2011-08-03 19:00:01,0.30072047041254746,0,,,[nan],
2011-08-03 20:00:01,0.2476809203489958,0,,,[nan],
2011-08-03 21:00:01,0.22441463808148765,0,,,[nan],
2011-08-03 22:00:01,0.2215871237606843,0,,,[nan],
2011-08-03 23:00:01,0.18749881117110606,0,,,[nan],
2011-08-04 00:00:01,0.1500644540198657,0,,,[nan],
2011-08-04 01:00:01,0.1470055258630199,0,,,[nan],
2011-08-04 02:00:01,0.1215832768201513,0,,,[nan],
2011-08-04 03:00:01,0.09193048377342627,0,,,[nan],
2011-08-04 04:00:01,0.11808111805569214,0,,,[nan],
2011-08-04 05:00:01,0.12735507876628244,0,,,[nan],
2011-08-04 06:00:01,0.11886648099984642,0,,,[nan],
2011-08-04 07:00:01,0.2176970958133378,0,,,[nan],
2011-08-04 08:00:01,0.4809611848820283,0,,,[nan],
2011-08-04 09:00:01,0.4215139963903569,0,,,[nan],
2011-08-04 10:00:01,0.397281404502176,0,,,[nan],
2011-08-04 11:00:01,0.5081527594768651,0,,,[nan],
2011-08-04 12:00:01,0.5226830335532379,0,,,[nan],
2011-08-04 13:00:01,0.4473969838484781,0,,,[nan],
2011-08-04 14:00:01,0.4209212371104229,0,,,[nan],
2011-08-04 15:00:01,0.3918370150932944,0,,,[nan],
2011-08-04 16:00:01,0.3585449364052898,0,,,[nan],
2011-08-04 17:00:01,0.2636578432011116,0,,,[nan],
2011-08-04 18:00:01,0.29186671097512,0,,,[nan],
2011-08-04 19:00:01,0.2393560689598381,0,,,[nan],
2011-08-04 20:00:01,0.24471148456977715,0,,,[nan],
2011-08-04 21:00:01,0.2363217122586365,0,,,[nan],
2011-08-04 22:00:01,0.2271168925323257,0,,,[nan],
2011-08-04 23:00:01,0.2106035013945336,0,,,[nan],
2011-08-05 00:00:01,0.1629824521155206,0,,,[nan],
2011-08-05 01:00:01,0.1497041782948356,0,,,[nan],
2011-08-05 02:00:01,0.12035605167976104,0,,,[nan],
2011-08-05 03:00:01,0.0948733403331434,0,,,[nan],
2011-08-05 04:00:01,0.12284080230368495,0,,,[nan],
2011-08-05 05:00:01,0.18125275354790985,0,,,[nan],
2011-08-05 06:00:01,0.17516230468987715,0,,,[nan],
2011-08-05 07:00:01,0.3202686039088545,0,,,[nan],
2011-08-05 08:00:01,0.4805645703980859,0,,,[nan],
2011-08-05 09:00:01,0.5287167629932465,0,,,[nan],
2011-08-05 10:00:01,0.4441398482853057,0,,,[nan],
2011-08-05 11:00:01,0.5391339804071708,0,,,[nan],
2011-08-05 12:00:01,0.4305477881965437,0,,,[nan],
2011-08-05 13:00:01,0.4719165609621594,0,,,[nan],
2011-08-05 14:00:01,0.44738936269147217,0,,,[nan],
2011-08-05 15:00:01,0.40641413699142026,0,,,[nan],
2011-08-05 16:00:01,0.3602016442875348,0,,,[nan],
2011-08-05 17:00:01,0.3162618754037193,0,,,[nan],
2011-08-05 18:00:01,0.25555763350831395,0,,,[nan],
2011-08-05 19:00:01,0.2603446307518597,0,,,[nan],
2011-08-05 20:00:01,0.23910827636954704,0,,,[nan],
2011-08-05 21:00:01,0.2289725945257387,0,,,[nan],
2011-08-05 22:00:01,0.2338900207971272,0,,,[nan],
2011-08-05 23:00:01,0.20507092213813305,0,,,[nan],
2011-08-06 00:00:01,0.2374416422983929,0,,,[nan],
2011-08-06 01:00:01,0.1508223506942602,0,,,[nan],
2011-08-06 02:00:01,0.13050462517924816,0,,,[nan],
2011-08-06 03:00:01,0.1875983521286662,0,,,[nan],
2011-08-06 04:00:01,0.2743593975295924,0,,,[nan],
2011-08-06 05:00:01,0.3627071335633642,0,,,[nan],
2011-08-06 06:00:01,0.2603117787927705,0,,,[nan],
2011-08-06 07:00:01,0.4756790624574856,0,,,[nan],
2011-08-06 08:00:01,0.5520272063749956,0,,,[nan],
2011-08-06 09:00:01,0.4087919152763192,0,,,[nan],
2011-08-06 10:00:01,0.3994820561462016,0,,,[nan],
2011-08-06 11:00:01,0.5083742654626723,0,,,[nan],
2011-08-06 12:00:01,0.7141889504399024,0,,,[nan],
2011-08-06 13:00:01,0.5001966180556351,0,,,[nan],
2011-08-06 14:00:01,0.5328539712047093,0,,,[nan],
2011-08-06 15:00:01,0.3858005919014395,0,,,[nan],
2011-08-06 16:00:01,0.4254973676950496,0,,,[nan],
2011-08-06 17:00:01,0.3516142881496708,0,,,[nan],
2011-08-06 18:00:01,0.33186120078815795,0,,,[nan],
2011-08-06 19:00:01,0.2857178020102308,0,,,[nan],
2011-08-06 20:00:01,0.3288255352317896,0,,,[nan],
2011-08-06 21:00:01,0.2947491023303903,0,,,[nan],
2011-08-06 22:00:01,0.37522407292522936,0,,,[nan],
2011-08-06 23:00:01,0.29352839026297306,0,,,[nan],
2011-08-07 00:00:01,0.2851845686570843,0,,,[nan],
2011-08-07 01:00:01,0.24508357644411996,0,,,[nan],
2011-08-07 02:00:01,0.2095481375330752,0,,,[nan],
2011-08-07 03:00:01,0.2030215122211864,0,,,[nan],
2011-08-07 04:00:01,0.24289862091992895,0,,,[nan],
2011-08-07 05:00:01,0.3133020416113467,0,,,[nan],
2011-08-07 06:00:01,0.2524117447735536,0,,,[nan],
2011-08-07 07:00:01,0.4202678703301123,0,,,[nan],
2011-08-07 08:00:01,0.6706658684305551,0,,,[nan],
2011-08-07 09:00:01,0.4654670509996446,0,,,[nan],
2011-08-07 10:00:01,0.5428690759833857,0,,,[nan],
2011-08-07 11:00:01,0.21557258436649004,0,,,[nan],
2011-08-07 12:00:01,0.5947544278857576,0,,,[nan],
2011-08-07 13:00:01,0.5586584533723334,0,,,[nan],
2011-08-07 14:00:01,0.4700821456030568,0,,,[nan],
2011-08-07 15:00:01,0.4617582618165556,0,,,[nan],
2011-08-07 16:00:01,0.3262168344778903,0,,,[nan],
2011-08-07 17:00:01,0.3103757040121032,0,,,[nan],
2011-08-07 18:00:01,0.2810259656754543,0,,,[nan],
2011-08-07 19:00:01,0.2428399440104651,0,,,[nan],
2011-08-07 20:00:01,0.2553839797089406,0,,,[nan],
2011-08-07 21:00:01,0.16908873563195906,0,,,[nan],
2011-08-07 22:00:01,0.1932408274547993,0,,,[nan],
2011-08-07 23:00:01,0.1725742768712105,0,,,[nan],
2011-08-08 00:00:01,0.1503594939057846,0,,,[nan],
2011-08-08 01:00:01,0.13956059541018204,0,,,[nan],
2011-08-08 02:00:01,0.11526985129269585,0,,,[nan],
2011-08-08 03:00:01,0.08898380783587767,0,,,[nan],
2011-08-08 04:00:01,0.119294442870535,0,,,[nan],
2011-08-08 05:00:01,0.16509863997945218,0,,,[nan],
2011-08-08 06:00:01,0.1560368849325835,0,,,[nan],
2011-08-08 07:00:01,0.295605435168332,0,,,[nan],
2011-08-08 08:00:01,0.5121846799203666,0,,,[nan],
2011-08-08 09:00:01,0.4061243520293836,0,,,[nan],
2011-08-08 10:00:01,0.4798909163750588,0,,,[nan],
2011-08-08 11:00:01,0.6108995964495226,0,,,[nan],
2011-08-08 12:00:01,0.5250597610183371,0,,,[nan],
2011-08-08 13:00:01,0.4517254730857329,0,,,[nan],
2011-08-08 14:00:01,0.4639761460501585,0,,,[nan],
2011-08-08 15:00:01,0.4155950432927083,0,,,[nan],
2011-08-08 16:00:01,0.3533917839504087,0,,,[nan],
2011-08-08 17:00:01,0.2953245173322778,0,,,[nan],
2011-08-08 19:00:01,0.28836758907409743,0,,,[nan],
2011-08-08 20:00:01,0.1761109957953582,0,,,[nan],
2011-08-08 21:00:01,0.2169808707746589,0,,,[nan],
2011-08-08 22:00:01,0.21749900749374396,0,,,[nan],
2011-08-08 23:00:01,0.2131799298655436,0,,,[nan],
2011-08-09 00:00:01,0.15814298073846472,1,,,[nan],
2011-08-09 01:00:01,0.1295433085072491,1,,,[nan],
2011-08-09 02:00:01,0.12467420102570476,1,,,[nan],
2011-08-09 03:00:01,0.11446170170110613,1,,,[nan],
2011-08-09 04:00:01,0.11215873336452616,1,,,[nan],
2011-08-09 05:00:01,0.15431063320226496,1,,,[nan],
2011-08-09 06:00:01,0.16916395133449427,1,,,[nan],
2011-08-09 07:00:01,0.2887263867553055,1,,,[nan],
2011-08-09 08:00:01,0.5236673906913338,1,,,[nan],
2011-08-09 09:00:01,0.4192208179380555,1,,,[nan],
2011-08-09 10:00:01,0.5039526037512105,1,,,[nan],
2011-08-09 11:00:01,0.4418382648063969,1,,,[nan],
2011-08-09 12:00:01,0.4569987007616362,1,,,[nan],
2011-08-09 13:00:01,0.4168363729653674,1,,,[nan],
2011-08-09 14:00:01,0.3271349414194012,1,,,[nan],
2011-08-09 15:00:01,0.15587207560486516,1,,,[nan],
2011-08-09 16:00:01,0.4290436632534809,1,,,[nan],
2011-08-09 17:00:01,0.4644259885721526,1,,,[nan],
2011-08-09 18:00:01,0.2866218180704866,1,,,[nan],
2011-08-09 19:00:01,0.2492351438580364,1,,,[nan],
2011-08-09 20:00:01,0.2575374415223218,1,,,[nan],
2011-08-09 21:00:01,0.2449013650822364,1,,,[nan],
2011-08-09 22:00:01,0.2791289858421093,1,,,[nan],
2011-08-09 23:00:01,0.19172771024797267,1,,,[nan],
2011-08-10 00:00:01,0.17173997915091396,1,,,[nan],
2011-08-10 01:00:01,0.17397379776154212,1,,,[nan],
2011-08-10 02:00:01,0.14477035863726775,1,,,[nan],
2011-08-10 03:00:01,0.11537353810157712,1,,,[nan],
2011-08-10 04:00:01,0.12596603830382086,1,,,[nan],
2011-08-10 05:00:01,0.18151986358428013,1,,,[nan],
2011-08-10 06:00:01,0.2350994836033583,1,,,[nan],
2011-08-10 07:00:01,0.292030745602098,1,,,[nan],
2011-08-10 08:00:01,0.3364723624429745,1,,,[nan],
2011-08-10 09:00:01,0.4917747700655074,1,,,[nan],
2011-08-10 10:00:01,0.4345643061901656,1,,,[nan],
2011-08-10 11:00:01,0.5195494008818894,1,,,[nan],
2011-08-10 12:00:01,0.42804779821848415,1,,,[nan],
2011-08-10 13:00:01,0.4585621925497951,1,,,[nan],
2011-08-10 14:00:01,0.4617604399562537,1,,,[nan],
2011-08-10 15:00:01,0.5585726858719012,1,,,[nan],
2011-08-10 17:00:01,0.9017258748550336,1,,,[nan],
2011-08-10 18:00:01,0.6249950462416787,1,,,[nan],
2011-08-10 19:00:01,0.17318343545231915,1,,,[nan],
2011-08-10 20:00:01,0.1995527561154847,1,,,[nan],
2011-08-10 21:00:01,0.3186998381331555,1,,,[nan],
2011-08-10 22:00:01,0.2832023307141019,1,,,[nan],
2011-08-10 23:00:01,0.2266846047174044,1,,,[nan],
2011-08-11 00:00:01,0.2014336789657588,1,,,[nan],
2011-08-11 01:00:01,0.17652593067428587,1,,,[nan],
2011-08-11 02:00:01,0.14689117897481724,1,,,[nan],
2011-08-11 03:00:01,0.12965270461668918,1,,,[nan],
2011-08-11 04:00:01,0.15208090213596542,1,,,[nan],
2011-08-11 05:00:01,0.20022261028064056,1,,,[nan],
2011-08-11 06:00:01,0.27195393933770995,1,,,[nan],
2011-08-11 07:00:01,0.4152066877843681,1,,,[nan],
2011-08-11 08:00:01,0.4386627713726619,1,,,[nan],
2011-08-11 09:00:01,0.5483365321518836,1,,,[nan],
2011-08-11 10:00:01,0.6454583992360533,1,,,[nan],
2011-08-11 11:00:01,0.5163555016934218,1,,,[nan],
2011-08-11 12:00:01,0.6198189255013401,1,,,[nan],
2011-08-11 13:00:01,0.4899206634425171,1,,,[nan],
2011-08-11 14:00:01,0.5398728829555802,1,,,[nan],
2011-08-11 15:00:01,0.4528092691441521,1,,,[nan],
2011-08-11 16:00:01,0.3899283788925752,1,,,[nan],
2011-08-11 17:00:01,0.35186427278375226,1,,,[nan],
2011-08-11 18:00:01,0.033954741419152584,1,,,[nan],
2011-08-11 19:00:01,0.3077043450783338,1,,,[nan],
2011-08-11 20:00:01,0.3261246215049751,1,,,[nan],
2011-08-11 21:00:01,0.3775420864238994,1,,,[nan],
2011-08-11 22:00:01,0.2998358974118637,1,,,[nan],
2011-08-11 23:00:01,0.2864351261553173,1,,,[nan],
2011-08-12 00:00:01,0.25425427048365457,1,,,[nan],
2011-08-12 01:00:01,0.2216736301959724,1,,,[nan],
2011-08-12 02:00:01,0.18464048502418587,1,,,[nan],
2011-08-12 03:00:01,0.13154635838737802,1,,,[nan],
2011-08-12 04:00:01,0.20231569178388628,1,,,[nan],
2011-08-12 05:00:01,0.24585315499163002,1,,,[nan],
2011-08-12 06:00:01,0.2370335894751163,1,,,[nan],
2011-08-12 07:00:01,0.2630044691719109,1,,,[nan],
2011-08-12 08:00:01,1.0,1,,,[nan],
2011-08-12 09:00:01,0.5236409702530643,1,,,[nan],
2011-08-12 10:00:01,0.5282720668387489,0,,,[nan],
2011-08-12 11:00:01,0.5799868892913611,0,,,[nan],
2011-08-12 12:00:01,0.5493944910674454,0,,,[nan],
2011-08-12 13:00:01,0.561228950858427,0,,,[nan],
2011-08-12 14:00:01,0.5256041056173811,0,,,[nan],
2011-08-12 15:00:01,0.4669709712935743,0,,,[nan],
2011-08-12 16:00:01,0.3899628403992376,0,,,[nan],
2011-08-12 17:00:01,0.3222569361132677,0,,,[nan],
2011-08-12 18:00:01,0.2717888466743905,0,,,[nan],
2011-08-12 19:00:01,0.3075012555184169,0,,,[nan],
2011-08-12 20:00:01,0.2896146529850574,0,,,[nan],
2011-08-12 21:00:01,0.24308602947907024,0,,,[nan],
2011-08-12 22:00:01,0.2348329341918986,0,,,[nan],
2011-08-12 23:00:01,0.2376233825157252,0,,,[nan],
2011-08-13 00:00:01,0.2393388188650337,0,,,[nan],
2011-08-13 01:00:01,0.24530878200498504,0,,,[nan],
2011-08-13 02:00:01,0.21467002658519996,0,,,[nan],
2011-08-13 03:00:01,0.15097744577485805,0,,,[nan],
2011-08-13 04:00:01,0.20038914586505946,0,,,[nan],
2011-08-13 05:00:01,0.2352892852390649,0,,,[nan],
2011-08-13 06:00:01,0.2686101351378429,0,,,[nan],
2011-08-13 07:00:01,0.4037256264246365,0,,,[nan],
2011-08-13 08:00:01,0.5165556898144664,0,,,[nan],
2011-08-13 09:00:01,0.5859479740338247,0,,,[nan],
2011-08-13 10:00:01,0.6222831137263278,0,,,[nan],
2011-08-13 11:00:01,0.6045697063218942,0,,,[nan],
2011-08-13 12:00:01,0.7809669088837337,0,,,[nan],
2011-08-13 13:00:01,0.8008882147462049,0,,,[nan],
2011-08-13 14:00:01,0.6957249331262796,0,,,[nan],
2011-08-13 15:00:01,0.5143197991791749,0,,,[nan],
2011-08-13 16:00:01,0.4333851017503057,0,,,[nan],
2011-08-13 17:00:01,0.35574035625382666,0,,,[nan],
2011-08-13 18:00:01,0.3033898527017854,0,,,[nan],
2011-08-13 19:00:01,0.2917827781364977,0,,,[nan],
2011-08-13 20:00:01,0.25973951541112744,0,,,[nan],
2011-08-13 21:00:01,0.2477422229674044,0,,,[nan],
2011-08-13 22:00:01,0.27253892395523543,0,,,[nan],
2011-08-13 23:00:01,0.2647375415739869,0,,,[nan],
2011-08-14 00:00:01,0.2906480149601649,0,,,[nan],
2011-08-14 01:00:01,0.27342239577731275,0,,,[nan],
2011-08-14 02:00:01,0.2534320508441139,0,,,[nan],
2011-08-14 03:00:01,0.2484490830481411,0,,,[nan],
2011-08-14 04:00:01,0.26602649396703537,0,,,[nan],
2011-08-14 05:00:01,0.3401946472211254,0,,,[nan],
2011-08-14 06:00:01,0.3755007448621505,0,,,[nan],
2011-08-14 07:00:01,0.4891608855922053,0,,,[nan],
2011-08-14 08:00:01,0.5063235672108449,0,,,[nan],
2011-08-14 09:00:01,0.4526749857438166,0,,,[nan],
2011-08-14 10:00:01,0.5727347751856905,0,,,[nan],
2011-08-14 11:00:01,0.6132598150685333,0,,,[nan],
2011-08-14 12:00:01,0.6635804229648249,0,,,[nan],
2011-08-14 13:00:01,0.6643132705883779,0,,,[nan],
2011-08-14 14:00:01,0.6704208871175584,0,,,[nan],
2011-08-14 15:00:01,0.5870462469837903,0,,,[nan],
2011-08-14 16:00:01,0.4871333706949507,0,,,[nan],
2011-08-14 17:00:01,0.3838896470914676,0,,,[nan],
2011-08-14 18:00:01,0.3560164210431671,0,,,[nan],
2011-08-14 19:00:01,0.2709901827677285,0,,,[nan],
2011-08-14 20:00:01,0.24540412094588415,0,,,[nan],
2011-08-14 21:00:01,0.2348591657147132,0,,,[nan],
2011-08-14 22:00:01,0.23979116062334485,0,,,[nan],
2011-08-14 23:00:01,0.20424795653747946,0,,,[nan],
2011-08-15 00:00:01,0.20825442566574154,0,,,[nan],
2011-08-15 01:00:01,0.2469974229279655,0,,,[nan],
2011-08-15 02:00:01,0.1066361058532014,0,,,[nan],
2011-08-15 03:00:01,0.12321391195110926,0,,,[nan],
2011-08-15 04:00:01,0.17504642134525197,0,,,[nan],
2011-08-15 05:00:01,0.2770594341483263,0,,,[nan],
2011-08-15 06:00:01,0.3370910454195488,0,,,[nan],
2011-08-15 07:00:01,0.35136892159513244,0,,,[nan],
2011-08-15 08:00:01,0.5858516490926071,0,,,[nan],
2011-08-15 09:00:01,0.5433198182164111,0,,,[nan],
2011-08-15 10:00:01,0.5431909370744323,0,,,[nan],
2011-08-15 11:00:01,0.7257313570845964,0,,,[nan],
2011-08-15 12:00:01,0.5154793400187154,0,,,[nan],
2011-08-15 13:00:01,0.5934749360182133,0,,,[nan],
2011-08-15 14:00:01,0.5494417645148306,0,,,[nan],
2011-08-15 15:00:01,0.6412618700494884,0,,,[nan],
2011-08-15 16:00:01,0.4426621382146894,0,,,[nan],
2011-08-15 17:00:01,0.3603458897054576,0,,,[nan],
2011-08-15 18:00:01,0.35889642041886244,0,,,[nan],
2011-08-15 19:00:01,0.28033158633090594,0,,,[nan],
2011-08-15 20:00:01,0.2797144300006341,0,,,[nan],
2011-08-15 21:00:01,0.27254161709055985,0,,,[nan],
2011-08-16 00:00:01,0.6114627054078579,0,,,[nan],
2011-08-16 01:00:01,0.10565405153399923,0,,,[nan],
2011-08-16 02:00:01,0.15878035401938811,0,,,[nan],
2011-08-16 03:00:01,0.12938084208186545,0,,,[nan],
2011-08-16 04:00:01,0.16919298084988718,0,,,[nan],
2011-08-16 05:00:01,0.20300777095639908,0,,,[nan],
2011-08-16 06:00:01,0.2315089588468732,0,,,[nan],
2011-08-16 07:00:01,0.3779866264822702,0,,,[nan],
2011-08-16 08:00:01,0.5418139226508529,0,,,[nan],
2011-08-16 09:00:01,0.5853984123109247,0,,,[nan],
2011-08-16 10:00:01,0.5373160250585778,0,,,[nan],
2011-08-16 11:00:01,0.6177006702813768,0,,,[nan],
2011-08-16 12:00:01,0.6509794569607132,0,,,[nan],
2011-08-16 13:00:01,0.6176109960792486,0,,,[nan],
2011-08-16 14:00:01,0.7241932751524787,0,,,[nan],
2011-08-16 15:00:01,0.5207639163861434,0,,,[nan],
2011-08-16 16:00:01,0.3943845799561097,0,,,[nan],
2011-08-16 17:00:01,0.32858857128439045,0,,,[nan],
2011-08-16 18:00:01,0.2755821778511845,0,,,[nan],
2011-08-16 19:00:01,0.2771542383725081,0,,,[nan],
2011-08-16 20:00:01,0.2393180127962627,0,,,[nan],
2011-08-16 21:00:01,0.2408585400494724,0,,,[nan],
2011-08-16 22:00:01,0.22112610651291453,0,,,[nan],
2011-08-16 23:00:01,0.2064975313179413,0,,,[nan],
2011-08-17 00:00:01,0.2240422719386028,0,,,[nan],
2011-08-17 01:00:01,0.18545827196986,0,,,[nan],
2011-08-17 02:00:01,0.1858285295039737,0,,,[nan],
2011-08-17 03:00:01,0.19374881445580894,0,,,[nan],
2011-08-17 04:00:01,0.1402239181779625,0,,,[nan],
2011-08-17 05:00:01,0.2546311739911811,0,,,[nan],
2011-08-17 06:00:01,0.25242726815212035,0,,,[nan],
2011-08-17 07:00:01,0.3790705453845906,0,,,[nan],
2011-08-17 08:00:01,0.4348432273342594,0,,,[nan],
2011-08-17 09:00:01,0.6199730970244467,0,,,[nan],
2011-08-17 10:00:01,0.5524640993310617,0,,,[nan],
2011-08-17 11:00:01,0.4606510756165837,0,,,[nan],
2011-08-17 12:00:01,0.4855790549273966,0,,,[nan],
2011-08-17 13:00:01,0.5253416556202004,0,,,[nan],
2011-08-17 14:00:01,0.5028954169608877,0,,,[nan],
2011-08-17 15:00:01,0.4747736441789474,0,,,[nan],
2011-08-17 16:00:01,0.4222779240670342,0,,,[nan],
2011-08-17 17:00:01,0.3285966158321364,0,,,[nan],
2011-08-17 18:00:01,0.3385377429756881,0,,,[nan],
2011-08-17 19:00:01,0.3472945443133704,0,,,[nan],
2011-08-17 20:00:01,0.2888324846730677,0,,,[nan],
2011-08-17 21:00:01,0.29716334626640656,0,,,[nan],
2011-08-17 22:00:01,0.251895719636436,0,,,[nan],
2011-08-17 23:00:01,0.19363216028178265,0,,,[nan],
2011-08-18 00:00:01,0.19165565825636224,0,,,[nan],
2011-08-18 01:00:01,0.1674021486223582,0,,,[nan],
2011-08-18 02:00:01,0.1595977287031142,0,,,[nan],
2011-08-18 03:00:01,0.11964073271522878,0,,,[nan],
2011-08-18 04:00:01,0.14098490048477302,0,,,[nan],
2011-08-18 05:00:01,0.1764373232691999,0,,,[nan],
2011-08-18 06:00:01,0.1821061367336308,0,,,[nan],
2011-08-18 07:00:01,0.3399089689945661,0,,,[nan],
2011-08-18 08:00:01,0.5359968999176924,0,,,[nan],
2011-08-18 09:00:01,0.5909766077542371,0,,,[nan],
2011-08-18 10:00:01,0.6194922869702923,0,,,[nan],
2011-08-18 11:00:01,0.5251167662256815,0,,,[nan],
2011-08-18 12:00:01,0.5337795483029198,0,,,[nan],
2011-08-18 13:00:01,0.4490402151669707,0,,,[nan],
2011-08-18 14:00:01,0.43496511305856495,0,,,[nan],
2011-08-18 15:00:01,0.4894439144260532,0,,,[nan],
2011-08-18 16:00:01,0.4191201769207621,0,,,[nan],
2011-08-18 17:00:01,0.4170923486600528,0,,,[nan],
2011-08-18 18:00:01,0.3655427871612722,0,,,[nan],
2011-08-18 19:00:01,0.3229938190737279,0,,,[nan],
2011-08-18 20:00:01,0.2647654782585566,0,,,[nan],
2011-08-18 21:00:01,0.2744019338259247,0,,,[nan],
2011-08-18 22:00:01,0.253935791312343,0,,,[nan],
2011-08-18 23:00:01,0.21265370140148374,0,,,[nan],
2011-08-19 00:00:01,0.19316336361734493,0,,,[nan],
2011-08-19 01:00:01,0.16652576208173656,0,,,[nan],
2011-08-19 02:00:01,0.1583073716275985,0,,,[nan],
2011-08-19 03:00:01,0.11825601571664072,0,,,[nan],
2011-08-19 04:00:01,0.18401732493562206,0,,,[nan],
2011-08-19 05:00:01,0.18350313530422632,0,,,[nan],
2011-08-19 06:00:01,0.2296730638246269,0,,,[nan],
2011-08-19 07:00:01,0.445498019710697,0,,,[nan],
2011-08-19 08:00:01,0.5497763894683537,0,,,[nan],
2011-08-19 09:00:01,0.6224811563995118,0,,,[nan],
2011-08-19 10:00:01,0.5632561912873406,0,,,[nan],
2011-08-19 11:00:01,0.6016910660222161,0,,,[nan],
2011-08-19 12:00:01,0.6225188254558056,0,,,[nan],
2011-08-19 13:00:01,0.8182872172427453,0,,,[nan],
2011-08-19 14:00:01,0.5408763752110002,0,,,[nan],
2011-08-19 15:00:01,0.5217690581869496,0,,,[nan],
2011-08-19 16:00:01,0.4119301653355264,0,,,[nan],
2011-08-19 17:00:01,0.3111248883560471,0,,,[nan],
2011-08-19 18:00:01,0.2733901741576855,0,,,[nan],
2011-08-19 19:00:01,0.3171581939895438,0,,,[nan],
2011-08-19 20:00:01,0.254121363156504,0,,,[nan],
2011-08-19 21:00:01,0.24037636361332534,0,,,[nan],
2011-08-19 22:00:01,0.2653405861925537,0,,,[nan],
2011-08-19 23:00:01,0.2189028753576056,0,,,[nan],
2011-08-20 00:00:01,0.20661882838461612,0,,,[nan],
2011-08-20 01:00:01,0.2109032046239333,0,,,[nan],
2011-08-20 02:00:01,0.1720373152052815,0,,,[nan],
2011-08-20 03:00:01,0.13914688752029822,0,,,[nan],
2011-08-20 04:00:01,0.16680777504725136,0,,,[nan],
2011-08-20 05:00:01,0.2407971219825717,0,,,[nan],
2011-08-20 06:00:01,0.21045779446375915,0,,,[nan],
2011-08-20 07:00:01,0.3827014598164433,0,,,[nan],
2011-08-20 08:00:01,0.5116118139199152,0,,,[nan],
2011-08-20 09:00:01,0.5109938792782537,0,,,[nan],
2011-08-20 10:00:01,0.5290128725809013,0,,,[nan],
2011-08-20 11:00:01,0.5330451431470274,0,,,[nan],
2011-08-20 12:00:01,0.6946314742099375,0,,,[nan],
2011-08-20 13:00:01,0.6517392254005027,0,,,[nan],
2011-08-20 14:00:01,0.6064465131869591,0,,,[nan],
2011-08-20 15:00:01,0.4665466409940504,0,,,[nan],
2011-08-20 16:00:01,0.42725904418192795,0,,,[nan],
2011-08-20 17:00:01,0.2997964183993547,0,,,[nan],
2011-08-20 18:00:01,0.2644916040820666,0,,,[nan],
2011-08-20 19:00:01,0.224463714704298,0,,,[nan],
2011-08-20 20:00:01,0.22346015423281745,0,,,[nan],
2011-08-20 21:00:01,0.2094339469959805,0,,,[nan],
2011-08-20 22:00:01,0.220798110329178,0,,,[nan],
2011-08-20 23:00:01,0.2283282506174137,0,,,[nan],
2011-08-21 00:00:01,0.18522050949619176,0,,,[nan],
2011-08-21 01:00:01,0.2083848368258649,0,,,[nan],
2011-08-21 02:00:01,0.14623132454354978,0,,,[nan],
2011-08-21 03:00:01,0.11770704422026758,0,,,[nan],
2011-08-21 04:00:01,0.15287857491699455,0,,,[nan],
2011-08-21 05:00:01,0.2130719697736794,0,,,[nan],
2011-08-21 06:00:01,0.1909702650046498,0,,,[nan],
2011-08-21 07:00:01,0.3115961975443722,0,,,[nan],
2011-08-21 08:00:01,0.558902297715151,0,,,[nan],
2011-08-21 09:00:01,0.4662550061455368,0,,,[nan],
2011-08-21 10:00:01,0.4978314019249273,0,,,[nan],
2011-08-21 11:00:01,0.5719650392633414,0,,,[nan],
2011-08-21 12:00:01,0.4871575307886929,0,,,[nan],
2011-08-21 13:00:01,0.5043408327136636,0,,,[nan],
2011-08-21 14:00:01,0.4688709576504354,0,,,[nan],
2011-08-21 15:00:01,0.4525238724321706,0,,,[nan],
2011-08-21 16:00:01,0.30955952664444786,0,,,[nan],
2011-08-21 17:00:01,0.24890137488434866,0,,,[nan],
2011-08-21 18:00:01,0.2101695694649472,0,,,[nan],
2011-08-21 19:00:01,0.19993838857196328,0,,,[nan],
2011-08-21 20:00:01,0.19147229319353007,0,,,[nan],
2011-08-21 21:00:01,0.17753173597068578,0,,,[nan],
2011-08-21 22:00:01,0.16828476023647734,0,,,[nan],
2011-08-21 23:00:01,0.16708488194326185,0,,,[nan],
2011-08-22 00:00:01,0.1436652447121832,0,,,[nan],
2011-08-22 01:00:01,0.1292910416773137,0,,,[nan],
2011-08-22 02:00:01,0.10486624571200656,0,,,[nan],
2011-08-22 03:00:01,0.10087191811393288,0,,,[nan],
2011-08-22 04:00:01,0.11725700368245985,0,,,[nan],
2011-08-22 05:00:01,0.16521022777019045,0,,,[nan],
2011-08-22 06:00:01,0.14917026186771778,0,,,[nan],
2011-08-22 07:00:01,0.2797805954016656,0,,,[nan],
2011-08-22 08:00:01,0.6344024239889412,0,,,[nan],
2011-08-22 09:00:01,0.5079488064256301,0,,,[nan],
2011-08-22 10:00:01,0.5050251511040745,0,,,[nan],
2011-08-22 11:00:01,0.5019017089668377,0,,,[nan],
2011-08-22 12:00:01,0.4903410468741304,0,,,[nan],
2011-08-22 13:00:01,0.5285981855694855,0,,,[nan],
2011-08-22 14:00:01,0.4943543653871373,0,,,[nan],
2011-08-22 15:00:01,0.3751051942153741,0,,,[nan],
2011-08-22 16:00:01,0.3550635190366393,0,,,[nan],
2011-08-22 17:00:01,0.2837086437295775,0,,,[nan],
2011-08-22 18:00:01,0.29236185275844434,0,,,[nan],
2011-08-22 19:00:01,0.3239011714957913,0,,,[nan],
2011-08-22 20:00:01,0.3188708398862994,0,,,[nan],
2011-08-22 21:00:01,0.32848459958528325,0,,,[nan],
2011-08-22 22:00:01,0.25947402082020016,0,,,[nan],
2011-08-22 23:00:01,0.14718930650350834,0,,,[nan],
2011-08-23 00:00:01,0.116702969174641,0,,,[nan],
2011-08-23 01:00:01,0.1519112144070682,0,,,[nan],
2011-08-23 02:00:01,0.08085339646047908,0,,,[nan],
2011-08-23 03:00:01,0.08518390983357894,0,,,[nan],
2011-08-23 04:00:01,0.11540225807442905,0,,,[nan],
2011-08-23 05:00:01,0.1627589538247634,0,,,[nan],
2011-08-23 06:00:01,0.22649143845692565,0,,,[nan],
2011-08-23 07:00:01,0.3624487648701303,0,,,[nan],
2011-08-23 08:00:01,0.7802498023994379,0,,,[nan],
2011-08-23 09:00:01,0.7346321092388035,0,,,[nan],
2011-08-23 10:00:01,0.6581558761683581,0,,,[nan],
2011-08-23 11:00:01,0.5832710670846829,0,,,[nan],
2011-08-23 12:00:01,0.5446035082930224,0,,,[nan],
2011-08-23 13:00:01,0.52809148728678,0,,,[nan],
2011-08-23 14:00:01,0.6327081141219011,0,,,[nan],
2011-08-23 15:00:01,0.4360298013730444,0,,,[nan],
2011-08-23 16:00:01,0.2586779703691091,0,,,[nan],
2011-08-23 17:00:01,0.3107677303672911,0,,,[nan],
2011-08-23 18:00:01,0.2760120074855837,0,,,[nan],
2011-08-23 19:00:01,0.2652920923256988,0,,,[nan],
2011-08-23 20:00:01,0.22164350297656885,0,,,[nan],
2011-08-23 21:00:01,0.21494761738148674,0,,,[nan],
2011-08-23 22:00:01,0.2454609431451577,0,,,[nan],
2011-08-23 23:00:01,0.16794844414612212,0,,,[nan],
2011-08-24 00:00:01,0.2327914334162105,0,,,[nan],
2011-08-24 01:00:01,0.16394932904009166,0,,,[nan],
2011-08-24 02:00:01,0.129758711350094,0,,,[nan],
2011-08-24 03:00:01,0.09158968445571658,0,,,[nan],
2011-08-24 04:00:01,0.11281171168653475,0,,,[nan],
2011-08-24 05:00:01,0.1524466445668273,0,,,[nan],
2011-08-24 06:00:01,0.18988064224200596,0,,,[nan],
2011-08-24 07:00:01,0.3437524956349889,0,,,[nan],
2011-08-24 08:00:01,0.507435686692915,0,,,[nan],
2011-08-24 09:00:01,0.6969334623260922,0,,,[nan],
2011-08-24 10:00:01,0.39254771086248347,0,,,[nan],
2011-08-24 11:00:01,0.5221020280368747,0,,,[nan],
2011-08-24 12:00:01,0.3882800661668777,0,,,[nan],
2011-08-24 12:00:01,0.4389479482783944,0,,,[nan],
2011-08-24 13:00:01,0.462769832951812,0,,,[nan],
2011-08-24 14:00:01,0.42171375304498493,0,,,[nan],
2011-08-24 15:00:01,0.3756197823749303,0,,,[nan],
2011-08-24 16:00:01,0.297304427918222,0,,,[nan],
2011-08-24 17:00:01,0.34153049153246906,0,,,[nan],
2011-08-24 18:00:01,0.37403353067241263,0,,,[nan],
2011-08-24 19:00:01,0.3278677283136392,0,,,[nan],
2011-08-24 20:00:01,0.2559323479281208,0,,,[nan],
2011-08-24 21:00:01,0.3874467140057237,0,,,[nan],
2011-08-24 22:00:01,0.16435282192431885,0,,,[nan],
2011-08-24 23:00:01,0.20524477130646196,0,,,[nan],
2011-08-25 00:00:01,0.16701844189407053,0,,,[nan],
2011-08-25 01:00:01,0.1604608298969299,0,,,[nan],
2011-08-25 02:00:01,0.14026115438161693,0,,,[nan],
2011-08-25 03:00:01,0.10012969099660098,0,,,[nan],
2011-08-25 04:00:01,0.0,0,,,[nan],
2011-08-25 05:00:01,0.43852655548808256,0,,,[nan],
2011-08-25 06:00:01,0.22157362751104348,0,,,[nan],
2011-08-25 07:00:01,0.4453905792450337,0,,,[nan],
2011-08-25 08:00:01,0.55262615726784,0,,,[nan],
2011-08-25 09:00:01,0.6034246692068762,0,,,[nan],
2011-08-25 10:00:01,0.5382340258041829,0,,,[nan],
2011-08-25 11:00:01,0.4694996946995064,0,,,[nan],
2011-08-25 12:00:01,0.4850575773966997,0,,,[nan],
2011-08-25 13:00:01,0.5694233734452291,0,,,[nan],
2011-08-25 14:00:01,0.4474871893707443,0,,,[nan],
2011-08-25 15:00:01,0.4638904028937804,0,,,[nan],
2011-08-25 16:00:01,0.3891974610302944,0,,,[nan],
2011-08-25 17:00:01,0.3783750016936244,0,,,[nan],
2011-08-25 18:00:01,0.2662142902737657,0,,,[nan],
2011-08-25 19:00:01,0.22896411827942914,0,,,[nan],
2011-08-25 20:00:01,0.362947066447372,0,,,[nan],
2011-08-25 21:00:01,0.233143839676214,0,,,[nan],
2011-08-25 22:00:01,0.22275691173542805,0,,,[nan],
2011-08-25 23:00:01,0.1960270700799588,0,,,[nan],
2011-08-26 00:00:01,0.16368704801369044,0,,,[nan],
2011-08-26 01:00:01,0.15114012152656905,0,,,[nan],
2011-08-26 02:00:01,0.1473689394783125,0,,,[nan],
2011-08-26 03:00:01,0.11233315981242098,0,,,[nan],
2011-08-26 04:00:01,0.2285170292814648,0,,,[nan],
2011-08-26 05:00:01,0.21413957571263506,0,,,[nan],
2011-08-26 06:00:01,0.2651477927718209,0,,,[nan],
2011-08-26 07:00:01,0.5396104620072392,0,,,[nan],
2011-08-26 08:00:01,0.5336229104332295,0,,,[nan],
2011-08-26 09:00:01,0.6099118161170695,0,,,[nan],
2011-08-26 10:00:01,0.7799272708464801,0,,,[nan],
2011-08-26 11:00:01,0.4690500340524386,0,,,[nan],
2011-08-26 12:00:01,0.5209967478915739,0,,,[nan],
2011-08-26 13:00:01,0.5915131407556896,0,,,[nan],
2011-08-26 14:00:01,0.4868383773554876,0,,,[nan],
2011-08-26 15:00:01,0.4822115014191272,0,,,[nan],
2011-08-26 16:00:01,0.4649830479897327,0,,,[nan],
2011-08-26 17:00:01,0.4032745756442583,0,,,[nan],
2011-08-26 18:00:01,0.3922955700732298,0,,,[nan],
2011-08-26 19:00:01,0.32312960541661906,0,,,[nan],
2011-08-26 20:00:01,0.3106098177014661,0,,,[nan],
2011-08-26 21:00:01,0.2666275087822268,0,,,[nan],
2011-08-26 22:00:01,0.2396680705709827,0,,,[nan],
2011-08-26 23:00:01,0.2770712383373034,0,,,[nan],
2011-08-27 00:00:01,0.20460529946284026,0,,,[nan],
2011-08-27 01:00:01,0.20919496570028134,0,,,[nan],
2011-08-27 02:00:01,0.17728054070917773,0,,,[nan],
2011-08-27 03:00:01,0.16729247736145558,0,,,[nan],
2011-08-27 04:00:01,0.22014074173534087,0,,,[nan],
2011-08-27 05:00:01,0.26154735292953035,0,,,[nan],
2011-08-27 06:00:01,0.2511617927198545,0,,,[nan],
2011-08-27 07:00:01,0.3805055090019552,0,,,[nan],
2011-08-27 08:00:01,0.5919377726191233,0,,,[nan],
2011-08-27 09:00:01,0.6021123424202245,0,,,[nan],
2011-08-27 10:00:01,0.6181011835530806,0,,,[nan],
2011-08-27 11:00:01,0.6979860854915539,0,,,[nan],
2011-08-27 12:00:01,0.5687655667183563,0,,,[nan],
2011-08-27 13:00:01,0.602375808597805,0,,,[nan],
2011-08-27 14:00:01,0.4517645911731632,0,,,[nan],
2011-08-27 15:00:01,0.4405424680378444,0,,,[nan],
2011-08-27 16:00:01,0.3670962288253389,0,,,[nan],
2011-08-27 17:00:01,0.3125878019027377,0,,,[nan],
2011-08-27 18:00:01,0.3063168196519627,0,,,[nan],
2011-08-27 19:00:01,0.2989494185401333,0,,,[nan],
2011-08-27 20:00:01,0.28406360635502914,0,,,[nan],
2011-08-27 21:00:01,0.2794246826416793,0,,,[nan],
2011-08-27 22:00:01,0.2340656365948301,0,,,[nan],
2011-08-27 23:00:01,0.22412207594495415,0,,,[nan],
2011-08-28 00:00:01,0.19717973168576816,0,,,[nan],
2011-08-28 01:00:01,0.1604132858782313,0,,,[nan],
2011-08-28 02:00:01,0.13419868612963434,0,,,[nan],
2011-08-28 03:00:01,0.12007019948269547,0,,,[nan],
2011-08-28 04:00:01,0.1738844441327505,0,,,[nan],
2011-08-28 05:00:01,0.19184051751436929,0,,,[nan],
2011-08-28 06:00:01,0.24319470372122734,0,,,[nan],
2011-08-28 07:00:01,0.2767198324793048,0,,,[nan],
2011-08-28 08:00:01,0.513762105544134,0,,,[nan],
2011-08-28 09:00:01,0.5010929939475554,0,,,[nan],
2011-08-28 10:00:01,0.5229119500263147,0,,,[nan],
2011-08-28 11:00:01,0.5246255646331829,0,,,[nan],
2011-08-28 12:00:01,0.5698908053955183,0,,,[nan],
2011-08-28 13:00:01,0.5320388372538333,0,,,[nan],
2011-08-28 14:00:01,0.48653615883070606,0,,,[nan],
2011-08-28 15:00:01,0.4021611197823611,0,,,[nan],
2011-08-28 16:00:01,0.3459347601084227,0,,,[nan],
2011-08-28 17:00:01,0.3003771877687829,0,,,[nan],
2011-08-28 18:00:01,0.2531218786962054,0,,,[nan],
2011-08-28 19:00:01,0.2278122470442929,0,,,[nan],
2011-08-28 20:00:01,0.18364587516603506,0,,,[nan],
2011-08-28 21:00:01,0.19790805795902724,0,,,[nan],
2011-08-28 22:00:01,0.2024367792692525,0,,,[nan],
2011-08-28 23:00:01,0.1734659929437199,0,,,[nan],
2011-08-29 00:00:01,0.14108847393543794,0,,,[nan],
2011-08-29 01:00:01,0.11634983053793875,0,,,[nan],
2011-08-29 02:00:01,0.10351187500076704,0,,,[nan],
2011-08-29 03:00:01,0.08458172269143553,0,,,[nan],
2011-08-29 04:00:01,0.118157136226241,0,,,[nan],
2011-08-29 05:00:01,0.16743095558950166,0,,,[nan],
2011-08-29 06:00:01,0.19196614844396853,0,,,[nan],
2011-08-29 07:00:01,0.3164452250363771,0,,,[nan],
2011-08-29 08:00:01,0.5082157409273554,0,,,[nan],
2011-08-29 09:00:01,0.6144149780542152,0,,,[nan],
2011-08-29 10:00:01,0.6433017587230331,0,,,[nan],
2011-08-29 11:00:01,0.4652440082700854,0,,,[nan],
2011-08-29 12:00:01,0.3820512236023429,0,,,[nan],
2011-08-29 13:00:01,0.5225719620834579,0,,,[nan],
2011-08-29 14:00:01,0.4126226607526428,0,,,[nan],
2011-08-29 15:00:01,0.4135520200607838,0,,,[nan],
2011-08-29 16:00:01,0.4102985816018244,0,,,[nan],
2011-08-29 17:00:01,0.31403798208195416,0,,,[nan],
2011-08-29 18:00:01,0.2867823831926044,0,,,[nan],
2011-08-29 19:00:01,0.3335367974072889,0,,,[nan],
2011-08-29 20:00:01,0.2396100055110308,0,,,[nan],
2011-08-29 21:00:01,0.2290095332680183,0,,,[nan],
2011-08-29 22:00:01,0.2294870094074245,0,,,[nan],
2011-08-29 23:00:01,0.2670486386068989,0,,,[nan],
2011-08-30 00:00:01,0.19613341168563286,0,,,[nan],
2011-08-30 01:00:01,0.14488148004152,0,,,[nan],
2011-08-30 02:00:01,0.12458954853851738,0,,,[nan],
2011-08-30 03:00:01,0.10414164008115967,0,,,[nan],
2011-08-30 04:00:01,0.24368800242645605,0,,,[nan],
2011-08-30 05:00:01,0.29595054457995185,0,,,[nan],
2011-08-30 06:00:01,0.2694954512510799,0,,,[nan],
2011-08-30 07:00:01,0.42076207806746097,0,,,[nan],
2011-08-30 08:00:01,0.6162341231151082,0,,,[nan],
2011-08-30 09:00:01,0.7525439131020234,0,,,[nan],
2011-08-30 10:00:01,0.3976943598594698,0,,,[nan],
2011-08-30 11:00:01,0.4262931480162875,0,,,[nan],
2011-08-30 12:00:01,0.4141601348207584,0,,,[nan],
2011-08-30 13:00:01,0.4176406234228779,0,,,[nan],
2011-08-30 14:00:01,0.3106597930620021,0,,,[nan],
2011-08-30 15:00:01,0.4254664515482812,0,,,[nan],
2011-08-30 16:00:01,0.4451501883327889,0,,,[nan],
2011-08-30 17:00:01,0.3443245493316184,0,,,[nan],
2011-08-30 18:00:01,0.3362519225549138,0,,,[nan],
2011-08-30 19:00:01,0.3390061947579377,0,,,[nan],
2011-08-30 20:00:01,0.33676277305871594,0,,,[nan],
2011-08-30 21:00:01,0.2858440065830582,0,,,[nan],
2011-08-30 22:00:01,0.2430802569964287,0,,,[nan],
2011-08-30 23:00:01,0.2505643468160761,0,,,[nan],
2011-08-31 00:00:01,0.2296242548056424,0,,,[nan],
2011-08-31 01:00:01,0.1781037245024674,0,,,[nan],
2011-08-31 02:00:01,0.15401560678944373,0,,,[nan],
2011-08-31 03:00:01,0.13699695402112091,0,,,[nan],
2011-08-31 04:00:01,0.21965977626818128,0,,,[nan],
2011-08-31 05:00:01,0.4343498385997005,0,,,[nan],
2011-08-31 06:00:01,0.3128715506810431,0,,,[nan],
2011-08-31 07:00:01,0.3771376768286192,0,,,[nan],
2011-08-31 08:00:01,0.590798768248443,0,,,[nan],
2011-08-31 09:00:01,0.5076282647324659,0,,,[nan],
2011-08-31 10:00:01,0.5108112819698242,0,,,[nan],
2011-08-31 11:00:01,0.4278087106003401,0,,,[nan],
2011-08-31 12:00:01,0.5469053482717018,0,,,[nan],
2011-08-31 13:00:01,0.4144359398583651,0,,,[nan],
2011-08-31 14:00:01,0.4589440551353449,0,,,[nan],
2011-08-31 15:00:01,0.3751966285229704,0,,,[nan],
2011-08-31 16:00:01,0.4003362306663871,0,,,[nan],
2011-08-31 17:00:01,0.3434235254550348,0,,,[nan],
2011-08-31 18:00:01,0.388628523403998,0,,,[nan],
2011-08-31 19:00:01,0.4689805797094614,0,,,[nan],
2011-08-31 20:00:01,0.4669677066519172,0,,,[nan],
2011-08-31 21:00:01,0.46968710047573603,0,,,[nan],
2011-08-31 22:00:01,0.32566225387243497,0,,,[nan],
2011-08-31 23:00:01,0.3269980969792776,0,,,[nan],
2011-09-01 00:00:01,0.20556826237117715,0,,,[nan],
2011-09-01 01:00:01,0.1876468936075704,0,,,[nan],
2011-09-01 02:00:01,0.14953559239151235,0,,,[nan],
2011-09-01 03:00:01,0.12279754703715196,0,,,[nan],
2011-09-01 04:00:01,0.2521562881865439,0,,,[nan],
2011-09-01 05:00:01,0.39439510423315177,0,,,[nan],
2011-09-01 06:00:01,0.4148341494663118,0,,,[nan],
2011-09-01 07:00:01,0.4854665967950962,0,,,[nan],
2011-09-01 08:00:01,0.6345509919535659,0,,,[nan],
2011-09-01 09:00:01,0.6498900438545404,0,,,[nan],
2011-09-01 10:00:01,0.7006709007475566,0,,,[nan],
2011-09-01 11:00:01,0.544354320652468,0,,,[nan],
2011-09-01 12:00:01,0.3996565275383563,0,,,[nan],
2011-09-01 13:00:01,0.5025273817705249,0,,,[nan],
2011-09-01 14:00:01,0.39190367495158895,0,,,[nan],
2011-09-01 15:00:01,0.46663085965339,0,,,[nan],
2011-09-01 16:00:01,0.40738768357221933,0,,,[nan],
2011-09-01 17:00:01,0.32707444269138325,0,,,[nan],
2011-09-01 18:00:01,0.34498668289801265,0,,,[nan],
2011-09-02 15:00:01,0.2800617563899805,0,,,[nan],
2011-09-02 16:00:01,0.4613400275224204,0,,,[nan],
2011-09-02 17:00:01,0.3913944427046841,0,,,[nan],
2011-09-02 18:00:01,0.39002303515910064,0,,,[nan],
2011-09-02 19:00:01,0.3435126600444241,0,,,[nan],
2011-09-02 20:00:01,0.3145139224794564,0,,,[nan],
2011-09-02 21:00:01,0.2626377115777201,0,,,[nan],
2011-09-02 22:00:01,0.2771582871444564,0,,,[nan],
2011-09-02 23:00:01,0.2867680352445307,0,,,[nan],
2011-09-03 00:00:01,0.2770849791815619,0,,,[nan],
2011-09-03 01:00:01,0.2640846934313489,0,,,[nan],
2011-09-03 02:00:01,0.2357075405758174,0,,,[nan],
2011-09-03 03:00:01,0.16091099473812134,0,,,[nan],
2011-09-03 04:00:01,0.23719481930589184,0,,,[nan],
2011-09-03 05:00:01,0.3662165310290535,0,,,[nan],
2011-09-03 06:00:01,0.3656044164211917,0,,,[nan],
2011-09-03 07:00:01,0.35755338515534274,0,,,[nan],
2011-09-03 08:00:01,0.5497340669281731,0,,,[nan],
2011-09-03 09:00:01,0.6941116020481651,0,,,[nan],
2011-09-03 10:00:01,0.6401471502348216,0,,,[nan],
2011-09-03 11:00:01,0.5824182089958436,0,,,[nan],
2011-09-03 12:00:01,0.6099198831336153,0,,,[nan],
2011-09-03 13:00:01,0.5596399302549849,0,,,[nan],
2011-09-03 14:00:01,0.5423212494634144,0,,,[nan],
2011-09-03 15:00:01,0.44904251760244107,0,,,[nan],
2011-09-03 16:00:01,0.3609280266632825,0,,,[nan],
2011-09-03 17:00:01,0.332754569695122,0,,,[nan],
2011-09-03 18:00:01,0.2619513710780897,0,,,[nan],
2011-09-03 19:00:01,0.27343103827047843,0,,,[nan],
2011-09-03 20:00:01,0.2525294565881294,0,,,[nan],
2011-09-03 21:00:01,0.264177331849126,0,,,[nan],
2011-09-03 22:00:01,0.2723095991733722,0,,,[nan],
2011-09-03 23:00:01,0.2489244659880191,0,,,[nan],
2011-09-04 00:00:01,0.2465408466685659,0,,,[nan],
2011-09-04 01:00:01,0.2339925360211662,0,,,[nan],
2011-09-04 02:00:01,0.1992503271788024,0,,,[nan],
2011-09-04 03:00:01,0.169333842543226,0,,,[nan],
2011-09-04 04:00:01,0.2330077680596735,0,,,[nan],
2011-09-04 05:00:01,0.3271859982536269,0,,,[nan],
2011-09-04 06:00:01,0.2913270480686961,0,,,[nan],
2011-09-04 07:00:01,0.4091177538111497,0,,,[nan],
2011-09-04 08:00:01,0.5209195045644214,0,,,[nan],
2011-09-04 09:00:01,0.6102768671490107,0,,,[nan],
2011-09-04 10:00:01,0.7763850479150198,0,,,[nan],
2011-09-04 11:00:01,0.6379323636681812,0,,,[nan],
2011-09-04 12:00:01,0.5843096900328186,0,,,[nan],
2011-09-04 13:00:01,0.5826866581454789,0,,,[nan],
2011-09-04 14:00:01,0.5507627359496206,0,,,[nan],
2011-09-04 15:00:01,0.4616596308596638,0,,,[nan],
2011-09-04 16:00:01,0.3821841019472532,0,,,[nan],
2011-09-04 17:00:01,0.35661987621587804,0,,,[nan],
2011-09-04 18:00:01,0.2924246760624918,0,,,[nan],
2011-09-04 19:00:01,0.2601598221380862,0,,,[nan],
2011-09-04 20:00:01,0.2345498565557715,0,,,[nan],
2011-09-04 21:00:01,0.21689478668640014,0,,,[nan],
2011-09-04 22:00:01,0.2218243962678048,0,,,[nan],
2011-09-04 23:00:01,0.2047115147014946,0,,,[nan],
2011-09-05 00:00:01,0.2137181671486852,0,,,[nan],
2011-09-05 01:00:01,0.1994259409547319,0,,,[nan],
2011-09-05 02:00:01,0.14532746105249653,0,,,[nan],
2011-09-05 03:00:01,0.1130727869092227,0,,,[nan],
2011-09-05 04:00:01,0.15731491156626162,0,,,[nan],
2011-09-05 05:00:01,0.21891207287465606,0,,,[nan],
2011-09-05 06:00:01,0.22190459099589294,0,,,[nan],
2011-09-05 07:00:01,0.2700172484579216,0,,,[nan],
2011-09-05 08:00:01,0.5234382884834086,0,,,[nan],
2011-09-05 09:00:01,0.6931933512658042,0,,,[nan],
2011-09-05 10:00:01,0.5040272499473037,0,,,[nan],
2011-09-05 11:00:01,0.6463079462423875,0,,,[nan],
2011-09-05 12:00:01,0.5415320400159852,0,,,[nan],
2011-09-05 13:00:01,0.5306619894786105,0,,,[nan],
2011-09-05 14:00:01,0.4789202916259273,0,,,[nan],
2011-09-05 15:00:01,0.3678401543093645,0,,,[nan],
2011-09-05 16:00:01,0.34285428897733483,0,,,[nan],
2011-09-05 17:00:01,0.2498504997815233,0,,,[nan],
2011-09-05 18:00:01,0.2527699033336676,0,,,[nan],
2011-09-05 19:00:01,0.228277103549302,0,,,[nan],
2011-09-05 20:00:01,0.21479242260605488,0,,,[nan],
2011-09-05 21:00:01,0.194426208913696,0,,,[nan],
2011-09-05 22:00:01,0.16522294748474786,0,,,[nan],
2011-09-05 23:00:01,0.16338419906001314,0,,,[nan],
2011-09-06 00:00:01,0.17248489219749422,0,,,[nan],
2011-09-06 01:00:01,0.1583051581739418,0,,,[nan],
2011-09-06 02:00:01,0.09982386818745943,0,,,[nan],
2011-09-06 03:00:01,0.08454841014164234,0,,,[nan],
2011-09-06 04:00:01,0.15562379809056692,0,,,[nan],
2011-09-06 05:00:01,0.17944282610477588,0,,,[nan],
2011-09-06 06:00:01,0.2046093941380825,0,,,[nan],
2011-09-06 07:00:01,0.4234606290167193,0,,,[nan],
2011-09-06 08:00:01,0.4894362937932813,0,,,[nan],
2011-09-06 09:00:01,0.4726257006946456,0,,,[nan],
2011-09-06 10:00:01,0.5720153891295646,0,,,[nan],
2011-09-06 11:00:01,0.3806291514208783,0,,,[nan],
2011-09-06 12:00:01,0.3660704928347563,0,,,[nan],
2011-09-06 13:00:01,0.42934389529411704,0,,,[nan],
2011-09-06 14:00:01,0.3936011418458089,0,,,[nan],
2011-09-06 15:00:01,0.4047584730321113,0,,,[nan],
2011-09-06 16:00:01,0.3255497563664553,0,,,[nan],
2011-09-06 17:00:01,0.3093216857545157,0,,,[nan],
2011-09-06 18:00:01,0.17136919965485645,0,,,[nan],
2011-09-06 19:00:01,0.5302114395062425,0,,,[nan],
2011-09-06 20:00:01,0.34901758120996496,0,,,[nan],
2011-09-06 21:00:01,0.4415348171794615,0,,,[nan],
2011-09-06 22:00:01,0.31083223211714256,0,,,[nan],
2011-09-06 23:00:01,0.2638725935468099,0,,,[nan],
2011-09-07 00:00:01,0.2741511741485909,0,,,[nan],
2011-09-07 01:00:01,0.21190147098718515,0,,,[nan],
2011-09-07 02:00:01,0.14367371831068326,0,,,[nan],
2011-09-07 03:00:01,0.12689004742211835,0,,,[nan],
2011-09-07 04:00:01,0.14533561947888704,0,,,[nan],
2011-09-07 05:00:01,0.2285599574440954,0,,,[nan],
2011-09-07 06:00:01,0.29239782056428204,0,,,[nan],
2011-09-07 07:00:01,0.37185773208328576,0,,,[nan],
2011-09-07 08:00:01,0.5351579797203769,0,,,[nan],
2011-09-07 09:00:01,0.5438845087590531,0,,,[nan],
2011-09-07 10:00:01,0.5582961518018467,0,,,[nan],
2011-09-07 11:00:01,0.3269131666557127,0,,,[nan],
2011-09-07 12:00:01,0.38485585360931,0,,,[nan],
2011-09-07 13:00:01,0.4200674167145462,0,,,[nan],
2011-09-07 14:00:01,0.2715308042363898,0,,,[nan],
2011-09-07 15:00:01,0.35982671165701496,0,,,[nan],
