timestamp,value,error_prediction,anomaly_score,S(t)_reward_low_FP_rate,S(t)_reward_low_FN_rate,S(t)_standard
2013-10-09 16:25:00,9926554.0,0.0,0.5,0.0,0.0,0.0
2013-10-09 16:30:00,50745578.0,0.0,0.5,0.0,0.0,0.0
2013-10-09 16:35:00,61519397.0,0.0,0.5,0.0,0.0,0.0
2013-10-09 16:40:00,55996401.0,0.0,0.5,0.0,0.0,0.0
2013-10-09 16:45:00,40876988.0,0.0,0.5,0.0,0.0,0.0
2013-10-09 16:50:00,27578939.0,0.0,0.5,0.0,0.0,0.0
2013-10-09 16:55:00,21556437.0,0.0,0.5,0.0,0.0,0.0
2013-10-09 17:00:00,17440444.6,0.0,0.5,0.0,0.0,0.0
2013-10-09 17:05:00,15573374.0,0.0,0.5,0.0,0.0,0.0
2013-10-09 17:10:00,16861197.6,0.0,0.5,0.0,0.0,0.0
2013-10-09 17:15:00,15478144.6,0.0,0.5,0.0,0.0,0.0
2013-10-09 17:20:00,13678676.6,9926554.0,0.5,0.0,0.0,0.0
2013-10-09 17:25:00,11499313.8,50745578.0,0.5,0.0,0.0,0.0
2013-10-09 17:30:00,12124202.8,61519397.0,0.5,0.0,0.0,0.0
2013-10-09 17:35:00,9052782.8,55996401.0,0.5,0.0,0.0,0.0
2013-10-09 17:40:00,8203117.2,40876988.0,0.5,0.0,0.0,0.0
2013-10-09 17:45:00,8309003.0,27578939.0,0.5,0.0,0.0,0.0
2013-10-09 17:50:00,7288143.8,21556437.0,0.5,0.0,0.0,0.0
2013-10-09 17:55:00,8049176.2,17440444.6,0.5,0.0,0.0,0.0
2013-10-09 18:00:00,7444835.6,15573374.0,0.5,0.0,0.0,0.0
2013-10-09 18:05:00,6954155.4,16861197.6,0.5,0.0,0.0,0.0
2013-10-09 18:10:00,7231045.0,15478144.6,0.500000002597,0.0,0.0,0.0
2013-10-09 18:15:00,8040165.8,13678676.6,0.499999999638,0.0,0.0,0.0
2013-10-09 18:20:00,8041010.6,11499313.8,0.499999994866,0.0,0.0,0.0
2013-10-09 18:25:00,8631127.0,12124202.8,0.499999990402,0.0,0.0,0.0
2013-10-09 18:30:00,10871151.8,9052782.8,0.499999987673,0.0,0.0,0.0
2013-10-09 18:35:00,12124409.6,8203117.2,0.499999986448,0.0,0.0,0.0
2013-10-09 18:40:00,13318374.8,8309003.0,0.499999985765,0.0,0.0,0.0
2013-10-09 18:45:00,13666994.4,7288143.8,0.499999985455,0.0,0.0,0.0
2013-10-09 18:50:00,14298954.0,8049176.2,0.499999985206,0.0,0.0,0.0
2013-10-09 18:55:00,12679300.0,7444835.6,0.499999984633,0.0,0.0,0.0
2013-10-09 19:00:00,13892004.8,6954155.4,0.499999984115,0.0,0.0,0.0
2013-10-09 19:05:00,14145179.8,7231045.0,0.499999983737,0.0,0.0,0.0
2013-10-09 19:10:00,13505345.2,8040165.8,0.499999983601,0.0,0.0,0.0
2013-10-09 19:15:00,12603028.8,8041010.6,0.499999983302,0.0,0.0,0.0
2013-10-09 19:20:00,12435453.8,8631127.0,0.499999983446,0.0,0.0,0.0
2013-10-09 19:25:00,12193640.4,10871151.8,0.499999983827,0.0,0.0,0.0
2013-10-09 19:30:00,11542288.0,12124409.6,0.499999984301,0.0,0.0,0.0
2013-10-09 19:35:00,11432968.6,13318374.8,0.499999985095,0.0,0.0,0.0
2013-10-09 19:40:00,12384512.2,13666994.4,0.499999985854,0.0,0.0,0.0
2013-10-09 19:45:00,11534099.6,14298954.0,0.499999986857,0.0,0.0,0.0
2013-10-09 19:50:00,14190782.8,12679300.0,0.499999987848,0.0,0.0,0.0
2013-10-09 19:55:00,10355034.8,13892004.8,0.499999988994,0.0,0.0,0.0
2013-10-09 20:00:00,11658785.8,14145179.8,0.499999990086,0.0,0.0,0.0
2013-10-09 20:05:00,11139206.8,13505345.2,0.49999999116,0.0,0.0,0.0
2013-10-09 20:10:00,8083117.8,12603028.8,0.499999992041,0.0,0.0,0.0
2013-10-09 20:15:00,8599227.6,12435453.8,0.499999992448,0.0,0.0,0.0
2013-10-09 20:20:00,9273135.2,12193640.4,0.499999992551,0.0,0.0,0.0
2013-10-09 20:25:00,10097324.2,11542288.0,0.499999992276,0.0,0.0,0.0
2013-10-09 20:30:00,7103913.6,11432968.6,0.49999999188,0.0,0.0,0.0
2013-10-09 20:35:00,6885343.0,12384512.2,0.499999991467,0.0,0.0,0.0
2013-10-09 20:40:00,9448017.6,11534099.6,0.499999991282,0.0,0.0,0.0
2013-10-09 20:45:00,9151835.2,14190782.8,0.499999991265,0.0,0.0,0.0
2013-10-09 20:50:00,7744279.8,10355034.8,0.499999990469,0.0,0.0,0.0
2013-10-09 20:55:00,8781789.8,11658785.8,0.499999990044,0.0,0.0,0.0
2013-10-09 21:00:00,8182947.4,11139206.8,0.499999989739,0.0,0.0,0.0
2013-10-09 21:05:00,8303328.2,8083117.8,0.499999988873,0.0,0.0,0.0
2013-10-09 21:10:00,7031833.4,8599227.6,0.499999988131,0.0,0.0,0.0
2013-10-09 21:15:00,8185888.6,9273135.2,0.499999987668,0.0,0.0,0.0
2013-10-09 21:20:00,8057902.0,10097324.2,0.499999987381,0.0,0.0,0.0
2013-10-09 21:25:00,7633338.0,7103913.6,0.499999986193,0.0,0.0,0.0
2013-10-09 21:30:00,6917495.8,6885343.0,0.499999985163,0.0,0.0,0.0
2013-10-09 21:35:00,6870317.0,9448017.6,0.499999983846,0.0,0.0,0.0
2013-10-09 21:40:00,7294645.6,9151835.2,0.499999983564,0.0,0.0,0.0
2013-10-09 21:45:00,5611490.2,7744279.8,0.499999982569,0.0,0.0,0.0
2013-10-09 21:50:00,6072482.4,8781789.8,0.499999981924,0.0,0.0,0.0
2013-10-09 21:55:00,5285099.8,8182947.4,0.49999998207,0.0,0.0,0.0
2013-10-09 22:00:00,6168137.2,8303328.2,0.499999982077,0.0,0.0,0.0
2013-10-09 22:05:00,5984117.8,7031833.4,0.49999998157,0.0,0.0,0.0
2013-10-09 22:10:00,5378818.4,8185888.6,0.499999981047,0.0,0.0,0.0
2013-10-09 22:15:00,4649463.4,8057902.0,0.499999981447,0.0,0.0,0.0
2013-10-09 22:20:00,4785452.6,7633338.0,0.499999981819,0.0,0.0,0.0
2013-10-09 22:25:00,3547037.6,6917495.8,0.499999981163,0.0,0.0,0.0
2013-10-09 22:30:00,4001507.2,6870317.0,0.499999980572,0.0,0.0,0.0
2013-10-09 22:35:00,3605455.2,7294645.6,0.499999980545,0.0,0.0,0.0
2013-10-09 22:40:00,3690194.0,5611490.2,0.499999979729,0.0,0.0,0.0
2013-10-09 22:45:00,3352156.8,6072482.4,0.499999979209,0.0,0.0,0.0
2013-10-09 22:50:00,3301986.2,5285099.8,0.499999978429,0.0,0.0,0.0
2013-10-09 22:55:00,3269069.2,6168137.2,0.499999978297,0.0,0.0,0.0
2013-10-09 23:00:00,3290852.4,5984117.8,0.499999977698,0.0,0.0,0.0
2013-10-09 23:05:00,1511772.6,5378818.4,0.499999976966,0.0,0.0,0.0
2013-10-09 23:10:00,1361081.2,4649463.4,0.499999976174,0.0,0.0,0.0
2013-10-09 23:15:00,1313713.0,4785452.6,0.499999975653,0.0,0.0,0.0
2013-10-09 23:20:00,2147718.8,3547037.6,0.499999974807,0.0,0.0,0.0
2013-10-09 23:25:00,1998864.2,4001507.2,0.499999973903,0.0,0.0,0.0
2013-10-09 23:30:00,1534170.4,3605455.2,0.499999973486,0.0,0.0,0.0
2013-10-09 23:35:00,978077.0,3690194.0,0.499999972905,0.0,0.0,0.0
2013-10-09 23:40:00,974482.6,3352156.8,0.499999972505,0.0,0.0,0.0
2013-10-09 23:45:00,1120244.0,3301986.2,0.499999971748,0.0,0.0,0.0
2013-10-09 23:50:00,1041381.4,3269069.2,0.499999971031,0.0,0.0,0.0
2013-10-09 23:55:00,1315852.8,3290852.4,0.499999970525,0.0,0.0,0.0
2013-10-10 00:00:00,1663223.0,1511772.6,0.499999969806,0.0,0.0,0.0
2013-10-10 00:05:00,881168.6,1361081.2,0.499999968977,0.0,0.0,0.0
2013-10-10 00:10:00,864271.8,1313713.0,0.499999968577,0.0,0.0,0.0
2013-10-10 00:15:00,831722.8,2147718.8,0.499999968206,0.0,0.0,0.0
2013-10-10 00:20:00,1025884.6,1998864.2,0.499999967928,0.0,0.0,0.0
2013-10-10 00:25:00,1056338.6,1534170.4,0.499999967478,0.0,0.0,0.0
2013-10-10 00:30:00,1342641.2,978077.0,0.499999966991,0.0,0.0,0.0
2013-10-10 00:35:00,901321.4,974482.6,0.499999966504,0.0,0.0,0.0
2013-10-10 00:40:00,994254.0,1120244.0,0.499999966051,0.0,0.0,0.0
2013-10-10 00:45:00,995340.2,1041381.4,0.499999965551,0.0,0.0,0.0
2013-10-10 00:50:00,1042389.8,1315852.8,0.499999965782,0.0,0.0,0.0
2013-10-10 00:55:00,1468524.8,1663223.0,0.499999966153,0.0,0.0,0.0
2013-10-10 01:00:00,1874774.4,881168.6,0.499999966317,0.0,0.0,0.0
2013-10-10 01:05:00,1068452.6,864271.8,0.499999966145,0.0,0.0,0.0
2013-10-10 01:10:00,997374.4,831722.8,0.499999966008,0.0,0.0,0.0
2013-10-10 01:15:00,1185431.8,1025884.6,0.49999996609,0.0,0.0,0.0
2013-10-10 01:20:00,1253500.4,1056338.6,0.499999966383,0.0,0.0,0.0
2013-10-10 01:25:00,1019610.0,1342641.2,0.499999966751,0.0,0.0,0.0
2013-10-10 01:30:00,1467012.8,901321.4,0.499999966927,0.0,0.0,0.0
2013-10-10 01:35:00,889605.0,994254.0,0.499999967151,0.0,0.0,0.0
2013-10-10 01:40:00,825968.8,995340.2,0.499999967262,0.0,0.0,0.0
2013-10-10 01:45:00,944624.6,1042389.8,0.499999967242,0.0,0.0,0.0
2013-10-10 01:50:00,1014397.6,1468524.8,0.499999967648,0.0,0.0,0.0
2013-10-10 01:55:00,985993.2,1874774.4,0.499999968182,0.0,0.0,0.0
2013-10-10 02:00:00,1556147.0,1068452.6,0.499999968478,0.0,0.0,0.0
2013-10-10 02:05:00,918924.2,997374.4,0.499999968669,0.0,0.0,0.0
2013-10-10 02:10:00,946216.0,1185431.8,0.4999999689,0.0,0.0,0.0
2013-10-10 02:15:00,1203311.6,1253500.4,0.499999969035,0.0,0.0,0.0
2013-10-10 02:20:00,818717.8,1019610.0,0.499999969266,0.0,0.0,0.0
2013-10-10 02:25:00,1271861.4,1467012.8,0.499999969598,0.0,0.0,0.0
2013-10-10 02:30:00,1249426.0,889605.0,0.499999969741,0.0,0.0,0.0
2013-10-10 02:35:00,959763.2,825968.8,0.499999969838,0.0,0.0,0.0
2013-10-10 02:40:00,894922.6,944624.6,0.499999969796,0.0,0.0,0.0
2013-10-10 02:45:00,1035031.6,1014397.6,0.499999969606,0.0,0.0,0.0
2013-10-10 02:50:00,1291079.8,985993.2,0.499999969728,0.0,0.0,0.0
2013-10-10 02:55:00,1066712.6,1556147.0,0.499999970067,0.0,0.0,0.0
2013-10-10 03:00:00,2790829.8,918924.2,0.499999970112,0.0,0.0,0.0
2013-10-10 03:05:00,2466770.6,946216.0,0.499999970132,0.0,0.0,0.0
2013-10-10 03:10:00,3168191.8,1203311.6,0.499999970333,0.0,0.0,0.0
2013-10-10 03:15:00,1362582.2,818717.8,0.499999970213,0.0,0.0,0.0
2013-10-10 03:20:00,1203811.0,1271861.4,0.499999970486,0.0,0.0,0.0
2013-10-10 03:25:00,892913.2,1249426.0,0.499999970775,0.0,0.0,0.0
2013-10-10 03:30:00,1422962.0,959763.2,0.499999970912,0.0,0.0,0.0
2013-10-10 03:35:00,1272848.0,894922.6,0.499999970992,0.0,0.0,0.0
2013-10-10 03:40:00,1383750.2,1035031.6,0.499999971132,0.0,0.0,0.0
2013-10-10 03:45:00,973746.4,1291079.8,0.499999971118,0.0,0.0,0.0
2013-10-10 03:50:00,1240975.6,1066712.6,0.499999971291,0.0,0.0,0.0
2013-10-10 03:55:00,1022294.6,2790829.8,0.499999972087,0.0,0.0,0.0
2013-10-10 04:00:00,1794335.0,2466770.6,0.499999972658,0.0,0.0,0.0
2013-10-10 04:05:00,1261058.8,3168191.8,0.499999973667,0.0,0.0,0.0
2013-10-10 04:10:00,1260534.4,1362582.2,0.499999973803,0.0,0.0,0.0
2013-10-10 04:15:00,1064257.4,1203811.0,0.499999973886,0.0,0.0,0.0
2013-10-10 04:20:00,1027933.8,892913.2,0.499999973977,0.0,0.0,0.0
2013-10-10 04:25:00,959238.6,1422962.0,0.499999974297,0.0,0.0,0.0
2013-10-10 04:30:00,955490.2,1272848.0,0.499999974496,0.0,0.0,0.0
2013-10-10 04:35:00,1219726.6,1383750.2,0.499999974624,0.0,0.0,0.0
2013-10-10 04:40:00,944099.2,973746.4,0.499999974691,0.0,0.0,0.0
2013-10-10 04:45:00,789781.0,1240975.6,0.499999974085,0.0,0.0,0.0
2013-10-10 04:50:00,1506217.2,1022294.6,0.499999973532,0.0,0.0,0.0
2013-10-10 04:55:00,1009633.4,1794335.0,0.499999972958,0.0,0.0,0.0
2013-10-10 05:00:00,1910032.4,1261058.8,0.499999972989,0.0,0.0,0.0
2013-10-10 05:05:00,1004299.4,1260534.4,0.49999997309,0.0,0.0,0.0
2013-10-10 05:10:00,800122.2,1064257.4,0.499999973254,0.0,0.0,0.0
2013-10-10 05:15:00,1414346.8,1027933.8,0.499999973158,0.0,0.0,0.0
2013-10-10 05:20:00,1114365.6,959238.6,0.499999973101,0.0,0.0,0.0
2013-10-10 05:25:00,1222933.0,955490.2,0.499999972987,0.0,0.0,0.0
2013-10-10 05:30:00,1177306.6,1219726.6,0.499999973171,0.0,0.0,0.0
2013-10-10 05:35:00,936231.0,944099.2,0.499999973114,0.0,0.0,0.0
2013-10-10 05:40:00,1086114.8,789781.0,0.499999973095,0.0,0.0,0.0
2013-10-10 05:45:00,865114.8,1506217.2,0.499999973007,0.0,0.0,0.0
2013-10-10 05:50:00,1058657.6,1009633.4,0.499999972961,0.0,0.0,0.0
2013-10-10 05:55:00,1002185.8,1910032.4,0.499999973295,0.0,0.0,0.0
2013-10-10 06:00:00,1487688.6,1004299.4,0.499999973339,0.0,0.0,0.0
2013-10-10 06:05:00,1031687.8,800122.2,0.499999973311,0.0,0.0,0.0
2013-10-10 06:10:00,821456.4,1414346.8,0.499999973579,0.0,0.0,0.0
2013-10-10 06:15:00,898685.4,1114365.6,0.499999973719,0.0,0.0,0.0
2013-10-10 06:20:00,920632.8,1222933.0,0.499999973778,0.0,0.0,0.0
2013-10-10 06:25:00,1260650.8,1177306.6,0.49999997395,0.0,0.0,0.0
2013-10-10 06:30:00,1028933.8,936231.0,0.499999974092,0.0,0.0,0.0
2013-10-10 06:35:00,792172.0,1086114.8,0.499999973947,0.0,0.0,0.0
2013-10-10 06:40:00,936512.8,865114.8,0.499999973947,0.0,0.0,0.0
2013-10-10 06:45:00,1188596.2,1058657.6,0.499999973584,0.0,0.0,0.0
2013-10-10 06:50:00,1166070.0,1002185.8,0.499999973644,0.0,0.0,0.0
2013-10-10 06:55:00,924183.8,1487688.6,0.499999974023,0.0,0.0,0.0
2013-10-10 07:00:00,1702998.0,1031687.8,0.499999973889,0.0,0.0,0.0
2013-10-10 07:05:00,2861705.2,821456.4,0.499999973808,0.0,0.0,0.0
2013-10-10 07:10:00,1146903.4,898685.4,0.499999973706,0.0,0.0,0.0
2013-10-10 07:15:00,1051866.2,920632.8,0.499999973635,0.0,0.0,0.0
2013-10-10 07:20:00,1196833.4,1260650.8,0.499999973841,0.0,0.0,0.0
2013-10-10 07:25:00,1439759.4,1028933.8,0.499999973864,0.0,0.0,0.0
2013-10-10 07:30:00,1084365.8,792172.0,0.49999997389,0.0,0.0,0.0
2013-10-10 07:35:00,1227197.8,936512.8,0.499999973882,0.0,0.0,0.0
2013-10-10 07:40:00,951286.8,1188596.2,0.49999997402,0.0,0.0,0.0
2013-10-10 07:45:00,909773.0,1166070.0,0.499999973895,0.0,0.0,0.0
2013-10-10 07:50:00,1673980.6,924183.8,0.499999973892,0.0,0.0,0.0
2013-10-10 07:55:00,1239774.4,1702998.0,0.499999974369,0.0,0.0,0.0
2013-10-10 08:00:00,1623926.4,2861705.2,0.49999997537,0.0,0.0,0.0
2013-10-10 08:05:00,1899871.8,1146903.4,0.499999975536,0.0,0.0,0.0
2013-10-10 08:10:00,1061869.4,1051866.2,0.499999975475,0.0,0.0,0.0
2013-10-10 08:15:00,1169978.4,1196833.4,0.499999975607,0.0,0.0,0.0
2013-10-10 08:20:00,1309258.8,1439759.4,0.499999975985,0.0,0.0,0.0
2013-10-10 08:25:00,1400611.4,1084365.8,0.499999976113,0.0,0.0,0.0
2013-10-10 08:30:00,1478794.0,1227197.8,0.499999976175,0.0,0.0,0.0
2013-10-10 08:35:00,1154915.6,951286.8,0.499999976113,0.0,0.0,0.0
2013-10-10 08:40:00,1119468.6,909773.0,0.499999976159,0.0,0.0,0.0
2013-10-10 08:45:00,1315528.4,1673980.6,0.499999976163,0.0,0.0,0.0
2013-10-10 08:50:00,1316311.2,1239774.4,0.499999975311,0.0,0.0,0.0
2013-10-10 08:55:00,1252876.6,1623926.4,0.499999975591,0.0,0.0,0.0
2013-10-10 09:00:00,1611319.6,1899871.8,0.499999976067,0.0,0.0,0.0
2013-10-10 09:05:00,1874347.2,1061869.4,0.499999976036,0.0,0.0,0.0
2013-10-10 09:10:00,7734377.8,1169978.4,0.499999975924,0.0,0.0,0.0
2013-10-10 09:15:00,21326575.6,1309258.8,0.499999976082,0.0,0.0,0.0
2013-10-10 09:20:00,34239448.6,1400611.4,0.499999976207,0.0,0.0,0.0
2013-10-10 09:25:00,39717876.0,1478794.0,0.499999976529,0.0,0.0,0.0
2013-10-10 09:30:00,41614284.6,1154915.6,0.499999976706,0.0,0.0,0.0
2013-10-10 09:35:00,46141497.6,1119468.6,0.499999976432,0.0,0.0,0.0
2013-10-10 09:40:00,36632762.0,1315528.4,0.499999976506,0.0,0.0,0.0
2013-10-10 09:45:00,22884266.2,1316311.2,0.49999997636,0.0,0.0,0.0
2013-10-10 09:50:00,18195488.2,1252876.6,0.49999997602,0.0,0.0,0.0
2013-10-10 09:55:00,14726156.8,1611319.6,0.499999976352,0.0,0.0,0.0
2013-10-10 10:00:00,13021075.2,1874347.2,0.499999976765,0.0,0.0,0.0
2013-10-10 10:05:00,12199362.0,7734377.8,0.499999980332,0.0,0.0,0.0
2013-10-10 10:10:00,10825948.6,21326575.6,0.499999991587,0.0,0.0,0.0
2013-10-10 10:15:00,9548127.6,34239448.6,0.500000009115,0.0,0.0,0.0
2013-10-10 10:20:00,8109072.2,39717876.0,0.500000027275,0.0,0.0,0.0
2013-10-10 10:25:00,8925800.4,41614284.6,0.500000043746,0.0,0.0,0.0
2013-10-10 10:30:00,7765588.0,46141497.6,0.500000058914,0.0,0.0,0.0
2013-10-10 10:35:00,6306836.6,36632762.0,0.500000070575,-1.0,-2.0,-1.0
2013-10-10 10:40:00,6912175.4,22884266.2,0.500000078572,0.0,0.0,0.0
2013-10-10 10:45:00,8497172.4,18195488.2,0.500000085022,0.0,0.0,0.0
2013-10-10 10:50:00,9570483.4,14726156.8,0.50000009029,0.0,0.0,0.0
2013-10-10 10:55:00,10766459.6,13021075.2,0.500000092592,0.0,0.0,0.0
2013-10-10 11:00:00,11728221.2,12199362.0,0.500000088976,0.0,0.0,0.0
2013-10-10 11:05:00,12230082.2,10825948.6,0.500000079459,0.0,0.0,0.0
2013-10-10 11:10:00,12685043.6,9548127.6,0.500000067092,0.0,0.0,0.0
2013-10-10 11:15:00,13446408.0,8109072.2,0.50000005326,0.0,0.0,0.0
2013-10-10 11:20:00,13995080.6,8925800.4,0.50000003771,0.0,0.0,0.0
2013-10-10 11:25:00,14218029.8,7765588.0,0.500000025596,0.0,0.0,0.0
2013-10-10 11:30:00,13467919.2,6306836.6,0.500000018645,0.0,0.0,0.0
2013-10-10 11:35:00,13460836.0,6912175.4,0.500000013887,0.0,0.0,0.0
2013-10-10 11:40:00,13809836.0,8497172.4,0.500000011229,0.0,0.0,0.0
2013-10-10 11:45:00,14009019.0,9570483.4,0.500000009726,0.0,0.0,0.0
2013-10-10 11:50:00,13084023.6,10766459.6,0.500000009059,0.0,0.0,0.0
2013-10-10 11:55:00,12709564.2,11728221.2,0.500000009382,0.0,0.0,0.0
2013-10-10 12:00:00,12814870.4,12230082.2,0.500000010472,0.0,0.0,0.0
2013-10-10 12:05:00,11877359.0,12685043.6,0.500000012387,0.0,0.0,0.0
2013-10-10 12:10:00,11696078.2,13446408.0,0.500000014268,0.0,0.0,0.0
2013-10-10 12:15:00,11996982.8,13995080.6,0.500000016893,0.0,0.0,0.0
2013-10-10 12:20:00,11997259.8,14218029.8,0.500000020262,0.0,0.0,0.0
2013-10-10 12:25:00,11376455.0,13467919.2,0.500000023072,0.0,0.0,0.0
2013-10-10 12:30:00,11210009.4,13460836.0,0.500000025192,0.0,0.0,0.0
2013-10-10 12:35:00,9479133.6,13809836.0,0.500000026989,0.0,0.0,0.0
2013-10-10 12:40:00,8772188.6,14009019.0,0.500000028344,0.0,0.0,0.0
2013-10-10 12:45:00,7232056.8,13084023.6,0.5000000289,0.0,0.0,0.0
2013-10-10 12:50:00,5023842.2,12709564.2,0.500000029082,0.0,0.0,0.0
2013-10-10 12:55:00,4625737.4,12814870.4,0.500000029106,0.0,0.0,0.0
2013-10-10 13:00:00,4001864.8,11877359.0,0.5000000284,0.0,0.0,0.0
2013-10-10 13:05:00,3590778.4,11696078.2,0.500000027367,0.0,0.0,0.0
2013-10-10 13:10:00,3459420.2,11996982.8,0.500000026353,0.0,0.0,0.0
2013-10-10 13:15:00,4111032.6,11997259.8,0.500000025673,0.0,0.0,0.0
2013-10-10 13:20:00,4421097.4,11376455.0,0.500000024729,0.0,0.0,0.0
2013-10-10 13:25:00,4455026.0,11210009.4,0.500000023549,0.0,0.0,0.0
2013-10-10 13:30:00,7491621.6,9479133.6,0.500000021522,0.0,0.0,0.0
2013-10-10 13:35:00,6655292.6,8772188.6,0.500000019595,0.0,0.0,0.0
2013-10-10 13:40:00,5443550.2,7232056.8,0.500000017145,0.0,0.0,0.0
2013-10-10 13:45:00,6155358.2,5023842.2,0.500000013642,0.0,0.0,0.0
2013-10-10 13:50:00,6492683.4,4625737.4,0.500000010368,0.0,0.0,0.0
2013-10-10 13:55:00,6950044.0,4001864.8,0.500000006873,0.0,0.0,0.0
2013-10-10 14:00:00,6841478.0,3590778.4,0.500000003026,0.0,0.0,0.0
2013-10-10 14:05:00,6484278.0,3459420.2,0.499999999092,0.0,0.0,0.0
2013-10-10 14:10:00,6224288.0,4111032.6,0.499999995718,0.0,0.0,0.0
2013-10-10 14:15:00,6695084.8,4421097.4,0.499999992539,0.0,0.0,0.0
2013-10-10 14:20:00,6520807.0,4455026.0,0.499999990173,0.0,0.0,0.0
2013-10-10 14:25:00,4169085.8,7491621.6,0.499999989515,0.0,0.0,0.0
2013-10-10 14:30:00,3935875.6,6655292.6,0.499999989205,0.0,0.0,0.0
2013-10-10 14:35:00,3871600.0,5443550.2,0.499999989396,0.0,0.0,0.0
2013-10-10 14:40:00,4002291.2,6155358.2,0.499999990109,0.0,0.0,0.0
2013-10-10 14:45:00,3947186.2,6492683.4,0.499999991287,0.0,0.0,0.0
2013-10-10 14:50:00,4353851.6,6950044.0,0.499999992888,0.0,0.0,0.0
2013-10-10 14:55:00,4353784.6,6841478.0,0.499999994515,0.0,0.0,0.0
2013-10-10 15:00:00,5099945.0,6484278.0,0.499999995667,0.0,0.0,0.0
2013-10-10 15:05:00,5771032.8,6224288.0,0.499999996553,0.0,0.0,0.0
2013-10-10 15:10:00,6843186.0,6695084.8,0.499999997651,0.0,0.0,0.0
2013-10-10 15:15:00,5279036.4,6520807.0,0.499999997171,0.0,0.0,0.0
2013-10-10 15:20:00,6496034.2,4169085.8,0.499999995978,0.0,0.0,0.0
2013-10-10 15:25:00,4476881.4,3935875.6,0.49999999527,0.0,0.0,0.0
2013-10-10 15:30:00,7500000.4,3871600.0,0.49999999417,0.0,0.0,0.0
2013-10-10 15:35:00,4549360.8,4002291.2,0.499999992956,0.0,0.0,0.0
2013-10-10 15:40:00,4837703.4,3947186.2,0.499999991476,0.0,0.0,0.0
2013-10-10 15:45:00,5145406.0,4353851.6,0.499999990238,0.0,0.0,0.0
2013-10-10 15:50:00,5235980.4,4353784.6,0.499999989173,0.0,0.0,0.0
2013-10-10 15:55:00,4608298.0,5099945.0,0.499999988597,0.0,0.0,0.0
2013-10-10 16:00:00,4648481.0,5771032.8,0.499999988105,0.0,0.0,0.0
2013-10-10 16:05:00,5222922.0,6843186.0,0.499999988228,0.0,0.0,0.0
2013-10-10 16:10:00,5018915.4,5279036.4,0.499999988789,0.0,0.0,0.0
2013-10-10 16:15:00,6171433.4,6496034.2,0.499999990079,0.0,0.0,0.0
2013-10-10 16:20:00,5202479.8,4476881.4,0.499999990405,0.0,0.0,0.0
2013-10-10 16:25:00,3324062.0,7500000.4,0.499999992179,0.0,0.0,0.0
2013-10-10 16:30:00,5081782.8,4549360.8,0.499999992511,0.0,0.0,0.0
2013-10-10 16:35:00,4249074.6,4837703.4,0.499999992778,0.0,0.0,0.0
2013-10-10 16:40:00,4199818.6,5145406.0,0.499999993202,0.0,0.0,0.0
2013-10-10 16:45:00,5219494.2,5235980.4,0.499999993281,0.0,0.0,0.0
2013-10-10 16:50:00,4694730.2,4608298.0,0.499999992687,0.0,0.0,0.0
2013-10-10 16:55:00,6152926.2,4648481.0,0.499999991539,0.0,0.0,0.0
2013-10-10 17:00:00,5550911.8,5222922.0,0.499999991512,0.0,0.0,0.0
2013-10-10 17:05:00,4896396.0,5018915.4,0.499999990729,0.0,0.0,0.0
2013-10-10 17:10:00,5670213.8,6171433.4,0.499999991618,0.0,0.0,0.0
2013-10-10 17:15:00,4850725.4,5202479.8,0.499999990385,0.0,0.0,0.0
2013-10-10 17:20:00,4571890.4,3324062.0,0.499999989762,0.0,0.0,0.0
2013-10-10 17:25:00,4536476.8,5081782.8,0.499999989893,0.0,0.0,0.0
2013-10-10 17:30:00,4437847.2,4249074.6,0.499999989422,0.0,0.0,0.0
2013-10-10 17:35:00,5375253.2,4199818.6,0.499999988874,0.0,0.0,0.0
2013-10-10 17:40:00,4312917.2,5219494.2,0.499999989201,0.0,0.0,0.0
2013-10-10 17:45:00,3983407.8,4694730.2,0.499999989231,0.0,0.0,0.0
2013-10-10 17:50:00,4300847.6,6152926.2,0.499999989719,0.0,0.0,0.0
2013-10-10 17:55:00,4406236.0,5550911.8,0.499999990001,0.0,0.0,0.0
2013-10-10 18:00:00,4374796.8,4896396.0,0.499999989299,0.0,0.0,0.0
2013-10-10 18:05:00,3936344.4,5670213.8,0.499999989544,-1.0,-2.0,-1.0
2013-10-10 18:10:00,3846504.4,4850725.4,0.499999990398,0.0,0.0,0.0
2013-10-10 18:15:00,3692155.2,4571890.4,0.499999990124,0.0,0.0,0.0
2013-10-10 18:20:00,3217057.0,4536476.8,0.499999990296,0.0,0.0,0.0
2013-10-10 18:25:00,3820828.8,4437847.2,0.499999990443,0.0,0.0,0.0
2013-10-10 18:30:00,4718348.6,5375253.2,0.499999990526,0.0,0.0,0.0
2013-10-10 18:35:00,3415757.8,4312917.2,0.499999990327,0.0,0.0,0.0
2013-10-10 18:40:00,4203280.8,3983407.8,0.499999989119,0.0,0.0,0.0
2013-10-10 18:45:00,3655304.0,4300847.6,0.499999988419,0.0,0.0,0.0
2013-10-10 18:50:00,3335873.0,4406236.0,0.499999988148,0.0,0.0,0.0
2013-10-10 18:55:00,3137363.0,4374796.8,0.499999987414,0.0,0.0,0.0
2013-10-10 19:00:00,3636906.4,3936344.4,0.499999986904,0.0,0.0,0.0
2013-10-10 19:05:00,3469994.6,3846504.4,0.499999986502,0.0,0.0,0.0
2013-10-10 19:10:00,3291118.6,3692155.2,0.499999986032,0.0,0.0,0.0
2013-10-10 19:15:00,3582063.0,3217057.0,0.499999985352,0.0,0.0,0.0
2013-10-10 19:20:00,3177593.0,3820828.8,0.499999984461,0.0,0.0,0.0
2013-10-10 19:25:00,3183260.8,4718348.6,0.499999984686,0.0,0.0,0.0
2013-10-10 19:30:00,2701991.8,3415757.8,0.499999984374,0.0,0.0,0.0
2013-10-10 19:35:00,2756069.0,4203280.8,0.499999984316,0.0,0.0,0.0
2013-10-10 19:40:00,3424595.0,3655304.0,0.499999983887,0.0,0.0,0.0
2013-10-10 19:45:00,2716830.0,3335873.0,0.499999983294,0.0,0.0,0.0
2013-10-10 19:50:00,2595576.6,3137363.0,0.499999982843,0.0,0.0,0.0
2013-10-10 19:55:00,3246679.0,3636906.4,0.499999982727,0.0,0.0,0.0
2013-10-10 20:00:00,2800273.6,3469994.6,0.499999982607,0.0,0.0,0.0
2013-10-10 20:05:00,2484272.0,3291118.6,0.499999982667,0.0,0.0,0.0
2013-10-10 20:10:00,2227412.4,3582063.0,0.499999982533,0.0,0.0,0.0
2013-10-10 20:15:00,2684762.6,3177593.0,0.499999981629,0.0,0.0,0.0
2013-10-10 20:20:00,3560943.0,3183260.8,0.499999981505,0.0,0.0,0.0
2013-10-10 20:25:00,3986034.8,2701991.8,0.499999980629,0.0,0.0,0.0
2013-10-10 20:30:00,4382304.2,2756069.0,0.49999998011,0.0,0.0,0.0
2013-10-10 20:35:00,6511585.2,3424595.0,0.499999980169,0.0,0.0,0.0
2013-10-10 20:40:00,13757010.4,2716830.0,0.499999979937,0.0,0.0,0.0
2013-10-10 20:45:00,9203809.4,2595576.6,0.49999997933,0.0,0.0,0.0
2013-10-10 20:50:00,5384941.6,3246679.0,0.499999979201,0.0,0.0,0.0
2013-10-10 20:55:00,3715801.6,2800273.6,0.499999978919,0.0,0.0,0.0
2013-10-10 21:00:00,3076906.8,2484272.0,0.499999978273,0.0,0.0,0.0
2013-10-10 21:05:00,2981824.0,2227412.4,0.499999977721,0.0,0.0,0.0
2013-10-10 21:10:00,2508304.8,2684762.6,0.499999977431,0.0,0.0,0.0
2013-10-10 21:15:00,2873027.0,3560943.0,0.499999977954,0.0,0.0,0.0
2013-10-10 21:20:00,2736929.8,3986034.8,0.499999978699,0.0,0.0,0.0
2013-10-10 21:25:00,2852624.6,4382304.2,0.499999979271,0.0,0.0,0.0
2013-10-10 21:30:00,2597563.6,6511585.2,0.499999981565,0.0,0.0,0.0
2013-10-10 21:35:00,2299805.4,13757010.4,0.499999988359,0.0,0.0,0.0
2013-10-10 21:40:00,2124006.6,9203809.4,0.49999999199,0.0,0.0,0.0
2013-10-10 21:45:00,1843232.8,5384941.6,0.499999993602,0.0,0.0,0.0
2013-10-10 21:50:00,2516452.4,3715801.6,0.499999994407,0.0,0.0,0.0
2013-10-10 21:55:00,2635773.2,3076906.8,0.499999994988,0.0,0.0,0.0
2013-10-10 22:00:00,2934168.6,2981824.0,0.499999995226,0.0,0.0,0.0
2013-10-10 22:05:00,3165361.2,2508304.8,0.499999994623,0.0,0.0,0.0
2013-10-10 22:10:00,2596034.8,2873027.0,0.499999993971,0.0,0.0,0.0
2013-10-10 22:15:00,2365396.2,2736929.8,0.499999992981,0.0,0.0,0.0
2013-10-10 22:20:00,2410592.4,2852624.6,0.499999990704,0.0,0.0,0.0
2013-10-10 22:25:00,2411177.2,2597563.6,0.499999983647,0.0,0.0,0.0
2013-10-10 22:30:00,2817637.0,2299805.4,0.499999979282,0.0,0.0,0.0
2013-10-10 22:35:00,2420126.0,2124006.6,0.499999977232,0.0,0.0,0.0
2013-10-10 22:40:00,2087740.6,1843232.8,0.49999997607,0.0,0.0,0.0
2013-10-10 22:45:00,1964231.0,2516452.4,0.499999975727,0.0,0.0,0.0
2013-10-10 22:50:00,2010772.4,2635773.2,0.499999975518,0.0,0.0,0.0
2013-10-10 22:55:00,1781298.8,2934168.6,0.499999975797,0.0,0.0,0.0
2013-10-10 23:00:00,2799522.0,3165361.2,0.499999975985,0.0,0.0,0.0
2013-10-10 23:05:00,2338843.0,2596034.8,0.499999975908,0.0,0.0,0.0
2013-10-10 23:10:00,1943066.8,2365396.2,0.499999975612,0.0,0.0,0.0
2013-10-10 23:15:00,2518236.8,2410592.4,0.499999975509,0.0,0.0,0.0
2013-10-10 23:20:00,3359710.8,2411177.2,0.499999975599,0.0,0.0,0.0
2013-10-10 23:25:00,2119819.4,2817637.0,0.499999976059,0.0,0.0,0.0
2013-10-10 23:30:00,2216677.4,2420126.0,0.499999976456,0.0,0.0,0.0
2013-10-10 23:35:00,1922451.0,2087740.6,0.499999976202,0.0,0.0,0.0
2013-10-10 23:40:00,2131340.4,1964231.0,0.499999975791,0.0,0.0,0.0
2013-10-10 23:45:00,2174178.6,2010772.4,0.499999975211,0.0,0.0,0.0
2013-10-10 23:50:00,2053342.8,1781298.8,0.499999974331,0.0,0.0,0.0
2013-10-10 23:55:00,2500698.4,2799522.0,0.49999997447,0.0,0.0,0.0
2013-10-11 00:00:00,2345290.8,2338843.0,0.499999974469,0.0,0.0,0.0
2013-10-11 00:05:00,2157204.4,1943066.8,0.499999974185,0.0,0.0,0.0
2013-10-11 00:10:00,2458691.2,2518236.8,0.499999974267,0.0,0.0,0.0
2013-10-11 00:15:00,2451451.4,3359710.8,0.499999974618,0.0,0.0,0.0
2013-10-11 00:20:00,2074059.4,2119819.4,0.499999974439,0.0,0.0,0.0
2013-10-11 00:25:00,2823709.6,2216677.4,0.499999974544,0.0,0.0,0.0
2013-10-11 00:30:00,3076168.6,1922451.0,0.499999974543,0.0,0.0,0.0
2013-10-11 00:35:00,2733595.0,2131340.4,0.499999974645,0.0,0.0,0.0
2013-10-11 00:40:00,2627582.6,2174178.6,0.499999974929,0.0,0.0,0.0
2013-10-11 00:45:00,2571875.4,2053342.8,0.499999974449,0.0,0.0,0.0
2013-10-11 00:50:00,2763043.4,2500698.4,0.499999974569,0.0,0.0,0.0
2013-10-11 00:55:00,3373233.6,2345290.8,0.499999974856,0.0,0.0,0.0
2013-10-11 01:00:00,2596747.2,2157204.4,0.499999974631,0.0,0.0,0.0
2013-10-11 01:05:00,2573697.0,2458691.2,0.49999997403,0.0,0.0,0.0
2013-10-11 01:10:00,2585580.8,2451451.4,0.499999974266,0.0,0.0,0.0
2013-10-11 01:15:00,2926060.2,2074059.4,0.49999997419,0.0,0.0,0.0
2013-10-11 01:20:00,2721994.2,2823709.6,0.499999974807,0.0,0.0,0.0
2013-10-11 01:25:00,2826090.8,3076168.6,0.499999975452,0.0,0.0,0.0
2013-10-11 01:30:00,3175531.0,2733595.0,0.499999975842,0.0,0.0,0.0
2013-10-11 01:35:00,2783067.4,2627582.6,0.499999976247,0.0,0.0,0.0
2013-10-11 01:40:00,2646577.8,2571875.4,0.499999976307,0.0,0.0,0.0
2013-10-11 01:45:00,2249622.8,2763043.4,0.499999976603,0.0,0.0,0.0
2013-10-11 01:50:00,2380653.2,3373233.6,0.499999977438,0.0,0.0,0.0
2013-10-11 01:55:00,3353167.8,2596747.2,0.499999977547,0.0,0.0,0.0
2013-10-11 02:00:00,2691037.4,2573697.0,0.499999977646,0.0,0.0,0.0
2013-10-11 02:05:00,2815953.6,2585580.8,0.499999978016,0.0,0.0,0.0
2013-10-11 02:10:00,2388228.8,2926060.2,0.499999978094,0.0,0.0,0.0
2013-10-11 02:15:00,2607510.2,2721994.2,0.499999977857,0.0,0.0,0.0
2013-10-11 02:20:00,2258206.2,2826090.8,0.49999997793,0.0,0.0,0.0
2013-10-11 02:25:00,2119898.0,3175531.0,0.499999978315,0.0,0.0,0.0
2013-10-11 02:30:00,2234826.6,2783067.4,0.499999978474,0.0,0.0,0.0
2013-10-11 02:35:00,2029213.0,2646577.8,0.499999978405,0.0,0.0,0.0
2013-10-11 02:40:00,2022639.2,2249622.8,0.499999977632,0.0,0.0,0.0
2013-10-11 02:45:00,2477133.0,2380653.2,0.499999977497,0.0,0.0,0.0
2013-10-11 02:50:00,2322718.8,3353167.8,0.499999978045,0.0,0.0,0.0
2013-10-11 02:55:00,2451926.6,2691037.4,0.499999978131,0.0,0.0,0.0
2013-10-11 03:00:00,3751994.8,2815953.6,0.499999978061,0.0,0.0,0.0
2013-10-11 03:05:00,3835848.4,2388228.8,0.49999997784,0.0,0.0,0.0
2013-10-11 03:10:00,4605135.8,2607510.2,0.499999977696,0.0,0.0,0.0
2013-10-11 03:15:00,2598200.0,2258206.2,0.499999977058,0.0,0.0,0.0
2013-10-11 03:20:00,2721577.4,2119898.0,0.499999976603,0.0,0.0,0.0
2013-10-11 03:25:00,2402112.2,2234826.6,0.499999976325,0.0,0.0,0.0
2013-10-11 03:30:00,2573645.6,2029213.0,0.49999997619,0.0,0.0,0.0
2013-10-11 03:35:00,1869702.6,2022639.2,0.499999975954,0.0,0.0,0.0
2013-10-11 03:40:00,2195341.8,2477133.0,0.49999997533,0.0,0.0,0.0
2013-10-11 03:45:00,2179106.2,2322718.8,0.499999975076,0.0,0.0,0.0
2013-10-11 03:50:00,2224773.8,2451926.6,0.499999974821,0.0,0.0,0.0
2013-10-11 03:55:00,2051167.2,3751994.8,0.499999975794,0.0,0.0,0.0
2013-10-11 04:00:00,2076078.6,3835848.4,0.499999976671,0.0,0.0,0.0
2013-10-11 04:05:00,2338487.0,4605135.8,0.499999978354,0.0,0.0,0.0
2013-10-11 04:10:00,2322368.6,2598200.0,0.499999978718,0.0,0.0,0.0
2013-10-11 04:15:00,2213996.4,2721577.4,0.499999979086,0.0,0.0,0.0
2013-10-11 04:20:00,1960851.4,2402112.2,0.499999979379,0.0,0.0,0.0
2013-10-11 04:25:00,2122598.6,2573645.6,0.499999979801,0.0,0.0,0.0
2013-10-11 04:30:00,2050746.2,1869702.6,0.499999979384,0.0,0.0,0.0
2013-10-11 04:35:00,1663046.4,2195341.8,0.499999979313,0.0,0.0,0.0
2013-10-11 04:40:00,1939977.0,2179106.2,0.499999979135,0.0,0.0,0.0
2013-10-11 04:45:00,1737724.6,2224773.8,0.499999978022,0.0,0.0,0.0
2013-10-11 04:50:00,2021960.8,2051167.2,0.499999976717,0.0,0.0,0.0
2013-10-11 04:55:00,2004803.6,2076078.6,0.499999974852,0.0,0.0,0.0
2013-10-11 05:00:00,2166114.6,2338487.0,0.499999974669,0.0,0.0,0.0
2013-10-11 05:05:00,1853609.6,2322368.6,0.499999974382,0.0,0.0,0.0
2013-10-11 05:10:00,1976750.8,2213996.4,0.499999974254,0.0,0.0,0.0
2013-10-11 05:15:00,2105559.2,1960851.4,0.499999973813,0.0,0.0,0.0
2013-10-11 05:20:00,1761453.0,2122598.6,0.499999974018,0.0,0.0,0.0
2013-10-11 05:25:00,2153253.4,2050746.2,0.499999973925,0.0,0.0,0.0
2013-10-11 05:30:00,1780847.8,1663046.4,0.499999973562,0.0,0.0,0.0
2013-10-11 05:35:00,2041699.2,1939977.0,0.499999973364,0.0,0.0,0.0
2013-10-11 05:40:00,1819123.4,1737724.6,0.49999997315,0.0,0.0,0.0
2013-10-11 05:45:00,1892495.8,2021960.8,0.499999973124,0.0,0.0,0.0
2013-10-11 05:50:00,2131994.0,2004803.6,0.499999972886,0.0,0.0,0.0
2013-10-11 05:55:00,2037706.0,2166114.6,0.499999972777,0.0,0.0,0.0
2013-10-11 06:00:00,2019189.0,1853609.6,0.499999972521,0.0,0.0,0.0
2013-10-11 06:05:00,1799215.4,1976750.8,0.499999972548,0.0,0.0,0.0
2013-10-11 06:10:00,1805860.4,2105559.2,0.499999972546,0.0,0.0,0.0
2013-10-11 06:15:00,1768089.2,1761453.0,0.499999972345,0.0,0.0,0.0
2013-10-11 06:20:00,2498414.8,2153253.4,0.499999972731,0.0,0.0,0.0
2013-10-11 06:25:00,2238022.2,1780847.8,0.499999972628,0.0,0.0,0.0
2013-10-11 06:30:00,2159250.6,2041699.2,0.499999972875,0.0,0.0,0.0
2013-10-11 06:35:00,2639714.6,1819123.4,0.499999972737,0.0,0.0,0.0
2013-10-11 06:40:00,2171903.2,1892495.8,0.499999972667,0.0,0.0,0.0
2013-10-11 06:45:00,2519590.8,2131994.0,0.499999972651,0.0,0.0,0.0
2013-10-11 06:50:00,2841035.4,2037706.0,0.499999972806,0.0,0.0,0.0
2013-10-11 06:55:00,2955063.4,2019189.0,0.499999972852,0.0,0.0,0.0
2013-10-11 07:00:00,2999436.2,1799215.4,0.499999972632,0.0,0.0,0.0
2013-10-11 07:05:00,3614117.4,1805860.4,0.499999972685,0.0,0.0,0.0
2013-10-11 07:10:00,3138828.0,1768089.2,0.499999972403,0.0,0.0,0.0
2013-10-11 07:15:00,2943885.2,2498414.8,0.499999972965,0.0,0.0,0.0
2013-10-11 07:20:00,3058868.2,2238022.2,0.499999973126,0.0,0.0,0.0
2013-10-11 07:25:00,3485896.2,2159250.6,0.499999973403,0.0,0.0,0.0
2013-10-11 07:30:00,3034602.4,2639714.6,0.499999973989,0.0,0.0,0.0
2013-10-11 07:35:00,3229994.2,2171903.2,0.499999974032,0.0,0.0,0.0
2013-10-11 07:40:00,3210041.0,2519590.8,0.499999974414,0.0,0.0,0.0
2013-10-11 07:45:00,3268730.4,2841035.4,0.49999997506,0.0,0.0,0.0
2013-10-11 07:50:00,4081030.8,2955063.4,0.49999997597,0.0,0.0,0.0
2013-10-11 07:55:00,4146895.2,2999436.2,0.499999976913,0.0,0.0,0.0
2013-10-11 08:00:00,3599528.0,3614117.4,0.499999978366,0.0,0.0,0.0
2013-10-11 08:05:00,3779623.6,3138828.0,0.499999978873,0.0,0.0,0.0
2013-10-11 08:10:00,3734695.8,2943885.2,0.499999979438,0.0,0.0,0.0
2013-10-11 08:15:00,3843868.2,3058868.2,0.499999980158,0.0,0.0,0.0
2013-10-11 08:20:00,3627613.4,3485896.2,0.49999998083,0.0,0.0,0.0
2013-10-11 08:25:00,3246938.2,3034602.4,0.499999981526,0.0,0.0,0.0
2013-10-11 08:30:00,3139698.4,3229994.2,0.499999982099,0.0,0.0,0.0
2013-10-11 08:35:00,3022623.2,3210041.0,0.499999982398,0.0,0.0,0.0
2013-10-11 08:40:00,3175430.4,3268730.4,0.499999982653,0.0,0.0,0.0
2013-10-11 08:45:00,2937446.6,4081030.8,0.499999983515,0.0,0.0,0.0
2013-10-11 08:50:00,2705773.0,4146895.2,0.499999983934,0.0,0.0,0.0
2013-10-11 08:55:00,2281336.2,3599528.0,0.499999984307,0.0,0.0,0.0
2013-10-11 09:00:00,2721626.8,3779623.6,0.499999984983,0.0,0.0,0.0
2013-10-11 09:05:00,2526060.2,3734695.8,0.499999985532,0.0,0.0,0.0
2013-10-11 09:10:00,1943263.0,3843868.2,0.499999985821,0.0,0.0,0.0
2013-10-11 09:15:00,2115264.8,3627613.4,0.499999986308,0.0,0.0,0.0
2013-10-11 09:20:00,1716114.6,3246938.2,0.499999986331,0.0,0.0,0.0
2013-10-11 09:25:00,1689399.4,3139698.4,0.499999986285,0.0,0.0,0.0
2013-10-11 09:30:00,1614255.4,3022623.2,0.499999986096,0.0,0.0,0.0
2013-10-11 09:35:00,1586300.6,3175430.4,0.499999985359,0.0,0.0,0.0
2013-10-11 09:40:00,1945050.0,2937446.6,0.499999984372,0.0,0.0,0.0
2013-10-11 09:45:00,1419494.6,2705773.0,0.499999983648,0.0,0.0,0.0
2013-10-11 09:50:00,2052665.4,2281336.2,0.499999982428,0.0,0.0,0.0
2013-10-11 09:55:00,1503766.4,2721626.8,0.499999981599,0.0,0.0,0.0
2013-10-11 10:00:00,1425593.8,2526060.2,0.499999980516,0.0,0.0,0.0
2013-10-11 10:05:00,1564241.2,1943263.0,0.499999979138,0.0,0.0,0.0
2013-10-11 10:10:00,1445060.2,2115264.8,0.499999978212,0.0,0.0,0.0
2013-10-11 10:15:00,1402325.6,1716114.6,0.499999977048,0.0,0.0,0.0
2013-10-11 10:20:00,1630047.2,1689399.4,0.499999975958,0.0,0.0,0.0
2013-10-11 10:25:00,1315837.2,1614255.4,0.499999974674,0.0,0.0,0.0
2013-10-11 10:30:00,1399811.8,1586300.6,0.499999973564,0.0,0.0,0.0
2013-10-11 10:35:00,1653111.4,1945050.0,0.499999972938,0.0,0.0,0.0
2013-10-11 10:40:00,1317575.4,1419494.6,0.499999972238,0.0,0.0,0.0
2013-10-11 10:45:00,1333332.8,2052665.4,0.499999971683,0.0,0.0,0.0
2013-10-11 10:50:00,1646857.6,1503766.4,0.499999970841,0.0,0.0,0.0
2013-10-11 10:55:00,1436422.6,1425593.8,0.499999970426,0.0,0.0,0.0
2013-10-11 11:00:00,1447339.2,1564241.2,0.499999969978,0.0,0.0,0.0
2013-10-11 11:05:00,1613220.4,1445060.2,0.499999969769,0.0,0.0,0.0
2013-10-11 11:10:00,1662310.2,1402325.6,0.499999969547,0.0,0.0,0.0
2013-10-11 11:15:00,1545840.2,1630047.2,0.499999969576,0.0,0.0,0.0
2013-10-11 11:20:00,2411798.8,1315837.2,0.49999996937,0.0,0.0,0.0
2013-10-11 11:25:00,2392206.4,1399811.8,0.499999968925,0.0,0.0,0.0
2013-10-11 11:30:00,2101047.4,1653111.4,0.499999969139,0.0,0.0,0.0
2013-10-11 11:35:00,1488686.2,1317575.4,0.499999968532,0.0,0.0,0.0
2013-10-11 11:40:00,2004115.6,1333332.8,0.499999968407,0.0,0.0,0.0
2013-10-11 11:45:00,1691222.6,1646857.6,0.49999996861,0.0,0.0,0.0
2013-10-11 11:50:00,2059449.4,1436422.6,0.499999968519,0.0,0.0,0.0
2013-10-11 11:55:00,2161052.6,1447339.2,0.499999968539,0.0,0.0,0.0
2013-10-11 12:00:00,2587023.0,1613220.4,0.499999968734,0.0,0.0,0.0
2013-10-11 12:05:00,3038556.8,1662310.2,0.499999968775,0.0,0.0,0.0
2013-10-11 12:10:00,3019801.6,1545840.2,0.499999968989,0.0,0.0,0.0
2013-10-11 12:15:00,3016383.4,2411798.8,0.49999996986,0.0,0.0,0.0
2013-10-11 12:20:00,3488911.0,2392206.4,0.499999970497,0.0,0.0,0.0
2013-10-11 12:25:00,3639406.4,2101047.4,0.499999971182,0.0,0.0,0.0
2013-10-11 12:30:00,4288769.2,1488686.2,0.499999971337,0.0,0.0,0.0
2013-10-11 12:35:00,4508238.6,2004115.6,0.499999971656,0.0,0.0,0.0
2013-10-11 12:40:00,3876246.2,1691222.6,0.499999971894,0.0,0.0,0.0
2013-10-11 12:45:00,3620962.8,2059449.4,0.499999972435,0.0,0.0,0.0
2013-10-11 12:50:00,4616707.2,2161052.6,0.49999997292,0.0,0.0,0.0
2013-10-11 12:55:00,4108598.8,2587023.0,0.499999973727,0.0,0.0,0.0
2013-10-11 13:00:00,4354785.6,3038556.8,0.499999975026,0.0,0.0,0.0
2013-10-11 13:05:00,4086370.4,3019801.6,0.499999975552,0.0,0.0,0.0
2013-10-11 13:10:00,4152349.6,3016383.4,0.499999976093,0.0,0.0,0.0
2013-10-11 13:15:00,4059468.6,3488911.0,0.499999977302,0.0,0.0,0.0
2013-10-11 13:20:00,4503811.6,3639406.4,0.499999979186,0.0,0.0,0.0
2013-10-11 13:25:00,4255971.6,4288769.2,0.499999981185,0.0,0.0,0.0
2013-10-11 13:30:00,4555081.6,4508238.6,0.499999983659,0.0,0.0,0.0
2013-10-11 13:35:00,3962572.6,3876246.2,0.499999985265,0.0,0.0,0.0
2013-10-11 13:40:00,4546405.8,3620962.8,0.499999986563,0.0,0.0,0.0
2013-10-11 13:45:00,4112242.4,4616707.2,0.499999988356,0.0,0.0,0.0
2013-10-11 13:50:00,3963009.4,4108598.8,0.499999989307,0.0,0.0,0.0
2013-10-11 13:55:00,4264964.2,4354785.6,0.499999990495,0.0,0.0,0.0
2013-10-11 14:00:00,4711787.0,4086370.4,0.499999991453,0.0,0.0,0.0
2013-10-11 14:05:00,4008551.6,4152349.6,0.499999992049,0.0,0.0,0.0
2013-10-11 14:10:00,3886748.4,4059468.6,0.499999992429,0.0,0.0,0.0
2013-10-11 14:15:00,4360407.8,4503811.6,0.499999992617,0.0,0.0,0.0
2013-10-11 14:20:00,3777113.6,4255971.6,0.499999992388,0.0,0.0,0.0
2013-10-11 14:25:00,4448038.4,4555081.6,0.499999992997,0.0,0.0,0.0
2013-10-11 14:30:00,4350720.0,3962572.6,0.499999993312,0.0,0.0,0.0
2013-10-11 14:35:00,4000456.4,4546405.8,0.499999993243,0.0,0.0,0.0
2013-10-11 14:40:00,3757759.0,4112242.4,0.499999993249,0.0,0.0,0.0
2013-10-11 14:45:00,3714593.2,3963009.4,0.499999992897,0.0,0.0,0.0
2013-10-11 14:50:00,3802077.8,4264964.2,0.499999993059,0.0,0.0,0.0
2013-10-11 14:55:00,4170299.8,4711787.0,0.499999993564,0.0,0.0,0.0
2013-10-11 15:00:00,5127343.2,4008551.6,0.499999993522,0.0,0.0,0.0
2013-10-11 15:05:00,5878506.0,3886748.4,0.499999992962,0.0,0.0,0.0
2013-10-11 15:10:00,7135374.6,4360407.8,0.499999993056,0.0,0.0,0.0
2013-10-11 15:15:00,5958465.2,3777113.6,0.499999992347,0.0,0.0,0.0
2013-10-11 15:20:00,5198396.6,4448038.4,0.499999992791,0.0,0.0,0.0
2013-10-11 15:25:00,4433295.4,4350720.0,0.499999992607,0.0,0.0,0.0
2013-10-11 15:30:00,4855605.8,4000456.4,0.499999992507,0.0,0.0,0.0
2013-10-11 15:35:00,4924891.2,3757759.0,0.499999992324,0.0,0.0,0.0
2013-10-11 15:40:00,4788996.0,3714593.2,0.499999991819,0.0,0.0,0.0
2013-10-11 15:45:00,4697164.6,3802077.8,0.499999990977,0.0,0.0,0.0
2013-10-11 15:50:00,4682754.0,4170299.8,0.499999991125,0.0,0.0,0.0
2013-10-11 15:55:00,4119163.4,5127343.2,0.499999992268,0.0,0.0,0.0
2013-10-11 16:00:00,5152299.2,5878506.0,0.499999993662,0.0,0.0,0.0
2013-10-11 16:05:00,5840876.0,7135374.6,0.499999996768,0.0,0.0,0.0
2013-10-11 16:10:00,4851767.2,5958465.2,0.499999998166,0.0,0.0,0.0
2013-10-11 16:15:00,5146560.4,5198396.6,0.499999998958,0.0,0.0,0.0
2013-10-11 16:20:00,4523770.8,4433295.4,0.499999999374,0.0,0.0,0.0
2013-10-11 16:25:00,5435023.6,4855605.8,0.500000000413,0.0,0.0,0.0
2013-10-11 16:30:00,4971937.8,4924891.2,0.500000001561,0.0,0.0,0.0
2013-10-11 16:35:00,5635966.8,4788996.0,0.500000002503,0.0,0.0,0.0
2013-10-11 16:40:00,5122805.8,4697164.6,0.500000003013,0.0,0.0,0.0
2013-10-11 16:45:00,5066339.0,4682754.0,0.5000000026,0.0,0.0,0.0
2013-10-11 16:50:00,5091821.0,4119163.4,0.500000000941,0.0,0.0,0.0
2013-10-11 16:55:00,5286978.0,5152299.2,0.499999999045,0.0,0.0,0.0
2013-10-11 17:00:00,4617354.2,5840876.0,0.499999998917,0.0,0.0,0.0
2013-10-11 17:05:00,5074936.2,4851767.2,0.499999998585,0.0,0.0,0.0
2013-10-11 17:10:00,4946120.0,5146560.4,0.499999999264,0.0,0.0,0.0
2013-10-11 17:15:00,6072816.0,4523770.8,0.499999998952,0.0,0.0,0.0
2013-10-11 17:20:00,5499821.0,5435023.6,0.499999999434,0.0,0.0,0.0
2013-10-11 17:25:00,5616319.6,4971937.8,0.49999999961,0.0,0.0,0.0
2013-10-11 17:30:00,6105407.6,5635966.8,0.500000000506,0.0,0.0,0.0
2013-10-11 17:35:00,5154501.0,5122805.8,0.500000000931,0.0,0.0,0.0
2013-10-11 17:40:00,4878282.2,5066339.0,0.50000000185,0.0,0.0,0.0
2013-10-11 17:45:00,5460952.2,5091821.0,0.500000001792,0.0,0.0,0.0
2013-10-11 17:50:00,5431154.6,5286978.0,0.500000001251,0.0,0.0,0.0
2013-10-11 17:55:00,6670608.0,4617354.2,0.500000001031,0.0,0.0,0.0
2013-10-11 18:00:00,6095858.6,5074936.2,0.500000000961,0.0,0.0,0.0
2013-10-11 18:05:00,6956541.4,4946120.0,0.500000001377,0.0,0.0,0.0
2013-10-11 18:10:00,6199730.6,6072816.0,0.500000001986,0.0,0.0,0.0
2013-10-11 18:15:00,5714497.8,5499821.0,0.500000002499,0.0,0.0,0.0
2013-10-11 18:20:00,6457977.6,5616319.6,0.500000002473,0.0,0.0,0.0
2013-10-11 18:25:00,5753349.2,6105407.6,0.500000003427,0.0,0.0,0.0
2013-10-11 18:30:00,6047827.2,5154501.0,0.500000003517,0.0,0.0,0.0
2013-10-11 18:35:00,6658760.6,4878282.2,0.500000003314,0.0,0.0,0.0
2013-10-11 18:40:00,5845224.0,5460952.2,0.500000003484,0.0,0.0,0.0
2013-10-11 18:45:00,6342895.4,5431154.6,0.500000004289,0.0,0.0,0.0
2013-10-11 18:50:00,6092819.0,6670608.0,0.500000005853,0.0,0.0,0.0
2013-10-11 18:55:00,6495620.4,6095858.6,0.500000006988,0.0,0.0,0.0
2013-10-11 19:00:00,6848253.4,6956541.4,0.500000007846,0.0,0.0,0.0
2013-10-11 19:05:00,7022389.4,6199730.6,0.500000008538,0.0,0.0,0.0
2013-10-11 19:10:00,6095139.6,5714497.8,0.500000008638,0.0,0.0,0.0
2013-10-11 19:15:00,5196470.0,6457977.6,0.50000000898,0.0,0.0,0.0
2013-10-11 19:20:00,6245523.6,5753349.2,0.500000009583,0.0,0.0,0.0
2013-10-11 19:25:00,6063450.0,6047827.2,0.500000010756,0.0,0.0,0.0
2013-10-11 19:30:00,5752171.4,6658760.6,0.500000011951,0.0,0.0,0.0
2013-10-11 19:35:00,6961971.2,5845224.0,0.500000012373,0.0,0.0,0.0
2013-10-11 19:40:00,5756761.6,6342895.4,0.50000001204,0.0,0.0,0.0
2013-10-11 19:45:00,6439968.0,6092819.0,0.500000012038,0.0,0.0,0.0
2013-10-11 19:50:00,6029420.4,6495620.4,0.500000011566,0.0,0.0,0.0
2013-10-11 19:55:00,5526105.2,6848253.4,0.50000001221,0.0,0.0,0.0
2013-10-11 20:00:00,5683547.4,7022389.4,0.500000013523,0.0,0.0,0.0
2013-10-11 20:05:00,5640075.6,6095139.6,0.500000013158,0.0,0.0,0.0
2013-10-11 20:10:00,5640589.8,5196470.0,0.500000012609,0.0,0.0,0.0
2013-10-11 20:15:00,5567824.0,6245523.6,0.50000001281,0.0,0.0,0.0
2013-10-11 20:20:00,5077413.0,6063450.0,0.500000012205,0.0,0.0,0.0
2013-10-11 20:25:00,5764415.0,5752171.4,0.500000012117,0.0,0.0,0.0
2013-10-11 20:30:00,6909404.8,6961971.2,0.500000012738,0.0,0.0,0.0
2013-10-11 20:35:00,7339086.6,5756761.6,0.500000012401,0.0,0.0,0.0
2013-10-11 20:40:00,10412561.6,6439968.0,0.50000001234,0.0,0.0,0.0
2013-10-11 20:45:00,7364122.0,6029420.4,0.500000011499,0.0,0.0,0.0
2013-10-11 20:50:00,5189782.4,5526105.2,0.500000009966,0.0,0.0,0.0
2013-10-11 20:55:00,3723893.6,5683547.4,0.500000009546,0.0,0.0,0.0
2013-10-11 21:00:00,6623585.8,5640075.6,0.50000001001,0.0,0.0,0.0
2013-10-11 21:05:00,4414673.2,5640589.8,0.500000009389,0.0,0.0,0.0
2013-10-11 21:10:00,9307313.4,5567824.0,0.50000000888,0.0,0.0,0.0
2013-10-11 21:15:00,3958717.2,5077413.0,0.500000008192,0.0,0.0,0.0
2013-10-11 21:20:00,4500197.4,5764415.0,0.500000006946,0.0,0.0,0.0
2013-10-11 21:25:00,4809785.2,6909404.8,0.500000008127,0.0,0.0,0.0
2013-10-11 21:30:00,4220875.4,7339086.6,0.50000000904,0.0,0.0,0.0
2013-10-11 21:35:00,4678269.8,10412561.6,0.500000013535,0.0,0.0,0.0
2013-10-11 21:40:00,4023287.8,7364122.0,0.500000015438,0.0,0.0,0.0
2013-10-11 21:45:00,4025726.2,5189782.4,0.500000014943,0.0,0.0,0.0
2013-10-11 21:50:00,4899668.2,3723893.6,0.500000012977,0.0,0.0,0.0
2013-10-11 21:55:00,4500448.2,6623585.8,0.500000014003,0.0,0.0,0.0
2013-10-11 22:00:00,5425124.2,4414673.2,0.500000012822,0.0,0.0,0.0
2013-10-11 22:05:00,4736342.6,9307313.4,0.50000001722,0.0,0.0,0.0
2013-10-11 22:10:00,3897116.4,3958717.2,0.500000015359,0.0,0.0,0.0
2013-10-11 22:15:00,4175719.2,4500197.4,0.500000012845,0.0,0.0,0.0
2013-10-11 22:20:00,3768877.4,4809785.2,0.500000010192,0.0,0.0,0.0
2013-10-11 22:25:00,3633691.4,4220875.4,0.500000003656,0.0,0.0,0.0
2013-10-11 22:30:00,3136307.2,4678269.8,0.500000000816,0.0,0.0,0.0
2013-10-11 22:35:00,3600642.0,4023287.8,0.499999999594,0.0,0.0,0.0
2013-10-11 22:40:00,3480859.4,4025726.2,0.499999999932,0.0,0.0,0.0
2013-10-11 22:45:00,3182200.6,4899668.2,0.499999998095,0.0,0.0,0.0
2013-10-11 22:50:00,3398359.6,4500448.2,0.499999998194,0.0,0.0,0.0
2013-10-11 22:55:00,3428305.6,5425124.2,0.49999999403,0.0,0.0,0.0
2013-10-11 23:00:00,3942081.2,4736342.6,0.49999999486,0.0,0.0,0.0
2013-10-11 23:05:00,3610477.8,3897116.4,0.499999994224,0.0,0.0,0.0
2013-10-11 23:10:00,2606589.8,4175719.2,0.499999993548,0.0,0.0,0.0
2013-10-11 23:15:00,2532067.6,3768877.4,0.499999993073,0.0,0.0,0.0
2013-10-11 23:20:00,3795175.8,3633691.4,0.499999991961,0.0,0.0,0.0
2013-10-11 23:25:00,4031016.2,3136307.2,0.499999991024,0.0,0.0,0.0
2013-10-11 23:30:00,3087124.6,3600642.0,0.499999990575,0.0,0.0,0.0
2013-10-11 23:35:00,2645886.2,3480859.4,0.499999989051,0.0,0.0,0.0
2013-10-11 23:40:00,2921061.8,3182200.6,0.499999987638,0.0,0.0,0.0
2013-10-11 23:45:00,2868193.8,3398359.6,0.499999985446,0.0,0.0,0.0
2013-10-11 23:50:00,3678312.0,3428305.6,0.49999998403,0.0,0.0,0.0
2013-10-11 23:55:00,3993569.2,3942081.2,0.499999984074,0.0,0.0,0.0
2013-10-12 00:00:00,3155317.8,3610477.8,0.499999983458,0.0,0.0,0.0
2013-10-12 00:05:00,2577275.4,2606589.8,0.499999982208,0.0,0.0,0.0
2013-10-12 00:10:00,2030924.2,2532067.6,0.499999981023,0.0,0.0,0.0
2013-10-12 00:15:00,2691552.8,3795175.8,0.499999981737,0.0,0.0,0.0
2013-10-12 00:20:00,2108746.2,4031016.2,0.499999982198,0.0,0.0,0.0
2013-10-12 00:25:00,2602548.4,3087124.6,0.499999981774,0.0,0.0,0.0
2013-10-12 00:30:00,2468735.6,2645886.2,0.4999999812,0.0,0.0,0.0
2013-10-12 00:35:00,2507354.4,2921061.8,0.499999980685,0.0,0.0,0.0
2013-10-12 00:40:00,2261713.8,2868193.8,0.499999980078,0.0,0.0,0.0
2013-10-12 00:45:00,2457518.2,3678312.0,0.49999997978,0.0,0.0,0.0
2013-10-12 00:50:00,2418719.6,3993569.2,0.499999980191,0.0,0.0,0.0
2013-10-12 00:55:00,3111028.0,3155317.8,0.499999980802,0.0,0.0,0.0
2013-10-12 01:00:00,3591372.8,2577275.4,0.499999980868,0.0,0.0,0.0
2013-10-12 01:05:00,3041616.4,2030924.2,0.499999978938,0.0,0.0,0.0
2013-10-12 01:10:00,2416064.8,2691552.8,0.499999977461,0.0,0.0,0.0
2013-10-12 01:15:00,2395888.0,2108746.2,0.499999976395,0.0,0.0,0.0
2013-10-12 01:20:00,2708144.6,2602548.4,0.499999976357,0.0,0.0,0.0
2013-10-12 01:25:00,2907673.0,2468735.6,0.499999975865,0.0,0.0,0.0
2013-10-12 01:30:00,2969344.6,2507354.4,0.499999975473,0.0,0.0,0.0
2013-10-12 01:35:00,2668099.4,2261713.8,0.499999973906,0.0,0.0,0.0
2013-10-12 01:40:00,3015050.0,2457518.2,0.499999972197,0.0,0.0,0.0
2013-10-12 01:45:00,2737246.2,2418719.6,0.49999997138,0.0,0.0,0.0
2013-10-12 01:50:00,3323086.0,3111028.0,0.499999971971,0.0,0.0,0.0
2013-10-12 01:55:00,3542606.4,3591372.8,0.499999973708,0.0,0.0,0.0
2013-10-12 02:00:00,3537503.4,3041616.4,0.499999974099,0.0,0.0,0.0
2013-10-12 02:05:00,3174286.2,2416064.8,0.499999974456,0.0,0.0,0.0
2013-10-12 02:10:00,3053158.4,2395888.0,0.499999974235,0.0,0.0,0.0
2013-10-12 02:15:00,2712443.2,2708144.6,0.49999997451,0.0,0.0,0.0
2013-10-12 02:20:00,3243322.6,2907673.0,0.499999974963,0.0,0.0,0.0
2013-10-12 02:25:00,2970901.6,2969344.6,0.499999975764,0.0,0.0,0.0
2013-10-12 02:30:00,3602252.0,2668099.4,0.499999976011,0.0,0.0,0.0
2013-10-12 02:35:00,3767764.6,3015050.0,0.499999976688,0.0,0.0,0.0
2013-10-12 02:40:00,3217024.8,2737246.2,0.49999997627,0.0,0.0,0.0
2013-10-12 02:45:00,3623309.2,3323086.0,0.49999997596,0.0,0.0,0.0
2013-10-12 02:50:00,3463932.6,3542606.4,0.49999997652,0.0,0.0,0.0
2013-10-12 02:55:00,3473942.8,3537503.4,0.499999977791,0.0,0.0,0.0
2013-10-12 03:00:00,4327528.2,3174286.2,0.49999997868,0.0,0.0,0.0
2013-10-12 03:05:00,4953168.0,3053158.4,0.499999979078,0.0,0.0,0.0
2013-10-12 03:10:00,6010022.0,2712443.2,0.499999978865,0.0,0.0,0.0
2013-10-12 03:15:00,3792235.2,3243322.6,0.499999979178,0.0,0.0,0.0
2013-10-12 03:20:00,5067495.2,2970901.6,0.499999979532,0.0,0.0,0.0
2013-10-12 03:25:00,4178473.4,3602252.0,0.499999980201,0.0,0.0,0.0
2013-10-12 03:30:00,3722183.4,3767764.6,0.499999981379,0.0,0.0,0.0
2013-10-12 03:35:00,6000974.2,3217024.8,0.49999998126,0.0,0.0,0.0
2013-10-12 03:40:00,3656226.2,3623309.2,0.499999981349,0.0,0.0,0.0
2013-10-12 03:45:00,3946900.8,3463932.6,0.499999981263,0.0,0.0,0.0
2013-10-12 03:50:00,3872716.2,3473942.8,0.499999981608,0.0,0.0,0.0
2013-10-12 03:55:00,3954127.4,4327528.2,0.499999983069,0.0,0.0,0.0
2013-10-12 04:00:00,3870564.8,4953168.0,0.499999985646,0.0,0.0,0.0
2013-10-12 04:05:00,3812299.2,6010022.0,0.499999988824,0.0,0.0,0.0
2013-10-12 04:10:00,3793134.4,3792235.2,0.499999989784,0.0,0.0,0.0
2013-10-12 04:15:00,3610520.8,5067495.2,0.499999991475,0.0,0.0,0.0
2013-10-12 04:20:00,4167550.6,4178473.4,0.499999991954,0.0,0.0,0.0
2013-10-12 04:25:00,3844542.6,3722183.4,0.499999992553,0.0,0.0,0.0
2013-10-12 04:30:00,4094993.0,6000974.2,0.499999995309,0.0,0.0,0.0
2013-10-12 04:35:00,4207063.8,3656226.2,0.499999995548,0.0,0.0,0.0
2013-10-12 04:40:00,4017962.2,3946900.8,0.499999996113,0.0,0.0,0.0
2013-10-12 04:45:00,4211817.8,3872716.2,0.49999999559,0.0,0.0,0.0
2013-10-12 04:50:00,4397386.8,3954127.4,0.499999994424,0.0,0.0,0.0
2013-10-12 04:55:00,3821873.6,3870564.8,0.499999991911,0.0,0.0,0.0
2013-10-12 05:00:00,3433559.8,3812299.2,0.499999991942,0.0,0.0,0.0
2013-10-12 05:05:00,3552335.0,3793134.4,0.499999990443,0.0,0.0,0.0
2013-10-12 05:10:00,2997523.4,3610520.8,0.499999989779,0.0,0.0,0.0
2013-10-12 05:15:00,4158629.4,4167550.6,0.499999990305,0.0,0.0,0.0
2013-10-12 05:20:00,3505453.6,3844542.6,0.49999998775,0.0,0.0,0.0
2013-10-12 05:25:00,3596603.0,4094993.0,0.499999988268,0.0,0.0,0.0
2013-10-12 05:30:00,3458603.8,4207063.8,0.499999988572,0.0,0.0,0.0
2013-10-12 05:35:00,4103340.4,4017962.2,0.499999988744,0.0,0.0,0.0
2013-10-12 05:40:00,3722259.6,4211817.8,0.499999989047,0.0,0.0,0.0
2013-10-12 05:45:00,3310317.8,4397386.8,0.49999998967,0.0,0.0,0.0
2013-10-12 05:50:00,3180112.2,3821873.6,0.499999989685,0.0,0.0,0.0
2013-10-12 05:55:00,2763020.2,3433559.8,0.499999989265,0.0,0.0,0.0
2013-10-12 06:00:00,3481835.8,3552335.0,0.499999989203,0.0,0.0,0.0
2013-10-12 06:05:00,3115962.0,2997523.4,0.499999987815,0.0,0.0,0.0
2013-10-12 06:10:00,3758110.6,4158629.4,0.499999988188,0.0,0.0,0.0
2013-10-12 06:15:00,3146130.6,3505453.6,0.499999987486,0.0,0.0,0.0
2013-10-12 06:20:00,3678237.8,3596603.0,0.499999986754,0.0,0.0,0.0
2013-10-12 06:25:00,3332586.2,3458603.8,0.499999986085,0.0,0.0,0.0
2013-10-12 06:30:00,3376556.8,4103340.4,0.499999985948,0.0,0.0,0.0
2013-10-12 06:35:00,2932539.4,3722259.6,0.499999985131,0.0,0.0,0.0
2013-10-12 06:40:00,3868952.0,3310317.8,0.499999984518,0.0,0.0,0.0
2013-10-12 06:45:00,4180022.4,3180112.2,0.499999984219,0.0,0.0,0.0
2013-10-12 06:50:00,2911885.2,2763020.2,0.499999983276,0.0,0.0,0.0
2013-10-12 06:55:00,3045753.4,3481835.8,0.499999983867,0.0,0.0,0.0
2013-10-12 07:00:00,3893686.2,3115962.0,0.499999982606,0.0,0.0,0.0
2013-10-12 07:05:00,3498895.4,3758110.6,0.499999982909,0.0,0.0,0.0
2013-10-12 07:10:00,2484609.8,3146130.6,0.499999982366,0.0,0.0,0.0
2013-10-12 07:15:00,3153370.4,3678237.8,0.499999982631,0.0,0.0,0.0
2013-10-12 07:20:00,2963782.0,3332586.2,0.499999981691,0.0,0.0,0.0
2013-10-12 07:25:00,3208165.8,3376556.8,0.499999981268,0.0,0.0,0.0
2013-10-12 07:30:00,3842270.6,2932539.4,0.499999980814,0.0,0.0,0.0
2013-10-12 07:35:00,2712457.0,3868952.0,0.499999981651,0.0,0.0,0.0
2013-10-12 07:40:00,2525058.4,4180022.4,0.499999983381,0.0,0.0,0.0
2013-10-12 07:45:00,2654476.6,2911885.2,0.499999982691,0.0,0.0,0.0
2013-10-12 07:50:00,2774432.8,3045753.4,0.499999982613,0.0,0.0,0.0
2013-10-12 07:55:00,3125988.4,3893686.2,0.499999982773,0.0,0.0,0.0
2013-10-12 08:00:00,2628484.4,3498895.4,0.49999998321,0.0,0.0,0.0
2013-10-12 08:05:00,2750668.8,2484609.8,0.499999981752,0.0,0.0,0.0
2013-10-12 08:10:00,2121267.8,3153370.4,0.499999981536,0.0,0.0,0.0
2013-10-12 08:15:00,2423121.0,2963782.0,0.499999981032,0.0,0.0,0.0
2013-10-12 08:20:00,2492465.2,3208165.8,0.499999981378,0.0,0.0,0.0
2013-10-12 08:25:00,2205542.4,3842270.6,0.499999981337,0.0,0.0,0.0
2013-10-12 08:30:00,2244046.4,2712457.0,0.499999979523,0.0,0.0,0.0
2013-10-12 08:35:00,2289428.2,2525058.4,0.499999979056,0.0,0.0,0.0
2013-10-12 08:40:00,2335671.2,2654476.6,0.499999978579,0.0,0.0,0.0
2013-10-12 08:45:00,1986150.4,2774432.8,0.49999997719,0.0,0.0,0.0
2013-10-12 08:50:00,1974910.2,3125988.4,0.499999976724,0.0,0.0,0.0
2013-10-12 08:55:00,1931628.8,2628484.4,0.499999976914,0.0,0.0,0.0
2013-10-12 09:00:00,2256923.0,2750668.8,0.499999976416,0.0,0.0,0.0
2013-10-12 09:05:00,1563206.2,2121267.8,0.499999975379,0.0,0.0,0.0
2013-10-12 09:10:00,1680554.4,2423121.0,0.499999974405,0.0,0.0,0.0
2013-10-12 09:15:00,1435048.2,2492465.2,0.499999972717,0.0,0.0,0.0
2013-10-12 09:20:00,1445570.2,2205542.4,0.499999972094,0.0,0.0,0.0
2013-10-12 09:25:00,1230529.0,2244046.4,0.499999971752,0.0,0.0,0.0
2013-10-12 09:30:00,1292470.8,2289428.2,0.499999971303,0.0,0.0,0.0
2013-10-12 09:35:00,1377636.6,2335671.2,0.499999970759,0.0,0.0,0.0
2013-10-12 09:40:00,1814704.4,1986150.4,0.499999969335,0.0,0.0,0.0
2013-10-12 09:45:00,1646375.8,1974910.2,0.499999968524,0.0,0.0,0.0
2013-10-12 09:50:00,1589812.0,1931628.8,0.499999967503,0.0,0.0,0.0
2013-10-12 09:55:00,2908752.2,2256923.0,0.499999967682,0.0,0.0,0.0
2013-10-12 10:00:00,2209294.8,1563206.2,0.499999966615,0.0,0.0,0.0
2013-10-12 10:05:00,2293599.8,1680554.4,0.499999965604,0.0,0.0,0.0
2013-10-12 10:10:00,2518515.2,1435048.2,0.49999996465,0.0,0.0,0.0
2013-10-12 10:15:00,2368925.2,1445570.2,0.499999963658,0.0,0.0,0.0
2013-10-12 10:20:00,2418048.6,1230529.0,0.499999962339,0.0,0.0,0.0
2013-10-12 10:25:00,2574732.0,1292470.8,0.499999961036,0.0,0.0,0.0
2013-10-12 10:30:00,2560719.6,1377636.6,0.499999960283,0.0,0.0,0.0
2013-10-12 10:35:00,2998595.0,1814704.4,0.499999960089,0.0,0.0,0.0
2013-10-12 10:40:00,2464394.8,1646375.8,0.49999995974,0.0,0.0,0.0
2013-10-12 10:45:00,2695531.6,1589812.0,0.499999958902,0.0,0.0,0.0
2013-10-12 10:50:00,2881381.6,2908752.2,0.499999960608,0.0,0.0,0.0
2013-10-12 10:55:00,2912230.4,2209294.8,0.499999961286,0.0,0.0,0.0
2013-10-12 11:00:00,3149090.6,2293599.8,0.499999962387,0.0,0.0,0.0
2013-10-12 11:05:00,3296592.0,2518515.2,0.49999996376,0.0,0.0,0.0
2013-10-12 11:10:00,3696286.2,2368925.2,0.499999965224,0.0,0.0,0.0
2013-10-12 11:15:00,2925279.8,2418048.6,0.499999966673,0.0,0.0,0.0
2013-10-12 11:20:00,3628548.8,2574732.0,0.499999968214,0.0,0.0,0.0
2013-10-12 11:25:00,3048131.8,2560719.6,0.499999969176,0.0,0.0,0.0
2013-10-12 11:30:00,2474744.6,2998595.0,0.499999970915,0.0,0.0,0.0
2013-10-12 11:35:00,2733783.8,2464394.8,0.499999972051,0.0,0.0,0.0
2013-10-12 11:40:00,2876619.2,2695531.6,0.499999971777,0.0,0.0,0.0
2013-10-12 11:45:00,2426435.2,2881381.6,0.499999972645,0.0,0.0,0.0
2013-10-12 11:50:00,2877881.2,2912230.4,0.499999973445,0.0,0.0,0.0
2013-10-12 11:55:00,2236777.4,3149090.6,0.499999974258,0.0,0.0,0.0
2013-10-12 12:00:00,2424895.6,3296592.0,0.499999975456,0.0,0.0,0.0
2013-10-12 12:05:00,2036357.0,3696286.2,0.499999977106,0.0,0.0,0.0
2013-10-12 12:10:00,3273247.8,2925279.8,0.499999977566,0.0,0.0,0.0
2013-10-12 12:15:00,2225564.4,3628548.8,0.499999978949,0.0,0.0,0.0
2013-10-12 12:20:00,2773553.4,3048131.8,0.499999979016,0.0,0.0,0.0
2013-10-12 12:25:00,3272074.8,2474744.6,0.499999979043,0.0,0.0,0.0
2013-10-12 12:30:00,2563503.8,2733783.8,0.499999979102,0.0,0.0,0.0
2013-10-12 12:35:00,3315340.6,2876619.2,0.499999979102,0.0,0.0,0.0
2013-10-12 12:40:00,2490231.6,2426435.2,0.499999978479,0.0,0.0,0.0
2013-10-12 12:45:00,2685661.4,2877881.2,0.499999978128,0.0,0.0,0.0
2013-10-12 12:50:00,2783047.8,2236777.4,0.499999976753,0.0,0.0,0.0
2013-10-12 12:55:00,2494818.8,2424895.6,0.499999975093,0.0,0.0,0.0
2013-10-12 13:00:00,2915377.0,2036357.0,0.499999973941,0.0,0.0,0.0
2013-10-12 13:05:00,2100844.8,3273247.8,0.499999973465,0.0,0.0,0.0
2013-10-12 13:10:00,2932784.4,2225564.4,0.499999972392,0.0,0.0,0.0
2013-10-12 13:15:00,3113921.8,2773553.4,0.499999972788,0.0,0.0,0.0
2013-10-12 13:20:00,2679085.2,3272074.8,0.499999973491,0.0,0.0,0.0
2013-10-12 13:25:00,2981291.6,2563503.8,0.499999973082,0.0,0.0,0.0
2013-10-12 13:30:00,3528916.2,3315340.6,0.499999974251,0.0,0.0,0.0
2013-10-12 13:35:00,3714299.6,2490231.6,0.499999973745,0.0,0.0,0.0
2013-10-12 13:40:00,2506308.4,2685661.4,0.499999974345,0.0,0.0,0.0
2013-10-12 13:45:00,2977082.8,2783047.8,0.499999974823,0.0,0.0,0.0
2013-10-12 13:50:00,2654474.0,2494818.8,0.499999975442,0.0,0.0,0.0
2013-10-12 13:55:00,2747757.6,2915377.0,0.499999974966,0.0,0.0,0.0
2013-10-12 14:00:00,3425450.2,2100844.8,0.499999974817,0.0,0.0,0.0
2013-10-12 14:05:00,2860588.4,2932784.4,0.499999975029,0.0,0.0,0.0
2013-10-12 14:10:00,2602600.6,3113921.8,0.499999974814,0.0,0.0,0.0
2013-10-12 14:15:00,3064562.4,2679085.2,0.499999974974,0.0,0.0,0.0
2013-10-12 14:20:00,2678636.4,2981291.6,0.499999974525,0.0,0.0,0.0
2013-10-12 14:25:00,2811047.4,3528916.2,0.499999975906,0.0,0.0,0.0
2013-10-12 14:30:00,2986170.0,3714299.6,0.499999977274,0.0,0.0,0.0
2013-10-12 14:35:00,3030498.2,2506308.4,0.499999976913,0.0,0.0,0.0
2013-10-12 14:40:00,1992914.2,2977082.8,0.499999977563,0.0,0.0,0.0
2013-10-12 14:45:00,2307638.6,2654474.0,0.49999997722,0.0,0.0,0.0
2013-10-12 14:50:00,2916463.0,2747757.6,0.499999978098,0.0,0.0,0.0
2013-10-12 14:55:00,3218693.2,3425450.2,0.499999978757,0.0,0.0,0.0
2013-10-12 15:00:00,4232165.4,2860588.4,0.49999997842,0.0,0.0,0.0
2013-10-12 15:05:00,4293438.2,2602600.6,0.499999978327,0.0,0.0,0.0
2013-10-12 15:10:00,5731243.0,3064562.4,0.499999978441,0.0,0.0,0.0
2013-10-12 15:15:00,3331719.8,2678636.4,0.499999977296,0.0,0.0,0.0
2013-10-12 15:20:00,3883587.8,2811047.4,0.499999976075,0.0,0.0,0.0
2013-10-12 15:25:00,3271342.2,2986170.0,0.499999976727,0.0,0.0,0.0
2013-10-12 15:30:00,2942843.2,3030498.2,0.4999999768,0.0,0.0,0.0
2013-10-12 15:35:00,3694746.0,1992914.2,0.49999997592,0.0,0.0,0.0
2013-10-12 15:40:00,3642126.4,2307638.6,0.499999975334,0.0,0.0,0.0
2013-10-12 15:45:00,3734729.0,2916463.0,0.49999997464,0.0,0.0,0.0
2013-10-12 15:50:00,3394430.6,3218693.2,0.499999975123,0.0,0.0,0.0
2013-10-12 15:55:00,3529268.4,4232165.4,0.499999977327,0.0,0.0,0.0
2013-10-12 16:00:00,3715568.8,4293438.2,0.499999978987,0.0,0.0,0.0
2013-10-12 16:05:00,3746838.6,5731243.0,0.499999983129,0.0,0.0,0.0
2013-10-12 16:10:00,4208361.2,3331719.8,0.499999983844,0.0,0.0,0.0
2013-10-12 16:15:00,4003901.8,3883587.8,0.49999998507,0.0,0.0,0.0
2013-10-12 16:20:00,3824163.8,3271342.2,0.499999985405,0.0,0.0,0.0
2013-10-12 16:25:00,3375125.8,2942843.2,0.499999986724,0.0,0.0,0.0
2013-10-12 16:30:00,3540937.0,3694746.0,0.499999988634,0.0,0.0,0.0
2013-10-12 16:35:00,3146923.2,3642126.4,0.499999989638,0.0,0.0,0.0
2013-10-12 16:40:00,4168467.0,3734729.0,0.499999990352,0.0,0.0,0.0
2013-10-12 16:45:00,3349810.2,3394430.6,0.499999989202,0.0,0.0,0.0
2013-10-12 16:50:00,3187740.8,3529268.4,0.499999988149,0.0,0.0,0.0
2013-10-12 16:55:00,3217855.6,3715568.8,0.499999985356,0.0,0.0,0.0
2013-10-12 17:00:00,3205658.2,3746838.6,0.499999985928,0.0,0.0,0.0
2013-10-12 17:05:00,2214341.8,4208361.2,0.499999986369,0.0,0.0,0.0
2013-10-12 17:10:00,2062268.8,4003901.8,0.499999987381,0.0,0.0,0.0
2013-10-12 17:15:00,2550043.2,3824163.8,0.499999988606,0.0,0.0,0.0
2013-10-12 17:20:00,2092985.2,3375125.8,0.499999988167,0.0,0.0,0.0
2013-10-12 17:25:00,3150399.8,3540937.0,0.499999988029,0.0,0.0,0.0
2013-10-12 17:30:00,2122509.2,3146923.2,0.499999987218,0.0,0.0,0.0
2013-10-12 17:35:00,2788856.2,4168467.0,0.499999988292,0.0,0.0,0.0
2013-10-12 17:40:00,2321360.2,3349810.2,0.499999988048,0.0,0.0,0.0
2013-10-12 17:45:00,2890855.4,3187740.8,0.499999987318,0.0,0.0,0.0
2013-10-12 17:50:00,4035097.6,3217855.6,0.499999986583,0.0,0.0,0.0
2013-10-12 17:55:00,3497103.6,3205658.2,0.499999985183,0.0,0.0,0.0
2013-10-12 18:00:00,3170049.2,2214341.8,0.499999982691,0.0,0.0,0.0
2013-10-12 18:05:00,3004455.6,2062268.8,0.499999980236,0.0,0.0,0.0
2013-10-12 18:10:00,3466245.8,2550043.2,0.499999979087,0.0,0.0,0.0
2013-10-12 18:15:00,3331877.8,2092985.2,0.499999977067,0.0,0.0,0.0
2013-10-12 18:20:00,2944188.8,3150399.8,0.49999997707,0.0,0.0,0.0
2013-10-12 18:25:00,3491523.4,2122509.2,0.499999974198,0.0,0.0,0.0
2013-10-12 18:30:00,4161306.2,2788856.2,0.499999973407,0.0,0.0,0.0
2013-10-12 18:35:00,2824246.4,2321360.2,0.499999972192,0.0,0.0,0.0
2013-10-12 18:40:00,3238769.0,2890855.4,0.499999971726,0.0,0.0,0.0
2013-10-12 18:45:00,3347327.8,4035097.6,0.499999972879,0.0,0.0,0.0
2013-10-12 18:50:00,3104582.8,3497103.6,0.499999974687,0.0,0.0,0.0
2013-10-12 18:55:00,3044250.2,3170049.2,0.499999976257,0.0,0.0,0.0
2013-10-12 19:00:00,3441568.0,3004455.6,0.499999976904,0.0,0.0,0.0
2013-10-12 19:05:00,3898819.6,3466245.8,0.499999978852,0.0,0.0,0.0
2013-10-12 19:10:00,3327445.8,3331877.8,0.499999979107,0.0,0.0,0.0
2013-10-12 19:15:00,3769617.8,2944188.8,0.499999980284,0.0,0.0,0.0
2013-10-12 19:20:00,4145610.0,3491523.4,0.499999981283,0.0,0.0,0.0
2013-10-12 19:25:00,4461434.6,4161306.2,0.4999999839,0.0,0.0,0.0
2013-10-12 19:30:00,3386405.4,2824246.4,0.499999983816,0.0,0.0,0.0
2013-10-12 19:35:00,7170114.6,3238769.0,0.499999982678,0.0,0.0,0.0
2013-10-12 19:40:00,3835937.6,3347327.8,0.499999982463,0.0,0.0,0.0
2013-10-12 19:45:00,3849577.0,3104582.8,0.499999982374,0.0,0.0,0.0
2013-10-12 19:50:00,4728437.0,3044250.2,0.499999982436,0.0,0.0,0.0
2013-10-12 19:55:00,3653101.4,3441568.0,0.499999982399,0.0,0.0,0.0
2013-10-12 20:00:00,3423475.4,3898819.6,0.499999983207,0.0,0.0,0.0
2013-10-12 20:05:00,3319426.2,3327445.8,0.499999983761,0.0,0.0,0.0
2013-10-12 20:10:00,3426644.4,3769617.8,0.499999984157,0.0,0.0,0.0
2013-10-12 20:15:00,3285794.4,4145610.0,0.499999984122,0.0,0.0,0.0
2013-10-12 20:20:00,3850047.6,4461434.6,0.499999986475,0.0,0.0,0.0
2013-10-12 20:25:00,3685854.4,3386405.4,0.499999986693,0.0,0.0,0.0
2013-10-12 20:30:00,3379478.6,7170114.6,0.499999992182,0.0,0.0,0.0
2013-10-12 20:35:00,3566683.4,3835937.6,0.499999993246,0.0,0.0,0.0
2013-10-12 20:40:00,3590507.8,3849577.0,0.49999999442,0.0,0.0,0.0
2013-10-12 20:45:00,3402758.4,4728437.0,0.499999996283,0.0,0.0,0.0
2013-10-12 20:50:00,3548430.0,3653101.4,0.499999995935,0.0,0.0,0.0
2013-10-12 20:55:00,3619610.4,3423475.4,0.499999996088,0.0,0.0,0.0
2013-10-12 21:00:00,3748961.4,3319426.2,0.499999995446,0.0,0.0,0.0
2013-10-12 21:05:00,3559610.4,3426644.4,0.499999994408,0.0,0.0,0.0
2013-10-12 21:10:00,5178590.8,3285794.4,0.499999992702,0.0,0.0,0.0
2013-10-12 21:15:00,6822890.4,3850047.6,0.499999993384,0.0,0.0,0.0
2013-10-12 21:20:00,3652706.2,3685854.4,0.499999988283,0.0,0.0,0.0
2013-10-12 21:25:00,3923214.0,3379478.6,0.499999987619,0.0,0.0,0.0
2013-10-12 21:30:00,3458745.6,3566683.4,0.499999987206,0.0,0.0,0.0
2013-10-12 21:35:00,4955067.8,3590507.8,0.499999985534,0.0,0.0,0.0
2013-10-12 21:40:00,4262822.6,3402758.4,0.499999985168,0.0,0.0,0.0
2013-10-12 21:45:00,3248786.2,3548430.0,0.499999985352,0.0,0.0,0.0
2013-10-12 21:50:00,2712873.6,3619610.4,0.499999985793,0.0,0.0,0.0
2013-10-12 21:55:00,4488676.8,3748961.4,0.499999986266,0.0,0.0,0.0
2013-10-12 22:00:00,3780386.6,3559610.4,0.499999986671,0.0,0.0,0.0
2013-10-12 22:05:00,3801917.8,5178590.8,0.499999988612,0.0,0.0,0.0
2013-10-12 22:10:00,3410020.4,6822890.4,0.49999999321,0.0,0.0,0.0
2013-10-12 22:15:00,4013800.2,3652706.2,0.499999993622,0.0,0.0,0.0
2013-10-12 22:20:00,3837695.0,3923214.0,0.499999994153,0.0,0.0,0.0
2013-10-12 22:25:00,3715738.8,3458745.6,0.499999993968,0.0,0.0,0.0
2013-10-12 22:30:00,3156862.4,4955067.8,0.499999996263,0.0,0.0,0.0
2013-10-12 22:35:00,3447375.0,4262822.6,0.499999997326,0.0,0.0,0.0
2013-10-12 22:40:00,3909523.0,3248786.2,0.499999996791,0.0,0.0,0.0
2013-10-12 22:45:00,4083487.2,2712873.6,0.499999995271,0.0,0.0,0.0
2013-10-12 22:50:00,3410969.8,4488676.8,0.499999996653,0.0,0.0,0.0
2013-10-12 22:55:00,3630547.6,3780386.6,0.499999994571,0.0,0.0,0.0
2013-10-12 23:00:00,3579646.0,3801917.8,0.499999990056,0.0,0.0,0.0
2013-10-12 23:05:00,3518559.0,3410020.4,0.499999989699,0.0,0.0,0.0
2013-10-12 23:10:00,3615376.2,4013800.2,0.499999989832,0.0,0.0,0.0
2013-10-12 23:15:00,3579870.0,3837695.0,0.499999990401,0.0,0.0,0.0
2013-10-12 23:20:00,3914775.4,3715738.8,0.499999988541,0.0,0.0,0.0
2013-10-12 23:25:00,3026430.0,3156862.4,0.499999986887,0.0,0.0,0.0
2013-10-12 23:30:00,3681278.0,3447375.0,0.499999987189,0.0,0.0,0.0
2013-10-12 23:35:00,3655270.0,3909523.0,0.499999988989,0.0,0.0,0.0
2013-10-12 23:40:00,3117778.6,4083487.2,0.499999988372,0.0,0.0,0.0
2013-10-12 23:45:00,3464887.8,3410969.8,0.49999998782,0.0,0.0,0.0
2013-10-12 23:50:00,3490145.6,3630547.6,0.499999987562,0.0,0.0,0.0
2013-10-12 23:55:00,3530907.4,3579646.0,0.49999998782,0.0,0.0,0.0
2013-10-13 00:00:00,3536547.4,3518559.0,0.499999987073,0.0,0.0,0.0
2013-10-13 00:05:00,3438769.8,3615376.2,0.499999986736,0.0,0.0,0.0
2013-10-13 00:10:00,2592687.8,3579870.0,0.499999986531,0.0,0.0,0.0
2013-10-13 00:15:00,1960360.2,3914775.4,0.499999987678,0.0,0.0,0.0
2013-10-13 00:20:00,2025196.8,3026430.0,0.499999987049,0.0,0.0,0.0
2013-10-13 00:25:00,1716619.8,3681278.0,0.499999986701,0.0,0.0,0.0
2013-10-13 00:30:00,1789308.0,3655270.0,0.499999986047,0.0,0.0,0.0
2013-10-13 00:35:00,1892481.0,3117778.6,0.499999985608,0.0,0.0,0.0
2013-10-13 00:40:00,1726840.4,3464887.8,0.499999985357,0.0,0.0,0.0
2013-10-13 00:45:00,1878791.8,3490145.6,0.499999985221,0.0,0.0,0.0
2013-10-13 00:50:00,1792245.2,3530907.4,0.49999998524,0.0,0.0,0.0
2013-10-13 00:55:00,1458174.2,3536547.4,0.499999985119,0.0,0.0,0.0
2013-10-13 01:00:00,1740755.8,3438769.8,0.499999984904,0.0,0.0,0.0
2013-10-13 01:05:00,1807006.8,2592687.8,0.499999982891,0.0,0.0,0.0
2013-10-13 01:10:00,2307076.8,1960360.2,0.49999998128,0.0,0.0,0.0
2013-10-13 01:15:00,3108940.6,2025196.8,0.499999978758,0.0,0.0,0.0
2013-10-13 01:20:00,3450633.2,1716619.8,0.499999975804,0.0,0.0,0.0
2013-10-13 01:25:00,3664786.4,1789308.0,0.499999973783,0.0,0.0,0.0
2013-10-13 01:30:00,4118068.8,1892481.0,0.49999997138,0.0,0.0,0.0
2013-10-13 01:35:00,4053222.6,1726840.4,0.499999968684,0.0,0.0,0.0
2013-10-13 01:40:00,4201796.4,1878791.8,0.499999966151,0.0,0.0,0.0
2013-10-13 01:45:00,4304214.2,1792245.2,0.499999963474,0.0,0.0,0.0
2013-10-13 01:50:00,4524176.6,1458174.2,0.499999960436,0.0,0.0,0.0
2013-10-13 01:55:00,4352175.4,1740755.8,0.499999959132,0.0,0.0,0.0
2013-10-13 02:00:00,4193209.2,1807006.8,0.499999958906,0.0,0.0,0.0
2013-10-13 02:05:00,4482098.2,2307076.8,0.499999959342,0.0,0.0,0.0
2013-10-13 02:10:00,4644432.8,3108940.6,0.499999961483,0.0,0.0,0.0
2013-10-13 02:15:00,4435991.6,3450633.2,0.499999964039,0.0,0.0,0.0
2013-10-13 02:20:00,4417648.0,3664786.4,0.499999966769,0.0,0.0,0.0
2013-10-13 02:25:00,4486779.6,4118068.8,0.499999970459,0.0,0.0,0.0
2013-10-13 02:30:00,4538636.0,4053222.6,0.49999997382,0.0,0.0,0.0
2013-10-13 02:35:00,4461462.4,4201796.4,0.499999977552,0.0,0.0,0.0
2013-10-13 02:40:00,4468985.0,4304214.2,0.499999981971,0.0,0.0,0.0
2013-10-13 02:45:00,4612245.8,4524176.6,0.499999986298,0.0,0.0,0.0
2013-10-13 02:50:00,4484731.4,4352175.4,0.499999990264,0.0,0.0,0.0
2013-10-13 02:55:00,4642155.2,4193209.2,0.49999999321,0.0,0.0,0.0
2013-10-13 03:00:00,4893176.2,4482098.2,0.499999995353,0.0,0.0,0.0
2013-10-13 03:05:00,5549813.8,4644432.8,0.499999997217,0.0,0.0,0.0
2013-10-13 03:10:00,6179932.6,4435991.6,0.499999998424,0.0,0.0,0.0
2013-10-13 03:15:00,5105403.4,4417648.0,0.499999998894,0.0,0.0,0.0
2013-10-13 03:20:00,4451766.6,4486779.6,0.499999999574,0.0,0.0,0.0
2013-10-13 03:25:00,4481147.0,4538636.0,0.500000000102,0.0,0.0,0.0
2013-10-13 03:30:00,4694028.6,4461462.4,0.500000000349,0.0,0.0,0.0
2013-10-13 03:35:00,4430812.4,4468985.0,0.500000000262,0.0,0.0,0.0
2013-10-13 03:40:00,4501812.4,4612245.8,0.50000000067,0.0,0.0,0.0
2013-10-13 03:45:00,4637840.2,4484731.4,0.500000001131,0.0,0.0,0.0
2013-10-13 03:50:00,4893904.4,4642155.2,0.500000001382,0.0,0.0,0.0
2013-10-13 03:55:00,4580558.0,4893176.2,0.50000000177,0.0,0.0,0.0
2013-10-13 04:00:00,4631284.0,5549813.8,0.50000000352,0.0,0.0,0.0
2013-10-13 04:05:00,4510029.8,6179932.6,0.500000006291,0.0,0.0,0.0
2013-10-13 04:10:00,4531931.8,5105403.4,0.50000000727,0.0,0.0,0.0
2013-10-13 04:15:00,4951073.2,4451766.6,0.500000007139,0.0,0.0,0.0
2013-10-13 04:20:00,4744324.6,4481147.0,0.500000007176,0.0,0.0,0.0
2013-10-13 04:25:00,4864875.0,4694028.6,0.500000007538,0.0,0.0,0.0
2013-10-13 04:30:00,4681125.8,4430812.4,0.500000007256,0.0,0.0,0.0
2013-10-13 04:35:00,4368098.8,4501812.4,0.50000000729,0.0,0.0,0.0
2013-10-13 04:40:00,4687881.2,4637840.2,0.500000007287,0.0,0.0,0.0
2013-10-13 04:45:00,5001344.0,4893904.4,0.500000007288,0.0,0.0,0.0
2013-10-13 04:50:00,4618461.8,4580558.0,0.500000005741,0.0,0.0,0.0
2013-10-13 04:55:00,4584497.4,4631284.0,0.500000003261,0.0,0.0,0.0
2013-10-13 05:00:00,4755072.8,4510029.8,0.500000002308,0.0,0.0,0.0
2013-10-13 05:05:00,4852368.4,4531931.8,0.500000002438,0.0,0.0,0.0
2013-10-13 05:10:00,4795987.8,4951073.2,0.500000003187,0.0,0.0,0.0
2013-10-13 05:15:00,4832927.0,4744324.6,0.500000003267,0.0,0.0,0.0
2013-10-13 05:20:00,4690033.4,4864875.0,0.500000003962,0.0,0.0,0.0
2013-10-13 05:25:00,4729095.2,4681125.8,0.500000004251,0.0,0.0,0.0
2013-10-13 05:30:00,4726369.6,4368098.8,0.500000003821,0.0,0.0,0.0
2013-10-13 05:35:00,4429855.8,4687881.2,0.500000003488,0.0,0.0,0.0
2013-10-13 05:40:00,4617503.6,5001344.0,0.500000004163,0.0,0.0,0.0
2013-10-13 05:45:00,4952628.8,4618461.8,0.500000004144,0.0,0.0,0.0
2013-10-13 05:50:00,4256910.4,4584497.4,0.500000004266,0.0,0.0,0.0
2013-10-13 05:55:00,4674205.4,4755072.8,0.500000004627,0.0,0.0,0.0
2013-10-13 06:00:00,4440490.8,4852368.4,0.500000004465,0.0,0.0,0.0
2013-10-13 06:05:00,4634800.4,4795987.8,0.500000004547,0.0,0.0,0.0
2013-10-13 06:10:00,4207472.8,4832927.0,0.500000004494,0.0,0.0,0.0
2013-10-13 06:15:00,4063905.4,4690033.4,0.500000004509,0.0,0.0,0.0
2013-10-13 06:20:00,4231708.6,4729095.2,0.500000005097,0.0,0.0,0.0
2013-10-13 06:25:00,4443433.0,4726369.6,0.50000000516,0.0,0.0,0.0
2013-10-13 06:30:00,4569577.8,4429855.8,0.500000004232,0.0,0.0,0.0
2013-10-13 06:35:00,4232463.6,4617503.6,0.500000004232,0.0,0.0,0.0
2013-10-13 06:40:00,4530729.6,4952628.8,0.50000000483,0.0,0.0,0.0
2013-10-13 06:45:00,5188727.4,4256910.4,0.500000004022,0.0,0.0,0.0
2013-10-13 06:50:00,3816894.8,4674205.4,0.50000000373,0.0,0.0,0.0
2013-10-13 06:55:00,4050048.6,4440490.8,0.50000000315,0.0,0.0,0.0
2013-10-13 07:00:00,4632655.0,4634800.4,0.500000002825,0.0,0.0,0.0
2013-10-13 07:05:00,4331165.4,4207472.8,0.500000002038,0.0,0.0,0.0
2013-10-13 07:10:00,4256816.4,4063905.4,0.500000000951,0.0,0.0,0.0
2013-10-13 07:15:00,4514565.0,4231708.6,0.500000000141,0.0,0.0,0.0
2013-10-13 07:20:00,4231642.8,4443433.0,0.500000000163,0.0,0.0,0.0
2013-10-13 07:25:00,3996057.0,4569577.8,0.500000000082,0.0,0.0,0.0
2013-10-13 07:30:00,3821746.8,4232463.6,0.499999998896,0.0,0.0,0.0
2013-10-13 07:35:00,3693434.8,4530729.6,0.499999999346,0.0,0.0,0.0
2013-10-13 07:40:00,4069099.2,5188727.4,0.500000000185,0.0,0.0,0.0
2013-10-13 07:45:00,4101726.8,3816894.8,0.499999999162,0.0,0.0,0.0
2013-10-13 07:50:00,4205671.8,4050048.6,0.499999998198,0.0,0.0,0.0
2013-10-13 07:55:00,3989263.6,4632655.0,0.499999998899,0.0,0.0,0.0
2013-10-13 08:00:00,3828862.0,4331165.4,0.499999999344,0.0,0.0,0.0
2013-10-13 08:05:00,3641686.6,4256816.4,0.499999999388,0.0,0.0,0.0
2013-10-13 08:10:00,3324261.6,4514565.0,0.499999999504,0.0,0.0,0.0
2013-10-13 08:15:00,3584599.2,4231642.8,0.499999998944,0.0,0.0,0.0
2013-10-13 08:20:00,3401789.8,3996057.0,0.499999998556,0.0,0.0,0.0
2013-10-13 08:25:00,3171775.2,3821746.8,0.499999997381,0.0,0.0,0.0
2013-10-13 08:30:00,2938971.8,3693434.8,0.499999994891,0.0,0.0,0.0
2013-10-13 08:35:00,2675676.2,4069099.2,0.499999995314,0.0,0.0,0.0
2013-10-13 08:40:00,2022947.8,4101726.8,0.499999995402,0.0,0.0,0.0
2013-10-13 08:45:00,2613405.8,4205671.8,0.499999994686,0.0,0.0,0.0
2013-10-13 08:50:00,3074915.6,3989263.6,0.499999994114,0.0,0.0,0.0
2013-10-13 08:55:00,3454406.6,3828862.0,0.4999999934,0.0,0.0,0.0
2013-10-13 09:00:00,3953057.8,3641686.6,0.49999999194,0.0,0.0,0.0
2013-10-13 09:05:00,4346876.8,3324261.6,0.499999990424,0.0,0.0,0.0
2013-10-13 09:10:00,4690494.2,3584599.2,0.499999989736,0.0,0.0,0.0
2013-10-13 09:15:00,4601621.2,3401789.8,0.499999989035,0.0,0.0,0.0
2013-10-13 09:20:00,1482509.2,3171775.2,0.499999988166,0.0,0.0,0.0
2013-10-13 09:25:00,4149789.2,2938971.8,0.499999986272,0.0,0.0,0.0
2013-10-13 09:30:00,5092226.4,2675676.2,0.499999983879,0.0,0.0,0.0
2013-10-13 09:35:00,4921400.8,2022947.8,0.499999980216,0.0,0.0,0.0
2013-10-13 09:40:00,4510003.6,2613405.8,0.4999999779,0.0,0.0,0.0
2013-10-13 09:45:00,4857760.2,3074915.6,0.499999976626,0.0,0.0,0.0
2013-10-13 09:50:00,4635341.4,3454406.6,0.499999976303,0.0,0.0,0.0
2013-10-13 09:55:00,4752849.6,3953057.8,0.499999977355,0.0,0.0,0.0
2013-10-13 10:00:00,4600516.4,4346876.8,0.49999997863,0.0,0.0,0.0
2013-10-13 10:05:00,4467507.0,4690494.2,0.499999980796,0.0,0.0,0.0
2013-10-13 10:10:00,4600820.2,4601621.2,0.499999983208,0.0,0.0,0.0
2013-10-13 10:15:00,4466740.6,1482509.2,0.499999980765,0.0,0.0,0.0
2013-10-13 10:20:00,4816356.0,4149789.2,0.499999983264,0.0,0.0,0.0
2013-10-13 10:25:00,4412821.2,5092226.4,0.499999988473,0.0,0.0,0.0
2013-10-13 10:30:00,4289461.2,4921400.8,0.499999992394,0.0,0.0,0.0
2013-10-13 10:35:00,4806912.6,4510003.6,0.499999994838,0.0,0.0,0.0
2013-10-13 10:40:00,4540884.6,4857760.2,0.499999997227,0.0,0.0,0.0
2013-10-13 10:45:00,3973230.6,4635341.4,0.499999998389,0.0,0.0,0.0
2013-10-13 10:50:00,4151312.0,4752849.6,0.499999999078,0.0,0.0,0.0
2013-10-13 10:55:00,4408599.0,4600516.4,0.49999999892,0.0,0.0,0.0
2013-10-13 11:00:00,4412467.0,4467507.0,0.499999998688,0.0,0.0,0.0
2013-10-13 11:05:00,4014711.6,4600820.2,0.500000004042,0.0,0.0,0.0
2013-10-13 11:10:00,4455661.4,4466740.6,0.50000000459,0.0,0.0,0.0
2013-10-13 11:15:00,4518165.4,4816356.0,0.500000004113,0.0,0.0,0.0
2013-10-13 11:20:00,5219553.4,4412821.2,0.500000003241,0.0,0.0,0.0
2013-10-13 11:25:00,4529007.2,4289461.2,0.500000002866,0.0,0.0,0.0
2013-10-13 11:30:00,5014467.6,4806912.6,0.500000002774,0.0,0.0,0.0
2013-10-13 11:35:00,5091716.8,4540884.6,0.500000002612,0.0,0.0,0.0
2013-10-13 11:40:00,4955261.0,3973230.6,0.500000001273,0.0,0.0,0.0
2013-10-13 11:45:00,5129745.6,4151312.0,0.500000000501,0.0,0.0,0.0
2013-10-13 11:50:00,5522536.0,4408599.0,0.5000000004,0.0,0.0,0.0
2013-10-13 11:55:00,5466070.0,4412467.0,0.500000000073,0.0,0.0,0.0
2013-10-13 12:00:00,5181228.2,4014711.6,0.499999999295,0.0,0.0,0.0
2013-10-13 12:05:00,4971070.0,4455661.4,0.499999998668,0.0,0.0,0.0
2013-10-13 12:10:00,5417314.4,4518165.4,0.499999998848,0.0,0.0,0.0
2013-10-13 12:15:00,5381120.2,5219553.4,0.500000000453,0.0,0.0,0.0
2013-10-13 12:20:00,5648711.4,4529007.2,0.499999999968,0.0,0.0,0.0
2013-10-13 12:25:00,5237271.0,5014467.6,0.500000000784,0.0,0.0,0.0
2013-10-13 12:30:00,4567196.6,5091716.8,0.500000002726,0.0,0.0,0.0
2013-10-13 12:35:00,5010997.6,4955261.0,0.500000004125,0.0,0.0,0.0
2013-10-13 12:40:00,4802090.8,5129745.6,0.500000005378,0.0,0.0,0.0
2013-10-13 12:45:00,5512044.2,5522536.0,0.500000007308,0.0,0.0,0.0
2013-10-13 12:50:00,5365367.0,5466070.0,0.500000009839,0.0,0.0,0.0
2013-10-13 12:55:00,5359112.8,5181228.2,0.500000011108,0.0,0.0,0.0
2013-10-13 13:00:00,5206969.0,4971070.0,0.500000011904,0.0,0.0,0.0
2013-10-13 13:05:00,5441836.6,5417314.4,0.500000012246,0.0,0.0,0.0
2013-10-13 13:10:00,5013968.8,5381120.2,0.500000013739,0.0,0.0,0.0
2013-10-13 13:15:00,5087288.8,5648711.4,0.500000014847,0.0,0.0,0.0
2013-10-13 13:20:00,4889297.0,5237271.0,0.500000015104,0.0,0.0,0.0
2013-10-13 13:25:00,5113966.2,4567196.6,0.500000014431,0.0,0.0,0.0
2013-10-13 13:30:00,5380729.2,5010997.6,0.500000014226,0.0,0.0,0.0
2013-10-13 13:35:00,5135762.4,4802090.8,0.500000012961,0.0,0.0,0.0
2013-10-13 13:40:00,5726463.8,5512044.2,0.500000013036,0.0,0.0,0.0
2013-10-13 13:45:00,5152678.4,5365367.0,0.500000013358,0.0,0.0,0.0
2013-10-13 13:50:00,5179141.4,5359112.8,0.500000014042,0.0,0.0,0.0
2013-10-13 13:55:00,5313273.6,5206969.0,0.500000013669,0.0,0.0,0.0
2013-10-13 14:00:00,4990068.0,5441836.6,0.500000013772,0.0,0.0,0.0
2013-10-13 14:05:00,5135694.0,5013968.8,0.500000012649,0.0,0.0,0.0
2013-10-13 14:10:00,4809917.0,5087288.8,0.500000012383,0.0,0.0,0.0
2013-10-13 14:15:00,4837499.4,4889297.0,0.50000001296,0.0,0.0,0.0
2013-10-13 14:20:00,5081224.0,5113966.2,0.500000013144,0.0,0.0,0.0
2013-10-13 14:25:00,4846339.2,5380729.2,0.50000001417,0.0,0.0,0.0
2013-10-13 14:30:00,4988007.0,5135762.4,0.500000013501,0.0,0.0,0.0
2013-10-13 14:35:00,4598591.4,5726463.8,0.500000014136,0.0,0.0,0.0
2013-10-13 14:40:00,4467228.2,5152678.4,0.500000013768,0.0,0.0,0.0
2013-10-13 14:45:00,4261252.8,5179141.4,0.500000013719,0.0,0.0,0.0
2013-10-13 14:50:00,5263430.8,5313273.6,0.500000013487,0.0,0.0,0.0
2013-10-13 14:55:00,4741242.8,4990068.0,0.500000013447,0.0,0.0,0.0
2013-10-13 15:00:00,5268673.4,5135694.0,0.500000013535,0.0,0.0,0.0
2013-10-13 15:05:00,6355621.0,4809917.0,0.500000013399,0.0,0.0,0.0
2013-10-13 15:10:00,6548625.4,4837499.4,0.500000012908,0.0,0.0,0.0
2013-10-13 15:15:00,5110530.8,5081224.0,0.500000012371,0.0,0.0,0.0
2013-10-13 15:20:00,5345068.8,4846339.2,0.500000011855,0.0,0.0,0.0
2013-10-13 15:25:00,4738408.8,4988007.0,0.500000010528,0.0,0.0,0.0
2013-10-13 15:30:00,5107021.4,4598591.4,0.500000009537,0.0,0.0,0.0
2013-10-13 15:35:00,5235458.4,4467228.2,0.500000008262,0.0,0.0,0.0
2013-10-13 15:40:00,5233619.6,4261252.8,0.500000006374,0.0,0.0,0.0
2013-10-13 15:45:00,5029582.0,5263430.8,0.50000000686,0.0,0.0,0.0
2013-10-13 15:50:00,4514236.8,4741242.8,0.500000006148,0.0,0.0,0.0
2013-10-13 15:55:00,4910708.8,5268673.4,0.500000006971,0.0,0.0,0.0
2013-10-13 16:00:00,4712074.4,6355621.0,0.500000009694,0.0,0.0,0.0
2013-10-13 16:05:00,5420857.4,6548625.4,0.500000012325,0.0,0.0,0.0
2013-10-13 16:10:00,5476916.2,5110530.8,0.500000012805,0.0,0.0,0.0
2013-10-13 16:15:00,5125320.0,5345068.8,0.500000013449,0.0,0.0,0.0
2013-10-13 16:20:00,5001679.4,4738408.8,0.50000001371,0.0,0.0,0.0
2013-10-13 16:25:00,4980771.6,5107021.4,0.500000014875,0.0,0.0,0.0
2013-10-13 16:30:00,5543129.2,5235458.4,0.500000016648,0.0,0.0,0.0
2013-10-13 16:35:00,5178798.4,5233619.6,0.500000016595,0.0,0.0,0.0
2013-10-13 16:40:00,5374906.8,5029582.0,0.500000017126,0.0,0.0,0.0
2013-10-13 16:45:00,4965761.2,4514236.8,0.500000015764,0.0,0.0,0.0
2013-10-13 16:50:00,4625607.6,4910708.8,0.500000013132,0.0,0.0,0.0
2013-10-13 16:55:00,5155595.2,4712074.4,0.500000009784,0.0,0.0,0.0
2013-10-13 17:00:00,4758968.4,5420857.4,0.500000010344,0.0,0.0,0.0
2013-10-13 17:05:00,4846633.6,5476916.2,0.500000010578,0.0,0.0,0.0
2013-10-13 17:10:00,4966854.2,5125320.0,0.500000011285,0.0,0.0,0.0
2013-10-13 17:15:00,4799362.0,5001679.4,0.500000011093,0.0,0.0,0.0
2013-10-13 17:20:00,5217818.2,4980771.6,0.500000010627,0.0,0.0,0.0
2013-10-13 17:25:00,4846504.6,5543129.2,0.500000011187,0.0,0.0,0.0
2013-10-13 17:30:00,4857580.0,5178798.4,0.500000011459,0.0,0.0,0.0
2013-10-13 17:35:00,5305944.2,5374906.8,0.500000013037,0.0,0.0,0.0
2013-10-13 17:40:00,5216126.8,4965761.2,0.500000013142,0.0,0.0,0.0
2013-10-13 17:45:00,5126791.6,4625607.6,0.500000012991,0.0,0.0,0.0
2013-10-13 17:50:00,4716540.8,5155595.2,0.500000012502,0.0,0.0,0.0
2013-10-13 17:55:00,5194275.2,4758968.4,0.500000011183,0.0,0.0,0.0
2013-10-13 18:00:00,4594784.4,4846633.6,0.500000010671,0.0,0.0,0.0
2013-10-13 18:05:00,5313192.6,4966854.2,0.500000010608,0.0,0.0,0.0
2013-10-13 18:10:00,5349453.4,4799362.0,0.500000010276,0.0,0.0,0.0
2013-10-13 18:15:00,5664016.0,5217818.2,0.50000000967,0.0,0.0,0.0
2013-10-13 18:20:00,5165652.4,4846504.6,0.500000009057,0.0,0.0,0.0
2013-10-13 18:25:00,5806009.2,4857580.0,0.500000008098,0.0,0.0,0.0
2013-10-13 18:30:00,5725820.2,5305944.2,0.500000008723,0.0,0.0,0.0
2013-10-13 18:35:00,5818352.0,5216126.8,0.500000009816,0.0,0.0,0.0
2013-10-13 18:40:00,6039204.0,5126791.6,0.50000000976,0.0,0.0,0.0
2013-10-13 18:45:00,6146104.8,4716540.8,0.500000009686,0.0,0.0,0.0
2013-10-13 18:50:00,6520842.0,5194275.2,0.50000001033,0.0,0.0,0.0
2013-10-13 18:55:00,6414160.0,4594784.4,0.500000009643,0.0,0.0,0.0
2013-10-13 19:00:00,7121288.0,5313192.6,0.500000010596,0.0,0.0,0.0
2013-10-13 19:05:00,7733993.2,5349453.4,0.500000010837,0.0,0.0,0.0
2013-10-13 19:10:00,7171976.0,5664016.0,0.500000012355,0.0,0.0,0.0
2013-10-13 19:15:00,6572442.0,5165652.4,0.500000012931,0.0,0.0,0.0
2013-10-13 19:20:00,6669027.2,5806009.2,0.500000013856,0.0,0.0,0.0
2013-10-13 19:25:00,6541002.6,5725820.2,0.500000014802,0.0,0.0,0.0
2013-10-13 19:30:00,8036983.2,5818352.0,0.500000016089,0.0,0.0,0.0
2013-10-13 19:35:00,6780480.0,6039204.0,0.500000018558,0.0,0.0,0.0
2013-10-13 19:40:00,7105309.2,6146104.8,0.500000020333,0.0,0.0,0.0
2013-10-13 19:45:00,6645670.6,6520842.0,0.500000023934,0.0,0.0,0.0
2013-10-13 19:50:00,7129069.2,6414160.0,0.50000002599,0.0,0.0,0.0
2013-10-13 19:55:00,6886046.6,7121288.0,0.500000029297,0.0,0.0,0.0
2013-10-13 20:00:00,7070269.8,7733993.2,0.500000033155,0.0,0.0,0.0
2013-10-13 20:05:00,7112211.8,7171976.0,0.500000036909,0.0,0.0,0.0
2013-10-13 20:10:00,6736356.8,6572442.0,0.500000038346,0.0,0.0,0.0
2013-10-13 20:15:00,6885695.2,6669027.2,0.500000040115,0.0,0.0,0.0
2013-10-13 20:20:00,6829566.2,6541002.6,0.500000041473,0.0,0.0,0.0
2013-10-13 20:25:00,6670142.6,8036983.2,0.500000045203,0.0,0.0,0.0
2013-10-13 20:30:00,6989347.8,6780480.0,0.500000046394,0.0,0.0,0.0
2013-10-13 20:35:00,7089460.2,7105309.2,0.500000047484,0.0,0.0,0.0
2013-10-13 20:40:00,7126232.4,6645670.6,0.500000047919,0.0,0.0,0.0
2013-10-13 20:45:00,7180348.2,7129069.2,0.500000047919,0.0,0.0,0.0
2013-10-13 20:50:00,7251597.4,6886046.6,0.500000046305,0.0,0.0,0.0
2013-10-13 20:55:00,7138828.0,7070269.8,0.500000046098,0.0,0.0,0.0
2013-10-13 21:00:00,7358757.6,7112211.8,0.500000047107,0.0,0.0,0.0
2013-10-13 21:05:00,6691074.8,6736356.8,0.500000047229,0.0,0.0,0.0
2013-10-13 21:10:00,7419464.2,6885695.2,0.500000047875,0.0,0.0,0.0
2013-10-13 21:15:00,7345692.4,6829566.2,0.500000045575,0.0,0.0,0.0
2013-10-13 21:20:00,7106381.2,6670142.6,0.500000045361,0.0,0.0,0.0
2013-10-13 21:25:00,7439340.8,6989347.8,0.500000045128,0.0,0.0,0.0
2013-10-13 21:30:00,7148265.0,7089460.2,0.500000045957,0.0,0.0,0.0
2013-10-13 21:35:00,7079349.4,7126232.4,0.500000045937,0.0,0.0,0.0
2013-10-13 21:40:00,7313239.2,7180348.2,0.500000046481,0.0,0.0,0.0
2013-10-13 21:45:00,7370054.2,7251597.4,0.500000046808,0.0,0.0,0.0
2013-10-13 21:50:00,7146604.0,7138828.0,0.500000046844,0.0,0.0,0.0
2013-10-13 21:55:00,7380294.8,7358757.6,0.500000048011,0.0,0.0,0.0
2013-10-13 22:00:00,7444886.2,6691074.8,0.500000047636,0.0,0.0,0.0
2013-10-13 22:05:00,6960113.0,7419464.2,0.500000048741,0.0,0.0,0.0
2013-10-13 22:10:00,7776972.4,7345692.4,0.500000050013,0.0,0.0,0.0
2013-10-13 22:15:00,7458856.0,7106381.2,0.500000050225,0.0,0.0,0.0
2013-10-13 22:20:00,7193220.0,7439340.8,0.500000050873,0.0,0.0,0.0
2013-10-13 22:25:00,7221732.4,7148265.0,0.500000050903,0.0,0.0,0.0
2013-10-13 22:30:00,7683360.0,7079349.4,0.500000050699,0.0,0.0,0.0
2013-10-13 22:35:00,7346899.6,7313239.2,0.5000000508,0.0,0.0,0.0
2013-10-13 22:40:00,7728333.2,7370054.2,0.500000051224,0.0,0.0,0.0
2013-10-13 22:45:00,6895594.8,7146604.0,0.500000050805,0.0,0.0,0.0
2013-10-13 22:50:00,6637198.0,7380294.8,0.500000052109,0.0,0.0,0.0
2013-10-13 22:55:00,7011225.4,7444886.2,0.500000052138,0.0,0.0,0.0
2013-10-13 23:00:00,6560515.6,6960113.0,0.500000051391,0.0,0.0,0.0
2013-10-13 23:05:00,6638822.6,7776972.4,0.50000005265,0.0,0.0,0.0
2013-10-13 23:10:00,7921025.0,7458856.0,0.500000052668,0.0,0.0,0.0
2013-10-13 23:15:00,8124689.4,7193220.0,0.500000052742,0.0,0.0,0.0
2013-10-13 23:20:00,7346551.8,7221732.4,0.500000053003,0.0,0.0,0.0
2013-10-13 23:25:00,8111561.6,7683360.0,0.50000005369,0.0,0.0,0.0
2013-10-13 23:30:00,7575658.4,7346899.6,0.50000005363,0.0,0.0,0.0
2013-10-13 23:35:00,7198625.2,7728333.2,0.500000054725,0.0,0.0,0.0
2013-10-13 23:40:00,7964260.4,6895594.8,0.500000053786,0.0,0.0,0.0
2013-10-13 23:45:00,7547664.0,6637198.0,0.50000005223,0.0,0.0,0.0
2013-10-13 23:50:00,7988676.2,7011225.4,0.500000052321,0.0,0.0,0.0
2013-10-13 23:55:00,7788122.6,6560515.6,0.500000049973,0.0,0.0,0.0
