timestamp,value,is_anomaly,prediction,convergenceLoss,convergenceLossNormal,anomaly_score
2013-10-09 16:25:00,0.1504500374249032,0,,,,
2013-10-09 16:30:00,0.8225936584219469,0,,,,
2013-10-09 16:35:00,1.0,0,,,,
2013-10-09 16:40:00,0.9090559703193248,0,,,,
2013-10-09 16:45:00,0.6600932072417517,0,,,,
2013-10-09 16:50:00,0.4411218078507198,0,,,,
2013-10-09 16:55:00,0.34195269734621736,0,,,,
2013-10-09 17:00:00,0.2741769946314168,0,,,,
2013-10-09 17:05:00,0.2434330063934539,0,,,,
2013-10-09 17:10:00,0.2646388641746064,0,,,,
2013-10-09 17:15:00,0.2418649180986094,0,,,,
2013-10-09 17:20:00,0.21223410337387935,0,,,,
2013-10-09 17:25:00,0.1763477773348674,0,,,,
2013-10-09 17:30:00,0.18663746861169025,0,,,,
2013-10-09 17:35:00,0.13606214470382952,0,,,,
2013-10-09 17:40:00,0.1220711851693579,0,,,,
2013-10-09 17:45:00,0.12381474633397978,0,,,,
2013-10-09 17:50:00,0.1070048392863212,0,,,,
2013-10-09 17:55:00,0.1195363263946869,0,,,,
2013-10-09 18:00:00,0.10958499391795924,0,,,,
2013-10-09 18:05:00,0.1015052425162708,0,,,,
2013-10-09 18:10:00,0.1060646258655744,0,,,,
2013-10-09 18:15:00,0.11938795726948115,0,,,,
2013-10-09 18:20:00,0.11940186810995147,0,,,,
2013-10-09 18:25:00,0.12911897878623174,0,,,,
2013-10-09 18:30:00,0.16600419143108036,0,,,,
2013-10-09 18:35:00,0.18664087386951367,0,,,,
2013-10-09 18:40:00,0.20630121883201108,0,,,,
2013-10-09 18:45:00,0.21204173923971464,0,,,,
2013-10-09 18:50:00,0.22244785805989614,0,,,,
2013-10-09 18:55:00,0.1957779380656713,0,,,,
2013-10-09 19:00:00,0.21574685734880986,0,,,,
2013-10-09 19:05:00,0.21991574588582946,0,,,,
2013-10-09 19:10:00,0.20937995392561015,0,,,,
2013-10-09 19:15:00,0.19452202365317114,0,,,,
2013-10-09 19:20:00,0.1917626615653226,0,,,,
2013-10-09 19:25:00,0.1877808580248556,0,,,,
2013-10-09 19:30:00,0.17705540901164268,0,,,,
2013-10-09 19:35:00,0.17525530871132133,0,,,,
2013-10-09 19:40:00,0.1909238352503332,0,,,,
2013-10-09 19:45:00,0.1769205752922923,0,,,,
2013-10-09 19:50:00,0.2206666645150531,0,,,,
2013-10-09 19:55:00,0.1575055867305336,0,,,,
2013-10-09 20:00:00,0.17897371193652864,0,,,,
2013-10-09 20:05:00,0.17041810045365674,0,,,,
2013-10-09 20:10:00,0.1200952233914998,0,,,,
2013-10-09 20:15:00,0.12859370953374707,0,,,,
2013-10-09 20:20:00,0.13969056217974438,0,,,,
2013-10-09 20:25:00,0.1532620130514245,0,,,,
2013-10-09 20:30:00,0.10397122550552601,0,,,,
2013-10-09 20:35:00,0.10037214791544212,0,,,,
2013-10-09 20:40:00,0.14257025106168958,0,,,,
2013-10-09 20:45:00,0.13769318416240273,0,,,,
2013-10-09 20:50:00,0.1145157710201889,0,,,,
2013-10-09 20:55:00,0.13159985730850005,0,,,,
2013-10-09 21:00:00,0.12173906055984285,0,,,,
2013-10-09 21:05:00,0.12372130263428638,0,,,,
2013-10-09 21:10:00,0.1027843219031716,0,,,,
2013-10-09 21:15:00,0.12178749162517345,0,,,,
2013-10-09 21:20:00,0.11968000917377775,0,,,,
2013-10-09 21:25:00,0.11268895558305522,0,,,,
2013-10-09 21:30:00,0.10090158976141064,0,,,,
2013-10-09 21:35:00,0.10012472333103506,0,,,,
2013-10-09 21:40:00,0.10711190072402237,0,,,,
2013-10-09 21:45:00,0.0793963393412532,0,,,,
2013-10-09 21:50:00,0.0869872353548226,0,,,,
2013-10-09 21:55:00,0.07402185450999722,0,,,,
2013-10-09 22:00:00,0.08856232846919368,0,,,,
2013-10-09 22:05:00,0.08553218581194387,0,,,,
2013-10-09 22:10:00,0.07556506532167108,0,,,,
2013-10-09 22:15:00,0.06355519191822323,0,,,,
2013-10-09 22:20:00,0.06579444862618594,0,,,,
2013-10-09 22:25:00,0.04540217412209555,0,,,,
2013-10-09 22:30:00,0.052885666196209775,0,,,,
2013-10-09 22:35:00,0.04636410347136066,0,,,,
2013-10-09 22:40:00,0.04775944903060148,0,,,,
2013-10-09 22:45:00,0.04219318297681974,0,,,,
2013-10-09 22:50:00,0.0413670522797312,0,,,,
2013-10-09 22:55:00,0.04082502678758911,0,,,,
2013-10-09 23:00:00,0.04118371833604217,0,,,,
2013-10-09 23:05:00,0.01188862448924426,0,,,,
2013-10-09 23:10:00,0.009407275027064224,0,,,,
2013-10-09 23:15:00,0.008627289854755544,0,,,,
2013-10-09 23:20:00,0.022360388381181262,0,,,,
2013-10-09 23:25:00,0.01990928445850868,0,,,,
2013-10-09 23:30:00,0.012257436305870926,0,,,,
2013-10-09 23:35:00,0.0031005629938447164,0,,,,
2013-10-09 23:40:00,0.0030413760561239177,0,,,,
2013-10-09 23:45:00,0.005441546016032771,0,,,,
2013-10-09 23:50:00,0.004142960495584231,0,,,,
2013-10-09 23:55:00,0.008662524722698725,0,,,,
2013-10-10 00:00:00,0.01438247197215935,0,,,,
2013-10-10 00:05:00,0.0015048275622226886,0,,,,
2013-10-10 00:10:00,0.0012265975796718364,0,,,,
2013-10-10 00:15:00,0.000690631733946746,0,,,,
2013-10-10 00:20:00,0.0038877835157067353,0,,,,
2013-10-10 00:25:00,0.004389252189574196,0,,,,
2013-10-10 00:30:00,0.00910363404899514,0,,,,
2013-10-10 00:35:00,0.0018366722424195804,0,,,,
2013-10-10 00:40:00,0.003366940439735367,0,,,,
2013-10-10 00:45:00,0.003384826276523796,0,,,,
2013-10-10 00:50:00,0.004159565244081241,0,,,,
2013-10-10 00:55:00,0.011176487597089368,0,,,,
2013-10-10 01:00:00,0.017865968393411213,0,,,,
2013-10-10 01:05:00,0.004588726528420664,0,,,,
2013-10-10 01:10:00,0.0034183222894081863,0,,,,
2013-10-10 01:15:00,0.006514956392940144,0,,,,
2013-10-10 01:20:00,0.0076358032627770935,0,,,,
2013-10-10 01:25:00,0.0037844632510108406,0,,,,
2013-10-10 01:30:00,0.011151590354202141,0,,,,
2013-10-10 01:35:00,0.0016437449563323438,0,,,,
2013-10-10 01:40:00,0.0005958838929592449,0,,,,
2013-10-10 01:45:00,0.002549721374823117,0,,,,
2013-10-10 01:50:00,0.003698633628771833,0,,,,
2013-10-10 01:55:00,0.0032309145508181702,0,,,,
2013-10-10 02:00:00,0.012619312461979013,0,,,,
2013-10-10 02:05:00,0.002126527524889997,0,,,,
2013-10-10 02:10:00,0.0025759260522905327,0,,,,
2013-10-10 02:15:00,0.0068093728766537905,0,,,,
2013-10-10 02:20:00,0.0004764858055417319,0,,,,
2013-10-10 02:25:00,0.007938143392838182,0,,,,
2013-10-10 02:30:00,0.00756871243842543,0,,,,
2013-10-10 02:35:00,0.0027990000793023284,0,,,,
2013-10-10 02:40:00,0.0017313068470579491,0,,,,
2013-10-10 02:45:00,0.004038401955316167,0,,,,
2013-10-10 02:50:00,0.008254601840393656,0,,,,
2013-10-10 02:55:00,0.004560074939383777,0,,,,
2013-10-10 03:00:00,0.03295013095422833,0,,,,
2013-10-10 03:05:00,0.027614032665709595,0,,,,
2013-10-10 03:10:00,0.039163936093388106,0,,,,
2013-10-10 03:15:00,0.00943199113921616,0,,,,
2013-10-10 03:20:00,0.0068175962120359855,0,,,,
2013-10-10 03:25:00,0.0016982192016494874,0,,,,
2013-10-10 03:30:00,0.01042623091837103,0,,,,
2013-10-10 03:35:00,0.007954389173150708,0,,,,
2013-10-10 03:40:00,0.009780552539637331,0,,,,
2013-10-10 03:45:00,0.0030292534700038284,0,,,,
2013-10-10 03:50:00,0.007429564514289044,0,,,,
2013-10-10 03:55:00,0.003828669030280053,0,,,,
2013-10-10 04:00:00,0.016541418605380283,0,,,,
2013-10-10 04:05:00,0.007760263130924458,0,,,,
2013-10-10 04:10:00,0.007751628134780235,0,,,,
2013-10-10 04:15:00,0.004519646559266897,0,,,,
2013-10-10 04:20:00,0.00392152652504834,0,,,,
2013-10-10 04:25:00,0.0027903617898720123,0,,,,
2013-10-10 04:30:00,0.0027286390218571443,0,,,,
2013-10-10 04:35:00,0.0070796693329989125,0,,,,
2013-10-10 04:40:00,0.002541069912248415,0,,,,
2013-10-10 04:45:00,0.0,0,,,,
2013-10-10 04:50:00,0.011797146881350279,0,,,,
2013-10-10 04:55:00,0.003620184260674397,0,,,,
2013-10-10 05:00:00,0.01844654179930925,0,,,,
2013-10-10 05:05:00,0.003532352320488903,0,,,,
2013-10-10 05:10:00,0.00017028265088980563,0,,,,
2013-10-10 05:15:00,0.010284369326491379,0,,,,
2013-10-10 05:20:00,0.005344749751093439,0,,,,
2013-10-10 05:25:00,0.007132467295693094,0,,,,
2013-10-10 05:30:00,0.006381163351996168,0,,,,
2013-10-10 05:35:00,0.0024115087439380485,0,,,,
2013-10-10 05:40:00,0.004879559916861652,0,,,,
2013-10-10 05:45:00,0.0012404787805672945,0,,,,
2013-10-10 05:50:00,0.004427437841859565,0,,,,
2013-10-10 05:55:00,0.003497548873024325,0,,,,
2013-10-10 06:00:00,0.01149204697754058,0,,,,
2013-10-10 06:05:00,0.003983341505073901,0,,,,
2013-10-10 06:10:00,0.0005215807720569158,0,,,,
2013-10-10 06:15:00,0.0017932667316717433,0,,,,
2013-10-10 06:20:00,0.0021546620680097835,0,,,,
2013-10-10 06:25:00,0.007753544827288222,0,,,,
2013-10-10 06:30:00,0.00393799295552931,0,,,,
2013-10-10 06:35:00,3.937123527999914e-05,0,,,,
2013-10-10 06:40:00,0.0024161489840475864,0,,,,
2013-10-10 06:45:00,0.006567062765554124,0,,,,
2013-10-10 06:50:00,0.006196136659253699,0,,,,
2013-10-10 06:55:00,0.0022131343626477077,0,,,,
2013-10-10 07:00:00,0.015037424244539929,0,,,,
2013-10-10 07:05:00,0.03411719580113927,0,,,,
2013-10-10 07:10:00,0.005880531172797139,0,,,,
2013-10-10 07:15:00,0.004315607725891103,0,,,,
2013-10-10 07:20:00,0.006702700046711968,0,,,,
2013-10-10 07:25:00,0.010702824137732074,0,,,,
2013-10-10 07:30:00,0.004850760129950436,0,,,,
2013-10-10 07:35:00,0.007202693328408334,0,,,,
2013-10-10 07:40:00,0.002659424027973436,0,,,,
2013-10-10 07:45:00,0.0019758399262725453,0,,,,
2013-10-10 07:50:00,0.014559611244701431,0,,,,
2013-10-10 07:55:00,0.007409785037995298,0,,,,
2013-10-10 08:00:00,0.013735397240120864,0,,,,
2013-10-10 08:05:00,0.01827923298576431,0,,,,
2013-10-10 08:10:00,0.004480324723278341,0,,,,
2013-10-10 08:15:00,0.0062604940561455215,0,,,,
2013-10-10 08:20:00,0.00855394508010721,0,,,,
2013-10-10 08:25:00,0.01005819631726306,0,,,,
2013-10-10 08:30:00,0.011345584664984544,0,,,,
2013-10-10 08:35:00,0.00601246350709677,0,,,,
2013-10-10 08:40:00,0.005428777945837828,0,,,,
2013-10-10 08:45:00,0.008657183012650695,0,,,,
2013-10-10 08:50:00,0.0086700729344312,0,,,,
2013-10-10 08:55:00,0.0076255315034430655,0,,,,
2013-10-10 09:00:00,0.013527808244333377,0,,,,
2013-10-10 09:05:00,0.017858933934309745,0,,,,
2013-10-10 09:10:00,0.11435272042556635,0,,,,
2013-10-10 09:15:00,0.3381677005828589,0,,,,
2013-10-10 09:20:00,0.5507966261469528,0,,,,
2013-10-10 09:25:00,0.6410067700740937,0,,,,
2013-10-10 09:30:00,0.6722338504495072,0,,,,
2013-10-10 09:35:00,0.7467808885865506,0,,,,
2013-10-10 09:40:00,0.5902059548672266,0,,,,
2013-10-10 09:45:00,0.3638173045586193,0,,,,
2013-10-10 09:50:00,0.28660986758091805,0,,,,
2013-10-10 09:55:00,0.2294823632673719,0,,,,
2013-10-10 10:00:00,0.20140575563659088,0,,,,
2013-10-10 10:05:00,0.18787507235349554,0,,,,
2013-10-10 10:10:00,0.16525985608076296,0,,,,
2013-10-10 10:15:00,0.14421870541713944,0,,,,
2013-10-10 10:20:00,0.12052259971477508,0,,,,
2013-10-10 10:25:00,0.1339711978419228,0,,,,
2013-10-10 10:30:00,0.1148666410141635,0,,,,
2013-10-10 10:35:00,0.09084621249704593,1,,,,
2013-10-10 10:40:00,0.10081398176467968,1,,,,
2013-10-10 10:45:00,0.12691322467772562,1,,,,
2013-10-10 10:50:00,0.14458682564368594,1,,,,
2013-10-10 10:55:00,0.16428028459788055,1,,,,
2013-10-10 11:00:00,0.18011706512354694,1,,,,
2013-10-10 11:05:00,0.188380924391157,1,,,,
2013-10-10 11:10:00,0.1958725146557818,1,,,,
2013-10-10 11:15:00,0.2084094686190672,1,,,,
2013-10-10 11:20:00,0.2174441478437802,1,,,,
2013-10-10 11:25:00,0.22111532534636807,1,,,,
2013-10-10 11:30:00,0.2087636812984294,1,,,,
2013-10-10 11:35:00,0.20864704627804664,1,,,,
2013-10-10 11:40:00,0.21439383051590516,1,,,,
2013-10-10 11:45:00,0.21767366353839612,1,,,,
2013-10-10 11:50:00,0.2024422910890792,1,,,,
2013-10-10 11:55:00,0.19627628141103345,1,,,,
2013-10-10 12:00:00,0.19801029863254854,1,,,,
2013-10-10 12:05:00,0.18257283233933175,1,,,,
2013-10-10 12:10:00,0.17958778464859715,1,,,,
2013-10-10 12:15:00,0.18454260932590125,1,,,,
2013-10-10 12:20:00,0.18454717052714445,1,,,,
2013-10-10 12:25:00,0.174324731445692,1,,,,
2013-10-10 12:30:00,0.17158396654442867,1,,,,
2013-10-10 12:35:00,0.14308262051253542,1,,,,
2013-10-10 12:40:00,0.13144175981616613,1,,,,
2013-10-10 12:45:00,0.10608128659993504,1,,,,
2013-10-10 12:50:00,0.06971987440197218,1,,,,
2013-10-10 12:55:00,0.06316450938863175,1,,,,
2013-10-10 13:00:00,0.05289155459174976,1,,,,
2013-10-10 13:05:00,0.04612242896447756,1,,,,
2013-10-10 13:10:00,0.04395942829607222,1,,,,
2013-10-10 13:15:00,0.0546891585812102,1,,,,
2013-10-10 13:20:00,0.05979481905500605,1,,,,
2013-10-10 13:25:00,0.060353501988222674,1,,,,
2013-10-10 13:30:00,0.11035539233444187,1,,,,
2013-10-10 13:35:00,0.09658403899672277,1,,,,
2013-10-10 13:40:00,0.07663096700627911,1,,,,
2013-10-10 13:45:00,0.08835190395407737,1,,,,
2013-10-10 13:50:00,0.09390644590935664,1,,,,
2013-10-10 13:55:00,0.10143754243399136,1,,,,
2013-10-10 14:00:00,0.09964984794239436,1,,,,
2013-10-10 14:05:00,0.0937680389745919,1,,,,
2013-10-10 14:10:00,0.08948693171384453,1,,,,
2013-10-10 14:15:00,0.09723927449170763,1,,,,
2013-10-10 14:20:00,0.09436954121363124,1,,,,
2013-10-10 14:25:00,0.05564508756320804,1,,,,
2013-10-10 14:30:00,0.051804948017454944,1,,,,
2013-10-10 14:35:00,0.05074655831843231,1,,,,
2013-10-10 14:40:00,0.052898575877706855,1,,,,
2013-10-10 14:45:00,0.051991193226053015,1,,,,
2013-10-10 14:50:00,0.058687520764168825,1,,,,
2013-10-10 14:55:00,0.058686417513326615,1,,,,
2013-10-10 15:00:00,0.07097301586757934,1,,,,
2013-10-10 15:05:00,0.0820234364729064,1,,,,
2013-10-10 15:10:00,0.09967797260565586,1,,,,
2013-10-10 15:15:00,0.07392201195541892,1,,,,
2013-10-10 15:20:00,0.09396162162461227,1,,,,
2013-10-10 15:25:00,0.06071338241295648,1,,,,
2013-10-10 15:30:00,0.11049336126215584,1,,,,
2013-10-10 15:35:00,0.061906859414358875,1,,,,
2013-10-10 15:40:00,0.06665483279196102,1,,,,
2013-10-10 15:45:00,0.0717215962636747,1,,,,
2013-10-10 15:50:00,0.07321303332463028,0,,,,
2013-10-10 15:55:00,0.06287734472090191,0,,,,
2013-10-10 16:00:00,0.06353901529691873,0,,,,
2013-10-10 16:05:00,0.07299800808883758,0,,,,
2013-10-10 16:10:00,0.06963874759227855,0,,,,
2013-10-10 16:15:00,0.08861660511734508,0,,,,
2013-10-10 16:20:00,0.0726613980236595,0,,,,
2013-10-10 16:25:00,0.04173056190574299,0,,,,
2013-10-10 16:30:00,0.07067394926389786,0,,,,
2013-10-10 16:35:00,0.05696221757766425,0,,,,
2013-10-10 16:40:00,0.05615114707789359,0,,,,
2013-10-10 16:45:00,0.07294156445843493,0,,,,
2013-10-10 16:50:00,0.0643005745335192,0,,,,
2013-10-10 16:55:00,0.08831185759514765,0,,,,
2013-10-10 17:00:00,0.07839882932900481,0,,,,
2013-10-10 17:05:00,0.06762129040960839,0,,,,
2013-10-10 17:10:00,0.08036330741824549,0,,,,
2013-10-10 17:15:00,0.06686925864968421,0,,,,
2013-10-10 17:20:00,0.06227784150652295,0,,,,
2013-10-10 17:25:00,0.061694705924042074,0,,,,
2013-10-10 17:30:00,0.0600706284722762,0,,,,
2013-10-10 17:35:00,0.07550635920372031,0,,,,
2013-10-10 17:40:00,0.05801347731228864,0,,,,
2013-10-10 17:45:00,0.0525876336843625,0,,,,
2013-10-10 17:50:00,0.0578147340829555,0,,,,
2013-10-10 17:55:00,0.059550104845056163,0,,,,
2013-10-10 18:00:00,0.059032413443878835,0,,,,
2013-10-10 18:05:00,0.05181266748006442,1,,,,
2013-10-10 18:10:00,0.05033332336565408,1,,,,
2013-10-10 18:15:00,0.04779174299406076,1,,,,
2013-10-10 18:20:00,0.0399685715121268,1,,,,
2013-10-10 18:25:00,0.04991053788319689,1,,,,
2013-10-10 18:30:00,0.06468948527519093,1,,,,
2013-10-10 18:35:00,0.04324046442183991,1,,,,
2013-10-10 18:40:00,0.0562081571535048,1,,,,
2013-10-10 18:45:00,0.047184935271120436,1,,,,
2013-10-10 18:50:00,0.04192504691615373,1,,,,
2013-10-10 18:55:00,0.03865629580137638,1,,,,
2013-10-10 19:00:00,0.04688199246970375,1,,,,
2013-10-10 19:05:00,0.04413355091855019,1,,,,
2013-10-10 19:10:00,0.041188101699836215,1,,,,
2013-10-10 19:15:00,0.045978917436263714,1,,,,
2013-10-10 19:20:00,0.0393187402996258,1,,,,
2013-10-10 19:25:00,0.03941206873430584,1,,,,
2013-10-10 19:30:00,0.031487286203159916,1,,,,
2013-10-10 19:35:00,0.032377744657565426,1,,,,
2013-10-10 19:40:00,0.04338598156128634,1,,,,
2013-10-10 19:45:00,0.03173161839192265,1,,,,
2013-10-10 19:50:00,0.02973500771024141,1,,,,
2013-10-10 19:55:00,0.040456340115834086,1,,,,
2013-10-10 20:00:00,0.03310563663040452,1,,,,
2013-10-10 20:05:00,0.02790221825212924,1,,,,
2013-10-10 20:10:00,0.02367265750535949,1,,,,
2013-10-10 20:15:00,0.031203582779117195,1,,,,
2013-10-10 20:20:00,0.04563114642450563,1,,,,
2013-10-10 20:25:00,0.052630890997236016,1,,,,
2013-10-10 20:30:00,0.059156033524071686,1,,,,
2013-10-10 20:35:00,0.09421769108502184,1,,,,
2013-10-10 20:40:00,0.2135239814458896,1,,,,
2013-10-10 20:45:00,0.13854901371350678,1,,,,
2013-10-10 20:50:00,0.07566589256879212,1,,,,
2013-10-10 20:55:00,0.04818111479578596,1,,,,
2013-10-10 21:00:00,0.03766079798693277,1,,,,
2013-10-10 21:05:00,0.0360951236707968,1,,,,
2013-10-10 21:10:00,0.028297952682592293,1,,,,
2013-10-10 21:15:00,0.03430362543375872,1,,,,
2013-10-10 21:20:00,0.032062590351304036,1,,,,
2013-10-10 21:25:00,0.03396767073251377,1,,,,
2013-10-10 21:30:00,0.029767726507607093,1,,,,
2013-10-10 21:35:00,0.02486471180716835,1,,,,
2013-10-10 21:40:00,0.021969933088330413,1,,,,
2013-10-10 21:45:00,0.017346590829752654,1,,,,
2013-10-10 21:50:00,0.02843211457157905,1,,,,
2013-10-10 21:55:00,0.03039690222971277,1,,,,
2013-10-10 22:00:00,0.03531040933965398,1,,,,
2013-10-10 22:05:00,0.03911732621526868,1,,,,
2013-10-10 22:10:00,0.02974255262868778,1,,,,
2013-10-10 22:15:00,0.02594475815555956,1,,,,
2013-10-10 22:20:00,0.026688978240863567,1,,,,
2013-10-10 22:25:00,0.02669860780940884,1,,,,
2013-10-10 22:30:00,0.03339154984941778,1,,,,
2013-10-10 22:35:00,0.026845962602496942,1,,,,
2013-10-10 22:40:00,0.021372761520507558,1,,,,
2013-10-10 22:45:00,0.019338999278375152,1,,,,
2013-10-10 22:50:00,0.02010537000596216,1,,,,
2013-10-10 22:55:00,0.01632675892434426,1,,,,
2013-10-10 23:00:00,0.03309326046125501,1,,,,
2013-10-10 23:05:00,0.025507521733712263,1,,,,
2013-10-10 23:10:00,0.01899050045038981,1,,,,
2013-10-10 23:15:00,0.028461497270129286,1,,,,
2013-10-10 23:20:00,0.04231757039267299,0,,,,
2013-10-10 23:25:00,0.02190098485062049,0,,,,
2013-10-10 23:30:00,0.023495890374146282,0,,,,
2013-10-10 23:35:00,0.018651031812880227,0,,,,
2013-10-10 23:40:00,0.022090694596191743,0,,,,
2013-10-10 23:45:00,0.02279608683842164,0,,,,
2013-10-10 23:50:00,0.02080635253810925,0,,,,
2013-10-10 23:55:00,0.028172702425781845,0,,,,
2013-10-11 00:00:00,0.02561369398416746,0,,,,
2013-10-11 00:05:00,0.02251658235415156,0,,,,
2013-10-11 00:10:00,0.02748099378728165,0,,,,
2013-10-11 00:15:00,0.02736178012388552,0,,,,
2013-10-11 00:20:00,0.02114748099181131,0,,,,
2013-10-11 00:25:00,0.033491543895156524,0,,,,
2013-10-11 00:30:00,0.03764864246795172,0,,,,
2013-10-11 00:35:00,0.032007678098936114,0,,,,
2013-10-11 00:40:00,0.03026203228421533,0,,,,
2013-10-11 00:45:00,0.029344733548125838,0,,,,
2013-10-11 00:50:00,0.0324925881303119,0,,,,
2013-10-11 00:55:00,0.042540242638781055,0,,,,
2013-10-11 01:00:00,0.02975428331376244,0,,,,
2013-10-11 01:05:00,0.029374728797889983,0,,,,
2013-10-11 01:10:00,0.029570412564439725,0,,,,
2013-10-11 01:15:00,0.03517689293474209,0,,,,
2013-10-11 01:20:00,0.03181665433221248,0,,,,
2013-10-11 01:25:00,0.03353075375941781,0,,,,
2013-10-11 01:30:00,0.03928478651997405,0,,,,
2013-10-11 01:35:00,0.03282231193426285,0,,,,
2013-10-11 01:40:00,0.03057481542448745,0,,,,
2013-10-11 01:45:00,0.024038383512914027,0,,,,
2013-10-11 01:50:00,0.026195986485407715,0,,,,
2013-10-11 01:55:00,0.042209830538036,0,,,,
2013-10-11 02:00:00,0.031306906337099184,0,,,,
2013-10-11 02:05:00,0.033363830260346124,0,,,,
2013-10-11 02:10:00,0.026320729576159347,0,,,,
2013-10-11 02:15:00,0.02993151150502912,0,,,,
2013-10-11 02:20:00,0.024179721472304388,0,,,,
2013-10-11 02:25:00,0.0219022791120563,0,,,,
2013-10-11 02:30:00,0.023794742914231504,0,,,,
2013-10-11 02:35:00,0.02040902086388954,0,,,,
2013-10-11 02:40:00,0.020300773843193738,0,,,,
2013-10-11 02:45:00,0.0277846644049256,0,,,,
2013-10-11 02:50:00,0.025242013715351005,0,,,,
2013-10-11 02:55:00,0.027369604971650082,0,,,,
2013-10-11 03:00:00,0.0487770876074698,0,,,,
2013-10-11 03:05:00,0.05015785708244887,0,,,,
2013-10-11 03:10:00,0.06282527457443499,0,,,,
2013-10-11 03:15:00,0.029778205743965187,0,,,,
2013-10-11 03:20:00,0.031809791123988004,0,,,,
2013-10-11 03:25:00,0.02654933961709885,0,,,,
2013-10-11 03:30:00,0.029373882423363255,0,,,,
2013-10-11 03:35:00,0.017782453951297832,0,,,,
2013-10-11 03:40:00,0.023144569199976497,0,,,,
2013-10-11 03:45:00,0.02287722682125966,0,,,,
2013-10-11 03:50:00,0.0236292091818924,0,,,,
2013-10-11 03:55:00,0.02077052817195485,0,,,,
2013-10-11 04:00:00,0.021180730008238485,0,,,,
2013-10-11 04:05:00,0.02550165968446104,0,,,,
2013-10-11 04:10:00,0.02523624717139657,0,,,,
2013-10-11 04:15:00,0.0234517438740268,0,,,,
2013-10-11 04:20:00,0.01928334932992166,0,,,,
2013-10-11 04:25:00,0.02194674835421321,0,,,,
2013-10-11 04:30:00,0.02076359580472236,0,,,,
2013-10-11 04:35:00,0.014379564000536409,0,,,,
2013-10-11 04:40:00,0.018939622473489702,0,,,,
2013-10-11 04:45:00,0.015609247389280382,0,,,,
2013-10-11 04:50:00,0.02028960301675545,0,,,,
2013-10-11 04:55:00,0.020007085175707352,0,,,,
2013-10-11 05:00:00,0.022663301543023096,0,,,,
2013-10-11 05:05:00,0.017517459685567584,0,,,,
2013-10-11 05:10:00,0.0195451556947108,0,,,,
2013-10-11 05:15:00,0.02166617025867577,0,,,,
2013-10-11 05:20:00,0.015999969438305027,0,,,,
2013-10-11 05:25:00,0.022451523487321243,0,,,,
2013-10-11 05:30:00,0.016319332564197344,0,,,,
2013-10-11 05:35:00,0.020614624008161025,0,,,,
2013-10-11 05:40:00,0.016949595070714755,0,,,,
2013-10-11 05:45:00,0.01815777659453668,0,,,,
2013-10-11 05:50:00,0.022101457055154112,0,,,,
2013-10-11 05:55:00,0.020548870257964414,0,,,,
2013-10-11 06:00:00,0.020243961364748292,0,,,,
2013-10-11 06:05:00,0.016621781372699606,0,,,,
2013-10-11 06:10:00,0.016731200803245652,0,,,,
2013-10-11 06:15:00,0.016109243964262842,0,,,,
2013-10-11 06:20:00,0.0281350996851355,0,,,,
2013-10-11 06:25:00,0.02384736303947649,0,,,,
2013-10-11 06:30:00,0.02255027596420172,0,,,,
2013-10-11 06:35:00,0.030461803018810463,0,,,,
2013-10-11 06:40:00,0.02275861912250524,0,,,,
2013-10-11 06:45:00,0.02848379281700052,0,,,,
2013-10-11 06:50:00,0.03377683797638372,0,,,,
2013-10-11 06:55:00,0.03565447211126775,0,,,,
2013-10-11 07:00:00,0.03638513373771374,0,,,,
2013-10-11 07:05:00,0.04650673898547292,0,,,,
2013-10-11 07:10:00,0.038680419122031004,0,,,,
2013-10-11 07:15:00,0.03547040705806538,0,,,,
2013-10-11 07:20:00,0.03736376663405875,0,,,,
2013-10-11 07:25:00,0.04439539350948638,0,,,,
2013-10-11 07:30:00,0.03696419552529362,0,,,,
2013-10-11 07:35:00,0.040181601016545214,0,,,,
2013-10-11 07:40:00,0.03985304303587232,0,,,,
2013-10-11 07:45:00,0.04081944796094216,0,,,,
2013-10-11 07:50:00,0.05419513602720623,0,,,,
2013-10-11 07:55:00,0.05527968759097703,0,,,,
2013-10-11 08:00:00,0.046266503644613856,0,,,,
2013-10-11 08:05:00,0.04923203532194243,0,,,,
2013-10-11 08:10:00,0.0484922348265795,0,,,,
2013-10-11 08:15:00,0.05028991456162015,0,,,,
2013-10-11 08:20:00,0.04672896993124409,0,,,,
2013-10-11 08:25:00,0.040460608214614766,0,,,,
2013-10-11 08:30:00,0.038694751503121634,0,,,,
2013-10-11 08:35:00,0.036766940861275986,0,,,,
2013-10-11 08:40:00,0.039283129997067665,0,,,,
2013-10-11 08:45:00,0.0353643862987706,0,,,,
2013-10-11 08:50:00,0.031549549070094565,0,,,,
2013-10-11 08:55:00,0.024560590009329225,0,,,,
2013-10-11 09:00:00,0.031810604565653766,0,,,,
2013-10-11 09:05:00,0.02859032074235411,0,,,,
2013-10-11 09:10:00,0.018993731164050173,0,,,,
2013-10-11 09:15:00,0.021825986846351862,0,,,,
2013-10-11 09:20:00,0.015253407826586619,0,,,,
2013-10-11 09:25:00,0.014813503843001409,0,,,,
2013-10-11 09:30:00,0.013576150390939404,0,,,,
2013-10-11 09:35:00,0.013115834620129987,0,,,,
2013-10-11 09:40:00,0.019023156675319668,0,,,,
2013-10-11 09:45:00,0.010369135217321315,0,,,,
2013-10-11 09:50:00,0.02079519817810144,0,,,,
2013-10-11 09:55:00,0.011756790953527515,0,,,,
2013-10-11 10:00:00,0.010469567270110848,0,,,,
2013-10-11 10:05:00,0.012752595043578079,0,,,,
2013-10-11 10:10:00,0.0107901093924256,0,,,,
2013-10-11 10:15:00,0.010086423072393543,0,,,,
2013-10-11 10:20:00,0.013836184967808786,0,,,,
2013-10-11 10:25:00,0.00866226784638322,0,,,,
2013-10-11 10:30:00,0.01004502975945048,0,,,,
2013-10-11 10:35:00,0.014215970013707972,0,,,,
2013-10-11 10:40:00,0.00869088979584524,0,,,,
2013-10-11 10:45:00,0.00895035792750608,0,,,,
2013-10-11 10:50:00,0.014112992250766088,0,,,,
2013-10-11 10:55:00,0.010647878952503177,0,,,,
2013-10-11 11:00:00,0.01082763638749173,0,,,,
2013-10-11 11:05:00,0.0135591076353916,0,,,,
2013-10-11 11:10:00,0.014367441414416319,0,,,,
2013-10-11 11:15:00,0.01244959625629775,0,,,,
2013-10-11 11:20:00,0.02670884334259581,0,,,,
2013-10-11 11:25:00,0.02638622645004045,0,,,,
2013-10-11 11:30:00,0.021591877017631725,0,,,,
2013-10-11 11:35:00,0.011508473888588394,0,,,,
2013-10-11 11:40:00,0.019995756271536446,0,,,,
2013-10-11 11:45:00,0.014843525439054315,0,,,,
2013-10-11 11:50:00,0.020906906442484337,0,,,,
2013-10-11 11:55:00,0.022579948471928426,0,,,,
2013-10-11 12:00:00,0.02959416045047938,0,,,,
2013-10-11 12:05:00,0.03702931037798757,0,,,,
2013-10-11 12:10:00,0.036720479181030885,0,,,,
2013-10-11 12:15:00,0.03666419362836083,0,,,,
2013-10-11 12:20:00,0.044445036504100414,0,,,,
2013-10-11 12:25:00,0.04692315854590617,0,,,,
2013-10-11 12:30:00,0.05761584594903416,0,,,,
2013-10-11 12:35:00,0.061229723566834336,0,,,,
2013-10-11 12:40:00,0.050823064647733,0,,,,
2013-10-11 12:45:00,0.04661945828868735,0,,,,
2013-10-11 12:50:00,0.06301581422810247,0,,,,
2013-10-11 12:55:00,0.054649082582705615,0,,,,
2013-10-11 13:00:00,0.05870290041023805,0,,,,
2013-10-11 13:05:00,0.05428306017940242,0,,,,
2013-10-11 13:10:00,0.05536950208939243,0,,,,
2013-10-11 13:15:00,0.053840083559889465,0,,,,
2013-10-11 13:20:00,0.061156826679095076,0,,,,
2013-10-11 13:25:00,0.057075786548691484,0,,,,
2013-10-11 13:30:00,0.06200106056985441,0,,,,
2013-10-11 13:35:00,0.0522445523120054,0,,,,
2013-10-11 13:40:00,0.061858201112287625,0,,,,
2013-10-11 13:45:00,0.05470907966880608,0,,,,
2013-10-11 13:50:00,0.05225174484883948,0,,,,
2013-10-11 13:55:00,0.05722386257143468,0,,,,
2013-10-11 14:00:00,0.064581439144947,0,,,,
2013-10-11 14:05:00,0.05300166231908992,0,,,,
2013-10-11 14:10:00,0.050995998393930236,0,,,,
2013-10-11 14:15:00,0.058795477975688175,0,,,,
2013-10-11 14:20:00,0.049190704581435186,0,,,,
2013-10-11 14:25:00,0.06023844115859385,0,,,,
2013-10-11 14:30:00,0.05863595449047462,0,,,,
2013-10-11 14:35:00,0.05286836327106036,0,,,,
2013-10-11 14:40:00,0.04887200340604821,0,,,,
2013-10-11 14:45:00,0.04816121676119276,0,,,,
2013-10-11 14:50:00,0.04960177584524822,0,,,,
2013-10-11 14:55:00,0.05566507780981193,0,,,,
2013-10-11 15:00:00,0.07142416642318307,0,,,,
2013-10-11 15:05:00,0.08379313644927378,0,,,,
2013-10-11 15:10:00,0.1044892758748878,0,,,,
2013-10-11 15:15:00,0.08510977905738776,0,,,,
2013-10-11 15:20:00,0.07259416229471959,0,,,,
2013-10-11 15:25:00,0.059995676574012925,0,,,,
2013-10-11 15:30:00,0.06694962141700353,0,,,,
2013-10-11 15:35:00,0.06809050463944973,0,,,,
2013-10-11 15:40:00,0.06585279577595221,0,,,,
2013-10-11 15:45:00,0.06434066041188206,0,,,,
2013-10-11 15:50:00,0.06410336926879301,0,,,,
2013-10-11 15:55:00,0.054823043834164864,0,,,,
2013-10-11 16:00:00,0.07183510266226614,0,,,,
2013-10-11 16:05:00,0.08317350467027487,0,,,,
2013-10-11 16:10:00,0.06688641337695928,0,,,,
2013-10-11 16:15:00,0.07174060511102195,0,,,,
2013-10-11 16:20:00,0.06148548345835087,0,,,,
2013-10-11 16:25:00,0.07649056434014008,0,,,,
2013-10-11 16:30:00,0.06886519420771572,0,,,,
2013-10-11 16:35:00,0.07979938157356371,0,,,,
2013-10-11 16:40:00,0.0713494516415187,0,,,,
2013-10-11 16:45:00,0.07041964500483586,0,,,,
2013-10-11 16:50:00,0.07083924258635194,0,,,,
2013-10-11 16:55:00,0.07405278175972659,0,,,,
2013-10-11 17:00:00,0.06302646800862367,0,,,,
2013-10-11 17:05:00,0.07056121020096685,0,,,,
2013-10-11 17:10:00,0.06844006719884413,0,,,,
2013-10-11 17:15:00,0.08699272855603105,0,,,,
2013-10-11 17:20:00,0.07755754622258768,0,,,,
2013-10-11 17:25:00,0.079475862320618,0,,,,
2013-10-11 17:30:00,0.08752939587169463,0,,,,
2013-10-11 17:35:00,0.07187135844889914,0,,,,
2013-10-11 17:40:00,0.0673230207811622,0,,,,
2013-10-11 17:45:00,0.07691751582950895,0,,,,
2013-10-11 17:50:00,0.0764268557206092,0,,,,
2013-10-11 17:55:00,0.09683622896611103,0,,,,
2013-10-11 18:00:00,0.08737215792703185,0,,,,
2013-10-11 18:05:00,0.1015445314193984,0,,,,
2013-10-11 18:10:00,0.08908255899395115,0,,,,
2013-10-11 18:15:00,0.08109250682566475,0,,,,
2013-10-11 18:20:00,0.0933349652663702,0,,,,
2013-10-11 18:25:00,0.08173225070285313,0,,,,
2013-10-11 18:30:00,0.08658125221802819,0,,,,
2013-10-11 18:35:00,0.0966411445776308,0,,,,
2013-10-11 18:40:00,0.08324510071000614,0,,,,
2013-10-11 18:45:00,0.09143997222047312,0,,,,
2013-10-11 18:50:00,0.0873221065649419,0,,,,
2013-10-11 18:55:00,0.09395480781567926,0,,,,
2013-10-11 19:00:00,0.09976141459547512,0,,,,
2013-10-11 19:05:00,0.10262881293370933,0,,,,
2013-10-11 19:10:00,0.08736031856351603,0,,,,
2013-10-11 19:15:00,0.07256243806975496,0,,,,
2013-10-11 19:20:00,0.0898366062449662,0,,,,
2013-10-11 19:25:00,0.08683850396814627,0,,,,
2013-10-11 19:30:00,0.08171285654103264,0,,,,
2013-10-11 19:35:00,0.10163394084362397,0,,,,
2013-10-11 19:40:00,0.08178844075022637,0,,,,
2013-10-11 19:45:00,0.09303841143998012,0,,,,
2013-10-11 19:50:00,0.08627815792545107,0,,,,
2013-10-11 19:55:00,0.07799035317463557,0,,,,
2013-10-11 20:00:00,0.08058286421570655,0,,,,
2013-10-11 20:05:00,0.07986703884312392,0,,,,
2013-10-11 20:10:00,0.07987550588167723,0,,,,
2013-10-11 20:15:00,0.07867731289458507,0,,,,
2013-10-11 20:20:00,0.07060199425598213,0,,,,
2013-10-11 20:25:00,0.08191446492926943,0,,,,
2013-10-11 20:30:00,0.10076835987238912,0,,,,
2013-10-11 20:35:00,0.10784368536102716,0,,,,
2013-10-11 20:40:00,0.15845284778352625,0,,,,
2013-10-11 20:45:00,0.10825592903469043,0,,,,
2013-10-11 20:50:00,0.07245231716927042,0,,,,
2013-10-11 20:55:00,0.04831436115123797,0,,,,
2013-10-11 21:00:00,0.09606194117874876,0,,,,
2013-10-11 21:05:00,0.0596890354123102,0,,,,
2013-10-11 21:10:00,0.14025335513400908,0,,,,
2013-10-11 21:15:00,0.05218106763592907,0,,,,
2013-10-11 21:20:00,0.06109731370605076,0,,,,
2013-10-11 21:25:00,0.0661951196925072,0,,,,
2013-10-11 21:30:00,0.05649787741124529,0,,,,
2013-10-11 21:35:00,0.06402953050123024,0,,,,
2013-10-11 21:40:00,0.05324431493194358,0,,,,
2013-10-11 21:45:00,0.05328446667602838,0,,,,
2013-10-11 21:50:00,0.06767517186342822,0,,,,
2013-10-11 21:55:00,0.0611014434868154,0,,,,
2013-10-11 22:00:00,0.07632755655823678,0,,,,
2013-10-11 22:05:00,0.0649857822252655,0,,,,
2013-10-11 22:10:00,0.05116672234515693,0,,,,
2013-10-11 22:15:00,0.05575431598316051,0,,,,
2013-10-11 22:20:00,0.04905508376670783,0,,,,
2013-10-11 22:25:00,0.04682905289570742,0,,,,
2013-10-11 22:30:00,0.038638910544074576,0,,,,
2013-10-11 22:35:00,0.046284847248169655,0,,,,
2013-10-11 22:40:00,0.044312455392439824,0,,,,
2013-10-11 22:45:00,0.039394611024709925,0,,,,
2013-10-11 22:50:00,0.0429539781710459,0,,,,
2013-10-11 22:55:00,0.04344708189822903,0,,,,
2013-10-11 23:00:00,0.05190713209844765,0,,,,
2013-10-11 23:05:00,0.046446807765094376,0,,,,
2013-10-11 23:10:00,0.029916355802414425,0,,,,
2013-10-11 23:15:00,0.02868924117682549,0,,,,
2013-10-11 23:20:00,0.04948812454206857,0,,,,
2013-10-11 23:25:00,0.05337157409327272,0,,,,
2013-10-11 23:30:00,0.03782904868030122,0,,,,
2013-10-11 23:35:00,0.03056342724116682,0,,,,
2013-10-11 23:40:00,0.035094587128626,0,,,,
2013-10-11 23:45:00,0.03422403988195809,0,,,,
2013-10-11 23:50:00,0.04756379490362659,0,,,,
2013-10-11 23:55:00,0.05275495567105183,0,,,,
2013-10-12 00:00:00,0.0389519472673761,0,,,,
2013-10-12 00:05:00,0.02943365227272308,0,,,,
2013-10-12 00:10:00,0.020437198219728576,0,,,,
2013-10-12 00:15:00,0.031315393135369074,0,,,,
2013-10-12 00:20:00,0.021718648772618625,0,,,,
2013-10-12 00:25:00,0.029849808370268637,0,,,,
2013-10-12 00:30:00,0.027646389201604702,0,,,,
2013-10-12 00:35:00,0.02828230298706318,0,,,,
2013-10-12 00:40:00,0.024237479123859432,0,,,,
2013-10-12 00:45:00,0.027461678664327468,0,,,,
2013-10-12 00:50:00,0.02682280421466851,0,,,,
2013-10-12 00:55:00,0.03822265235466004,0,,,,
2013-10-12 01:00:00,0.04613221661075545,0,,,,
2013-10-12 01:05:00,0.03707969106868714,0,,,,
2013-10-12 01:10:00,0.026779089135027623,0,,,,
2013-10-12 01:15:00,0.026446849260499197,0,,,,
2013-10-12 01:20:00,0.03158860085662323,0,,,,
2013-10-12 01:25:00,0.034874121384202386,0,,,,
2013-10-12 01:30:00,0.03588963249825258,0,,,,
2013-10-12 01:35:00,0.030929199354726693,0,,,,
2013-10-12 01:40:00,0.036642237289957504,0,,,,
2013-10-12 01:45:00,0.03206780032990823,0,,,,
2013-10-12 01:50:00,0.04171449066959356,0,,,,
2013-10-12 01:55:00,0.04532920807534828,0,,,,
2013-10-12 02:00:00,0.045245179880603885,0,,,,
2013-10-12 02:05:00,0.03926428910731133,0,,,,
2013-10-12 02:10:00,0.0372697466092985,0,,,,
2013-10-12 02:15:00,0.03165938345468873,0,,,,
2013-10-12 02:20:00,0.04040107218856777,0,,,,
2013-10-12 02:25:00,0.035915270730511456,0,,,,
2013-10-12 02:30:00,0.04631135820124402,0,,,,
2013-10-12 02:35:00,0.049036759922868614,0,,,,
2013-10-12 02:40:00,0.03996804129306531,0,,,,
2013-10-12 02:45:00,0.04665809512116791,0,,,,
2013-10-12 02:50:00,0.04403373141697455,0,,,,
2013-10-12 02:55:00,0.04419856367937515,0,,,,
2013-10-12 03:00:00,0.058254068328046076,0,,,,
2013-10-12 03:05:00,0.06855612260087401,0,,,,
2013-10-12 03:10:00,0.08595873552040903,0,,,,
2013-10-12 03:15:00,0.04943970335659623,0,,,,
2013-10-12 03:20:00,0.07043868349175796,0,,,,
2013-10-12 03:25:00,0.05579966782599119,0,,,,
2013-10-12 03:30:00,0.04828620026182941,0,,,,
2013-10-12 03:35:00,0.0858097505507033,0,,,,
2013-10-12 03:40:00,0.047200120613309984,0,,,,
2013-10-12 03:45:00,0.05198649370679373,0,,,,
2013-10-12 03:50:00,0.050764938148135166,0,,,,
2013-10-12 03:55:00,0.05210549001330751,0,,,,
2013-10-12 04:00:00,0.05072951226959841,0,,,,
2013-10-12 04:05:00,0.049770085817766416,0,,,,
2013-10-12 04:10:00,0.04945450997088472,0,,,,
2013-10-12 04:15:00,0.04644751582160506,0,,,,
2013-10-12 04:20:00,0.055619808299133655,0,,,,
2013-10-12 04:25:00,0.05030101952233652,0,,,,
2013-10-12 04:30:00,0.05442504362286763,0,,,,
2013-10-12 04:35:00,0.05627044966001432,0,,,,
2013-10-12 04:40:00,0.05315662130977413,0,,,,
2013-10-12 04:45:00,0.05634873107052085,0,,,,
2013-10-12 04:50:00,0.059404390108443964,0,,,,
2013-10-12 04:55:00,0.04992774200976341,0,,,,
2013-10-12 05:00:00,0.04353359981726214,0,,,,
2013-10-12 05:05:00,0.045489403390925436,0,,,,
2013-10-12 05:10:00,0.036353636749489736,0,,,,
2013-10-12 05:15:00,0.055472907979526816,0,,,,
2013-10-12 05:20:00,0.0447174340769749,0,,,,
2013-10-12 05:25:00,0.04621833933545702,0,,,,
2013-10-12 05:30:00,0.04394598510222755,0,,,,
2013-10-12 05:35:00,0.05456249550466448,0,,,,
2013-10-12 05:40:00,0.04828745500383207,0,,,,
2013-10-12 05:45:00,0.04150424399192644,0,,,,
2013-10-12 05:50:00,0.03936022253129347,0,,,,
2013-10-12 05:55:00,0.032492206109124754,0,,,,
2013-10-12 06:00:00,0.04432853321516144,0,,,,
2013-10-12 06:05:00,0.038303897722653135,0,,,,
2013-10-12 06:10:00,0.04887779300300532,0,,,,
2013-10-12 06:15:00,0.03880066687726134,0,,,,
2013-10-12 06:20:00,0.0475625730944849,0,,,,
2013-10-12 06:25:00,0.04187092505244888,0,,,,
2013-10-12 06:30:00,0.042594963880555406,0,,,,
2013-10-12 06:35:00,0.03528358223111438,0,,,,
2013-10-12 06:40:00,0.0507029552105187,0,,,,
2013-10-12 06:45:00,0.05582517432680621,0,,,,
2013-10-12 06:50:00,0.03494348128267434,0,,,,
2013-10-12 06:55:00,0.03714781269158692,0,,,,
2013-10-12 07:00:00,0.05111023919532112,0,,,,
2013-10-12 07:05:00,0.0446094439325946,0,,,,
2013-10-12 07:10:00,0.02790778061234571,0,,,,
2013-10-12 07:15:00,0.03891988054065746,0,,,,
2013-10-12 07:20:00,0.035798036332059135,0,,,,
2013-10-12 07:25:00,0.0398221651854344,0,,,,
2013-10-12 07:30:00,0.05026360779228376,0,,,,
2013-10-12 07:35:00,0.03165961069142937,0,,,,
2013-10-12 07:40:00,0.028573824672298274,0,,,,
2013-10-12 07:45:00,0.030704880465570537,0,,,,
2013-10-12 07:50:00,0.032680130893631865,0,,,,
2013-10-12 07:55:00,0.038468996741227536,0,,,,
2013-10-12 08:00:00,0.03027688171122307,0,,,,
2013-10-12 08:05:00,0.032288822639682094,0,,,,
2013-10-12 08:10:00,0.021924834828529128,0,,,,
2013-10-12 08:15:00,0.026895279561787448,0,,,,
2013-10-12 08:20:00,0.028037131010345932,0,,,,
2013-10-12 08:25:00,0.02331253667074068,0,,,,
2013-10-12 08:30:00,0.023946560109979947,0,,,,
2013-10-12 08:35:00,0.024693836364781237,0,,,,
2013-10-12 08:40:00,0.025455293509512728,0,,,,
2013-10-12 08:45:00,0.01969993355465972,0,,,,
2013-10-12 08:50:00,0.019514847582767524,0,,,,
2013-10-12 08:55:00,0.018802157418548474,0,,,,
2013-10-12 09:00:00,0.024158591748711204,0,,,,
2013-10-12 09:05:00,0.012735552288030274,0,,,,
2013-10-12 09:10:00,0.01466785826539723,0,,,,
2013-10-12 09:15:00,0.010625247490450128,0,,,,
2013-10-12 09:20:00,0.010798507271970894,0,,,,
2013-10-12 09:25:00,0.007257546301626541,0,,,,
2013-10-12 09:30:00,0.008277506645192686,0,,,,
2013-10-12 09:35:00,0.009679883370248877,0,,,,
2013-10-12 09:40:00,0.01687682991441935,0,,,,
2013-10-12 09:45:00,0.014105058724560353,0,,,,
2013-10-12 09:50:00,0.013173654844120863,0,,,,
2013-10-12 09:55:00,0.034891891955977465,0,,,,
2013-10-12 10:00:00,0.02337432530447747,0,,,,
2013-10-12 10:05:00,0.02476252772617564,0,,,,
2013-10-12 10:10:00,0.028466081524375193,0,,,,
2013-10-12 10:15:00,0.0260028681887269,0,,,,
2013-10-12 10:20:00,0.026811755239815774,0,,,,
2013-10-12 10:25:00,0.029391771553437782,0,,,,
2013-10-12 10:30:00,0.029161037342966236,0,,,,
2013-10-12 10:35:00,0.03637128217639315,0,,,,
2013-10-12 10:40:00,0.0275749117201729,0,,,,
2013-10-12 10:45:00,0.031380909768966764,0,,,,
2013-10-12 10:50:00,0.034441195873855024,0,,,,
2013-10-12 10:55:00,0.03494916549447637,0,,,,
2013-10-12 11:00:00,0.03884940751148501,0,,,,
2013-10-12 11:05:00,0.041278229060430736,0,,,,
2013-10-12 11:10:00,0.04785976581837765,0,,,,
2013-10-12 11:15:00,0.03516404253239473,0,,,,
2013-10-12 11:20:00,0.04674437263031599,0,,,,
2013-10-12 11:25:00,0.03718697644984285,0,,,,
2013-10-12 11:30:00,0.02774533598236485,0,,,,
2013-10-12 11:35:00,0.032010786961010916,0,,,,
2013-10-12 11:40:00,0.03436277614533245,0,,,,
2013-10-12 11:45:00,0.026949852605687483,0,,,,
2013-10-12 11:50:00,0.034383556780599435,0,,,,
2013-10-12 11:55:00,0.023826865626813774,0,,,,
2013-10-12 12:00:00,0.02692450088931898,0,,,,
2013-10-12 12:05:00,0.020526657043245588,0,,,,
2013-10-12 12:10:00,0.04089383341399688,0,,,,
2013-10-12 12:15:00,0.02364222754183066,0,,,,
2013-10-12 12:20:00,0.0326656503146669,0,,,,
2013-10-12 12:25:00,0.04087451829104271,0,,,,
2013-10-12 12:30:00,0.029206883178711358,0,,,,
2013-10-12 12:35:00,0.04158695157894626,0,,,,
2013-10-12 12:40:00,0.028000351591223632,0,,,,
2013-10-12 12:45:00,0.03121838280683349,0,,,,
2013-10-12 12:50:00,0.03282198919222542,0,,,,
2013-10-12 12:55:00,0.02807588640112593,0,,,,
2013-10-12 13:00:00,0.03500097876462779,0,,,,
2013-10-12 13:05:00,0.02158854091881628,0,,,,
2013-10-12 13:10:00,0.03528761650658222,0,,,,
2013-10-12 13:15:00,0.03827030291118587,0,,,,
2013-10-12 13:20:00,0.031110096266704537,0,,,,
2013-10-12 13:25:00,0.03608635694320873,0,,,,
2013-10-12 13:30:00,0.045103779348777705,0,,,,
2013-10-12 13:35:00,0.04815638221720355,0,,,,
2013-10-12 13:40:00,0.02826507910078008,0,,,,
2013-10-12 13:45:00,0.03601705303060042,0,,,,
2013-10-12 13:50:00,0.03070483765285129,0,,,,
2013-10-12 13:55:00,0.0322408855672659,0,,,,
2013-10-12 14:00:00,0.04340006365263367,0,,,,
2013-10-12 14:05:00,0.034098806091578115,0,,,,
2013-10-12 14:10:00,0.029850667917939742,0,,,,
2013-10-12 14:15:00,0.03745752978250348,0,,,,
2013-10-12 14:20:00,0.031102706132704674,0,,,,
2013-10-12 14:25:00,0.03328304265912038,0,,,,
2013-10-12 14:30:00,0.03616668677766709,0,,,,
2013-10-12 14:35:00,0.03689661400131363,0,,,,
2013-10-12 14:40:00,0.019811309197146902,0,,,,
2013-10-12 14:45:00,0.024993696650411887,0,,,,
2013-10-12 14:50:00,0.035018861308130124,0,,,,
2013-10-12 14:55:00,0.03999551388567977,0,,,,
2013-10-12 15:00:00,0.056683783411375435,0,,,,
2013-10-12 15:05:00,0.05769272771294981,0,,,,
2013-10-12 15:10:00,0.08136824049735471,0,,,,
2013-10-12 15:15:00,0.04185665853708016,0,,,,
2013-10-12 15:20:00,0.05094395459375208,0,,,,
2013-10-12 15:25:00,0.04086245498407235,0,,,,
2013-10-12 15:30:00,0.035453249037504214,0,,,,
2013-10-12 15:35:00,0.04783440422215085,0,,,,
2013-10-12 15:40:00,0.0469679472368144,0,,,,
2013-10-12 15:45:00,0.048492781512071474,0,,,,
2013-10-12 15:50:00,0.042889281565686166,0,,,,
2013-10-12 15:55:00,0.0451095788255931,0,,,,
2013-10-12 16:00:00,0.04817728141076999,0,,,,
2013-10-12 16:05:00,0.04869218339862383,0,,,,
2013-10-12 16:10:00,0.05629181320692033,0,,,,
2013-10-12 16:15:00,0.052925096710639497,0,,,,
2013-10-12 16:20:00,0.04996545342885092,0,,,,
2013-10-12 16:25:00,0.04257140041853714,0,,,,
2013-10-12 16:30:00,0.04530171901630335,0,,,,
2013-10-12 16:35:00,0.03881371817006055,0,,,,
2013-10-12 16:40:00,0.05563489813602642,0,,,,
2013-10-12 16:45:00,0.04215454285105311,0,,,,
2013-10-12 16:50:00,0.03948583834286059,0,,,,
2013-10-12 16:55:00,0.039981721603508914,0,,,,
2013-10-12 17:00:00,0.03978087396436032,0,,,,
2013-10-12 17:05:00,0.023457431379114924,0,,,,
2013-10-12 17:10:00,0.020953331896582387,0,,,,
2013-10-12 17:15:00,0.02898523514457921,0,,,,
2013-10-12 17:20:00,0.02145912136180805,0,,,,
2013-10-12 17:25:00,0.038870965362270686,0,,,,
2013-10-12 17:30:00,0.02194527625532821,0,,,,
2013-10-12 17:35:00,0.03291763280703109,0,,,,
2013-10-12 17:40:00,0.02521964242289957,0,,,,
2013-10-12 17:45:00,0.03459719554294564,0,,,,
2013-10-12 17:50:00,0.053438780182637736,0,,,,
2013-10-12 17:55:00,0.0445799393824588,0,,,,
2013-10-12 18:00:00,0.03919452084136347,0,,,,
2013-10-12 18:05:00,0.03646778533886992,0,,,,
2013-10-12 18:10:00,0.044071821563963116,0,,,,
2013-10-12 18:15:00,0.04185926023309615,0,,,,
2013-10-12 18:20:00,0.035475406266359394,0,,,,
2013-10-12 18:25:00,0.04448805340708889,0,,,,
2013-10-12 18:30:00,0.055516985320638285,0,,,,
2013-10-12 18:35:00,0.033500383075038706,0,,,,
2013-10-12 18:40:00,0.04032609065072962,0,,,,
2013-10-12 18:45:00,0.04211366658402714,0,,,,
2013-10-12 18:50:00,0.038116522916924085,0,,,,
2013-10-12 18:55:00,0.037123060353287926,0,,,,
2013-10-12 19:00:00,0.04366546628583985,0,,,,
2013-10-12 19:05:00,0.05119476796955212,0,,,,
2013-10-12 19:10:00,0.041786281013204495,0,,,,
2013-10-12 19:15:00,0.049067275511835935,0,,,,
2013-10-12 19:20:00,0.055258524934522886,0,,,,
2013-10-12 19:25:00,0.060459028754603024,0,,,,
2013-10-12 19:30:00,0.04275713516779029,0,,,,
2013-10-12 19:35:00,0.10506131966979668,0,,,,
2013-10-12 19:40:00,0.05015932588804777,0,,,,
2013-10-12 19:45:00,0.05038391811994991,0,,,,
2013-10-12 19:50:00,0.06485560521245516,0,,,,
2013-10-12 19:55:00,0.04714866631134305,0,,,,
2013-10-12 20:00:00,0.04336754574571985,0,,,,
2013-10-12 20:05:00,0.04165422682731931,0,,,,
2013-10-12 20:10:00,0.043419727863914036,0,,,,
2013-10-12 20:15:00,0.04110043113066943,0,,,,
2013-10-12 20:20:00,0.050391667222134263,0,,,,
2013-10-12 20:25:00,0.047687991308886256,0,,,,
2013-10-12 20:30:00,0.04264307549713471,0,,,,
2013-10-12 20:35:00,0.045725670322038586,0,,,,
2013-10-12 20:40:00,0.04611797314838941,0,,,,
2013-10-12 20:45:00,0.043026410705445585,0,,,,
2013-10-12 20:50:00,0.045425101979897256,0,,,,
2013-10-12 20:55:00,0.04659718908810489,0,,,,
2013-10-12 21:00:00,0.04872713833724883,0,,,,
2013-10-12 21:05:00,0.04560920325924669,0,,,,
2013-10-12 21:10:00,0.07226803146589961,0,,,,
2013-10-12 21:15:00,0.0993437765191863,0,,,,
2013-10-12 21:20:00,0.047142158778016974,0,,,,
2013-10-12 21:25:00,0.05159645666127709,0,,,,
2013-10-12 21:30:00,0.04394832004206976,0,,,,
2013-10-12 21:35:00,0.06858740552550176,0,,,,
2013-10-12 21:40:00,0.057188598063916615,0,,,,
2013-10-12 21:45:00,0.0404910381781436,0,,,,
2013-10-12 21:50:00,0.031666470606367736,0,,,,
2013-10-12 21:55:00,0.0609076105470517,0,,,,
2013-10-12 22:00:00,0.049244599208399416,0,,,,
2013-10-12 22:05:00,0.04959914121637127,0,,,,
2013-10-12 22:10:00,0.0431459899235984,0,,,,
2013-10-12 22:15:00,0.05308808802611234,0,,,,
2013-10-12 22:20:00,0.05018826399297503,0,,,,
2013-10-12 22:25:00,0.048180080703951765,0,,,,
2013-10-12 22:30:00,0.038977381315897015,0,,,,
2013-10-12 22:35:00,0.043761086847642836,0,,,,
2013-10-12 22:40:00,0.05137101476156213,0,,,,
2013-10-12 22:45:00,0.054235584167039684,0,,,,
2013-10-12 22:50:00,0.04316162315269703,0,,,,
2013-10-12 22:55:00,0.04677728573156136,0,,,,
2013-10-12 23:00:00,0.04593911807379121,0,,,,
2013-10-12 23:05:00,0.0449332332350002,0,,,,
2013-10-12 23:10:00,0.04652746692816237,0,,,,
2013-10-12 23:15:00,0.04594280655421895,0,,,,
2013-10-12 23:20:00,0.051457503041020376,0,,,,
2013-10-12 23:25:00,0.036829625268830934,0,,,,
2013-10-12 23:30:00,0.04761263433643315,0,,,,
2013-10-12 23:35:00,0.04718437541248408,0,,,,
2013-10-12 23:40:00,0.03833381064026488,0,,,,
2013-10-12 23:45:00,0.04404946015136997,0,,,,
2013-10-12 23:50:00,0.04446536595917221,0,,,,
2013-10-12 23:55:00,0.045136567305151414,0,,,,
2013-10-13 00:00:00,0.04522943797306408,0,,,,
2013-10-13 00:05:00,0.04361938992006799,0,,,,
2013-10-13 00:10:00,0.02968743948586798,0,,,,
2013-10-13 00:15:00,0.01927526101926941,0,,,,
2013-10-13 00:20:00,0.020342888385791867,0,,,,
2013-10-13 00:25:00,0.015261726667265609,0,,,,
2013-10-13 00:30:00,0.016458641859352446,0,,,,
2013-10-13 00:35:00,0.01815753289136556,0,,,,
2013-10-13 00:40:00,0.015430023466639404,0,,,,
2013-10-13 00:45:00,0.017932120631225464,0,,,,
2013-10-13 00:50:00,0.01650700705896115,0,,,,
2013-10-13 00:55:00,0.011006050161753041,0,,,,
2013-10-13 01:00:00,0.015659160433354295,0,,,,
2013-10-13 01:05:00,0.016750077919149037,0,,,,
2013-10-13 01:10:00,0.024984445809767674,0,,,,
2013-10-13 01:15:00,0.03818828032767407,0,,,,
2013-10-13 01:20:00,0.043814737771435935,0,,,,
2013-10-13 01:25:00,0.04734107655151319,0,,,,
2013-10-13 01:30:00,0.05480501967936039,0,,,,
2013-10-13 01:35:00,0.053737234235105326,0,,,,
2013-10-13 01:40:00,0.05618371438409886,0,,,,
2013-10-13 01:45:00,0.05787016996781274,0,,,,
2013-10-13 01:50:00,0.06149216553584004,0,,,,
2013-10-13 01:55:00,0.05865991973339664,0,,,,
2013-10-13 02:00:00,0.056042313852272665,0,,,,
2013-10-13 02:05:00,0.0607992844874896,0,,,,
2013-10-13 02:10:00,0.06347235589304566,0,,,,
2013-10-13 02:15:00,0.0600400733638757,0,,,,
2013-10-13 02:20:00,0.05973801974970499,0,,,,
2013-10-13 02:25:00,0.06087637043514321,0,,,,
2013-10-13 02:30:00,0.06173026024073657,0,,,,
2013-10-13 02:35:00,0.06045948652137041,0,,,,
2013-10-13 02:40:00,0.06058335689130654,0,,,,
2013-10-13 02:45:00,0.06294235089515468,0,,,,
2013-10-13 02:50:00,0.0608426438922321,0,,,,
2013-10-13 02:55:00,0.06343485195098221,0,,,,
2013-10-13 03:00:00,0.06756827179674578,0,,,,
2013-10-13 03:05:00,0.0783807491883367,0,,,,
2013-10-13 03:10:00,0.0887565566032889,0,,,,
2013-10-13 03:15:00,0.07106289623171667,0,,,,
2013-10-13 03:20:00,0.060299831304712996,0,,,,
2013-10-13 03:25:00,0.0607836216188161,0,,,,
2013-10-13 03:30:00,0.06428902168589375,0,,,,
2013-10-13 03:35:00,0.059954790427128674,0,,,,
2013-10-13 03:40:00,0.06112390699127754,0,,,,
2013-10-13 03:45:00,0.06336379930345681,0,,,,
2013-10-13 03:50:00,0.067580262651422,0,,,,
2013-10-13 03:55:00,0.0624205659393598,0,,,,
2013-10-13 04:00:00,0.06325584209193748,0,,,,
2013-10-13 04:05:00,0.06125921823711185,0,,,,
2013-10-13 04:10:00,0.06161986599750606,0,,,,
2013-10-13 04:15:00,0.06852162872230247,0,,,,
2013-10-13 04:20:00,0.06511721727336461,0,,,,
2013-10-13 04:25:00,0.06710225205441774,0,,,,
2013-10-13 04:30:00,0.06407655862668389,0,,,,
2013-10-13 04:35:00,0.05892212129251731,0,,,,
2013-10-13 04:40:00,0.06418779595115504,0,,,,
2013-10-13 04:45:00,0.06934940935572521,0,,,,
2013-10-13 04:50:00,0.06304470622702439,0,,,,
2013-10-13 04:55:00,0.06248543379559654,0,,,,
2013-10-13 05:00:00,0.06529420176146017,0,,,,
2013-10-13 05:05:00,0.06689631299496444,0,,,,
2013-10-13 05:10:00,0.06596792576458907,0,,,,
2013-10-13 05:15:00,0.0665761825334117,0,,,,
2013-10-13 05:20:00,0.06422323500283618,0,,,,
2013-10-13 05:25:00,0.06486644341699774,0,,,,
2013-10-13 05:30:00,0.06482156251407879,0,,,,
2013-10-13 05:35:00,0.059939038639730574,0,,,,
2013-10-13 05:40:00,0.06302892809333753,0,,,,
2013-10-13 05:45:00,0.06854724390155867,0,,,,
2013-10-13 05:50:00,0.05709124523362704,0,,,,
2013-10-13 05:55:00,0.0639626043411834,0,,,,
2013-10-13 06:00:00,0.06011415912789569,0,,,,
2013-10-13 06:05:00,0.06331374464808077,0,,,,
2013-10-13 06:10:00,0.056277184430081034,0,,,,
2013-10-13 06:15:00,0.05391314181864743,0,,,,
2013-10-13 06:20:00,0.05667626154593172,0,,,,
2013-10-13 06:25:00,0.0601626066596568,0,,,,
2013-10-13 06:30:00,0.06223976123939265,0,,,,
2013-10-13 06:35:00,0.05668869370094485,0,,,,
2013-10-13 06:40:00,0.061600070054781825,0,,,,
2013-10-13 06:45:00,0.07243494508511301,0,,,,
2013-10-13 06:50:00,0.04984575894568475,0,,,,
2013-10-13 06:55:00,0.05368496978475873,0,,,,
2013-10-13 07:00:00,0.0632784175681269,0,,,,
2013-10-13 07:05:00,0.05831396002899146,0,,,,
2013-10-13 07:10:00,0.05708969738916182,0,,,,
2013-10-13 07:15:00,0.06133389679262915,0,,,,
2013-10-13 07:20:00,0.056675178054806076,0,,,,
2013-10-13 07:25:00,0.05279592085680239,0,,,,
2013-10-13 07:30:00,0.049925654066378417,0,,,,
2013-10-13 07:35:00,0.0478128134385042,0,,,,
2013-10-13 07:40:00,0.053998665165279486,0,,,,
2013-10-13 07:45:00,0.05453592527244038,0,,,,
2013-10-13 07:50:00,0.0562475283887848,0,,,,
2013-10-13 07:55:00,0.052684057807972966,0,,,,
2013-10-13 08:00:00,0.05004281601253662,0,,,,
2013-10-13 08:05:00,0.04696070530068888,0,,,,
2013-10-13 08:10:00,0.041733848605266986,0,,,,
2013-10-13 08:15:00,0.046020679597249564,0,,,,
2013-10-13 08:20:00,0.043010461320881724,0,,,,
2013-10-13 08:25:00,0.03922294190037362,0,,,,
2013-10-13 08:30:00,0.035389500898540184,0,,,,
2013-10-13 08:35:00,0.031053962205194914,0,,,,
2013-10-13 08:40:00,0.02030585538364017,0,,,,
2013-10-13 08:45:00,0.03002859099257272,0,,,,
2013-10-13 08:50:00,0.037628010030559066,0,,,,
2013-10-13 08:55:00,0.04387687220021283,0,,,,
2013-10-13 09:00:00,0.05208787751926506,0,,,,
2013-10-13 09:05:00,0.058572670704850165,0,,,,
2013-10-13 09:10:00,0.06423082273400181,0,,,,
2013-10-13 09:15:00,0.06276740165786658,0,,,,
2013-10-13 09:20:00,0.011406760747507443,0,,,,
2013-10-13 09:25:00,0.05532734144078896,0,,,,
2013-10-13 09:30:00,0.07084591807726894,0,,,,
2013-10-13 09:35:00,0.06803303021049895,0,,,,
2013-10-13 09:40:00,0.06125878681663325,0,,,,
2013-10-13 09:45:00,0.06698509669483173,0,,,,
2013-10-13 09:50:00,0.06332265298697097,0,,,,
2013-10-13 09:55:00,0.06525759359321487,0,,,,
2013-10-13 10:00:00,0.0627492095454712,0,,,,
2013-10-13 10:05:00,0.060559019507055674,0,,,,
2013-10-13 10:10:00,0.06275421204705131,0,,,,
2013-10-13 10:15:00,0.060546399634735036,0,,,,
2013-10-13 10:20:00,0.06630331731391155,0,,,,
2013-10-13 10:25:00,0.05965853958305944,0,,,,
2013-10-13 10:30:00,0.05762724071892699,0,,,,
2013-10-13 10:35:00,0.06614781822430756,0,,,,
2013-10-13 10:40:00,0.061767286656316076,0,,,,
2013-10-13 10:45:00,0.052420051528071575,0,,,,
2013-10-13 10:50:00,0.055352416521125374,0,,,,
2013-10-13 10:55:00,0.05958901502028269,0,,,,
2013-10-13 11:00:00,0.059652707173383085,0,,,,
2013-10-13 11:05:00,0.053103095530852684,0,,,,
2013-10-13 11:10:00,0.0603639647581503,0,,,,
2013-10-13 11:15:00,0.06139318252893284,0,,,,
2013-10-13 11:20:00,0.07294253927111939,0,,,,
2013-10-13 11:25:00,0.06157170827492142,0,,,,
2013-10-13 11:30:00,0.06956550820278527,0,,,,
2013-10-13 11:35:00,0.07083752678429582,0,,,,
2013-10-13 11:40:00,0.06859058683987067,0,,,,
2013-10-13 11:45:00,0.07146372537577053,0,,,,
2013-10-13 11:50:00,0.07793158119096291,0,,,,
2013-10-13 11:55:00,0.07700178772742446,0,,,,
2013-10-13 12:00:00,0.07231146002965011,0,,,,
2013-10-13 12:05:00,0.06885090463934433,0,,,,
2013-10-13 12:10:00,0.07619895702946647,0,,,,
2013-10-13 12:15:00,0.07560296775135215,0,,,,
2013-10-13 12:20:00,0.0800092396434715,0,,,,
2013-10-13 12:25:00,0.07323428489980903,0,,,,
2013-10-13 12:30:00,0.06220055137513136,0,,,,
2013-10-13 12:35:00,0.0695083696890163,0,,,,
2013-10-13 12:40:00,0.06606842038981442,0,,,,
2013-10-13 12:45:00,0.07775881869564268,0,,,,
2013-10-13 12:50:00,0.07534356877869934,0,,,,
2013-10-13 12:55:00,0.07524058442918526,0,,,,
2013-10-13 13:00:00,0.07273531912337466,0,,,,
2013-10-13 13:05:00,0.07660275013100691,0,,,,
2013-10-13 13:10:00,0.06955729474726137,0,,,,
2013-10-13 13:15:00,0.07076461343012608,0,,,,
2013-10-13 13:20:00,0.06750439521962398,0,,,,
2013-10-13 13:25:00,0.07120389498263911,0,,,,
2013-10-13 13:30:00,0.07559652937703411,0,,,,
2013-10-13 13:35:00,0.07156280059468842,0,,,,
2013-10-13 13:40:00,0.08128954413280004,0,,,,
2013-10-13 13:45:00,0.07184134673270452,0,,,,
2013-10-13 13:50:00,0.07227709788252243,0,,,,
2013-10-13 13:55:00,0.07448577642908198,0,,,,
2013-10-13 14:00:00,0.0691637338856218,0,,,,
2013-10-13 14:05:00,0.07156167429084354,0,,,,
2013-10-13 14:10:00,0.06619728996804458,0,,,,
2013-10-13 14:15:00,0.0666514736401429,0,,,,
2013-10-13 14:20:00,0.0706647478225451,0,,,,
2013-10-13 14:25:00,0.06679703359230857,0,,,,
2013-10-13 14:30:00,0.06912979657240052,0,,,,
2013-10-13 14:35:00,0.06271751166679533,0,,,,
2013-10-13 14:40:00,0.06055442866623757,0,,,,
2013-10-13 14:45:00,0.057162749061347586,0,,,,
2013-10-13 14:50:00,0.07366504342790509,0,,,,
2013-10-13 14:55:00,0.06506647102790836,0,,,,
2013-10-13 15:00:00,0.07375137033634463,0,,,,
2013-10-13 15:05:00,0.09164951742820177,0,,,,
2013-10-13 15:10:00,0.09482761096332308,0,,,,
2013-10-13 15:15:00,0.07114732620736479,0,,,,
2013-10-13 15:20:00,0.07500932987951052,0,,,,
2013-10-13 15:25:00,0.06501980516392529,0,,,,
2013-10-13 15:30:00,0.07108953891623487,0,,,,
2013-10-13 15:35:00,0.07320443784791922,0,,,,
2013-10-13 15:40:00,0.0731741593755508,0,,,,
2013-10-13 15:45:00,0.06981438841964685,0,,,,
2013-10-13 15:50:00,0.061328492510145285,0,,,,
2013-10-13 15:55:00,0.0678569711357964,0,,,,
2013-10-13 16:00:00,0.06458617159706724,0,,,,
2013-10-13 16:05:00,0.07625729759266056,0,,,,
2013-10-13 16:10:00,0.07718038592570715,0,,,,
2013-10-13 16:15:00,0.07139085154103395,0,,,,
2013-10-13 16:20:00,0.06935493219650854,0,,,,
2013-10-13 16:25:00,0.06901065536129851,0,,,,
2013-10-13 16:30:00,0.07827067768714363,0,,,,
2013-10-13 16:35:00,0.07227144989686746,0,,,,
2013-10-13 16:40:00,0.0755006552322017,0,,,,
2013-10-13 16:45:00,0.06876348765320696,0,,,,
2013-10-13 16:50:00,0.0631623720459553,0,,,,
2013-10-13 16:55:00,0.07188937601713141,0,,,,
2013-10-13 17:00:00,0.06535834838804185,0,,,,
2013-10-13 17:05:00,0.06680188130944216,0,,,,
2013-10-13 17:10:00,0.06878148546172266,0,,,,
2013-10-13 17:15:00,0.06602348679431795,0,,,,
2013-10-13 17:20:00,0.07291396672094881,0,,,,
2013-10-13 17:25:00,0.06679975713991011,0,,,,
2013-10-13 17:30:00,0.06698212944405905,0,,,,
2013-10-13 17:35:00,0.07436508737351476,0,,,,
2013-10-13 17:40:00,0.07288611540043329,0,,,,
2013-10-13 17:45:00,0.07141508354012974,0,,,,
2013-10-13 17:50:00,0.06465971726216742,0,,,,
2013-10-13 17:55:00,0.07252629754813532,0,,,,
2013-10-13 18:00:00,0.06265482396595427,0,,,,
2013-10-13 18:05:00,0.07448444264821302,0,,,,
2013-10-13 18:10:00,0.07508152859059739,0,,,,
2013-10-13 18:15:00,0.08026125177541052,0,,,,
2013-10-13 18:20:00,0.07205498220176462,0,,,,
2013-10-13 18:25:00,0.082599372931981,0,,,,
2013-10-13 18:30:00,0.0812789463381425,0,,,,
2013-10-13 18:35:00,0.0828026147901215,0,,,,
2013-10-13 18:40:00,0.08643925889470469,0,,,,
2013-10-13 18:45:00,0.08819953348626476,0,,,,
2013-10-13 18:50:00,0.09437011753869808,0,,,,
2013-10-13 18:55:00,0.09261344580212726,0,,,,
2013-10-13 19:00:00,0.10425731985527456,0,,,,
2013-10-13 19:05:00,0.11434638743640335,0,,,,
2013-10-13 19:10:00,0.10509197028349396,0,,,,
2013-10-13 19:15:00,0.09521978535151614,0,,,,
2013-10-13 19:20:00,0.09681019883280673,0,,,,
2013-10-13 19:25:00,0.09470209065705272,0,,,,
2013-10-13 19:30:00,0.11933555120783244,0,,,,
2013-10-13 19:35:00,0.09864542861591616,0,,,,
2013-10-13 19:40:00,0.10399420605590523,0,,,,
2013-10-13 19:45:00,0.09642559900263488,0,,,,
2013-10-13 19:50:00,0.1043854484441331,0,,,,
2013-10-13 19:55:00,0.10038373369592853,0,,,,
2013-10-13 20:00:00,0.10341723221171034,0,,,,
2013-10-13 20:05:00,0.10410786723894318,0,,,,
2013-10-13 20:10:00,0.09791887701051824,0,,,,
2013-10-13 20:15:00,0.10037794739225753,0,,,,
2013-10-13 20:20:00,0.09945370311579113,0,,,,
2013-10-13 20:25:00,0.09682856548936518,0,,,,
2013-10-13 20:30:00,0.10208473572432927,0,,,,
2013-10-13 20:35:00,0.10373322959921236,0,,,,
2013-10-13 20:40:00,0.10433873647414467,0,,,,
2013-10-13 20:45:00,0.10522983053276674,0,,,,
2013-10-13 20:50:00,0.10640305053139147,0,,,,
2013-10-13 20:55:00,0.10454614104591077,0,,,,
2013-10-13 21:00:00,0.1081675965150183,0,,,,
2013-10-13 21:05:00,0.09717324410547896,0,,,,
2013-10-13 21:10:00,0.10916721752365437,0,,,,
2013-10-13 21:15:00,0.10795245930749836,0,,,,
2013-10-13 21:20:00,0.10401185806938083,0,,,,
2013-10-13 21:25:00,0.1094945141757524,0,,,,
2013-10-13 21:30:00,0.10470153475035968,0,,,,
2013-10-13 21:35:00,0.10356674081390536,0,,,,
2013-10-13 21:40:00,0.10741807094581332,0,,,,
2013-10-13 21:45:00,0.10835361119358963,0,,,,
2013-10-13 21:50:00,0.1046741840093308,0,,,,
2013-10-13 21:55:00,0.10852223732157304,0,,,,
2013-10-13 22:00:00,0.10958582711934158,0,,,,
2013-10-13 22:05:00,0.10160334292250424,0,,,,
2013-10-13 22:10:00,0.11505410144533106,0,,,,
2013-10-13 22:15:00,0.10981585985987463,0,,,,
2013-10-13 22:20:00,0.1054417831326317,0,,,,
2013-10-13 22:25:00,0.10591128058507733,0,,,,
2013-10-13 22:30:00,0.11351263936857432,0,,,,
2013-10-13 22:35:00,0.10797233758237497,0,,,,
2013-10-13 22:40:00,0.11425318743988107,0,,,,
2013-10-13 22:45:00,0.10054095846744693,0,,,,
2013-10-13 22:50:00,0.09628608552374182,0,,,,
2013-10-13 22:55:00,0.10244498170381976,0,,,,
2013-10-13 23:00:00,0.09502340011502787,0,,,,
2013-10-13 23:05:00,0.0963128368867012,0,,,,
2013-10-13 23:10:00,0.11742613356883402,0,,,,
2013-10-13 23:15:00,0.1207797592528825,0,,,,
2013-10-13 23:20:00,0.10796661055785367,0,,,,
2013-10-13 23:25:00,0.1205635912468144,0,,,,
2013-10-13 23:30:00,0.11173917845948507,0,,,,
2013-10-13 23:35:00,0.10553078748266743,0,,,,
2013-10-13 23:40:00,0.11813806627725094,0,,,,
2013-10-13 23:45:00,0.1112782106180286,0,,,,
2013-10-13 23:50:00,0.11854010735058823,0,,,,
2013-10-13 23:55:00,0.11523770543847996,0,,,,
