timestamp,value,is_anomaly,anomaly_score,convergence_loss,prediction
2011-07-01 00:00:01,0.2759466762911964,0,0.0,0,0.0
2011-07-01 01:00:01,0.3610885168249064,0,0.0,0,0.0
2011-07-01 02:00:01,0.1925905906992891,0,0.0,0,0.0
2011-07-01 03:00:01,0.21936783241354108,0,0.0,0,0.0
2011-07-01 04:00:01,0.3786999007948794,0,0.0,0,0.0
2011-07-01 05:00:01,0.4833504113256255,0,0.0,0,0.0
2011-07-01 06:00:01,0.6317846337908131,0,0.0,0,0.0
2011-07-01 07:00:01,0.6081376560675491,0,0.0,0,0.0
2011-07-01 08:00:01,0.9582479258956432,0,0.0,0,0.0
2011-07-01 09:00:01,1.0,0,0.0,0,0.0
2011-07-01 10:00:01,0.7369169146899822,0,,[nan],
2011-07-01 11:00:01,0.6661109398935501,0,,[nan],
2011-07-01 12:00:01,0.5946459449832384,0,,[nan],
2011-07-01 13:00:01,0.5856453844448551,0,,[nan],
2011-07-01 14:00:01,0.549481465069633,0,,[nan],
2011-07-01 15:00:01,0.5412105437421959,0,,[nan],
2011-07-01 16:00:01,0.4298504782473117,0,,[nan],
2011-07-01 17:00:01,0.3850731191012368,0,,[nan],
2011-07-01 18:00:01,0.3597996417368511,0,,[nan],
2011-07-01 19:00:01,0.3243060531074253,0,,[nan],
2011-07-01 20:00:01,0.2685898284731647,0,,[nan],
2011-07-01 21:00:01,0.28903099634974483,0,,[nan],
2011-07-01 22:00:01,0.2994734098655421,0,,[nan],
2011-07-01 23:00:01,0.3603848154306535,0,,[nan],
2011-07-02 00:00:01,0.4561245386044702,0,,[nan],
2011-07-02 01:00:01,0.32106290298409795,0,,[nan],
2011-07-02 02:00:01,0.2877590961775557,0,,[nan],
2011-07-02 03:00:01,0.21341878253226002,0,,[nan],
2011-07-02 04:00:01,0.2224953711247619,0,,[nan],
2011-07-02 05:00:01,0.23517262177318066,0,,[nan],
2011-07-02 06:00:01,0.4338071246708223,0,,[nan],
2011-07-02 07:00:01,0.5737783070514875,0,,[nan],
2011-07-02 08:00:01,0.8124243790979931,0,,[nan],
2011-07-02 09:00:01,0.6232471720142316,0,,[nan],
2011-07-02 10:00:01,0.6427281987260622,0,,[nan],
2011-07-02 11:00:01,0.581409617165203,0,,[nan],
2011-07-02 12:00:01,0.5875958266115358,0,,[nan],
2011-07-02 13:00:01,0.5833321966868579,0,,[nan],
2011-07-02 14:00:01,0.6283624562565417,0,,[nan],
2011-07-02 15:00:01,0.5817488937958524,0,,[nan],
2011-07-02 16:00:01,0.3771661839253944,0,,[nan],
2011-07-02 17:00:01,0.3285530580090231,0,,[nan],
2011-07-02 18:00:01,0.2483676823036113,0,,[nan],
2011-07-02 19:00:01,0.2378413977908508,0,,[nan],
2011-07-02 20:00:01,0.2210025874449523,0,,[nan],
2011-07-02 21:00:01,0.15192542949951154,0,,[nan],
2011-07-02 22:00:01,0.1805542790142184,0,,[nan],
2011-07-02 23:00:01,0.19374610415775748,0,,[nan],
2011-07-03 00:00:01,0.14954818103560347,0,,[nan],
2011-07-03 01:00:01,0.1597842296695197,0,,[nan],
2011-07-03 02:00:01,0.16538177711521082,0,,[nan],
2011-07-03 03:00:01,0.12235095568363512,0,,[nan],
2011-07-03 04:00:01,0.16152581137754785,0,,[nan],
2011-07-03 05:00:01,0.21174386093114814,0,,[nan],
2011-07-03 06:00:01,0.3259998358514307,0,,[nan],
2011-07-03 07:00:01,0.4894907526316151,0,,[nan],
2011-07-03 08:00:01,0.9574343365207164,0,,[nan],
2011-07-03 09:00:01,0.7273277848735868,0,,[nan],
2011-07-03 10:00:01,0.5811784936737197,0,,[nan],
2011-07-03 11:00:01,0.6032310267369984,0,,[nan],
2011-07-03 12:00:01,0.4820670838525438,0,,[nan],
2011-07-03 13:00:01,0.4853595624587842,0,,[nan],
2011-07-03 14:00:01,0.4736592775557486,0,,[nan],
2011-07-03 15:00:01,0.43825989429181533,0,,[nan],
2011-07-03 16:00:01,0.3136256193738666,0,,[nan],
2011-07-03 17:00:01,0.2650354762123286,0,,[nan],
2011-07-03 18:00:01,0.2281928558873192,0,,[nan],
2011-07-03 19:00:01,0.2015581530872036,0,,[nan],
2011-07-03 20:00:01,0.17886327359075513,0,,[nan],
2011-07-03 21:00:01,0.12196296302762548,0,,[nan],
2011-07-03 22:00:01,0.11701684147427098,0,,[nan],
2011-07-03 23:00:01,0.1313624807943478,0,,[nan],
2011-07-04 00:00:01,0.09322814976129637,0,,[nan],
2011-07-04 01:00:01,0.10692180913255322,0,,[nan],
2011-07-04 02:00:01,0.0782342472076481,0,,[nan],
2011-07-04 03:00:01,0.046816054757306866,0,,[nan],
2011-07-04 04:00:01,0.07761973429531323,0,,[nan],
2011-07-04 05:00:01,0.1740387783761604,0,,[nan],
2011-07-04 06:00:01,0.3531924515328546,0,,[nan],
2011-07-04 07:00:01,0.4769038582742373,0,,[nan],
2011-07-04 08:00:01,0.7798115394136483,0,,[nan],
2011-07-04 09:00:01,0.7473234974510199,0,,[nan],
2011-07-04 10:00:01,0.6012750443158644,0,,[nan],
2011-07-04 11:00:01,0.4754126657873979,0,,[nan],
2011-07-04 12:00:01,0.5031599178468513,0,,[nan],
2011-07-04 13:00:01,0.4232561858197414,0,,[nan],
2011-07-04 14:00:01,0.4853737295502264,0,,[nan],
2011-07-04 15:00:01,0.4207883552205253,0,,[nan],
2011-07-04 16:00:01,0.2981852276911365,0,,[nan],
2011-07-04 17:00:01,0.2950970098216961,0,,[nan],
2011-07-04 18:00:01,0.22222414591505205,0,,[nan],
2011-07-04 19:00:01,0.19844811734496573,0,,[nan],
2011-07-04 20:00:01,0.18283943582644127,0,,[nan],
2011-07-04 21:00:01,0.167354227964522,0,,[nan],
2011-07-04 22:00:01,0.16845898721388325,0,,[nan],
2011-07-04 23:00:01,0.16415876268636734,0,,[nan],
2011-07-05 00:00:01,0.14347220165416108,0,,[nan],
2011-07-05 01:00:01,0.07923271564908702,0,,[nan],
2011-07-05 02:00:01,0.09317441189378498,0,,[nan],
2011-07-05 03:00:01,0.05219923703144742,0,,[nan],
2011-07-05 04:00:01,0.08999849905419069,0,,[nan],
2011-07-05 05:00:01,0.19100164726643032,0,,[nan],
2011-07-05 06:00:01,0.34029512048500593,0,,[nan],
2011-07-05 07:00:01,0.4549510600837342,0,,[nan],
2011-07-05 08:00:01,0.7508716749553345,0,,[nan],
2011-07-05 09:00:01,0.5993061535007926,0,,[nan],
2011-07-05 10:00:01,0.5343111042739981,0,,[nan],
2011-07-05 11:00:01,0.5644357190213384,0,,[nan],
2011-07-05 12:00:01,0.4325311055139128,0,,[nan],
2011-07-05 13:00:01,0.4716631981266604,0,,[nan],
2011-07-05 14:00:01,0.4628981560456894,0,,[nan],
2011-07-05 15:00:01,0.3948479444331837,0,,[nan],
2011-07-05 16:00:01,0.3204543150852298,0,,[nan],
2011-07-05 17:00:01,0.2785052444266606,0,,[nan],
2011-07-05 18:00:01,0.238567376324722,0,,[nan],
2011-07-05 19:00:01,0.24470481474629396,0,,[nan],
2011-07-05 20:00:01,0.21847097849184147,0,,[nan],
2011-07-05 21:00:01,0.19563882662378235,0,,[nan],
2011-07-05 22:00:01,0.1204190295839656,0,,[nan],
2011-07-05 23:00:01,0.14130522094751724,0,,[nan],
2011-07-06 00:00:01,0.1623076194266964,0,,[nan],
2011-07-06 01:00:01,0.1192216706708622,0,,[nan],
2011-07-06 02:00:01,0.07064639938896812,0,,[nan],
2011-07-06 03:00:01,0.04327442181069573,0,,[nan],
2011-07-06 04:00:01,0.15809656452248774,0,,[nan],
2011-07-06 05:00:01,0.3560894160632596,0,,[nan],
2011-07-06 06:00:01,0.4114161320331777,0,,[nan],
2011-07-06 07:00:01,0.4600499116581906,0,,[nan],
2011-07-06 08:00:01,0.7241793796559459,0,,[nan],
2011-07-06 09:00:01,0.7559970035467619,0,,[nan],
2011-07-06 10:00:01,0.5598630020726746,0,,[nan],
2011-07-06 11:00:01,0.5705162449549752,0,,[nan],
2011-07-06 12:00:01,0.6336499633940194,0,,[nan],
2011-07-06 13:00:01,0.42330713163265465,0,,[nan],
2011-07-06 14:00:01,0.4370951302905212,0,,[nan],
2011-07-06 15:00:01,0.4528611114751415,0,,[nan],
2011-07-06 16:00:01,0.30203158854123235,0,,[nan],
2011-07-06 17:00:01,0.3190042318993862,0,,[nan],
2011-07-06 18:00:01,0.28024525189098937,0,,[nan],
2011-07-06 19:00:01,0.3087505119506831,0,,[nan],
2011-07-06 20:00:01,0.2908092767721972,0,,[nan],
2011-07-06 21:00:01,0.33011481910956325,0,,[nan],
2011-07-06 22:00:01,0.26939488952633084,0,,[nan],
2011-07-06 23:00:01,0.2349298764283853,0,,[nan],
2011-07-07 00:00:01,0.16087459447332145,0,,[nan],
2011-07-07 01:00:01,0.1253531378347963,0,,[nan],
2011-07-07 02:00:01,0.0654414895786011,0,,[nan],
2011-07-07 03:00:01,0.048627096371840935,0,,[nan],
2011-07-07 04:00:01,0.07730602526516589,0,,[nan],
2011-07-07 05:00:01,0.16554325743309867,0,,[nan],
2011-07-07 06:00:01,0.2078395349856712,0,,[nan],
2011-07-07 07:00:01,0.2588082333690187,0,,[nan],
2011-07-07 08:00:01,0.5509600211908993,0,,[nan],
2011-07-07 09:00:01,0.5383068632189973,0,,[nan],
2011-07-07 10:00:01,0.5179100341025403,0,,[nan],
2011-07-07 11:00:01,0.3363247862108517,0,,[nan],
2011-07-07 12:00:01,0.3410237515434847,0,,[nan],
2011-07-07 13:00:01,0.2649731873162298,0,,[nan],
2011-07-07 14:00:01,0.29907180738250483,0,,[nan],
2011-07-07 15:00:01,0.2803733214192288,0,,[nan],
2011-07-07 16:00:01,0.18773532785317487,0,,[nan],
2011-07-07 17:00:01,0.18194118531625486,0,,[nan],
2011-07-07 18:00:01,0.1601372614412758,0,,[nan],
2011-07-07 19:00:01,0.14246861078430473,0,,[nan],
2011-07-07 20:00:01,0.18409917893092576,0,,[nan],
2011-07-07 21:00:01,0.21435579118314976,0,,[nan],
2011-07-07 22:00:01,0.2020789871958352,0,,[nan],
2011-07-07 23:00:01,0.189851688187225,0,,[nan],
2011-07-08 00:00:01,0.13058829486793394,0,,[nan],
2011-07-08 01:00:01,0.08088395386275625,0,,[nan],
2011-07-08 02:00:01,0.0512713219865611,0,,[nan],
2011-07-08 03:00:01,0.011079717103076156,0,,[nan],
2011-07-08 04:00:01,0.061031021531706774,0,,[nan],
2011-07-08 05:00:01,0.1398316253943122,0,,[nan],
2011-07-08 06:00:01,0.2543602105906713,0,,[nan],
2011-07-08 07:00:01,0.394514314267146,0,,[nan],
2011-07-08 08:00:01,0.3999180454244666,0,,[nan],
2011-07-08 09:00:01,0.517987558451834,0,,[nan],
2011-07-08 10:00:01,0.43631953192769934,0,,[nan],
2011-07-08 11:00:01,0.3577162609960283,0,,[nan],
2011-07-08 12:00:01,0.3142502180440641,0,,[nan],
2011-07-08 13:00:01,0.2764310063494602,0,,[nan],
2011-07-08 14:00:01,0.2537233155160151,0,,[nan],
2011-07-08 15:00:01,0.26961786987357955,0,,[nan],
2011-07-08 16:00:01,0.1811136363691958,0,,[nan],
2011-07-08 17:00:01,0.2215351399952627,0,,[nan],
2011-07-08 18:00:01,0.21221140248548945,0,,[nan],
2011-07-08 19:00:01,0.15511931260124565,0,,[nan],
2011-07-08 20:00:01,0.12049079501583948,0,,[nan],
2011-07-08 21:00:01,0.14926726901793494,0,,[nan],
2011-07-08 22:00:01,0.12537831469595626,0,,[nan],
2011-07-08 23:00:01,0.1153991032500627,0,,[nan],
2011-07-09 00:00:01,0.1205008891489657,0,,[nan],
2011-07-09 01:00:01,0.13767933973961408,0,,[nan],
2011-07-09 02:00:01,0.0988429419725481,0,,[nan],
2011-07-09 03:00:01,0.07006292197792095,0,,[nan],
2011-07-09 04:00:01,0.15048891465235256,0,,[nan],
2011-07-09 05:00:01,0.19377178612040766,0,,[nan],
2011-07-09 06:00:01,0.28120577949631304,0,,[nan],
2011-07-09 07:00:01,0.3822478920409391,0,,[nan],
2011-07-09 08:00:01,0.5533899939712354,0,,[nan],
2011-07-09 09:00:01,0.4903516838178346,0,,[nan],
2011-07-09 10:00:01,0.4109693168915751,0,,[nan],
2011-07-09 11:00:01,0.4207475642271082,0,,[nan],
2011-07-09 12:00:01,0.37964598424322304,0,,[nan],
2011-07-09 13:00:01,0.28949403105805066,0,,[nan],
2011-07-09 14:00:01,0.2366898096838096,0,,[nan],
2011-07-09 15:00:01,0.21022254315446412,0,,[nan],
2011-07-09 16:00:01,0.17065473283376162,0,,[nan],
2011-07-09 17:00:01,0.12184469343097533,0,,[nan],
2011-07-09 18:00:01,0.2324212661330967,0,,[nan],
2011-07-09 19:00:01,0.23958916621906104,0,,[nan],
2011-07-09 20:00:01,0.2128462658563397,0,,[nan],
2011-07-09 21:00:01,0.21490258822875904,0,,[nan],
2011-07-09 22:00:01,0.1303036295642004,0,,[nan],
2011-07-09 23:00:01,0.16876485140386066,0,,[nan],
2011-07-10 00:00:01,0.2055540252129033,0,,[nan],
2011-07-10 01:00:01,0.14286913717061034,0,,[nan],
2011-07-10 02:00:01,0.07119474957591615,0,,[nan],
2011-07-10 03:00:01,0.06110972099857985,0,,[nan],
2011-07-10 04:00:01,0.09196494909615152,0,,[nan],
2011-07-10 05:00:01,0.15027071866072075,0,,[nan],
2011-07-10 06:00:01,0.22254815988566515,0,,[nan],
2011-07-10 07:00:01,0.3110712563381548,0,,[nan],
2011-07-10 08:00:01,0.6128526278962722,0,,[nan],
2011-07-10 09:00:01,0.4787715558993996,0,,[nan],
2011-07-10 10:00:01,0.451304488074233,0,,[nan],
2011-07-10 11:00:01,0.4239060325318291,0,,[nan],
2011-07-10 12:00:01,0.3683548869000608,0,,[nan],
2011-07-10 13:00:01,0.2697845118674818,0,,[nan],
2011-07-10 14:00:01,0.30890532425257183,0,,[nan],
2011-07-10 15:00:01,0.2888992885018291,0,,[nan],
2011-07-10 16:00:01,0.26767210997941543,0,,[nan],
2011-07-10 17:00:01,0.24210806217318626,0,,[nan],
2011-07-10 18:00:01,0.16804783820379826,0,,[nan],
2011-07-10 19:00:01,0.17189155085108293,0,,[nan],
2011-07-10 20:00:01,0.15678685048328075,0,,[nan],
2011-07-10 21:00:01,0.14465582707318567,0,,[nan],
2011-07-10 22:00:01,0.14460818239573747,0,,[nan],
2011-07-10 23:00:01,0.14339645892520178,0,,[nan],
2011-07-11 00:00:01,0.08386584166766639,0,,[nan],
2011-07-11 01:00:01,0.0709421245783353,0,,[nan],
2011-07-11 02:00:01,0.061214179718821066,0,,[nan],
2011-07-11 03:00:01,0.10795966028659393,0,,[nan],
2011-07-11 04:00:01,0.14010965011216173,1,,[nan],
2011-07-11 05:00:01,0.26553363150359505,1,,[nan],
2011-07-11 06:00:01,0.3184478101364087,1,,[nan],
2011-07-11 07:00:01,0.4158519715316982,1,,[nan],
2011-07-11 08:00:01,0.6141937626758686,1,,[nan],
2011-07-11 09:00:01,0.5112453000604035,1,,[nan],
2011-07-11 10:00:01,0.4712680208660845,1,,[nan],
2011-07-11 11:00:01,0.3984030300332099,1,,[nan],
2011-07-11 12:00:01,0.3565657108119376,1,,[nan],
2011-07-11 13:00:01,0.3141477544217691,1,,[nan],
2011-07-11 14:00:01,0.2816662855603238,1,,[nan],
2011-07-11 15:00:01,0.2468523109791667,1,,[nan],
2011-07-11 16:00:01,0.2138428102278756,1,,[nan],
2011-07-11 17:00:01,0.26645646069438506,1,,[nan],
2011-07-11 18:00:01,0.22259104844209726,1,,[nan],
2011-07-11 19:00:01,0.21055094400810076,1,,[nan],
2011-07-11 20:00:01,0.1945613135674995,1,,[nan],
2011-07-11 21:00:01,0.11033643327682008,1,,[nan],
2011-07-11 22:00:01,0.08906133328125149,1,,[nan],
2011-07-11 23:00:01,0.08441718798730549,1,,[nan],
2011-07-12 00:00:01,0.06864314658557596,1,,[nan],
2011-07-12 01:00:01,0.06385522872367942,1,,[nan],
2011-07-12 02:00:01,0.0540997693037089,1,,[nan],
2011-07-12 03:00:01,0.0027160261295874127,1,,[nan],
2011-07-12 04:00:01,0.06573971417693608,1,,[nan],
2011-07-12 05:00:01,0.12222372618483245,1,,[nan],
2011-07-12 06:00:01,0.2504109016375606,1,,[nan],
2011-07-12 07:00:01,0.288408385187192,1,,[nan],
2011-07-12 08:00:01,0.54102944145554,1,,[nan],
2011-07-12 09:00:01,0.5202814857615984,1,,[nan],
2011-07-12 10:00:01,0.4795543333550334,1,,[nan],
2011-07-12 11:00:01,0.447929851310074,1,,[nan],
2011-07-12 12:00:01,0.4316885337517419,1,,[nan],
2011-07-12 13:00:01,0.3449982335110412,1,,[nan],
2011-07-12 14:00:01,0.3403955276701848,1,,[nan],
2011-07-12 15:00:01,0.3081078886051637,1,,[nan],
2011-07-12 16:00:01,0.2687877716033841,1,,[nan],
2011-07-12 17:00:01,0.2851615286512417,1,,[nan],
2011-07-12 18:00:01,0.21578507126377,1,,[nan],
2011-07-12 19:00:01,0.2259239159750313,1,,[nan],
2011-07-12 20:00:01,0.22449312329575646,1,,[nan],
2011-07-12 21:00:01,0.2419223699957256,1,,[nan],
2011-07-12 22:00:01,0.21696556742496165,1,,[nan],
2011-07-12 23:00:01,0.17843022374720618,1,,[nan],
2011-07-13 00:00:01,0.16149372303002146,1,,[nan],
2011-07-13 01:00:01,0.14821163225904765,1,,[nan],
2011-07-13 02:00:01,0.11385126951268312,1,,[nan],
2011-07-13 03:00:01,0.07988965236531058,1,,[nan],
2011-07-13 04:00:01,0.17459879923424546,1,,[nan],
2011-07-13 05:00:01,0.2598006911700572,1,,[nan],
2011-07-13 06:00:01,0.38864205666652535,1,,[nan],
2011-07-13 07:00:01,0.5534573012046906,1,,[nan],
2011-07-13 08:00:01,0.7316969900332689,1,,[nan],
2011-07-13 09:00:01,0.669939160704448,1,,[nan],
2011-07-13 10:00:01,0.5687205923292903,1,,[nan],
2011-07-13 11:00:01,0.5935783646833185,1,,[nan],
2011-07-13 12:00:01,0.3926693660658755,1,,[nan],
2011-07-13 13:00:01,0.4148439387258522,1,,[nan],
2011-07-13 14:00:01,0.4625228146134613,1,,[nan],
2011-07-13 15:00:01,0.4148258005529416,1,,[nan],
2011-07-13 16:00:01,0.4288103295742146,1,,[nan],
2011-07-13 17:00:01,0.2692318718093961,1,,[nan],
2011-07-13 18:00:01,0.24195982591758985,1,,[nan],
2011-07-13 19:00:01,0.1876955858042148,1,,[nan],
2011-07-13 20:00:01,0.18238240944169676,1,,[nan],
2011-07-13 21:00:01,0.12972964786743102,1,,[nan],
2011-07-13 22:00:01,0.15974337544261122,1,,[nan],
2011-07-13 23:00:01,0.20356086847500546,1,,[nan],
2011-07-14 00:00:01,0.18133090393306087,1,,[nan],
2011-07-14 01:00:01,0.13730943749999058,1,,[nan],
2011-07-14 02:00:01,0.09311788116819064,1,,[nan],
2011-07-14 03:00:01,0.07980458879787984,1,,[nan],
2011-07-14 04:00:01,0.2435272891629767,1,,[nan],
2011-07-14 05:00:01,0.4745144871102411,1,,[nan],
2011-07-14 06:00:01,0.3869964147805261,1,,[nan],
2011-07-14 07:00:01,0.4506020451667265,1,,[nan],
2011-07-14 08:00:01,0.6858326215123929,1,,[nan],
2011-07-14 09:00:01,0.5372907274131127,1,,[nan],
2011-07-14 10:00:01,0.4645468949920643,1,,[nan],
2011-07-14 11:00:01,0.3925569817464962,1,,[nan],
2011-07-14 12:00:01,0.5634775024040772,1,,[nan],
2011-07-14 13:00:01,0.7311795209969556,1,,[nan],
2011-07-14 14:00:01,0.5835714142674597,1,,[nan],
2011-07-14 15:00:01,0.4318789939963585,1,,[nan],
2011-07-14 16:00:01,0.3784089778555583,1,,[nan],
2011-07-14 17:00:01,0.33915316729533274,1,,[nan],
2011-07-14 18:00:01,0.3046041725573336,1,,[nan],
2011-07-14 19:00:01,0.2510513619938869,1,,[nan],
2011-07-14 20:00:01,0.19634623985480512,1,,[nan],
2011-07-14 21:00:01,0.209299197784108,1,,[nan],
2011-07-14 22:00:01,0.1814409433703416,1,,[nan],
2011-07-14 23:00:01,0.20038854852691645,1,,[nan],
2011-07-15 00:00:01,0.198868541240708,1,,[nan],
2011-07-15 01:00:01,0.1875005538105257,1,,[nan],
2011-07-15 02:00:01,0.13895163013401154,1,,[nan],
2011-07-15 03:00:01,0.10992996574377686,1,,[nan],
2011-07-15 04:00:01,0.1947310980184099,1,,[nan],
2011-07-15 05:00:01,0.28180499196681097,1,,[nan],
2011-07-15 06:00:01,0.3525263691578379,1,,[nan],
2011-07-15 07:00:01,0.5078754760491617,1,,[nan],
2011-07-15 08:00:01,0.5785991554695176,1,,[nan],
2011-07-15 09:00:01,0.5846541788403545,1,,[nan],
2011-07-15 10:00:01,0.4056507187728205,1,,[nan],
2011-07-15 11:00:01,0.5087038346984921,1,,[nan],
2011-07-15 12:00:01,0.636289360959577,1,,[nan],
2011-07-15 13:00:01,0.4714220730885134,1,,[nan],
2011-07-15 14:00:01,0.4774016231085077,1,,[nan],
2011-07-15 15:00:01,0.462572274064873,1,,[nan],
2011-07-15 16:00:01,0.4949877161330131,1,,[nan],
2011-07-15 17:00:01,0.3939049164342223,1,,[nan],
2011-07-15 18:00:01,0.4059099252343328,1,,[nan],
2011-07-15 19:00:01,0.3726672303169947,1,,[nan],
2011-07-15 20:00:01,0.2572238327998342,1,,[nan],
2011-07-15 21:00:01,0.2633187911340434,1,,[nan],
2011-07-15 22:00:01,0.19938837145358868,1,,[nan],
2011-07-15 23:00:01,0.20587951481286604,1,,[nan],
2011-07-16 00:00:01,0.1801640960350185,1,,[nan],
2011-07-16 01:00:01,0.15411368223603508,1,,[nan],
2011-07-16 02:00:01,0.12386523965655573,1,,[nan],
2011-07-16 03:00:01,0.09556988798823192,1,,[nan],
2011-07-16 04:00:01,0.1629699953900913,1,,[nan],
2011-07-16 05:00:01,0.2114676422180156,1,,[nan],
2011-07-16 06:00:01,0.2887055443818995,1,,[nan],
2011-07-16 07:00:01,0.5110660711845691,1,,[nan],
2011-07-16 08:00:01,0.5333273015916069,1,,[nan],
2011-07-16 09:00:01,0.5347735183417232,1,,[nan],
2011-07-16 10:00:01,0.4175160008310464,1,,[nan],
2011-07-16 11:00:01,0.48872417813733504,1,,[nan],
2011-07-16 12:00:01,0.5143522908956786,1,,[nan],
2011-07-16 13:00:01,0.4502930424360401,1,,[nan],
2011-07-16 14:00:01,0.5256973550639347,1,,[nan],
2011-07-16 15:00:01,0.4841180836452652,1,,[nan],
2011-07-16 16:00:01,0.3976771352459682,1,,[nan],
2011-07-16 17:00:01,0.3038612890528123,1,,[nan],
2011-07-16 18:00:01,0.29062049759118513,1,,[nan],
2011-07-16 19:00:01,0.291259688979921,1,,[nan],
2011-07-16 20:00:01,0.3102563604571349,1,,[nan],
2011-07-16 21:00:01,0.2693379702916276,1,,[nan],
2011-07-16 22:00:01,0.3245917029712145,1,,[nan],
2011-07-16 23:00:01,0.34170930608669203,1,,[nan],
2011-07-17 00:00:01,0.2776904397383954,1,,[nan],
2011-07-17 01:00:01,0.2858772318669487,1,,[nan],
2011-07-17 02:00:01,0.2230830088982368,1,,[nan],
2011-07-17 03:00:01,0.20025717564849804,1,,[nan],
2011-07-17 04:00:01,0.3153320133972024,1,,[nan],
2011-07-17 05:00:01,0.2983195337746297,1,,[nan],
2011-07-17 06:00:01,0.34780694339742496,1,,[nan],
2011-07-17 07:00:01,0.536198028270633,1,,[nan],
2011-07-17 08:00:01,0.5149064043588881,1,,[nan],
2011-07-17 09:00:01,0.43573057487948375,1,,[nan],
2011-07-17 10:00:01,0.3825738341404295,1,,[nan],
2011-07-17 11:00:01,0.4847350283817441,1,,[nan],
2011-07-17 12:00:01,0.4583633528444444,1,,[nan],
2011-07-17 13:00:01,0.4706379040875731,1,,[nan],
2011-07-17 14:00:01,0.5069257210964745,1,,[nan],
2011-07-17 15:00:01,0.4844528425094963,1,,[nan],
2011-07-17 16:00:01,0.38622899261244137,1,,[nan],
2011-07-17 17:00:01,0.3270981954696923,1,,[nan],
2011-07-17 18:00:01,0.2583709636265816,1,,[nan],
2011-07-17 19:00:01,0.2118486438596992,1,,[nan],
2011-07-17 20:00:01,0.2964906916775167,1,,[nan],
2011-07-17 21:00:01,0.27258755590349715,1,,[nan],
2011-07-17 22:00:01,0.2493876312584217,1,,[nan],
2011-07-17 23:00:01,0.210465529992704,0,,[nan],
2011-07-18 00:00:01,0.2816386589655721,0,,[nan],
2011-07-18 01:00:01,0.14706952049204153,0,,[nan],
2011-07-18 02:00:01,0.137132228853901,0,,[nan],
2011-07-18 03:00:01,0.13076097413137006,0,,[nan],
2011-07-18 04:00:01,0.15281038665449925,0,,[nan],
2011-07-18 05:00:01,0.2701849884492531,0,,[nan],
2011-07-18 06:00:01,0.2805142882803507,0,,[nan],
2011-07-18 07:00:01,0.3586364737148925,0,,[nan],
2011-07-18 08:00:01,0.5349740356260088,0,,[nan],
2011-07-18 09:00:01,0.4936322923025161,0,,[nan],
2011-07-18 10:00:01,0.4302981668693445,0,,[nan],
2011-07-18 11:00:01,0.5327420433061394,0,,[nan],
2011-07-18 12:00:01,0.4375331403867447,0,,[nan],
2011-07-18 13:00:01,0.4149531417265992,0,,[nan],
2011-07-18 14:00:01,0.4194344328500327,0,,[nan],
2011-07-18 15:00:01,0.5282279381999303,0,,[nan],
2011-07-18 16:00:01,0.4078246323535408,0,,[nan],
2011-07-18 17:00:01,0.43014663998165453,0,,[nan],
2011-07-18 18:00:01,0.2996876212831708,0,,[nan],
2011-07-18 19:00:01,0.19926734239077667,0,,[nan],
2011-07-18 20:00:01,0.17102606650256838,0,,[nan],
2011-07-18 21:00:01,0.1827912462957881,0,,[nan],
2011-07-18 22:00:01,0.15477865898313012,0,,[nan],
2011-07-18 23:00:01,0.16239695685814862,0,,[nan],
2011-07-19 00:00:01,0.15901248545286464,0,,[nan],
2011-07-19 01:00:01,0.16720925571488932,0,,[nan],
2011-07-19 02:00:01,0.15653426282595953,0,,[nan],
2011-07-19 03:00:01,0.1340731423402622,0,,[nan],
2011-07-19 04:00:01,0.2456930664683801,0,,[nan],
2011-07-19 05:00:01,0.34461405878431545,0,,[nan],
2011-07-19 06:00:01,0.5948611012822974,0,,[nan],
2011-07-19 07:00:01,0.2568001720544075,0,,[nan],
2011-07-19 08:00:01,0.5006767507230798,0,,[nan],
2011-07-19 09:00:01,0.5458351841218212,0,,[nan],
2011-07-19 10:00:01,0.4845220629275147,0,,[nan],
2011-07-19 11:00:01,0.4302116607731279,0,,[nan],
2011-07-19 12:00:01,0.4076108807509048,0,,[nan],
2011-07-19 13:00:01,0.3713297087653256,0,,[nan],
2011-07-19 14:00:01,0.4649762039001835,0,,[nan],
2011-07-19 15:00:01,0.3922542314880697,0,,[nan],
2011-07-19 16:00:01,0.3864534082185668,0,,[nan],
2011-07-19 17:00:01,0.30429756728768,0,,[nan],
2011-07-19 18:00:01,0.259365740568173,0,,[nan],
2011-07-19 19:00:01,0.2588488871312624,0,,[nan],
2011-07-19 20:00:01,0.2265023760364328,0,,[nan],
2011-07-19 21:00:01,0.21140430120407086,0,,[nan],
2011-07-19 22:00:01,0.1892435192262556,0,,[nan],
2011-07-19 23:00:01,0.15650579083269153,0,,[nan],
2011-07-20 00:00:01,0.1014748225006507,0,,[nan],
2011-07-20 01:00:01,0.10134086516503996,0,,[nan],
2011-07-20 02:00:01,0.08644660451273288,0,,[nan],
2011-07-20 03:00:01,0.06488202559945827,0,,[nan],
2011-07-20 04:00:01,0.13172273676218868,0,,[nan],
2011-07-20 05:00:01,0.2818077721348424,0,,[nan],
2011-07-20 06:00:01,0.2952786753576009,0,,[nan],
2011-07-20 07:00:01,0.44062550810172463,0,,[nan],
2011-07-20 08:00:01,0.5711051706497678,0,,[nan],
2011-07-20 09:00:01,0.5960442563814561,0,,[nan],
2011-07-20 10:00:01,0.4653785806185282,0,,[nan],
2011-07-20 11:00:01,0.3925725412142635,0,,[nan],
2011-07-20 12:00:01,0.4412513918327344,0,,[nan],
2011-07-20 13:00:01,0.4753077083845327,0,,[nan],
2011-07-20 14:00:01,0.4813747460486077,0,,[nan],
2011-07-20 15:00:01,0.3741767106751968,0,,[nan],
2011-07-20 16:00:01,0.3914098449819722,0,,[nan],
2011-07-20 17:00:01,0.3095705175930971,0,,[nan],
2011-07-20 18:00:01,0.24799350465006714,0,,[nan],
2011-07-20 19:00:01,0.22655848880182655,0,,[nan],
2011-07-20 20:00:01,0.2895323911634711,0,,[nan],
2011-07-20 21:00:01,0.2979958612594623,0,,[nan],
2011-07-20 22:00:01,0.29528279899902793,0,,[nan],
2011-07-20 23:00:01,0.3069914932400122,0,,[nan],
2011-07-21 00:00:01,0.2288200814962691,0,,[nan],
2011-07-21 01:00:01,0.11800479580791445,0,,[nan],
2011-07-21 02:00:01,0.13592945695430808,0,,[nan],
2011-07-21 03:00:01,0.1150727970123293,0,,[nan],
2011-07-21 04:00:01,0.18511391330989424,0,,[nan],
2011-07-21 06:00:01,0.3144643188346217,0,,[nan],
2011-07-21 07:00:01,0.3578974362771372,0,,[nan],
2011-07-21 08:00:01,0.6475518435560303,0,,[nan],
2011-07-21 09:00:01,0.43273022765848695,0,,[nan],
2011-07-21 10:00:01,0.4737618663459338,0,,[nan],
2011-07-21 11:00:01,0.4542581819926886,0,,[nan],
2011-07-21 12:00:01,0.4942679754024253,0,,[nan],
2011-07-21 13:00:01,0.4957185108299806,0,,[nan],
2011-07-21 14:00:01,0.5131548463851774,0,,[nan],
2011-07-21 15:00:01,0.479563481160457,0,,[nan],
2011-07-21 16:00:01,0.3803212591019153,0,,[nan],
2011-07-21 17:00:01,0.30991462564404,0,,[nan],
2011-07-21 18:00:01,0.308445195044389,0,,[nan],
2011-07-21 19:00:01,0.2968366723097646,0,,[nan],
2011-07-21 20:00:01,0.2591159682324632,0,,[nan],
2011-07-21 21:00:01,0.2645917424603976,0,,[nan],
2011-07-21 22:00:01,0.23205058598316225,0,,[nan],
2011-07-21 23:00:01,0.18005972427534556,0,,[nan],
2011-07-22 00:00:01,0.15365313080292545,0,,[nan],
2011-07-22 01:00:01,0.11690849325804255,0,,[nan],
2011-07-22 02:00:01,0.08640353849883073,0,,[nan],
2011-07-22 03:00:01,0.06366101268492423,0,,[nan],
2011-07-22 04:00:01,0.1719966868322918,0,,[nan],
2011-07-22 05:00:01,0.19527474147386756,0,,[nan],
2011-07-22 06:00:01,0.2184334699885397,0,,[nan],
2011-07-22 07:00:01,0.3175607446301855,0,,[nan],
2011-07-22 08:00:01,0.4850127447066652,0,,[nan],
2011-07-22 09:00:01,0.4945014315775583,0,,[nan],
2011-07-22 10:00:01,0.480531015446305,0,,[nan],
2011-07-22 11:00:01,0.373340143947056,0,,[nan],
2011-07-22 12:00:01,0.4394674944878738,0,,[nan],
2011-07-22 13:00:01,0.4936625317202217,0,,[nan],
2011-07-22 14:00:01,0.4949979984036977,0,,[nan],
2011-07-22 15:00:01,0.45593953538230797,0,,[nan],
2011-07-22 16:00:01,0.4101563913801976,0,,[nan],
2011-07-22 17:00:01,0.3356102162859663,0,,[nan],
2011-07-22 18:00:01,0.30047738484862024,0,,[nan],
2011-07-22 19:00:01,0.17560787897558666,0,,[nan],
2011-07-22 20:00:01,0.1950304602779223,0,,[nan],
2011-07-22 21:00:01,0.2238477904838488,0,,[nan],
2011-07-22 22:00:01,0.22135708875459292,0,,[nan],
2011-07-22 23:00:01,0.20231595180297046,0,,[nan],
2011-07-23 00:00:01,0.1542471239242319,0,,[nan],
2011-07-23 01:00:01,0.1899096625349448,0,,[nan],
2011-07-23 02:00:01,0.08070338757495459,0,,[nan],
2011-07-23 03:00:01,0.05059342221209545,0,,[nan],
2011-07-23 04:00:01,0.1998035038567295,0,,[nan],
2011-07-23 05:00:01,0.2566662068121073,0,,[nan],
2011-07-23 06:00:01,0.15071107607903314,0,,[nan],
2011-07-23 07:00:01,0.3041549147317782,0,,[nan],
2011-07-23 08:00:01,0.5074392962459198,0,,[nan],
2011-07-23 09:00:01,0.48182414855596706,0,,[nan],
2011-07-23 10:00:01,0.4186590004656135,0,,[nan],
2011-07-23 11:00:01,0.4595811211713115,0,,[nan],
2011-07-23 12:00:01,0.4893268780320905,0,,[nan],
2011-07-23 13:00:01,0.4548296105601572,0,,[nan],
2011-07-23 14:00:01,0.4943705968826715,0,,[nan],
2011-07-23 15:00:01,0.4287236754115461,0,,[nan],
2011-07-23 16:00:01,0.28598044563502983,0,,[nan],
2011-07-23 17:00:01,0.2135072723019223,0,,[nan],
2011-07-23 18:00:01,0.1761396641550018,0,,[nan],
2011-07-23 19:00:01,0.16873624488123012,0,,[nan],
2011-07-23 20:00:01,0.14189232817031466,0,,[nan],
2011-07-23 21:00:01,0.11891271999947325,0,,[nan],
2011-07-23 22:00:01,0.15521630310285794,0,,[nan],
2011-07-23 23:00:01,0.11252393638719413,0,,[nan],
2011-07-24 00:00:01,0.12462753973664023,0,,[nan],
2011-07-24 01:00:01,0.08286798644220937,0,,[nan],
2011-07-24 02:00:01,0.042074680476991096,0,,[nan],
2011-07-24 03:00:01,0.0120811502261638,0,,[nan],
2011-07-24 04:00:01,0.15136463334832276,0,,[nan],
2011-07-24 05:00:01,0.1897466770284833,0,,[nan],
2011-07-24 06:00:01,0.1151907018700004,0,,[nan],
2011-07-24 07:00:01,0.2597601711361946,0,,[nan],
2011-07-24 08:00:01,0.3981500795682764,0,,[nan],
2011-07-24 09:00:01,0.4055818636274352,0,,[nan],
2011-07-24 10:00:01,0.42318022083641454,0,,[nan],
2011-07-24 11:00:01,0.4073498609872326,0,,[nan],
2011-07-24 12:00:01,0.3901686990563995,0,,[nan],
2011-07-24 13:00:01,0.3774595215588671,0,,[nan],
2011-07-24 14:00:01,0.5513959930543159,0,,[nan],
2011-07-24 15:00:01,0.4049239144709897,0,,[nan],
2011-07-24 16:00:01,0.2748708702237888,0,,[nan],
2011-07-24 17:00:01,0.2360659825205761,0,,[nan],
2011-07-24 18:00:01,0.21774659110738692,0,,[nan],
2011-07-24 19:00:01,0.15439004289061362,0,,[nan],
2011-07-24 20:00:01,0.14033953134478558,0,,[nan],
2011-07-24 21:00:01,0.12332317086581318,0,,[nan],
2011-07-24 22:00:01,0.13580049904738128,0,,[nan],
2011-07-24 23:00:01,0.11452782592488946,0,,[nan],
2011-07-25 00:00:01,0.10284780699283172,0,,[nan],
2011-07-25 01:00:01,0.04748598090477739,0,,[nan],
2011-07-25 02:00:01,0.01498284904132505,0,,[nan],
2011-07-25 03:00:01,0.0,0,,[nan],
2011-07-25 04:00:01,0.10107457377711436,0,,[nan],
2011-07-25 05:00:01,0.2471701091719881,0,,[nan],
2011-07-25 06:00:01,0.20278333873432475,0,,[nan],
2011-07-25 07:00:01,0.2749858487758401,0,,[nan],
2011-07-25 08:00:01,0.5431627946354292,0,,[nan],
2011-07-25 09:00:01,0.38361030989745293,0,,[nan],
2011-07-25 10:00:01,0.3889029334199418,0,,[nan],
2011-07-25 11:00:01,0.4204510288398622,0,,[nan],
2011-07-25 12:00:01,0.4396569551975834,0,,[nan],
2011-07-25 13:00:01,0.44362205898539797,0,,[nan],
2011-07-25 14:00:01,0.46268388716414,0,,[nan],
2011-07-25 15:00:01,0.479607874908967,0,,[nan],
2011-07-25 16:00:01,0.40025216618171255,0,,[nan],
2011-07-25 17:00:01,0.27992455400416033,0,,[nan],
2011-07-25 18:00:01,0.2281975556753004,0,,[nan],
2011-07-25 19:00:01,0.2226836659737362,0,,[nan],
2011-07-25 20:00:01,0.1858252033022983,0,,[nan],
2011-07-25 21:00:01,0.2093664989516294,0,,[nan],
2011-07-25 22:00:01,0.2433241822146177,0,,[nan],
2011-07-25 23:00:01,0.22554909055766764,0,,[nan],
2011-07-26 00:00:01,0.19937516970665373,0,,[nan],
2011-07-26 01:00:01,0.1151168439878772,0,,[nan],
2011-07-26 02:00:01,0.10163355815051148,0,,[nan],
2011-07-26 03:00:01,0.07534391122387342,0,,[nan],
2011-07-26 04:00:01,0.11897606671640708,0,,[nan],
2011-07-26 05:00:01,0.21205218345275414,0,,[nan],
2011-07-26 06:00:01,0.21205218345275414,0,,[nan],
2011-07-26 07:00:01,0.2284507126718337,0,,[nan],
2011-07-26 08:00:01,0.5547601326844804,0,,[nan],
2011-07-26 09:00:01,0.4183415254523412,0,,[nan],
2011-07-26 10:00:01,0.4462997111260512,0,,[nan],
2011-07-26 11:00:01,0.3931501905451335,0,,[nan],
2011-07-26 12:00:01,0.4128579444759173,0,,[nan],
2011-07-26 13:00:01,0.343995647344926,0,,[nan],
2011-07-26 14:00:01,0.44525797823152746,0,,[nan],
2011-07-26 15:00:01,0.4151629517639383,0,,[nan],
2011-07-26 16:00:01,0.2744114953875715,0,,[nan],
2011-07-26 17:00:01,0.2791193427319041,0,,[nan],
2011-07-26 18:00:01,0.31701014111733883,0,,[nan],
2011-07-26 19:00:01,0.25455832624331304,0,,[nan],
2011-07-26 20:00:01,0.2033661653067844,0,,[nan],
2011-07-26 21:00:01,0.19152651460619324,0,,[nan],
2011-07-26 22:00:01,0.21658443969776328,0,,[nan],
2011-07-26 23:00:01,0.2564518800666469,0,,[nan],
2011-07-27 00:00:01,0.2213484658854667,0,,[nan],
2011-07-27 01:00:01,0.21910303694132555,0,,[nan],
2011-07-27 02:00:01,0.16632288188830344,0,,[nan],
2011-07-27 03:00:01,0.0844394474012015,0,,[nan],
2011-07-27 04:00:01,0.14931905472411794,0,,[nan],
2011-07-27 05:00:01,0.4052852595460062,0,,[nan],
2011-07-27 06:00:01,0.24588616024332705,0,,[nan],
2011-07-27 07:00:01,0.29577692985494203,0,,[nan],
2011-07-27 08:00:01,0.4874651590185783,0,,[nan],
2011-07-27 09:00:01,0.3592630757096177,0,,[nan],
2011-07-27 10:00:01,0.4361823775481853,0,,[nan],
2011-07-27 11:00:01,0.4606224423362701,0,,[nan],
2011-07-27 12:00:01,0.4167946065791064,0,,[nan],
2011-07-27 13:00:01,0.44053798826319057,0,,[nan],
2011-07-27 14:00:01,0.4705577916866821,0,,[nan],
2011-07-27 15:00:01,0.4224966221220301,0,,[nan],
2011-07-27 16:00:01,0.4150563610044325,0,,[nan],
2011-07-27 17:00:01,0.38807644888229176,0,,[nan],
2011-07-27 18:00:01,0.32659751097194184,0,,[nan],
2011-07-27 19:00:01,0.30559214420819875,0,,[nan],
2011-07-27 20:00:01,0.3261071496194668,0,,[nan],
2011-07-27 21:00:01,0.3343579492191929,0,,[nan],
2011-07-27 22:00:01,0.38670968557552937,0,,[nan],
2011-07-27 23:00:01,0.30268480695626393,0,,[nan],
2011-07-28 00:00:01,0.2599850830815721,0,,[nan],
2011-07-28 01:00:01,0.2962080241575208,0,,[nan],
2011-07-28 02:00:01,0.2395907821233143,0,,[nan],
2011-07-28 03:00:01,0.21790234785467166,0,,[nan],
2011-07-28 04:00:01,0.25793031370230995,0,,[nan],
2011-07-28 05:00:01,0.4187350895209879,0,,[nan],
2011-07-28 06:00:01,0.2680413314577818,0,,[nan],
2011-07-28 07:00:01,0.17561542970683278,0,,[nan],
2011-07-28 08:00:01,0.4653551143611736,0,,[nan],
2011-07-28 09:00:01,0.4343240795520506,0,,[nan],
2011-07-28 10:00:01,0.4886678060896968,0,,[nan],
2011-07-28 11:00:01,0.4062330338314316,0,,[nan],
2011-07-28 12:00:01,0.3762203062692441,0,,[nan],
2011-07-28 13:00:01,0.38771386752223663,0,,[nan],
2011-07-28 14:00:01,0.461872018547963,0,,[nan],
2011-07-28 15:00:01,0.457401401755675,0,,[nan],
2011-07-28 16:00:01,0.457401401755675,0,,[nan],
2011-07-28 17:00:01,0.457401401755675,0,,[nan],
2011-07-28 18:00:01,0.30913822946901776,0,,[nan],
2011-07-28 19:00:01,0.2667854966313015,0,,[nan],
2011-07-28 20:00:01,0.3157965210100186,0,,[nan],
2011-07-28 21:00:01,0.3531658786719293,0,,[nan],
2011-07-28 22:00:01,0.2689634437685519,0,,[nan],
2011-07-28 23:00:01,0.2313136760966716,0,,[nan],
2011-07-29 00:00:01,0.23344784610656685,0,,[nan],
2011-07-29 01:00:01,0.22731177227376675,0,,[nan],
2011-07-29 02:00:01,0.2323187308469795,0,,[nan],
2011-07-29 03:00:01,0.20419813737027007,0,,[nan],
2011-07-29 04:00:01,0.2281866775589209,0,,[nan],
2011-07-29 05:00:01,0.3145181777835158,0,,[nan],
2011-07-29 06:00:01,0.2582831706743529,0,,[nan],
2011-07-29 07:00:01,0.3472791172527151,0,,[nan],
2011-07-29 08:00:01,0.6471394419173782,0,,[nan],
2011-07-29 09:00:01,0.4608522139610721,0,,[nan],
2011-07-29 10:00:01,0.5301488032405283,0,,[nan],
2011-07-29 11:00:01,0.4409846494661449,0,,[nan],
2011-07-29 12:00:01,0.5111606513253402,0,,[nan],
2011-07-29 13:00:01,0.4796867150307094,0,,[nan],
2011-07-29 14:00:01,0.455823202008454,0,,[nan],
2011-07-29 15:00:01,0.4313183389165493,0,,[nan],
2011-07-29 16:00:01,0.2945884667424362,0,,[nan],
2011-07-29 17:00:01,0.2869513405462463,0,,[nan],
2011-07-29 18:00:01,0.25006012603969346,0,,[nan],
2011-07-29 19:00:01,0.2608259712260086,0,,[nan],
2011-07-29 20:00:01,0.2888108282067873,0,,[nan],
2011-07-29 21:00:01,0.32269630509253344,0,,[nan],
2011-07-29 22:00:01,0.3287610660295321,0,,[nan],
2011-07-29 23:00:01,0.37206901526831415,0,,[nan],
2011-07-30 00:00:01,0.3094396210949717,0,,[nan],
2011-07-30 01:00:01,0.26489567365903904,0,,[nan],
2011-07-30 02:00:01,0.23056465611353824,0,,[nan],
2011-07-30 03:00:01,0.2364625020240396,0,,[nan],
2011-07-30 04:00:01,0.2273876101818659,0,,[nan],
2011-07-30 05:00:01,0.20794307095760564,0,,[nan],
2011-07-30 06:00:01,0.3403090161222875,0,,[nan],
2011-07-30 07:00:01,0.3355130193278463,0,,[nan],
2011-07-30 08:00:01,0.5177264838008987,0,,[nan],
2011-07-30 09:00:01,0.4228621800397877,0,,[nan],
2011-07-30 10:00:01,0.3583223938382814,0,,[nan],
2011-07-30 11:00:01,0.4498824788849216,0,,[nan],
2011-07-30 12:00:01,0.4339807584800321,0,,[nan],
2011-07-30 13:00:01,0.4941682019123251,0,,[nan],
2011-07-30 14:00:01,0.443260706506308,0,,[nan],
2011-07-30 15:00:01,0.4174678886757149,0,,[nan],
2011-07-30 16:00:01,0.33114391267137755,0,,[nan],
2011-07-30 17:00:01,0.30085119303589203,0,,[nan],
2011-07-30 18:00:01,0.3199223222438297,0,,[nan],
2011-07-30 19:00:01,0.2855238911636041,0,,[nan],
2011-07-30 20:00:01,0.2682564316355655,0,,[nan],
2011-07-30 21:00:01,0.2604442786581109,0,,[nan],
2011-07-30 22:00:01,0.2767630440930211,0,,[nan],
2011-07-30 23:00:01,0.2871620028615324,0,,[nan],
2011-07-31 00:00:01,0.26912157379423424,0,,[nan],
2011-07-31 01:00:01,0.2062865945486495,0,,[nan],
2011-07-31 02:00:01,0.18177245344075124,0,,[nan],
2011-07-31 03:00:01,0.14169475453690505,0,,[nan],
2011-07-31 04:00:01,0.16665573185572596,0,,[nan],
2011-07-31 05:00:01,0.17123364590481593,0,,[nan],
2011-07-31 06:00:01,0.22063292768348025,0,,[nan],
2011-07-31 07:00:01,0.284942434016844,0,,[nan],
2011-07-31 08:00:01,0.4754506780905946,0,,[nan],
2011-07-31 09:00:01,0.4568138554562994,0,,[nan],
2011-07-31 10:00:01,0.33427139738042005,0,,[nan],
2011-07-31 11:00:01,0.3633315361055606,0,,[nan],
2011-07-31 12:00:01,0.34823773351573284,0,,[nan],
2011-07-31 13:00:01,0.3697852930546586,0,,[nan],
2011-07-31 14:00:01,0.4459865510506351,0,,[nan],
2011-07-31 15:00:01,0.3947952907022565,0,,[nan],
2011-07-31 16:00:01,0.3833194279433585,0,,[nan],
2011-07-31 17:00:01,0.3472397785185078,0,,[nan],
2011-07-31 18:00:01,0.3006897949918289,0,,[nan],
2011-07-31 19:00:01,0.3095057291829016,0,,[nan],
2011-07-31 20:00:01,0.292326036535141,0,,[nan],
2011-07-31 21:00:01,0.28140117628505,0,,[nan],
2011-07-31 22:00:01,0.29772408087740165,0,,[nan],
2011-07-31 23:00:01,0.270560842939722,0,,[nan],
2011-08-01 00:00:01,0.28846630608641183,0,,[nan],
2011-08-01 01:00:01,0.2601477551444157,0,,[nan],
2011-08-01 02:00:01,0.2894193256427954,0,,[nan],
2011-08-01 03:00:01,0.15038159163147738,0,,[nan],
2011-08-01 04:00:01,0.2297307193228248,0,,[nan],
2011-08-01 05:00:01,0.2795972080718053,0,,[nan],
2011-08-01 06:00:01,0.2865879512801211,0,,[nan],
2011-08-01 07:00:01,0.3202634892145469,0,,[nan],
2011-08-01 08:00:01,0.5445965528028409,0,,[nan],
2011-08-01 09:00:01,0.4962995781395042,0,,[nan],
2011-08-01 10:00:01,0.4714701350573425,0,,[nan],
2011-08-01 11:00:01,0.5016503307728716,0,,[nan],
2011-08-01 12:00:01,0.3945125732786048,0,,[nan],
2011-08-01 13:00:01,0.4249643600626951,0,,[nan],
2011-08-01 14:00:01,0.44124518234815496,0,,[nan],
2011-08-01 15:00:01,0.4288674772323455,0,,[nan],
2011-08-01 16:00:01,0.3637039474670549,0,,[nan],
2011-08-01 17:00:01,0.3974952822993959,0,,[nan],
2011-08-01 18:00:01,0.2935612971979605,0,,[nan],
2011-08-01 19:00:01,0.3025543195860152,0,,[nan],
2011-08-01 20:00:01,0.2757788777319502,0,,[nan],
2011-08-01 21:00:01,0.30666063795753,0,,[nan],
2011-08-01 22:00:01,0.3440831671859632,0,,[nan],
2011-08-01 23:00:01,0.3601775178047163,0,,[nan],
2011-08-02 00:00:01,0.3111317923105863,0,,[nan],
2011-08-02 01:00:01,0.2898002847954095,0,,[nan],
2011-08-02 02:00:01,0.3058721317254133,0,,[nan],
2011-08-02 03:00:01,0.19810523139317696,0,,[nan],
2011-08-02 04:00:01,0.2820350324130474,0,,[nan],
2011-08-02 05:00:01,0.3296653922508617,0,,[nan],
2011-08-02 06:00:01,0.3115575374774231,0,,[nan],
2011-08-02 07:00:01,0.4485703796677342,0,,[nan],
2011-08-02 08:00:01,0.6190687393718488,0,,[nan],
2011-08-02 09:00:01,0.4713496728286726,0,,[nan],
2011-08-02 10:00:01,0.4749489609478617,0,,[nan],
2011-08-02 11:00:01,0.5176537730555651,0,,[nan],
2011-08-02 12:00:01,0.4772213044521727,0,,[nan],
2011-08-02 13:00:01,0.4705868778811394,0,,[nan],
2011-08-02 14:00:01,0.5547279975386037,0,,[nan],
2011-08-02 15:00:01,0.4884802278469068,0,,[nan],
2011-08-02 16:00:01,0.4662484505039165,0,,[nan],
2011-08-02 17:00:01,0.3764156125876117,0,,[nan],
2011-08-02 18:00:01,0.35307096100903274,0,,[nan],
2011-08-02 19:00:01,0.3613240223094206,0,,[nan],
2011-08-02 20:00:01,0.3864261203379012,0,,[nan],
2011-08-02 21:00:01,0.3829615594337923,0,,[nan],
2011-08-02 22:00:01,0.3864740809074679,0,,[nan],
2011-08-02 23:00:01,0.3280157166661581,0,,[nan],
2011-08-03 00:00:01,0.32055534800623336,0,,[nan],
2011-08-03 01:00:01,0.28253337769664505,0,,[nan],
2011-08-03 02:00:01,0.22514223075090206,0,,[nan],
2011-08-03 03:00:01,0.1866321024695306,0,,[nan],
2011-08-03 04:00:01,0.2314164132516745,0,,[nan],
2011-08-03 05:00:01,0.3049786787219603,0,,[nan],
2011-08-03 06:00:01,0.2630723957061558,0,,[nan],
2011-08-03 07:00:01,0.432516421694232,0,,[nan],
2011-08-03 08:00:01,0.5428955344943188,0,,[nan],
2011-08-03 09:00:01,0.5686747125897326,0,,[nan],
2011-08-03 10:00:01,0.5278880577142707,0,,[nan],
2011-08-03 11:00:01,0.3592944464006727,0,,[nan],
2011-08-03 12:00:01,0.4015554439333983,0,,[nan],
2011-08-03 13:00:01,0.4783376289569864,0,,[nan],
2011-08-03 14:00:01,0.460018446192992,0,,[nan],
2011-08-03 15:00:01,0.5224667700368414,0,,[nan],
2011-08-03 16:00:01,0.4671630171090993,0,,[nan],
2011-08-03 17:00:01,0.3794371491406439,0,,[nan],
2011-08-03 18:00:01,0.32988053120166083,0,,[nan],
2011-08-03 19:00:01,0.418731183919764,0,,[nan],
2011-08-03 20:00:01,0.32507648678604645,0,,[nan],
2011-08-03 21:00:01,0.3145756532398557,0,,[nan],
2011-08-03 22:00:01,0.2931473708463078,0,,[nan],
2011-08-03 23:00:01,0.20681127433156585,0,,[nan],
2011-08-04 00:00:01,0.143539005052678,0,,[nan],
2011-08-04 01:00:01,0.13096517726357693,0,,[nan],
2011-08-04 02:00:01,0.10301909390146932,0,,[nan],
2011-08-04 03:00:01,0.08370643827400112,0,,[nan],
2011-08-04 04:00:01,0.1802636489187708,0,,[nan],
2011-08-04 05:00:01,0.3198234461454622,0,,[nan],
2011-08-04 06:00:01,0.26313050166416097,0,,[nan],
2011-08-04 07:00:01,0.4883245352842789,0,,[nan],
2011-08-04 08:00:01,0.8303440665297146,0,,[nan],
2011-08-04 09:00:01,0.6431273742914684,0,,[nan],
2011-08-04 10:00:01,0.4462229727149066,0,,[nan],
2011-08-04 11:00:01,0.4768307159049586,0,,[nan],
2011-08-04 12:00:01,0.459681494806876,0,,[nan],
2011-08-04 13:00:01,0.4393802776206239,0,,[nan],
2011-08-04 14:00:01,0.4510866634552097,0,,[nan],
2011-08-04 15:00:01,0.4240778499901429,0,,[nan],
2011-08-04 16:00:01,0.4522613984106772,0,,[nan],
2011-08-04 17:00:01,0.4049064378387818,0,,[nan],
2011-08-04 18:00:01,0.3197232920439315,0,,[nan],
2011-08-04 19:00:01,0.3366128812261172,0,,[nan],
2011-08-04 20:00:01,0.31776374005988084,0,,[nan],
2011-08-04 21:00:01,0.3372097483364305,0,,[nan],
2011-08-04 22:00:01,0.35628572659026164,0,,[nan],
2011-08-04 23:00:01,0.34680328340836464,0,,[nan],
2011-08-05 00:00:01,0.284266730402722,0,,[nan],
2011-08-05 01:00:01,0.19705098179522326,0,,[nan],
2011-08-05 02:00:01,0.17981593440050286,0,,[nan],
2011-08-05 03:00:01,0.19334781168005505,0,,[nan],
2011-08-05 04:00:01,0.20731719047057132,0,,[nan],
2011-08-05 05:00:01,0.4099695511067718,0,,[nan],
2011-08-05 06:00:01,0.3445015848045596,0,,[nan],
2011-08-05 07:00:01,0.4743395464995764,0,,[nan],
2011-08-05 08:00:01,0.7163968026882059,0,,[nan],
2011-08-05 09:00:01,0.5579281878476743,0,,[nan],
2011-08-05 10:00:01,0.4785621119506936,0,,[nan],
2011-08-05 11:00:01,0.4909651505521026,0,,[nan],
2011-08-05 12:00:01,0.3845319294909095,0,,[nan],
2011-08-05 13:00:01,0.4685329217354761,0,,[nan],
2011-08-05 14:00:01,0.5044799840574044,0,,[nan],
2011-08-05 15:00:01,0.4495727676810177,0,,[nan],
2011-08-05 16:00:01,0.4613876055260291,0,,[nan],
2011-08-05 17:00:01,0.4825900034333733,0,,[nan],
2011-08-05 18:00:01,0.3851974930035721,0,,[nan],
2011-08-05 19:00:01,0.3858160006403492,0,,[nan],
2011-08-05 20:00:01,0.3821703753910809,0,,[nan],
2011-08-05 21:00:01,0.2730971781667721,0,,[nan],
2011-08-05 22:00:01,0.364936717154742,0,,[nan],
2011-08-05 23:00:01,0.3349336903806454,0,,[nan],
2011-08-06 00:00:01,0.3383905334452208,0,,[nan],
2011-08-06 01:00:01,0.26953486760822665,0,,[nan],
2011-08-06 02:00:01,0.2719980940236221,0,,[nan],
2011-08-06 03:00:01,0.2654851783859221,0,,[nan],
2011-08-06 04:00:01,0.37356066035981017,0,,[nan],
2011-08-06 05:00:01,0.3392968973051293,0,,[nan],
2011-08-06 06:00:01,0.3851537553140471,0,,[nan],
2011-08-06 07:00:01,0.5252827209193981,0,,[nan],
2011-08-06 08:00:01,0.6878472855564961,0,,[nan],
2011-08-06 09:00:01,0.43664703608145095,0,,[nan],
2011-08-06 10:00:01,0.35523361593152825,0,,[nan],
2011-08-06 11:00:01,0.4592246966463149,0,,[nan],
2011-08-06 12:00:01,0.5892341980327489,0,,[nan],
2011-08-06 13:00:01,0.4442547883155308,0,,[nan],
2011-08-06 14:00:01,0.5613721098242558,0,,[nan],
2011-08-06 15:00:01,0.4543380030365282,0,,[nan],
2011-08-06 16:00:01,0.5063531371681379,0,,[nan],
2011-08-06 17:00:01,0.4598006884909741,0,,[nan],
2011-08-06 18:00:01,0.4305982348957577,0,,[nan],
2011-08-06 19:00:01,0.3873650670052853,0,,[nan],
2011-08-06 20:00:01,0.4167019951559533,0,,[nan],
2011-08-06 21:00:01,0.4137408418561988,0,,[nan],
2011-08-06 22:00:01,0.5287143629421808,0,,[nan],
2011-08-06 23:00:01,0.4278952019264872,0,,[nan],
2011-08-07 00:00:01,0.3556520726114933,0,,[nan],
2011-08-07 01:00:01,0.33606022987919737,0,,[nan],
2011-08-07 02:00:01,0.3247306711389841,0,,[nan],
2011-08-07 03:00:01,0.29661707980974417,0,,[nan],
2011-08-07 04:00:01,0.3248786158412887,0,,[nan],
2011-08-07 05:00:01,0.2895487586549525,0,,[nan],
2011-08-07 06:00:01,0.32718025941615697,0,,[nan],
2011-08-07 07:00:01,0.5541998405694762,0,,[nan],
2011-08-07 08:00:01,0.8406398033766529,0,,[nan],
2011-08-07 09:00:01,0.5530354546114653,0,,[nan],
2011-08-07 10:00:01,0.4829225365500025,0,,[nan],
2011-08-07 11:00:01,0.3756201462370312,0,,[nan],
2011-08-07 12:00:01,0.4358079560983745,0,,[nan],
2011-08-07 13:00:01,0.4850669784338411,0,,[nan],
2011-08-07 14:00:01,0.4938827429289554,0,,[nan],
2011-08-07 15:00:01,0.4879247230085992,0,,[nan],
2011-08-07 16:00:01,0.4059473833333652,0,,[nan],
2011-08-07 17:00:01,0.4366652083211096,0,,[nan],
2011-08-07 18:00:01,0.4373220608937171,0,,[nan],
2011-08-07 19:00:01,0.44565057299230976,0,,[nan],
2011-08-07 20:00:01,0.5277416524430032,0,,[nan],
2011-08-07 21:00:01,0.2923037582195816,0,,[nan],
2011-08-07 22:00:01,0.2931643005287414,0,,[nan],
2011-08-07 23:00:01,0.3450694957407524,0,,[nan],
2011-08-08 00:00:01,0.2706271831576219,0,,[nan],
2011-08-08 01:00:01,0.272951872090042,0,,[nan],
2011-08-08 02:00:01,0.20946430096773394,0,,[nan],
2011-08-08 03:00:01,0.18476125308596147,0,,[nan],
2011-08-08 04:00:01,0.2251039019438371,0,,[nan],
2011-08-08 05:00:01,0.3616180579242533,0,,[nan],
2011-08-08 06:00:01,0.3757047093271387,0,,[nan],
2011-08-08 07:00:01,0.5261325660148705,0,,[nan],
2011-08-08 08:00:01,0.8595082970234057,0,,[nan],
2011-08-08 09:00:01,0.5224120913794137,0,,[nan],
2011-08-08 10:00:01,0.5461207574503183,0,,[nan],
2011-08-08 11:00:01,0.5535001711207793,0,,[nan],
2011-08-08 12:00:01,0.5418542677059975,0,,[nan],
2011-08-08 13:00:01,0.5036510411170388,0,,[nan],
2011-08-08 14:00:01,0.5404799161600237,0,,[nan],
2011-08-08 15:00:01,0.6002018280241669,0,,[nan],
2011-08-08 16:00:01,0.5696866315429622,0,,[nan],
2011-08-08 17:00:01,0.490894609140237,0,,[nan],
2011-08-08 19:00:01,0.4050559226539591,0,,[nan],
2011-08-08 20:00:01,0.352767041145282,0,,[nan],
2011-08-08 21:00:01,0.395556804684997,0,,[nan],
2011-08-08 22:00:01,0.38882770347238427,0,,[nan],
2011-08-08 23:00:01,0.3654199252545716,0,,[nan],
2011-08-09 00:00:01,0.27452366629792296,0,,[nan],
2011-08-09 01:00:01,0.20541709731794086,0,,[nan],
2011-08-09 02:00:01,0.2424652880116739,0,,[nan],
2011-08-09 03:00:01,0.2011631489457812,0,,[nan],
2011-08-09 04:00:01,0.2642332468428252,0,,[nan],
2011-08-09 05:00:01,0.3102513611756313,0,,[nan],
2011-08-09 06:00:01,0.3134309948470189,0,,[nan],
2011-08-09 07:00:01,0.4210503881658282,0,,[nan],
2011-08-09 08:00:01,0.7876071696428577,0,,[nan],
2011-08-09 09:00:01,0.4966965528728415,0,,[nan],
2011-08-09 10:00:01,0.478516353564852,0,,[nan],
2011-08-09 11:00:01,0.4346560513658161,0,,[nan],
2011-08-09 12:00:01,0.4723087578401306,0,,[nan],
2011-08-09 13:00:01,0.4672439539152798,0,,[nan],
2011-08-09 14:00:01,0.4978910493856397,0,,[nan],
2011-08-09 15:00:01,0.6677438214420512,0,,[nan],
2011-08-09 16:00:01,0.5169242132869738,0,,[nan],
2011-08-09 17:00:01,0.5307209329422207,0,,[nan],
2011-08-09 18:00:01,0.3963888872028419,0,,[nan],
2011-08-09 19:00:01,0.4141168335503077,0,,[nan],
2011-08-09 20:00:01,0.42654902384143695,0,,[nan],
2011-08-09 21:00:01,0.4116885868202061,0,,[nan],
2011-08-09 22:00:01,0.4081196510471138,0,,[nan],
2011-08-09 23:00:01,0.338262734992178,0,,[nan],
2011-08-10 00:00:01,0.3003440736248045,0,,[nan],
2011-08-10 01:00:01,0.3018859187252482,0,,[nan],
2011-08-10 02:00:01,0.28379467014030874,0,,[nan],
2011-08-10 03:00:01,0.26499640686625026,0,,[nan],
2011-08-10 04:00:01,0.30158120017772905,0,,[nan],
2011-08-10 05:00:01,0.40343404323831655,0,,[nan],
2011-08-10 06:00:01,0.3832924103339041,0,,[nan],
2011-08-10 07:00:01,0.5216929723056519,0,,[nan],
2011-08-10 08:00:01,0.6128499684521851,0,,[nan],
2011-08-10 09:00:01,0.6125144757286263,0,,[nan],
2011-08-10 10:00:01,0.4482696604032437,0,,[nan],
2011-08-10 11:00:01,0.5319829837562496,0,,[nan],
2011-08-10 12:00:01,0.4337512543029811,0,,[nan],
2011-08-10 13:00:01,0.5398334826507369,0,,[nan],
2011-08-10 14:00:01,0.5346980489707579,0,,[nan],
2011-08-10 15:00:01,0.6808843701550127,0,,[nan],
2011-08-10 17:00:01,0.5118512835291029,0,,[nan],
2011-08-10 18:00:01,0.5121677880780938,0,,[nan],
2011-08-10 19:00:01,0.3458463856042785,0,,[nan],
2011-08-10 20:00:01,0.4664397074498722,0,,[nan],
2011-08-10 21:00:01,0.5662943111629415,0,,[nan],
2011-08-10 22:00:01,0.5339391625230007,0,,[nan],
2011-08-10 23:00:01,0.4435283661870446,0,,[nan],
2011-08-11 00:00:01,0.3334976305475956,0,,[nan],
2011-08-11 01:00:01,0.3694808659362791,0,,[nan],
2011-08-11 02:00:01,0.24175223515341845,0,,[nan],
2011-08-11 03:00:01,0.22481507895595795,0,,[nan],
2011-08-11 04:00:01,0.2902396134715221,0,,[nan],
2011-08-11 05:00:01,0.3591814128261463,0,,[nan],
2011-08-11 06:00:01,0.4249173840546858,0,,[nan],
2011-08-11 07:00:01,0.5909386718959732,0,,[nan],
2011-08-11 08:00:01,0.6613518581341288,0,,[nan],
2011-08-11 09:00:01,0.7099966254092522,0,,[nan],
2011-08-11 10:00:01,0.634973830882951,0,,[nan],
2011-08-11 11:00:01,0.47918613430563,0,,[nan],
2011-08-11 12:00:01,0.623551168144445,0,,[nan],
2011-08-11 13:00:01,0.5511736587938315,0,,[nan],
2011-08-11 14:00:01,0.5128458048669579,0,,[nan],
2011-08-11 15:00:01,0.4491876877945397,0,,[nan],
2011-08-11 16:00:01,0.36741752654666776,0,,[nan],
2011-08-11 17:00:01,0.526519355436344,0,,[nan],
2011-08-11 18:00:01,0.4737728374908177,0,,[nan],
2011-08-11 19:00:01,0.4520819825306737,0,,[nan],
2011-08-11 20:00:01,0.3629441912033584,0,,[nan],
2011-08-11 21:00:01,0.2996754370436676,0,,[nan],
2011-08-11 22:00:01,0.3717460838833848,0,,[nan],
2011-08-11 23:00:01,0.3592217931062439,0,,[nan],
2011-08-12 00:00:01,0.2613673994867963,0,,[nan],
2011-08-12 01:00:01,0.31166315238104025,0,,[nan],
2011-08-12 02:00:01,0.266735479477939,0,,[nan],
2011-08-12 03:00:01,0.27448876854503546,0,,[nan],
2011-08-12 04:00:01,0.40868777388348543,0,,[nan],
2011-08-12 05:00:01,0.4841387510326694,0,,[nan],
2011-08-12 06:00:01,0.48528385756419,0,,[nan],
2011-08-12 07:00:01,0.6396885330862544,0,,[nan],
2011-08-12 08:00:01,0.9596414591884032,0,,[nan],
2011-08-12 09:00:01,0.7374292756815052,0,,[nan],
2011-08-12 10:00:01,0.5640518224650041,0,,[nan],
2011-08-12 11:00:01,0.590081537277359,0,,[nan],
2011-08-12 12:00:01,0.5178082833944051,0,,[nan],
2011-08-12 13:00:01,0.6882123791902844,0,,[nan],
2011-08-12 14:00:01,0.5969882494731161,0,,[nan],
2011-08-12 15:00:01,0.6603686730085392,0,,[nan],
2011-08-12 16:00:01,0.5518424585274078,0,,[nan],
2011-08-12 17:00:01,0.4532338770857598,0,,[nan],
2011-08-12 18:00:01,0.4302055501997618,0,,[nan],
2011-08-12 19:00:01,0.5666513676123468,0,,[nan],
2011-08-12 20:00:01,0.5018164635647585,0,,[nan],
2011-08-12 21:00:01,0.38266701994247065,0,,[nan],
2011-08-12 22:00:01,0.34130606052359824,0,,[nan],
2011-08-12 23:00:01,0.4405221382093168,0,,[nan],
2011-08-13 00:00:01,0.424406934605714,0,,[nan],
2011-08-13 01:00:01,0.4423777094538807,0,,[nan],
2011-08-13 02:00:01,0.30855210216408696,0,,[nan],
2011-08-13 03:00:01,0.2566934637493522,0,,[nan],
2011-08-13 04:00:01,0.3292416959373472,0,,[nan],
2011-08-13 05:00:01,0.3925381434806379,0,,[nan],
2011-08-13 06:00:01,0.6015924926464377,0,,[nan],
2011-08-13 07:00:01,0.7915574994054467,0,,[nan],
2011-08-13 08:00:01,0.8678750873060259,0,,[nan],
2011-08-13 09:00:01,0.7050842710377965,0,,[nan],
2011-08-13 10:00:01,0.5825845672242751,0,,[nan],
2011-08-13 11:00:01,0.5094439701022794,0,,[nan],
2011-08-13 12:00:01,0.748409307791432,0,,[nan],
2011-08-13 13:00:01,0.8202893003767783,0,,[nan],
2011-08-13 14:00:01,0.902368117249967,0,,[nan],
2011-08-13 15:00:01,0.7198785440916186,0,,[nan],
2011-08-13 16:00:01,0.69704382732033,0,,[nan],
2011-08-13 17:00:01,0.567527022542173,0,,[nan],
2011-08-13 18:00:01,0.4761898206126284,0,,[nan],
2011-08-13 19:00:01,0.4716592826633508,0,,[nan],
2011-08-13 20:00:01,0.42285932814986266,0,,[nan],
2011-08-13 21:00:01,0.395536979174293,0,,[nan],
2011-08-13 22:00:01,0.3357041824348043,0,,[nan],
2011-08-13 23:00:01,0.3535552166586104,0,,[nan],
2011-08-14 00:00:01,0.3861310429724272,0,,[nan],
2011-08-14 01:00:01,0.3667486777479631,0,,[nan],
2011-08-14 02:00:01,0.3334415193225896,0,,[nan],
2011-08-14 03:00:01,0.3320546418819221,0,,[nan],
2011-08-14 04:00:01,0.3714114004866371,0,,[nan],
2011-08-14 05:00:01,0.4845836203096601,0,,[nan],
2011-08-14 06:00:01,0.7088757654964011,0,,[nan],
2011-08-14 07:00:01,0.8248079421275402,0,,[nan],
2011-08-14 08:00:01,0.7554634193316704,0,,[nan],
2011-08-14 09:00:01,0.5474855736359289,0,,[nan],
2011-08-14 10:00:01,0.5251458213571568,0,,[nan],
2011-08-14 11:00:01,0.5499604797760563,0,,[nan],
2011-08-14 12:00:01,0.5463268387782103,0,,[nan],
2011-08-14 13:00:01,0.6323691659414191,0,,[nan],
2011-08-14 14:00:01,0.7502101147236,0,,[nan],
2011-08-14 15:00:01,0.6128395494239074,0,,[nan],
2011-08-14 16:00:01,0.5675943736443883,0,,[nan],
2011-08-14 17:00:01,0.4833015058731266,0,,[nan],
2011-08-14 18:00:01,0.4362297048016378,0,,[nan],
2011-08-14 19:00:01,0.3765505741448729,0,,[nan],
2011-08-14 20:00:01,0.3158172492434885,0,,[nan],
2011-08-14 21:00:01,0.3816593561488406,0,,[nan],
2011-08-14 22:00:01,0.4428875809195472,0,,[nan],
2011-08-14 23:00:01,0.3517441066747913,0,,[nan],
2011-08-15 00:00:01,0.30997422248809137,0,,[nan],
2011-08-15 01:00:01,0.2498780818742869,0,,[nan],
2011-08-15 02:00:01,0.18373920520446507,0,,[nan],
2011-08-15 03:00:01,0.17372407172795526,0,,[nan],
2011-08-15 04:00:01,0.2886210483409592,0,,[nan],
2011-08-15 05:00:01,0.4917895905592279,0,,[nan],
2011-08-15 06:00:01,0.6306753575484816,0,,[nan],
2011-08-15 07:00:01,0.6710944226011333,0,,[nan],
2011-08-15 08:00:01,0.9094216290151949,0,,[nan],
2011-08-15 09:00:01,0.6638114327358111,0,,[nan],
2011-08-15 10:00:01,0.4968103286624354,0,,[nan],
2011-08-15 11:00:01,0.6029590760577427,0,,[nan],
2011-08-15 12:00:01,0.5618371168696149,0,,[nan],
2011-08-15 13:00:01,0.6279422614976011,0,,[nan],
2011-08-15 14:00:01,0.7464887407960817,0,,[nan],
2011-08-15 15:00:01,0.7308584614459152,0,,[nan],
2011-08-15 16:00:01,0.6616451682238473,0,,[nan],
2011-08-15 17:00:01,0.5926304903703115,0,,[nan],
2011-08-15 18:00:01,0.6133090202995872,0,,[nan],
2011-08-15 19:00:01,0.5234347562214811,0,,[nan],
2011-08-15 20:00:01,0.4906575623899372,0,,[nan],
2011-08-15 21:00:01,0.4707439780587669,0,,[nan],
2011-08-16 00:00:01,0.4307119205599049,0,,[nan],
2011-08-16 01:00:01,0.3404759367436411,0,,[nan],
2011-08-16 02:00:01,0.2461117211129461,0,,[nan],
2011-08-16 03:00:01,0.16687672891700364,0,,[nan],
2011-08-16 04:00:01,0.2268095355287733,0,,[nan],
2011-08-16 05:00:01,0.41297600785485256,0,,[nan],
2011-08-16 06:00:01,0.5033039066267647,0,,[nan],
2011-08-16 07:00:01,0.7693115853031857,0,,[nan],
2011-08-16 08:00:01,0.7454655064460955,0,,[nan],
2011-08-16 09:00:01,0.5900373212816808,0,,[nan],
2011-08-16 10:00:01,0.5639161716931262,0,,[nan],
2011-08-16 11:00:01,0.6501682246854791,0,,[nan],
2011-08-16 12:00:01,0.6514277015902418,0,,[nan],
2011-08-16 13:00:01,0.7356978199275992,0,,[nan],
2011-08-16 14:00:01,0.8459882380994743,0,,[nan],
2011-08-16 15:00:01,0.6662428747166185,0,,[nan],
2011-08-16 16:00:01,0.6499841507471328,0,,[nan],
2011-08-16 17:00:01,0.5194400550127128,0,,[nan],
2011-08-16 18:00:01,0.4695129190144335,0,,[nan],
2011-08-16 19:00:01,0.4542324578883948,0,,[nan],
2011-08-16 20:00:01,0.36737932590766975,0,,[nan],
2011-08-16 21:00:01,0.4205991410579535,0,,[nan],
2011-08-16 22:00:01,0.3690169188999364,0,,[nan],
2011-08-16 23:00:01,0.3303399610908444,0,,[nan],
2011-08-17 00:00:01,0.3097490788547857,0,,[nan],
2011-08-17 01:00:01,0.24193683374321304,0,,[nan],
2011-08-17 02:00:01,0.20199852647158206,0,,[nan],
2011-08-17 03:00:01,0.1509079934447019,0,,[nan],
2011-08-17 04:00:01,0.2358964032345903,0,,[nan],
2011-08-17 05:00:01,0.3364414617645391,0,,[nan],
2011-08-17 06:00:01,0.3083728811994477,0,,[nan],
2011-08-17 07:00:01,0.4660974033291038,0,,[nan],
2011-08-17 08:00:01,0.5422763515649863,0,,[nan],
2011-08-17 09:00:01,0.5092109151838772,0,,[nan],
2011-08-17 10:00:01,0.4665183521821692,0,,[nan],
2011-08-17 11:00:01,0.4494606360462977,0,,[nan],
2011-08-17 12:00:01,0.4414321803398608,0,,[nan],
2011-08-17 13:00:01,0.488068710391801,0,,[nan],
2011-08-17 14:00:01,0.41830231250778616,0,,[nan],
2011-08-17 15:00:01,0.6075714447086488,0,,[nan],
2011-08-17 16:00:01,0.5979070059679116,0,,[nan],
2011-08-17 17:00:01,0.4194634321279759,0,,[nan],
2011-08-17 18:00:01,0.5158105516204066,0,,[nan],
2011-08-17 19:00:01,0.4021400912301134,0,,[nan],
2011-08-17 20:00:01,0.4149890440841064,0,,[nan],
2011-08-17 21:00:01,0.3788221696575373,0,,[nan],
2011-08-17 22:00:01,0.3407673613287173,0,,[nan],
2011-08-17 23:00:01,0.27673827672869,0,,[nan],
2011-08-18 00:00:01,0.2356270385363944,0,,[nan],
2011-08-18 01:00:01,0.22003610487645944,0,,[nan],
2011-08-18 02:00:01,0.1692980884600171,0,,[nan],
2011-08-18 03:00:01,0.08709225805118348,0,,[nan],
2011-08-18 04:00:01,0.17402994002646766,0,,[nan],
2011-08-18 05:00:01,0.3429181950275773,0,,[nan],
2011-08-18 06:00:01,0.2673480461306779,0,,[nan],
2011-08-18 07:00:01,0.5644093195293727,0,,[nan],
2011-08-18 08:00:01,0.7312783125136701,0,,[nan],
2011-08-18 09:00:01,0.5915886750197398,0,,[nan],
2011-08-18 10:00:01,0.6312341632118738,0,,[nan],
2011-08-18 11:00:01,0.4996663928078662,0,,[nan],
2011-08-18 12:00:01,0.5396039993843115,0,,[nan],
2011-08-18 13:00:01,0.5653391225213946,0,,[nan],
2011-08-18 14:00:01,0.6471548287736139,0,,[nan],
2011-08-18 15:00:01,0.6746637645019257,0,,[nan],
2011-08-18 16:00:01,0.5781940761642153,0,,[nan],
2011-08-18 17:00:01,0.4874710118060336,0,,[nan],
2011-08-18 18:00:01,0.4299742679387101,0,,[nan],
2011-08-18 19:00:01,0.4158314613068929,0,,[nan],
2011-08-18 20:00:01,0.3813937310664571,0,,[nan],
2011-08-18 21:00:01,0.4067896728846933,0,,[nan],
2011-08-18 22:00:01,0.4129914515207072,0,,[nan],
2011-08-18 23:00:01,0.3302611265404296,0,,[nan],
2011-08-19 00:00:01,0.2964215276651222,0,,[nan],
2011-08-19 01:00:01,0.22136684685642066,0,,[nan],
2011-08-19 02:00:01,0.2322997340698693,0,,[nan],
2011-08-19 03:00:01,0.13404397399212742,0,,[nan],
2011-08-19 04:00:01,0.27737877300303304,0,,[nan],
2011-08-19 05:00:01,0.3401818718078763,0,,[nan],
2011-08-19 06:00:01,0.3508098121700248,0,,[nan],
2011-08-19 07:00:01,0.5906621741293668,0,,[nan],
2011-08-19 08:00:01,0.7374678029357626,0,,[nan],
2011-08-19 09:00:01,0.6221190724643729,0,,[nan],
2011-08-19 10:00:01,0.6305892254906406,0,,[nan],
2011-08-19 11:00:01,0.6007776312827181,0,,[nan],
2011-08-19 12:00:01,0.6776081333176839,0,,[nan],
2011-08-19 13:00:01,0.8128747416118182,0,,[nan],
2011-08-19 14:00:01,0.6541877389420623,0,,[nan],
2011-08-19 15:00:01,0.6589552911718485,0,,[nan],
2011-08-19 16:00:01,0.5450936087383724,0,,[nan],
2011-08-19 17:00:01,0.3730140531002793,0,,[nan],
2011-08-19 18:00:01,0.3684053814599738,0,,[nan],
2011-08-19 19:00:01,0.43535843851999817,0,,[nan],
2011-08-19 20:00:01,0.3909698392851863,0,,[nan],
2011-08-19 21:00:01,0.35450819408486434,0,,[nan],
2011-08-19 22:00:01,0.37268631009381903,0,,[nan],
2011-08-19 23:00:01,0.2700002842405251,0,,[nan],
2011-08-20 00:00:01,0.2511327504605668,0,,[nan],
2011-08-20 01:00:01,0.2284517119193884,0,,[nan],
2011-08-20 02:00:01,0.1820432758032811,0,,[nan],
2011-08-20 03:00:01,0.1122109566422689,0,,[nan],
2011-08-20 04:00:01,0.2132684101684124,0,,[nan],
2011-08-20 05:00:01,0.4250366210118139,0,,[nan],
2011-08-20 06:00:01,0.34294763884178936,0,,[nan],
2011-08-20 07:00:01,0.5605150519597021,0,,[nan],
2011-08-20 08:00:01,0.6602083603290653,0,,[nan],
2011-08-20 09:00:01,0.5766581803544895,0,,[nan],
2011-08-20 10:00:01,0.4572923087897732,0,,[nan],
2011-08-20 11:00:01,0.4838019629717046,0,,[nan],
2011-08-20 12:00:01,0.6432680578058553,0,,[nan],
2011-08-20 13:00:01,0.7246134926713872,0,,[nan],
2011-08-20 14:00:01,0.6398977981857847,0,,[nan],
2011-08-20 15:00:01,0.5902326386686128,0,,[nan],
2011-08-20 16:00:01,0.5814244028447106,0,,[nan],
2011-08-20 17:00:01,0.37273239463435576,0,,[nan],
2011-08-20 18:00:01,0.3155803526451965,0,,[nan],
2011-08-20 19:00:01,0.3101625284827245,0,,[nan],
2011-08-20 20:00:01,0.3237735827188023,0,,[nan],
2011-08-20 21:00:01,0.307176895619332,0,,[nan],
2011-08-20 22:00:01,0.33635358174511165,0,,[nan],
2011-08-20 23:00:01,0.3397515915819296,0,,[nan],
2011-08-21 00:00:01,0.25760051591476313,0,,[nan],
2011-08-21 01:00:01,0.26985055271651204,0,,[nan],
2011-08-21 02:00:01,0.18697068050606908,0,,[nan],
2011-08-21 03:00:01,0.13535999569022422,0,,[nan],
2011-08-21 04:00:01,0.24287101851600554,0,,[nan],
2011-08-21 05:00:01,0.4461475933041853,0,,[nan],
2011-08-21 06:00:01,0.336120598324328,0,,[nan],
2011-08-21 07:00:01,0.5533141171559566,0,,[nan],
2011-08-21 08:00:01,0.7261702862708702,0,,[nan],
2011-08-21 09:00:01,0.5365655844271862,0,,[nan],
2011-08-21 10:00:01,0.4473419417104823,0,,[nan],
2011-08-21 11:00:01,0.4237114884675862,0,,[nan],
2011-08-21 12:00:01,0.4757587266920177,0,,[nan],
2011-08-21 13:00:01,0.4719187134547743,0,,[nan],
2011-08-21 14:00:01,0.5034571434849836,0,,[nan],
2011-08-21 15:00:01,0.5142551137072858,0,,[nan],
2011-08-21 16:00:01,0.4319391638881666,0,,[nan],
2011-08-21 17:00:01,0.3254157185091626,0,,[nan],
2011-08-21 18:00:01,0.2851894436163847,0,,[nan],
2011-08-21 19:00:01,0.317119827691694,0,,[nan],
2011-08-21 20:00:01,0.29045750164643164,0,,[nan],
2011-08-21 21:00:01,0.2799542764898777,0,,[nan],
2011-08-21 22:00:01,0.2306586470657722,0,,[nan],
2011-08-21 23:00:01,0.20963574618437425,0,,[nan],
2011-08-22 00:00:01,0.1924759635839153,0,,[nan],
2011-08-22 01:00:01,0.16481518202555734,0,,[nan],
2011-08-22 02:00:01,0.11053515097675674,0,,[nan],
2011-08-22 03:00:01,0.10447725818451033,0,,[nan],
2011-08-22 04:00:01,0.1851259190896992,0,,[nan],
2011-08-22 05:00:01,0.38151087717129417,0,,[nan],
2011-08-22 06:00:01,0.3139957138796078,0,,[nan],
2011-08-22 07:00:01,0.4870238707550367,0,,[nan],
2011-08-22 08:00:01,0.9420263719571697,0,,[nan],
2011-08-22 09:00:01,0.6372221040295963,0,,[nan],
2011-08-22 10:00:01,0.6241052144853978,0,,[nan],
2011-08-22 11:00:01,0.5142612014827137,0,,[nan],
2011-08-22 12:00:01,0.5527390509906962,0,,[nan],
2011-08-22 13:00:01,0.5734791432782155,0,,[nan],
2011-08-22 14:00:01,0.5015814846735721,0,,[nan],
2011-08-22 15:00:01,0.5904610699758868,0,,[nan],
2011-08-22 16:00:01,0.4534148828941839,0,,[nan],
2011-08-22 17:00:01,0.4601294986652236,0,,[nan],
2011-08-22 18:00:01,0.4613817908853218,0,,[nan],
2011-08-22 19:00:01,0.43408609091248734,0,,[nan],
2011-08-22 20:00:01,0.3557296995269796,0,,[nan],
2011-08-22 21:00:01,0.4084805378355105,0,,[nan],
2011-08-22 22:00:01,0.36377860912118204,0,,[nan],
2011-08-22 23:00:01,0.24341807930682846,0,,[nan],
2011-08-23 00:00:01,0.21684003857826875,0,,[nan],
2011-08-23 01:00:01,0.1826992705866878,0,,[nan],
2011-08-23 02:00:01,0.1550885126736481,0,,[nan],
2011-08-23 03:00:01,0.1362964353548345,0,,[nan],
2011-08-23 04:00:01,0.2663803336739856,0,,[nan],
2011-08-23 05:00:01,0.3372343100282147,0,,[nan],
2011-08-23 06:00:01,0.4203216660437531,0,,[nan],
2011-08-23 07:00:01,0.5719687956772275,0,,[nan],
2011-08-23 08:00:01,0.9255771144182094,0,,[nan],
2011-08-23 09:00:01,0.7721527745297482,0,,[nan],
2011-08-23 10:00:01,0.6582581792623566,0,,[nan],
2011-08-23 11:00:01,0.5109488034957339,0,,[nan],
2011-08-23 12:00:01,0.4464790409956511,0,,[nan],
2011-08-23 13:00:01,0.4706906572753824,0,,[nan],
2011-08-23 14:00:01,0.5351362817398619,0,,[nan],
2011-08-23 15:00:01,0.5815949662011517,0,,[nan],
2011-08-23 16:00:01,0.4910008483639438,0,,[nan],
2011-08-23 17:00:01,0.3916324159625516,0,,[nan],
2011-08-23 18:00:01,0.35776384146579143,0,,[nan],
2011-08-23 19:00:01,0.3320415853073925,0,,[nan],
2011-08-23 20:00:01,0.325593952655479,0,,[nan],
2011-08-23 21:00:01,0.313404596023372,0,,[nan],
2011-08-23 22:00:01,0.37639790201371376,0,,[nan],
2011-08-23 23:00:01,0.3177126434726973,0,,[nan],
2011-08-24 00:00:01,0.3896999006498151,0,,[nan],
2011-08-24 01:00:01,0.24070692623806425,0,,[nan],
2011-08-24 02:00:01,0.19060970087721235,0,,[nan],
2011-08-24 03:00:01,0.15181158199202915,0,,[nan],
2011-08-24 04:00:01,0.22964914986384286,0,,[nan],
2011-08-24 05:00:01,0.3291681106547885,0,,[nan],
2011-08-24 06:00:01,0.4015944374440422,0,,[nan],
2011-08-24 07:00:01,0.5696924367921606,0,,[nan],
2011-08-24 08:00:01,0.8524063597688628,0,,[nan],
2011-08-24 09:00:01,0.8226409130436109,0,,[nan],
2011-08-24 10:00:01,0.38137959284038864,0,,[nan],
2011-08-24 11:00:01,0.5377814507782258,0,,[nan],
2011-08-24 12:00:01,0.5226753589927736,0,,[nan],
2011-08-24 12:00:01,0.46361742255012395,0,,[nan],
2011-08-24 13:00:01,0.577986031935834,0,,[nan],
2011-08-24 14:00:01,0.4758450937728741,0,,[nan],
2011-08-24 15:00:01,0.5083517637286765,0,,[nan],
2011-08-24 16:00:01,0.4042496329546155,0,,[nan],
2011-08-24 17:00:01,0.5414131599887111,0,,[nan],
2011-08-24 18:00:01,0.5540099980769005,0,,[nan],
2011-08-24 19:00:01,0.4581262308118879,0,,[nan],
2011-08-24 20:00:01,0.3640723015053936,0,,[nan],
2011-08-24 21:00:01,0.3699868009479124,0,,[nan],
2011-08-24 22:00:01,0.28419207130873225,0,,[nan],
2011-08-24 23:00:01,0.3122401106069771,0,,[nan],
2011-08-25 00:00:01,0.2711716925317427,0,,[nan],
2011-08-25 01:00:01,0.2361384200711157,0,,[nan],
2011-08-25 02:00:01,0.196777152000655,0,,[nan],
2011-08-25 03:00:01,0.19547643909262571,0,,[nan],
2011-08-25 04:00:01,0.19547643909262571,0,,[nan],
2011-08-25 05:00:01,0.263634484401828,0,,[nan],
2011-08-25 06:00:01,0.3708159178064107,0,,[nan],
2011-08-25 07:00:01,0.6196158296483059,0,,[nan],
2011-08-25 08:00:01,0.6748207648872598,0,,[nan],
2011-08-25 09:00:01,0.7976133529636591,0,,[nan],
2011-08-25 10:00:01,0.4706429400340088,0,,[nan],
2011-08-25 11:00:01,0.5648158716445695,0,,[nan],
2011-08-25 12:00:01,0.6070195183506859,0,,[nan],
2011-08-25 13:00:01,0.6202486364884252,0,,[nan],
2011-08-25 14:00:01,0.5066561750790758,0,,[nan],
2011-08-25 15:00:01,0.4825546207176751,0,,[nan],
2011-08-25 16:00:01,0.4344773699809192,0,,[nan],
2011-08-25 17:00:01,0.3815785350594684,0,,[nan],
2011-08-25 18:00:01,0.3769327706578435,0,,[nan],
2011-08-25 19:00:01,0.44779618133061133,0,,[nan],
2011-08-25 20:00:01,0.3473065566110129,0,,[nan],
2011-08-25 21:00:01,0.329205745765745,0,,[nan],
2011-08-25 22:00:01,0.3629216965406705,0,,[nan],
2011-08-25 23:00:01,0.2932718899315615,0,,[nan],
2011-08-26 00:00:01,0.229195202264078,0,,[nan],
2011-08-26 01:00:01,0.21090403316267808,0,,[nan],
2011-08-26 02:00:01,0.1958312707490987,0,,[nan],
2011-08-26 03:00:01,0.1394399143725316,0,,[nan],
2011-08-26 04:00:01,0.2637469371005045,0,,[nan],
2011-08-26 05:00:01,0.3279174569276254,0,,[nan],
2011-08-26 06:00:01,0.3962045825117136,0,,[nan],
2011-08-26 07:00:01,0.6927492661901765,0,,[nan],
2011-08-26 08:00:01,0.7443893720683513,0,,[nan],
2011-08-26 09:00:01,0.6257983091186394,0,,[nan],
2011-08-26 10:00:01,0.7523981973381431,0,,[nan],
2011-08-26 11:00:01,0.4731635502734509,0,,[nan],
2011-08-26 12:00:01,0.5245053111667601,0,,[nan],
2011-08-26 13:00:01,0.5936935982543895,0,,[nan],
2011-08-26 14:00:01,0.5258041933067255,0,,[nan],
2011-08-26 15:00:01,0.5919530913885557,0,,[nan],
2011-08-26 16:00:01,0.5589932301873829,0,,[nan],
2011-08-26 17:00:01,0.4851688028923556,0,,[nan],
2011-08-26 18:00:01,0.4562830211111095,0,,[nan],
2011-08-26 19:00:01,0.4174142501229113,0,,[nan],
2011-08-26 20:00:01,0.40350235807656804,0,,[nan],
2011-08-26 21:00:01,0.3851673249182826,0,,[nan],
2011-08-26 22:00:01,0.3444605292784637,0,,[nan],
2011-08-26 23:00:01,0.37450558294053743,0,,[nan],
2011-08-27 00:00:01,0.29117195997205464,0,,[nan],
2011-08-27 01:00:01,0.29388536677421695,0,,[nan],
2011-08-27 02:00:01,0.2627531718387032,0,,[nan],
2011-08-27 03:00:01,0.24100080827819476,0,,[nan],
2011-08-27 04:00:01,0.34454865300054305,0,,[nan],
2011-08-27 05:00:01,0.35672890790469336,0,,[nan],
2011-08-27 06:00:01,0.4182004415873337,0,,[nan],
2011-08-27 07:00:01,0.5418164630322457,0,,[nan],
2011-08-27 08:00:01,0.6850625385936198,0,,[nan],
2011-08-27 09:00:01,0.6028993329889961,0,,[nan],
2011-08-27 10:00:01,0.4599351706807814,0,,[nan],
2011-08-27 11:00:01,0.6402609174249985,0,,[nan],
2011-08-27 12:00:01,0.5391259311577774,0,,[nan],
2011-08-27 13:00:01,0.5260671967713773,0,,[nan],
2011-08-27 14:00:01,0.5001380285865845,0,,[nan],
2011-08-27 15:00:01,0.4701309953676827,0,,[nan],
2011-08-27 16:00:01,0.4583256666008261,0,,[nan],
2011-08-27 17:00:01,0.38494480339831616,0,,[nan],
2011-08-27 18:00:01,0.3679614646051545,0,,[nan],
2011-08-27 19:00:01,0.3585920149967637,0,,[nan],
2011-08-27 20:00:01,0.3587834969794965,0,,[nan],
2011-08-27 21:00:01,0.3432755724057733,0,,[nan],
2011-08-27 22:00:01,0.2965118372008656,0,,[nan],
2011-08-27 23:00:01,0.27663972103547163,0,,[nan],
2011-08-28 00:00:01,0.2298864287195825,0,,[nan],
2011-08-28 01:00:01,0.17976939423360672,0,,[nan],
2011-08-28 02:00:01,0.15967124254792026,0,,[nan],
2011-08-28 03:00:01,0.1055957662787623,0,,[nan],
2011-08-28 04:00:01,0.2071100696142613,0,,[nan],
2011-08-28 05:00:01,0.24585741839635955,0,,[nan],
2011-08-28 06:00:01,0.398140876740424,0,,[nan],
2011-08-28 07:00:01,0.3508382075078533,0,,[nan],
2011-08-28 08:00:01,0.7168302362059387,0,,[nan],
2011-08-28 09:00:01,0.4891247683012986,0,,[nan],
2011-08-28 10:00:01,0.4395010008391309,0,,[nan],
2011-08-28 11:00:01,0.3834961774407721,0,,[nan],
2011-08-28 12:00:01,0.4476643034423151,0,,[nan],
2011-08-28 13:00:01,0.4994464280811905,0,,[nan],
2011-08-28 14:00:01,0.5173338457720925,0,,[nan],
2011-08-28 15:00:01,0.4672400827062028,0,,[nan],
2011-08-28 16:00:01,0.4242412381936004,0,,[nan],
2011-08-28 17:00:01,0.3543394903944008,0,,[nan],
2011-08-28 18:00:01,0.3403941544708609,0,,[nan],
2011-08-28 19:00:01,0.2864279262511561,0,,[nan],
2011-08-28 20:00:01,0.23772321556727416,0,,[nan],
2011-08-28 21:00:01,0.222222092422044,0,,[nan],
2011-08-28 22:00:01,0.20024074916572399,0,,[nan],
2011-08-28 23:00:01,0.225667940660715,0,,[nan],
2011-08-29 00:00:01,0.16618769480816925,0,,[nan],
2011-08-29 01:00:01,0.1435397720581254,0,,[nan],
2011-08-29 02:00:01,0.1113796245270249,0,,[nan],
2011-08-29 03:00:01,0.07768051474034024,0,,[nan],
2011-08-29 04:00:01,0.16926212681535482,0,,[nan],
2011-08-29 05:00:01,0.2548804525020789,0,,[nan],
2011-08-29 06:00:01,0.3030587095372129,0,,[nan],
2011-08-29 07:00:01,0.5144395823493324,0,,[nan],
2011-08-29 08:00:01,0.6583169367182573,0,,[nan],
2011-08-29 09:00:01,0.5569999673850055,0,,[nan],
2011-08-29 10:00:01,0.6199459223592744,0,,[nan],
2011-08-29 11:00:01,0.4502267897449023,0,,[nan],
2011-08-29 12:00:01,0.34968884777563386,0,,[nan],
2011-08-29 13:00:01,0.4863455019047295,0,,[nan],
2011-08-29 14:00:01,0.4203785464693967,0,,[nan],
2011-08-29 15:00:01,0.5129506036904877,0,,[nan],
2011-08-29 16:00:01,0.4960964909108114,0,,[nan],
2011-08-29 17:00:01,0.3769347179041487,0,,[nan],
2011-08-29 18:00:01,0.3370689433551887,0,,[nan],
2011-08-29 19:00:01,0.413516562642219,0,,[nan],
2011-08-29 20:00:01,0.30249626041584754,0,,[nan],
2011-08-29 21:00:01,0.3111968718535581,0,,[nan],
2011-08-29 22:00:01,0.3014633829274188,0,,[nan],
2011-08-29 23:00:01,0.2866634388213537,0,,[nan],
2011-08-30 00:00:01,0.24666127280531105,0,,[nan],
2011-08-30 01:00:01,0.16601725146029586,0,,[nan],
2011-08-30 02:00:01,0.13743304485844424,0,,[nan],
2011-08-30 03:00:01,0.12570331664331194,0,,[nan],
2011-08-30 04:00:01,0.3283898759982498,0,,[nan],
2011-08-30 05:00:01,0.4133163943055606,0,,[nan],
2011-08-30 06:00:01,0.4811852041944574,0,,[nan],
2011-08-30 07:00:01,0.6060746011615659,0,,[nan],
2011-08-30 08:00:01,0.6300530918763193,0,,[nan],
2011-08-30 09:00:01,0.6375035783148106,0,,[nan],
2011-08-30 10:00:01,0.44553436431627,0,,[nan],
2011-08-30 11:00:01,0.4173019734754816,0,,[nan],
2011-08-30 12:00:01,0.4166761701029492,0,,[nan],
2011-08-30 13:00:01,0.409653189578049,0,,[nan],
2011-08-30 14:00:01,0.3996687778628458,0,,[nan],
2011-08-30 15:00:01,0.4058219067497194,0,,[nan],
2011-08-30 16:00:01,0.4639017940107598,0,,[nan],
2011-08-30 17:00:01,0.37398188721856507,0,,[nan],
2011-08-30 18:00:01,0.4260937005332733,0,,[nan],
2011-08-30 19:00:01,0.37346254143734414,0,,[nan],
2011-08-30 20:00:01,0.2428279404518361,0,,[nan],
2011-08-30 21:00:01,0.19296194210983794,0,,[nan],
2011-08-30 22:00:01,0.31240170174317017,0,,[nan],
2011-08-30 23:00:01,0.2726479368599602,0,,[nan],
2011-08-31 00:00:01,0.33550003962802505,0,,[nan],
2011-08-31 01:00:01,0.2648496254209904,0,,[nan],
2011-08-31 02:00:01,0.1979946834632504,0,,[nan],
2011-08-31 03:00:01,0.18910537980159156,0,,[nan],
2011-08-31 04:00:01,0.3031370696527188,0,,[nan],
2011-08-31 05:00:01,0.41424486087983337,0,,[nan],
2011-08-31 06:00:01,0.4965889897717536,0,,[nan],
2011-08-31 07:00:01,0.4937316613119346,0,,[nan],
2011-08-31 08:00:01,0.6480942084015812,0,,[nan],
2011-08-31 09:00:01,0.6036867987950947,0,,[nan],
2011-08-31 10:00:01,0.53582473315612,0,,[nan],
2011-08-31 11:00:01,0.5158690728418074,0,,[nan],
2011-08-31 12:00:01,0.5717545627146959,0,,[nan],
2011-08-31 13:00:01,0.4530203262341394,0,,[nan],
2011-08-31 14:00:01,0.553326465002957,0,,[nan],
2011-08-31 15:00:01,0.4315015975858021,0,,[nan],
2011-08-31 16:00:01,0.4204050088584413,0,,[nan],
2011-08-31 17:00:01,0.3646731274276391,0,,[nan],
2011-08-31 18:00:01,0.42159115518828383,0,,[nan],
2011-08-31 19:00:01,0.5961932725773512,0,,[nan],
2011-08-31 20:00:01,0.6959394357390375,0,,[nan],
2011-08-31 21:00:01,0.7263593305302295,0,,[nan],
2011-08-31 22:00:01,0.7855155795326431,0,,[nan],
2011-08-31 23:00:01,0.7338042739909302,0,,[nan],
2011-09-01 00:00:01,0.5008712948674208,0,,[nan],
2011-09-01 01:00:01,0.4035142747151323,0,,[nan],
2011-09-01 02:00:01,0.2253948700184704,0,,[nan],
2011-09-01 03:00:01,0.21257713270940432,0,,[nan],
2011-09-01 04:00:01,0.5502650113975021,0,,[nan],
2011-09-01 05:00:01,0.6740982338622309,0,,[nan],
2011-09-01 06:00:01,0.7866783417958536,0,,[nan],
2011-09-01 07:00:01,0.8190963083076409,0,,[nan],
2011-09-01 08:00:01,0.8382135588952606,0,,[nan],
2011-09-01 09:00:01,0.7194834441507961,0,,[nan],
2011-09-01 10:00:01,0.7753624721748388,0,,[nan],
2011-09-01 11:00:01,0.6420101975622733,0,,[nan],
2011-09-01 12:00:01,0.5028875960327782,0,,[nan],
2011-09-01 13:00:01,0.5037808449786635,0,,[nan],
2011-09-01 14:00:01,0.5598350949181033,0,,[nan],
2011-09-01 15:00:01,0.4893093709325457,0,,[nan],
2011-09-01 16:00:01,0.4633949657644879,0,,[nan],
2011-09-01 17:00:01,0.3919913498477108,0,,[nan],
2011-09-01 18:00:01,0.3894505008110917,0,,[nan],
2011-09-02 15:00:01,0.4935850397756394,0,,[nan],
2011-09-02 16:00:01,0.4701027980475202,0,,[nan],
2011-09-02 17:00:01,0.3635230457171521,0,,[nan],
2011-09-02 18:00:01,0.4154940107340351,0,,[nan],
2011-09-02 19:00:01,0.36368218613955217,0,,[nan],
2011-09-02 20:00:01,0.4077721042765997,0,,[nan],
2011-09-02 21:00:01,0.4140271124141342,0,,[nan],
2011-09-02 22:00:01,0.5139542144922701,0,,[nan],
2011-09-02 23:00:01,0.5831508041945616,0,,[nan],
2011-09-03 00:00:01,0.4718311170424008,0,,[nan],
2011-09-03 01:00:01,0.4190222495589604,0,,[nan],
2011-09-03 02:00:01,0.37425427347160656,0,,[nan],
2011-09-03 03:00:01,0.2475056037793555,0,,[nan],
2011-09-03 04:00:01,0.3039001549000075,0,,[nan],
2011-09-03 05:00:01,0.5038377300249697,0,,[nan],
2011-09-03 06:00:01,0.4939213282493715,0,,[nan],
2011-09-03 07:00:01,0.4370694387761657,0,,[nan],
2011-09-03 08:00:01,0.610096848437401,0,,[nan],
2011-09-03 09:00:01,0.6624819755468315,0,,[nan],
2011-09-03 10:00:01,0.4922544154663808,0,,[nan],
2011-09-03 11:00:01,0.4937316613119346,0,,[nan],
2011-09-03 12:00:01,0.5481591327970734,0,,[nan],
2011-09-03 13:00:01,0.5671841288088483,0,,[nan],
2011-09-03 14:00:01,0.5423524072945206,0,,[nan],
2011-09-03 15:00:01,0.5012435392392729,0,,[nan],
2011-09-03 16:00:01,0.4799827963465012,0,,[nan],
2011-09-03 17:00:01,0.42662569969592,0,,[nan],
2011-09-03 18:00:01,0.3774900413001027,0,,[nan],
2011-09-03 19:00:01,0.36534994781383945,0,,[nan],
2011-09-03 20:00:01,0.3567264434805987,0,,[nan],
2011-09-03 21:00:01,0.34125877853711944,0,,[nan],
2011-09-03 22:00:01,0.33989049895920176,0,,[nan],
2011-09-03 23:00:01,0.3359926455376528,0,,[nan],
2011-09-04 00:00:01,0.31416663125038524,0,,[nan],
2011-09-04 01:00:01,0.336071344376256,0,,[nan],
2011-09-04 02:00:01,0.3010744271060724,0,,[nan],
2011-09-04 03:00:01,0.24525204982219925,0,,[nan],
2011-09-04 04:00:01,0.38367490211872346,0,,[nan],
2011-09-04 05:00:01,0.4880834750555543,0,,[nan],
2011-09-04 06:00:01,0.4841769221905389,0,,[nan],
2011-09-04 07:00:01,0.5821621591029102,0,,[nan],
2011-09-04 08:00:01,0.6330254815509908,0,,[nan],
2011-09-04 09:00:01,0.5913893741161004,0,,[nan],
2011-09-04 10:00:01,0.6082551768014854,0,,[nan],
2011-09-04 11:00:01,0.4733897540158958,0,,[nan],
2011-09-04 12:00:01,0.4919214786550332,0,,[nan],
2011-09-04 13:00:01,0.5515329544473293,0,,[nan],
2011-09-04 14:00:01,0.5940006305403416,0,,[nan],
2011-09-04 15:00:01,0.5125111689083446,0,,[nan],
2011-09-04 16:00:01,0.4938494930219649,0,,[nan],
2011-09-04 17:00:01,0.4293174339989368,0,,[nan],
2011-09-04 18:00:01,0.4102131590076096,0,,[nan],
2011-09-04 19:00:01,0.3875032319982827,0,,[nan],
2011-09-04 20:00:01,0.3277109355169221,0,,[nan],
2011-09-04 21:00:01,0.2842372478320147,0,,[nan],
2011-09-04 22:00:01,0.32797019181250503,0,,[nan],
2011-09-04 23:00:01,0.2566868883889003,0,,[nan],
2011-09-05 00:00:01,0.2522250234973639,0,,[nan],
2011-09-05 01:00:01,0.2402286046335212,0,,[nan],
2011-09-05 02:00:01,0.19208675236909012,0,,[nan],
2011-09-05 03:00:01,0.09185425226725273,0,,[nan],
2011-09-05 04:00:01,0.2616670936145055,0,,[nan],
2011-09-05 05:00:01,0.4562030536528425,0,,[nan],
2011-09-05 06:00:01,0.4387191668396808,0,,[nan],
2011-09-05 07:00:01,0.4347934122784317,0,,[nan],
2011-09-05 08:00:01,0.7446005489757581,0,,[nan],
2011-09-05 09:00:01,0.637627874471871,0,,[nan],
2011-09-05 10:00:01,0.5662827203736979,0,,[nan],
2011-09-05 11:00:01,0.5245781610526071,0,,[nan],
2011-09-05 12:00:01,0.48680997822970296,0,,[nan],
2011-09-05 13:00:01,0.5023432033521626,0,,[nan],
2011-09-05 14:00:01,0.533956425057837,0,,[nan],
2011-09-05 15:00:01,0.4748153242291596,0,,[nan],
2011-09-05 16:00:01,0.4452934922731625,0,,[nan],
2011-09-05 17:00:01,0.3587085987424426,0,,[nan],
2011-09-05 18:00:01,0.3414504705091894,0,,[nan],
2011-09-05 19:00:01,0.3214011392377893,0,,[nan],
2011-09-05 20:00:01,0.2720650857639476,0,,[nan],
2011-09-05 21:00:01,0.2790237235448059,0,,[nan],
2011-09-05 22:00:01,0.2488537721384405,0,,[nan],
2011-09-05 23:00:01,0.2602978104577252,0,,[nan],
2011-09-06 00:00:01,0.2358877371945592,0,,[nan],
2011-09-06 01:00:01,0.21173826296446985,0,,[nan],
2011-09-06 02:00:01,0.1210927671887888,0,,[nan],
2011-09-06 03:00:01,0.09998337548889684,0,,[nan],
2011-09-06 04:00:01,0.3658339518856144,0,,[nan],
2011-09-06 05:00:01,0.3763402413469027,0,,[nan],
2011-09-06 06:00:01,0.3977085294037812,0,,[nan],
2011-09-06 07:00:01,0.6174778668594478,0,,[nan],
2011-09-06 08:00:01,0.5699042895828466,0,,[nan],
2011-09-06 09:00:01,0.6367779550352953,0,,[nan],
2011-09-06 10:00:01,0.5584539376368586,0,,[nan],
2011-09-06 11:00:01,0.44822781296017183,0,,[nan],
2011-09-06 12:00:01,0.4222088329981271,0,,[nan],
2011-09-06 13:00:01,0.4476653136503017,0,,[nan],
2011-09-06 14:00:01,0.4483097857859705,0,,[nan],
2011-09-06 15:00:01,0.4394731384243872,0,,[nan],
2011-09-06 16:00:01,0.4261797172848093,0,,[nan],
2011-09-06 17:00:01,0.3398636342376079,0,,[nan],
2011-09-06 18:00:01,0.42752988252602697,0,,[nan],
2011-09-06 19:00:01,0.3776421820200297,0,,[nan],
2011-09-06 20:00:01,0.33044002731017746,0,,[nan],
2011-09-06 21:00:01,0.3620198462910868,0,,[nan],
2011-09-06 22:00:01,0.3546762701256578,0,,[nan],
2011-09-06 23:00:01,0.2946469710816482,0,,[nan],
2011-09-07 00:00:01,0.2780201871572164,0,,[nan],
2011-09-07 01:00:01,0.19579371454133632,0,,[nan],
2011-09-07 02:00:01,0.11321721758223435,0,,[nan],
2011-09-07 03:00:01,0.1148710136464901,0,,[nan],
2011-09-07 04:00:01,0.19331362000945496,0,,[nan],
2011-09-07 05:00:01,0.3142760310513064,0,,[nan],
2011-09-07 06:00:01,0.4216696770299813,0,,[nan],
2011-09-07 07:00:01,0.371398703116304,0,,[nan],
2011-09-07 08:00:01,0.6246341394506869,0,,[nan],
2011-09-07 09:00:01,0.4901033915213786,0,,[nan],
2011-09-07 10:00:01,0.5443931501125571,0,,[nan],
2011-09-07 11:00:01,0.3395127946202862,0,,[nan],
2011-09-07 12:00:01,0.35450232948693544,0,,[nan],
2011-09-07 13:00:01,0.3472152386419577,0,,[nan],
2011-09-07 14:00:01,0.2930758082454987,0,,[nan],
2011-09-07 15:00:01,0.41292547844222816,0,,[nan],
