timestamp,value,anomaly_score,raw_score,label
2014-04-01 01:00:00,5,0.0301029996659,1.0,0
2014-04-01 02:00:00,7,0.0301029996659,1.0,0
2014-04-01 03:00:00,4,1.0,1.0,0
2014-04-01 04:00:00,5,0.0301029996659,0.949999988079,0
2014-04-01 05:00:00,0,1.0,1.0,0
2014-04-01 06:00:00,2,0.0301029996659,1.0,0
2014-04-01 07:00:00,2,0.0301029996659,1.0,0
2014-04-01 08:00:00,9,1.0,1.0,0
2014-04-01 09:00:00,11,1.0,1.0,0
2014-04-01 10:00:00,9,0.0301029996659,1.0,0
2014-04-01 11:00:00,10,0.0301029996659,0.649999976158,0
2014-04-01 12:00:00,14,1.0,1.0,0
2014-04-01 13:00:00,6,0.0301029996659,1.0,0
2014-04-01 14:00:00,9,0.0301029996659,1.0,0
2014-04-01 15:00:00,8,0.0301029996659,0.975000023842,0
2014-04-01 16:00:00,12,0.0301029996659,0.975000023842,0
2014-04-01 17:00:00,9,0.0301029996659,1.0,0
2014-04-01 18:00:00,6,0.0301029996659,0.774999976158,0
2014-04-01 19:00:00,21,1.0,0.949999988079,0
2014-04-01 20:00:00,5,0.0301029996659,1.0,0
2014-04-01 21:00:00,4,0.0301029996659,1.0,0
2014-04-01 22:00:00,12,0.0301029996659,1.0,0
2014-04-01 23:00:00,13,0.0301029996659,1.0,0
2014-04-02 00:00:00,2,0.0301029996659,1.0,0
2014-04-02 01:00:00,5,0.0301029996659,0.925000011921,0
2014-04-02 02:00:00,13,0.0301029996659,0.774999976158,0
2014-04-02 03:00:00,2,0.0301029996659,1.0,0
2014-04-02 04:00:00,5,0.0301029996659,0.125,0
2014-04-02 05:00:00,8,0.0301029996659,0.524999976158,0
2014-04-02 06:00:00,7,0.0301029996659,0.975000023842,0
2014-04-02 07:00:00,12,0.0301029996659,0.824999988079,0
2014-04-02 08:00:00,17,0.0301029996659,0.975000023842,0
2014-04-02 09:00:00,9,0.0301029996659,1.0,0
2014-04-02 10:00:00,21,0.0301029996659,0.75,0
2014-04-02 11:00:00,11,0.0301029996659,1.0,0
2014-04-02 12:00:00,4,0.0301029996659,0.675000011921,0
2014-04-02 13:00:00,9,0.0301029996659,0.949999988079,0
2014-04-02 14:00:00,7,0.0301029996659,0.324999988079,0
2014-04-02 15:00:00,17,0.0301029996659,0.675000011921,0
2014-04-02 16:00:00,17,0.0301029996659,1.0,0
2014-04-02 17:00:00,7,0.0301029996659,1.0,0
2014-04-02 18:00:00,6,0.0301029996659,0.425000011921,0
2014-04-02 19:00:00,15,0.0301029996659,0.625,0
2014-04-02 20:00:00,7,0.0301029996659,0.975000023842,0
2014-04-02 21:00:00,13,0.0301029996659,0.675000011921,0
2014-04-02 22:00:00,9,0.0301029996659,0.899999976158,0
2014-04-02 23:00:00,5,0.0301029996659,0.899999976158,0
2014-04-03 00:00:00,11,0.0301029996659,0.649999976158,0
2014-04-03 01:00:00,9,0.0301029996659,0.675000011921,0
2014-04-03 02:00:00,2,0.0301029996659,0.774999976158,0
2014-04-03 03:00:00,6,0.0301029996659,0.25,0
2014-04-03 04:00:00,6,0.0301029996659,0.324999988079,0
2014-04-03 05:00:00,4,0.0301029996659,0.300000011921,0
2014-04-03 06:00:00,6,0.0301029996659,0.27500000596,0
2014-04-03 07:00:00,9,0.0301029996659,0.324999988079,0
2014-04-03 08:00:00,15,0.0301029996659,0.47499999404,0
2014-04-03 09:00:00,10,0.0301029996659,0.699999988079,0
2014-04-03 10:00:00,4,0.0301029996659,0.324999988079,0
2014-04-03 11:00:00,12,0.0301029996659,0.699999988079,0
2014-04-03 12:00:00,20,0.0301029996659,0.649999976158,0
2014-04-03 13:00:00,11,0.0301029996659,1.0,0
2014-04-03 14:00:00,23,1.0,0.800000011921,0
2014-04-03 15:00:00,12,0.0301029996659,1.0,0
2014-04-03 16:00:00,8,0.0301029996659,0.375,0
2014-04-03 17:00:00,24,0.0301029996659,0.574999988079,0
2014-04-03 18:00:00,7,0.0301029996659,0.975000023842,0
2014-04-03 19:00:00,9,0.0301029996659,0.27500000596,0
2014-04-03 20:00:00,11,0.0301029996659,0.449999988079,0
2014-04-03 21:00:00,8,0.0301029996659,0.47499999404,0
2014-04-03 22:00:00,3,0.0301029996659,0.324999988079,0
2014-04-03 23:00:00,12,0.0301029996659,0.649999976158,0
2014-04-04 00:00:00,10,0.0301029996659,0.0500000007451,0
2014-04-04 01:00:00,2,0.0301029996659,0.22499999404,0
2014-04-04 02:00:00,6,0.0301029996659,0.0750000029802,0
2014-04-04 03:00:00,9,0.0301029996659,0.22499999404,0
2014-04-04 04:00:00,8,0.0301029996659,0.17499999702,0
2014-04-04 05:00:00,8,0.0301029996659,0.0750000029802,0
2014-04-04 06:00:00,3,0.0301029996659,0.15000000596,0
2014-04-04 07:00:00,6,0.0301029996659,0.10000000149,0
2014-04-04 08:00:00,10,0.0301029996659,0.0500000007451,0
2014-04-04 09:00:00,6,0.0301029996659,0.125,0
2014-04-04 10:00:00,16,0.0301029996659,0.300000011921,0
2014-04-04 11:00:00,10,0.0301029996659,0.47499999404,0
2014-04-04 12:00:00,7,0.0301029996659,0.125,0
2014-04-04 13:00:00,15,0.0301029996659,0.15000000596,0
2014-04-04 14:00:00,6,0.0301029996659,0.375,0
2014-04-04 15:00:00,2,0.0301029996659,0.22499999404,0
2014-04-04 16:00:00,17,0.0301029996659,0.22499999404,0
2014-04-04 17:00:00,8,0.0301029996659,0.20000000298,0
2014-04-04 18:00:00,7,0.0301029996659,0.0500000007451,0
2014-04-04 19:00:00,7,0.0301029996659,0.0500000007451,0
2014-04-04 20:00:00,2,0.0301029996659,0.125,0
2014-04-04 21:00:00,8,0.0301029996659,0.27500000596,0
2014-04-04 22:00:00,8,0.0301029996659,0.0500000007451,0
2014-04-04 23:00:00,6,0.0301029996659,0.0,0
2014-04-05 00:00:00,9,0.0301029996659,0.0,0
2014-04-05 01:00:00,6,0.0301029996659,0.0,0
2014-04-05 02:00:00,7,0.0301029996659,0.0,0
2014-04-05 03:00:00,4,0.0301029996659,0.0250000003725,0
2014-04-05 04:00:00,2,0.0301029996659,0.0500000007451,0
2014-04-05 05:00:00,0,0.0301029996659,0.20000000298,0
2014-04-05 06:00:00,14,0.0301029996659,0.40000000596,0
2014-04-05 07:00:00,8,0.0301029996659,0.17499999702,0
2014-04-05 08:00:00,11,0.0301029996659,0.0750000029802,0
2014-04-05 09:00:00,13,0.0301029996659,0.0500000007451,0
2014-04-05 10:00:00,9,0.0301029996659,0.0750000029802,0
2014-04-05 11:00:00,11,0.0301029996659,0.0250000003725,0
2014-04-05 12:00:00,9,0.0301029996659,0.17499999702,0
2014-04-05 13:00:00,12,0.0301029996659,0.0500000007451,0
2014-04-05 14:00:00,22,0.0301029996659,0.34999999404,0
2014-04-05 15:00:00,2,0.0301029996659,0.699999988079,0
2014-04-05 16:00:00,16,0.0301029996659,0.0500000007451,0
2014-04-05 17:00:00,5,0.0301029996659,0.0250000003725,0
2014-04-05 18:00:00,4,0.0301029996659,0.0,0
2014-04-05 19:00:00,9,0.0301029996659,0.0250000003725,0
2014-04-05 20:00:00,8,0.0301029996659,0.0,0
2014-04-05 21:00:00,3,0.0301029996659,0.0,0
2014-04-05 22:00:00,10,0.0301029996659,0.0500000007451,0
2014-04-05 23:00:00,2,0.0301029996659,0.0250000003725,0
2014-04-06 00:00:00,4,0.0301029996659,0.17499999702,0
2014-04-06 01:00:00,0,0.0301029996659,0.25,0
2014-04-06 02:00:00,4,0.0301029996659,0.125,0
2014-04-06 03:00:00,0,0.0301029996659,0.125,0
2014-04-06 04:00:00,5,0.0301029996659,0.20000000298,0
2014-04-06 05:00:00,13,0.0301029996659,0.125,0
2014-04-06 06:00:00,6,0.0301029996659,0.324999988079,0
2014-04-06 07:00:00,5,0.0301029996659,0.0500000007451,0
2014-04-06 08:00:00,4,0.0301029996659,0.0750000029802,0
2014-04-06 09:00:00,6,0.0301029996659,0.0250000003725,0
2014-04-06 10:00:00,4,0.0301029996659,0.25,0
2014-04-06 11:00:00,9,0.0301029996659,0.0500000007451,0
2014-04-06 12:00:00,18,0.0301029996659,0.34999999404,0
2014-04-06 13:00:00,2,0.0301029996659,0.34999999404,0
2014-04-06 14:00:00,7,0.0301029996659,0.0500000007451,0
2014-04-06 15:00:00,27,1.0,0.449999988079,0
2014-04-06 16:00:00,9,0.0301029996659,1.0,0
2014-04-06 17:00:00,10,0.0301029996659,0.0250000003725,0
2014-04-06 18:00:00,8,0.0301029996659,0.0250000003725,0
2014-04-06 19:00:00,1,0.0301029996659,0.22499999404,0
2014-04-06 20:00:00,12,0.0301029996659,0.600000023842,0
2014-04-06 21:00:00,8,0.0301029996659,0.0,0
2014-04-06 22:00:00,6,0.0301029996659,0.0,0
2014-04-06 23:00:00,4,0.0301029996659,0.0500000007451,0
2014-04-07 00:00:00,8,0.0301029996659,0.0,0
2014-04-07 01:00:00,4,0.0301029996659,0.0750000029802,0
2014-04-07 02:00:00,8,0.0301029996659,0.125,0
2014-04-07 03:00:00,2,0.0301029996659,0.0500000007451,0
2014-04-07 04:00:00,8,0.0301029996659,0.125,0
2014-04-07 05:00:00,7,0.0301029996659,0.0,0
2014-04-07 06:00:00,2,0.0301029996659,0.0500000007451,0
2014-04-07 07:00:00,6,0.0301029996659,0.10000000149,0
2014-04-07 08:00:00,7,0.0301029996659,0.0250000003725,0
2014-04-07 09:00:00,4,0.0301029996659,0.0500000007451,0
2014-04-07 10:00:00,8,0.0301029996659,0.0750000029802,0
2014-04-07 11:00:00,17,0.0301029996659,0.0750000029802,0
2014-04-07 12:00:00,10,0.0301029996659,0.10000000149,0
2014-04-07 13:00:00,4,0.0301029996659,0.125,0
2014-04-07 14:00:00,4,0.0301029996659,0.20000000298,0
2014-04-07 15:00:00,13,0.0301029996659,0.0250000003725,0
2014-04-07 16:00:00,8,0.0301029996659,0.125,0
2014-04-07 17:00:00,5,0.0301029996659,0.0,0
2014-04-07 18:00:00,5,0.0301029996659,0.0,0
2014-04-07 19:00:00,4,0.0301029996659,0.0,0
2014-04-07 20:00:00,5,0.0301029996659,0.0,0
2014-04-07 21:00:00,3,0.0301029996659,0.0,0
2014-04-07 22:00:00,6,0.0301029996659,0.0,0
2014-04-07 23:00:00,6,0.0301029996659,0.0,0
2014-04-08 00:00:00,4,0.0301029996659,0.0,0
2014-04-08 01:00:00,5,0.0301029996659,0.0250000003725,0
2014-04-08 02:00:00,12,0.0301029996659,0.20000000298,0
2014-04-08 03:00:00,23,0.0301029996659,0.625,0
2014-04-08 04:00:00,6,0.0301029996659,0.5,0
2014-04-08 05:00:00,15,0.0301029996659,0.10000000149,0
2014-04-08 06:00:00,5,0.0301029996659,0.27500000596,0
2014-04-08 07:00:00,8,0.0301029996659,0.0,0
2014-04-08 08:00:00,16,0.0301029996659,0.0250000003725,0
2014-04-08 09:00:00,13,0.0301029996659,0.10000000149,0
2014-04-08 10:00:00,12,0.0301029996659,0.0,0
2014-04-08 11:00:00,14,0.0301029996659,0.0500000007451,0
2014-04-08 12:00:00,4,0.0301029996659,0.0,0
2014-04-08 13:00:00,9,0.0301029996659,0.0250000003725,0
2014-04-08 14:00:00,6,0.0301029996659,0.0250000003725,0
2014-04-08 15:00:00,4,0.0301029996659,0.0500000007451,0
2014-04-08 16:00:00,26,0.0301029996659,0.40000000596,0
2014-04-08 17:00:00,12,0.0301029996659,0.824999988079,0
2014-04-08 18:00:00,5,0.0301029996659,0.0,0
2014-04-08 19:00:00,18,0.0301029996659,0.17499999702,0
2014-04-08 20:00:00,6,0.0301029996659,0.449999988079,0
2014-04-08 21:00:00,6,0.0301029996659,0.0,0
2014-04-08 22:00:00,8,0.0301029996659,0.0,0
2014-04-08 23:00:00,13,0.0301029996659,0.0500000007451,0
2014-04-09 00:00:00,9,0.0301029996659,0.0500000007451,0
2014-04-09 01:00:00,8,0.0301029996659,0.0250000003725,0
2014-04-09 02:00:00,0,0.0301029996659,0.0,0
2014-04-09 03:00:00,16,0.0301029996659,0.34999999404,0
2014-04-09 04:00:00,4,0.0301029996659,0.25,0
2014-04-09 05:00:00,8,0.0301029996659,0.0,0
2014-04-09 06:00:00,4,0.0301029996659,0.0,0
2014-04-09 07:00:00,0,0.0301029996659,0.0750000029802,0
2014-04-09 08:00:00,4,0.0301029996659,0.0500000007451,0
2014-04-09 09:00:00,13,0.0301029996659,0.0250000003725,0
2014-04-09 10:00:00,14,0.0301029996659,0.0250000003725,0
2014-04-09 11:00:00,20,0.0301029996659,0.47499999404,0
2014-04-09 12:00:00,3,0.0301029996659,0.47499999404,0
2014-04-09 13:00:00,15,0.0301029996659,0.0,0
2014-04-09 14:00:00,8,0.0301029996659,0.0500000007451,0
2014-04-09 15:00:00,9,0.0301029996659,0.0,0
2014-04-09 16:00:00,8,0.0301029996659,0.0,0
2014-04-09 17:00:00,14,0.0301029996659,0.0250000003725,0
2014-04-09 18:00:00,8,0.0301029996659,0.0,0
2014-04-09 19:00:00,11,0.0301029996659,0.0,0
2014-04-09 20:00:00,15,0.0301029996659,0.300000011921,0
2014-04-09 21:00:00,13,0.0301029996659,0.22499999404,0
2014-04-09 22:00:00,4,0.0301029996659,0.0,0
2014-04-09 23:00:00,7,0.0301029996659,0.0,0
2014-04-10 00:00:00,13,0.0301029996659,0.10000000149,0
2014-04-10 01:00:00,16,0.0600836568985,0.22499999404,0
2014-04-10 02:00:00,10,0.0442934820379,0.20000000298,0
2014-04-10 03:00:00,9,0.0460953344921,0.0,0
2014-04-10 04:00:00,4,0.0460953344921,0.0,0
2014-04-10 05:00:00,12,0.0460953344921,0.0,0
2014-04-10 06:00:00,2,0.0622835582861,0.10000000149,0
2014-04-10 07:00:00,7,0.0817700058638,0.0250000003725,0
2014-04-10 08:00:00,13,0.0817700058638,0.0,0
2014-04-10 09:00:00,21,0.0558370729858,0.27500000596,0
2014-04-10 10:00:00,12,0.0406769328942,0.649999976158,0
2014-04-10 11:00:00,26,0.0406769328942,0.22499999404,0
2014-04-10 12:00:00,18,0.120594634348,1.0,0
2014-04-10 13:00:00,4,0.127457046303,0.0500000007451,0
2014-04-10 14:00:00,2,0.141880268029,0.10000000149,0
2014-04-10 15:00:00,13,0.141880268029,0.0,0
2014-04-10 16:00:00,24,0.141880268029,0.10000000149,0
2014-04-10 17:00:00,15,0.186431380914,0.300000011921,0
2014-04-10 18:00:00,18,0.199845989053,0.0750000029802,0
2014-04-10 19:00:00,16,0.173562181107,0.125,0
2014-04-10 20:00:00,8,0.0897042931818,0.0500000007451,0
2014-04-10 21:00:00,11,0.0713774797703,0.0500000007451,0
2014-04-10 22:00:00,2,0.0622835559646,0.0,0
2014-04-10 23:00:00,7,0.0645350428664,0.0250000003725,0
2014-04-11 00:00:00,9,0.0740641677209,0.0,0
2014-04-11 01:00:00,8,0.0740641677209,0.0,0
2014-04-11 02:00:00,4,0.0844468239285,0.0,0
2014-04-11 03:00:00,14,0.1078511978,0.10000000149,0
2014-04-11 04:00:00,10,0.117557279982,0.0,0
2014-04-11 05:00:00,4,0.134885837112,0.0,0
2014-04-11 06:00:00,7,0.142225243911,0.0,0
2014-04-11 07:00:00,21,0.124314861779,0.17499999702,0
2014-04-11 08:00:00,14,0.0600836581944,0.574999988079,0
2014-04-11 09:00:00,12,0.0622835589494,0.0,0
2014-04-11 10:00:00,22,0.0314259642064,0.47499999404,0
2014-04-11 11:00:00,16,0.0441290666562,0.20000000298,0
2014-04-11 12:00:00,10,0.0441290666562,0.0,0
2014-04-11 13:00:00,13,0.037411787077,0.0,0
2014-04-11 14:00:00,21,0.037411787077,0.0,0
2014-04-11 15:00:00,16,0.0841966820152,0.550000011921,0
2014-04-11 16:00:00,8,0.0841966820152,0.0,0
2014-04-11 17:00:00,8,0.0666230161126,0.0,0
2014-04-11 18:00:00,16,0.0315565094649,0.0500000007451,0
2014-04-11 19:00:00,16,0.030166313349,0.0250000003725,0
2014-04-11 20:00:00,12,0.0600836556025,0.0500000007451,0
2014-04-11 21:00:00,10,0.0765789905019,0.0250000003725,0
2014-04-11 22:00:00,6,0.0740641680916,0.0250000003725,0
2014-04-11 23:00:00,9,0.0740641680916,0.0,0
2014-04-12 00:00:00,8,0.0740641680916,0.0,0
2014-04-12 01:00:00,21,0.0986558911796,0.324999988079,0
2014-04-12 02:00:00,4,0.0791474992291,0.17499999702,0
2014-04-12 03:00:00,16,0.0791474992291,0.0,0
2014-04-12 04:00:00,19,0.0479454217167,0.40000000596,0
2014-04-12 05:00:00,27,0.0343295534422,0.375,0
2014-04-12 06:00:00,14,0.127457048123,1.0,0
2014-04-12 07:00:00,19,0.130975252624,0.0500000007451,0
2014-04-12 08:00:00,15,0.157244918144,0.20000000298,0
2014-04-12 09:00:00,25,0.16123451491,0.0250000003725,0
2014-04-12 10:00:00,12,0.22342531048,0.34999999404,0
2014-04-12 11:00:00,17,0.16528381999,0.0,0
2014-04-12 12:00:00,25,0.204439357556,0.40000000596,0
2014-04-12 13:00:00,26,0.3711342836,0.75,0
2014-04-12 14:00:00,22,0.358257360121,0.34999999404,0
2014-04-12 15:00:00,16,0.275216935759,0.0250000003725,0
2014-04-12 16:00:00,12,0.10755978736,0.0250000003725,0
2014-04-12 17:00:00,30,1.0,0.524999976158,0
2014-04-12 18:00:00,28,0.345635039465,1.0,0
2014-04-12 19:00:00,19,0.425197653843,0.324999988079,0
2014-04-12 20:00:00,12,0.333266809386,0.0,0
2014-04-12 21:00:00,4,0.333266809386,0.0,0
2014-04-12 22:00:00,22,0.345635033414,0.449999988079,0
2014-04-12 23:00:00,10,0.259026419452,0.375,0
2014-04-13 00:00:00,8,0.190842126103,0.0,0
2014-04-13 01:00:00,7,0.18643137406,0.0,0
2014-04-13 02:00:00,10,0.18208122531,0.0,0
2014-04-13 03:00:00,37,1.0,0.550000011921,0
2014-04-13 04:00:00,12,0.186431380261,1.0,0
2014-04-13 05:00:00,12,0.134551728515,0.0,0
2014-04-13 06:00:00,19,0.16123451521,0.17499999702,0
2014-04-13 07:00:00,15,0.190842133382,0.17499999702,0
2014-04-13 08:00:00,8,0.120594638118,0.0,0
2014-04-13 09:00:00,11,0.0763438886558,0.0,0
2014-04-13 10:00:00,26,0.084196683624,0.0750000029802,0
2014-04-13 11:00:00,35,0.165283825157,0.600000023842,0
2014-04-13 12:00:00,32,0.291970831454,0.649999976158,0
2014-04-13 13:00:00,10,0.132012979363,0.25,0
2014-04-13 14:00:00,17,0.0499170962883,0.0,0
2014-04-13 15:00:00,10,0.0499170962883,0.0,0
2014-04-13 16:00:00,18,0.0470695046982,0.125,0
2014-04-13 17:00:00,7,0.0391817798607,0.0250000003725,0
2014-04-13 18:00:00,13,0.0391817798607,0.0,0
2014-04-13 19:00:00,6,0.0391817798607,0.0,0
2014-04-13 20:00:00,5,0.036765376701,0.0250000003725,0
2014-04-13 21:00:00,10,0.0513056911811,0.0250000003725,0
2014-04-13 22:00:00,17,0.0888081753216,0.125,0
2014-04-13 23:00:00,7,0.109032168075,0.0250000003725,0
2014-04-14 00:00:00,25,0.0693063233105,0.47499999404,0
2014-04-14 01:00:00,5,0.0343936207165,0.600000023842,0
2014-04-14 02:00:00,18,0.0367038388797,0.0750000029802,0
2014-04-14 03:00:00,8,0.0378976354809,0.0,0
2014-04-14 04:00:00,19,0.0333342892837,0.25,0
2014-04-14 05:00:00,11,0.0344524879154,0.0250000003725,0
2014-04-14 06:00:00,6,0.0333342892837,0.0,0
2014-04-14 07:00:00,8,0.0322412758011,0.0,0
2014-04-14 08:00:00,18,0.0404293571307,0.300000011921,0
2014-04-14 09:00:00,11,0.0641354630002,0.425000011921,0
2014-04-14 10:00:00,9,0.0367653790791,0.0,0
2014-04-14 11:00:00,15,0.0527979730691,0.0,0
2014-04-14 12:00:00,13,0.0574453886188,0.0,0
2014-04-14 13:00:00,13,0.0574453886188,0.0,0
2014-04-14 14:00:00,11,0.0748358438401,0.0,0
2014-04-14 15:00:00,18,0.0748358438401,0.0250000003725,0
2014-04-14 16:00:00,20,0.0711193393976,0.0500000007451,0
2014-04-14 17:00:00,7,0.0657700121622,0.0750000029802,0
2014-04-14 18:00:00,9,0.0888081740671,0.0,0
2014-04-14 19:00:00,15,0.129203716912,0.0,0
2014-04-14 20:00:00,15,0.129203716912,0.0,0
2014-04-14 21:00:00,10,0.129203716912,0.0,0
2014-04-14 22:00:00,20,0.113879173727,0.15000000596,0
2014-04-14 23:00:00,17,0.102003802509,0.125,0
2014-04-15 00:00:00,8,0.099725168074,0.0250000003725,0
2014-04-15 01:00:00,8,0.099725168074,0.0250000003725,0
2014-04-15 02:00:00,20,0.0826346904571,0.25,0
2014-04-15 03:00:00,7,0.0826346904571,0.0750000029802,0
2014-04-15 04:00:00,20,0.0640464176947,0.25,0
2014-04-15 05:00:00,24,0.0469968270943,0.27500000596,0
2014-04-15 06:00:00,12,0.0367038390556,0.20000000298,0
2014-04-15 07:00:00,16,0.0367038390556,0.0,0
2014-04-15 08:00:00,10,0.044262333187,0.0,0
2014-04-15 09:00:00,13,0.0513056890886,0.0,0
2014-04-15 10:00:00,18,0.052797973967,0.0,0
2014-04-15 11:00:00,38,0.0343936210531,0.375,0
2014-04-15 12:00:00,17,0.0391817808724,0.550000011921,0
2014-04-15 13:00:00,18,0.0355961068631,0.0,0
2014-04-15 14:00:00,27,0.0322412756401,0.17499999702,0
2014-04-15 15:00:00,6,0.0391817808724,0.425000011921,0
2014-04-15 16:00:00,8,0.0301298438084,0.0,0
2014-04-15 17:00:00,18,0.0322412758011,0.0500000007451,0
2014-04-15 18:00:00,4,0.0344524879154,0.0500000007451,0
2014-04-15 19:00:00,14,0.0344524879154,0.0,0
2014-04-15 20:00:00,18,0.0391817808724,0.10000000149,0
2014-04-15 21:00:00,10,0.037897635391,0.0,0
2014-04-15 22:00:00,20,0.0543185662431,0.25,0
2014-04-15 23:00:00,15,0.0484053043767,0.10000000149,0
2014-04-16 00:00:00,8,0.0590519697845,0.0,0
2014-04-16 01:00:00,13,0.0867191977444,0.0500000007451,0
2014-04-16 02:00:00,13,0.0867191977444,0.0,0
2014-04-16 03:00:00,4,0.0846614115407,0.0750000029802,0
2014-04-16 04:00:00,2,0.0888081748512,0.0,0
2014-04-16 05:00:00,19,0.0657700128098,0.300000011921,0
2014-04-16 06:00:00,9,0.0711193399424,0.0250000003725,0
2014-04-16 07:00:00,15,0.069306321703,0.0250000003725,0
2014-04-16 08:00:00,20,0.086719196663,0.0250000003725,0
2014-04-16 09:00:00,16,0.0909284659405,0.0500000007451,0
2014-04-16 10:00:00,19,0.0909284659405,0.0,0
2014-04-16 11:00:00,29,0.0729624653774,0.27500000596,0
2014-04-16 12:00:00,23,0.0311182555922,0.725000023842,0
2014-04-16 13:00:00,15,0.0343936196224,0.0,0
2014-04-16 14:00:00,11,0.0343936196224,0.0,0
2014-04-16 15:00:00,27,0.0391175228209,0.20000000298,0
2014-04-16 16:00:00,18,0.0430043373239,0.5,0
2014-04-16 17:00:00,22,0.0443321624527,0.0500000007451,0
2014-04-16 18:00:00,12,0.0456871518736,0.0500000007451,0
2014-04-16 19:00:00,16,0.0430043373239,0.0,0
2014-04-16 20:00:00,20,0.0484794242942,0.10000000149,0
2014-04-16 21:00:00,20,0.0417034718098,0.15000000596,0
2014-04-16 22:00:00,9,0.052797973967,0.0250000003725,0
2014-04-16 23:00:00,9,0.052797973967,0.0,0
2014-04-17 00:00:00,9,0.052797973967,0.0,0
2014-04-17 01:00:00,2,0.0657700134574,0.0,0
2014-04-17 02:00:00,20,0.0806389050848,0.300000011921,0
2014-04-17 03:00:00,10,0.0729624651005,0.15000000596,0
2014-04-17 04:00:00,7,0.0767396173369,0.0,0
2014-04-17 05:00:00,10,0.0729624651005,0.0500000007451,0
2014-04-17 06:00:00,13,0.0786739254712,0.0250000003725,0
2014-04-17 07:00:00,20,0.0867191965085,0.0500000007451,0
2014-04-17 08:00:00,33,0.0657700119031,0.300000011921,0
2014-04-17 09:00:00,14,0.0333342907664,0.725000023842,0
2014-04-17 10:00:00,20,0.0333342907664,0.0,0
2014-04-17 11:00:00,30,0.0443321632522,0.22499999404,0
2014-04-17 12:00:00,14,0.073059294138,0.75,0
2014-04-17 13:00:00,23,0.0624398312139,0.0,0
2014-04-17 14:00:00,20,0.0624398312139,0.0,0
2014-04-17 15:00:00,18,0.0641354622356,0.0750000029802,0
2014-04-17 16:00:00,17,0.0658605987084,0.0500000007451,0
2014-04-17 17:00:00,8,0.074288381156,0.0,0
2014-04-17 18:00:00,20,0.0538561241997,0.0250000003725,0
2014-04-17 19:00:00,10,0.0456448139357,0.0,0
2014-04-17 20:00:00,13,0.0456448139357,0.0,0
2014-04-17 21:00:00,12,0.0586586504325,0.0250000003725,0
2014-04-17 22:00:00,4,0.127922874683,0.0,0
2014-04-17 23:00:00,11,0.127922874683,0.0,0
2014-04-18 00:00:00,12,0.127922874683,0.0,0
2014-04-18 01:00:00,11,0.133760300064,0.0250000003725,0
2014-04-18 02:00:00,22,0.130821837983,0.0750000029802,0
2014-04-18 03:00:00,8,0.127922874683,0.0250000003725,0
2014-04-18 04:00:00,14,0.130821837983,0.0,0
2014-04-18 05:00:00,8,0.127922874683,0.0250000003725,0
2014-04-18 06:00:00,14,0.12506329726,0.0250000003725,0
2014-04-18 07:00:00,17,0.12506329726,0.0250000003725,0
2014-04-18 08:00:00,31,0.0937758364101,0.300000011921,0
2014-04-18 09:00:00,15,0.0302148960334,0.925000011921,0
2014-04-18 10:00:00,13,0.0302148960334,0.0,0
2014-04-18 11:00:00,13,0.0311283330885,0.0,0
2014-04-18 12:00:00,8,0.0347170771912,0.0,0
2014-04-18 13:00:00,14,0.0359736672843,0.0,0
2014-04-18 14:00:00,15,0.0334908626373,0.0500000007451,0
2014-04-18 15:00:00,6,0.0347170771912,0.0,0
2014-04-18 16:00:00,10,0.0359736672843,0.0,0
2014-04-18 17:00:00,21,0.0334908625471,0.0750000029802,0
2014-04-18 18:00:00,10,0.0502734993462,0.0,0
2014-04-18 19:00:00,12,0.133760299844,0.0,0
2014-04-18 20:00:00,4,0.130821837983,0.0250000003725,0
2014-04-18 21:00:00,10,0.130821837983,0.0,0
2014-04-18 22:00:00,9,0.130821837983,0.0,0
2014-04-18 23:00:00,8,0.130821837983,0.0,0
2014-04-19 00:00:00,9,0.136738370495,0.0,0
2014-04-19 01:00:00,3,0.127922874469,0.0750000029802,0
2014-04-19 02:00:00,11,0.127922874469,0.0,0
2014-04-19 03:00:00,15,0.133760299844,0.0250000003725,0
2014-04-19 04:00:00,11,0.133760299844,0.0,0
2014-04-19 05:00:00,14,0.130821837983,0.0250000003725,0
2014-04-19 06:00:00,5,0.133760299844,0.0,0
2014-04-19 07:00:00,10,0.133760299844,0.0,0
2014-04-19 08:00:00,8,0.133760299844,0.0,0
2014-04-19 09:00:00,12,0.125063297048,0.0750000029802,0
2014-04-19 10:00:00,33,0.0780447553856,0.47499999404,0
2014-04-19 11:00:00,12,0.0313576607636,0.850000023842,0
2014-04-19 12:00:00,11,0.0313576607636,0.0,0
2014-04-19 13:00:00,3,0.0325299319808,0.0500000007451,0
2014-04-19 14:00:00,18,0.0349642486505,0.0500000007451,0
2014-04-19 15:00:00,13,0.0337320246794,0.0,0
2014-04-19 16:00:00,17,0.0337320246794,0.0,0
2014-04-19 17:00:00,21,0.0362269081581,0.0500000007451,0
2014-04-19 18:00:00,10,0.0362269081581,0.0,0
2014-04-19 19:00:00,18,0.0337320245887,0.0250000003725,0
2014-04-19 20:00:00,19,0.0456448121552,0.10000000149,0
2014-04-19 21:00:00,10,0.116719715574,0.0,0
2014-04-19 22:00:00,8,0.116719715574,0.0,0
2014-04-19 23:00:00,6,0.122242990726,0.0,0
2014-04-20 00:00:00,5,0.122242990726,0.0500000007451,0
2014-04-20 01:00:00,10,0.122242990726,0.0,0
2014-04-20 02:00:00,18,0.111352075355,0.10000000149,0
2014-04-20 03:00:00,14,0.111352075355,0.0500000007451,0
2014-04-20 04:00:00,16,0.10613905188,0.0500000007451,0
2014-04-20 05:00:00,10,0.10872630194,0.0,0
2014-04-20 06:00:00,13,0.114016503678,0.0500000007451,0
2014-04-20 07:00:00,6,0.114016503678,0.0,0
2014-04-20 08:00:00,29,0.0914167956879,0.22499999404,0
2014-04-20 09:00:00,10,0.0604383923052,0.375,0
2014-04-20 10:00:00,22,0.0641023572974,0.0,0
2014-04-20 11:00:00,9,0.0641023572974,0.0,0
2014-04-20 12:00:00,23,0.0641023572974,0.10000000149,0
2014-04-20 13:00:00,16,0.0679070306074,0.0,0
2014-04-20 14:00:00,6,0.0718540291372,0.0,0
2014-04-20 15:00:00,20,0.0698626408661,0.0250000003725,0
2014-04-20 16:00:00,23,0.0698626408661,0.0500000007451,0
2014-04-20 17:00:00,19,0.0604383924391,0.125,0
2014-04-20 18:00:00,11,0.0780447552277,0.0,0
2014-04-20 19:00:00,8,0.114016503878,0.0,0
2014-04-20 20:00:00,8,0.114016503878,0.0,0
2014-04-20 21:00:00,11,0.111352075552,0.0250000003725,0
2014-04-20 22:00:00,17,0.114016503678,0.0750000029802,0
2014-04-20 23:00:00,0,0.114016503678,0.0,0
2014-04-21 00:00:00,8,0.114016503678,0.0,0
2014-04-21 01:00:00,10,0.116719715574,0.0,0
2014-04-21 02:00:00,9,0.122242990726,0.0,0
2014-04-21 03:00:00,15,0.133760299844,0.0250000003725,0
2014-04-21 04:00:00,4,0.130821837983,0.0250000003725,0
2014-04-21 05:00:00,28,0.0986070807422,0.300000011921,0
2014-04-21 06:00:00,20,0.0552025613707,0.524999976158,0
2014-04-21 07:00:00,16,0.0569134483448,0.0,0
2014-04-21 08:00:00,15,0.0622528907413,0.0,0
2014-04-21 09:00:00,15,0.0552025614969,0.10000000149,0
2014-04-21 10:00:00,24,0.0471547464116,0.125,0
2014-04-21 11:00:00,14,0.0471547464116,0.0,0
2014-04-21 12:00:00,17,0.0471547464116,0.0,0
2014-04-21 13:00:00,8,0.0486975579969,0.0,0
2014-04-21 14:00:00,27,0.0456448142695,0.0750000029802,0
2014-04-21 15:00:00,14,0.0622528912873,0.0500000007451,0
2014-04-21 16:00:00,6,0.10872630194,0.0,0
2014-04-21 17:00:00,12,0.10872630194,0.0,0
2014-04-21 18:00:00,9,0.10872630194,0.0,0
2014-04-21 19:00:00,13,0.119461836893,0.0,0
2014-04-21 20:00:00,15,0.133760299844,0.0,0
2014-04-21 21:00:00,6,0.109494090762,0.0,0
2014-04-21 22:00:00,13,0.109494090762,0.0,0
2014-04-21 23:00:00,15,0.101980023343,0.0750000029802,0
2014-04-22 00:00:00,11,0.109494090762,0.0,0
2014-04-22 01:00:00,14,0.112072356862,0.0250000003725,0
2014-04-22 02:00:00,5,0.109494090762,0.0250000003725,0
2014-04-22 03:00:00,16,0.104448050373,0.0500000007451,0
2014-04-22 04:00:00,10,0.101980023526,0.0250000003725,0
2014-04-22 05:00:00,9,0.101980023526,0.0,0
2014-04-22 06:00:00,23,0.0971533042275,0.0500000007451,0
2014-04-22 07:00:00,22,0.087933366909,0.10000000149,0
2014-04-22 08:00:00,22,0.0772091920229,0.125,0
2014-04-22 09:00:00,10,0.083537847191,0.0,0
2014-04-22 10:00:00,27,0.0711941777178,0.15000000596,0
2014-04-22 11:00:00,23,0.04712555113,0.375,0
2014-04-22 12:00:00,20,0.04712555113,0.0250000003725,0
2014-04-22 13:00:00,6,0.0501725176256,0.0,0
2014-04-22 14:00:00,13,0.0517437361577,0.0,0
2014-04-22 15:00:00,18,0.0501725176256,0.0250000003725,0
2014-04-22 16:00:00,33,0.0374383669722,0.27500000596,0
2014-04-22 17:00:00,15,0.0724770935466,0.949999988079,0
2014-04-22 18:00:00,3,0.0648479664483,0.0250000003725,0
2014-04-22 19:00:00,6,0.0648479664483,0.0,0
2014-04-22 20:00:00,21,0.0560685490854,0.0250000003725,0
2014-04-22 21:00:00,14,0.0345201512194,0.0,0
2014-04-22 22:00:00,31,0.0544116113635,0.375,0
2014-04-22 23:00:00,10,0.0916739661058,0.47499999404,0
2014-04-23 00:00:00,32,0.121806225525,0.300000011921,0
2014-04-23 01:00:00,9,0.191157378026,0.574999988079,0
2014-04-23 02:00:00,18,0.154152873646,0.0,0
2014-04-23 03:00:00,13,0.0612364340132,0.0,0
2014-04-23 04:00:00,10,0.0594807522928,0.0,0
2014-04-23 05:00:00,21,0.0630254394206,0.0500000007451,0
2014-04-23 06:00:00,4,0.0612364340132,0.0,0
2014-04-23 07:00:00,4,0.0612364340132,0.0,0
2014-04-23 08:00:00,22,0.0511949906134,0.22499999404,0
2014-04-23 09:00:00,8,0.0345201510392,0.17499999702,0
2014-04-23 10:00:00,7,0.037438368686,0.0500000007451,0
2014-04-23 11:00:00,19,0.0711941790276,0.0500000007451,0
2014-04-23 12:00:00,22,0.0636539386191,0.10000000149,0
2014-04-23 13:00:00,15,0.0636539386191,0.0,0
2014-04-23 14:00:00,19,0.0636539386191,0.0,0
2014-04-23 15:00:00,26,0.0618533254116,0.0750000029802,0
2014-04-23 16:00:00,22,0.0427902430058,0.300000011921,0
2014-04-23 17:00:00,22,0.0400539389521,0.0500000007451,0
2014-04-23 18:00:00,16,0.048633199049,0.0750000029802,0
2014-04-23 19:00:00,18,0.0583520754221,0.0250000003725,0
2014-04-23 20:00:00,20,0.0583520754221,0.0500000007451,0
2014-04-23 21:00:00,13,0.0618533236838,0.0,0
2014-04-23 22:00:00,18,0.0673561211618,0.0250000003725,0
2014-04-23 23:00:00,15,0.0673561211618,0.0,0
2014-04-24 00:00:00,9,0.0673561211618,0.0,0
2014-04-24 01:00:00,24,0.0692580727563,0.0500000007451,0
2014-04-24 02:00:00,12,0.0901845174029,0.0500000007451,0
2014-04-24 03:00:00,13,0.0947943422348,0.0,0
2014-04-24 04:00:00,12,0.101980023708,0.0,0
2014-04-24 05:00:00,2,0.101980023708,0.0250000003725,0
2014-04-24 06:00:00,10,0.10695269709,0.0,0
2014-04-24 07:00:00,13,0.104448050558,0.0250000003725,0
2014-04-24 08:00:00,9,0.101980023708,0.0500000007451,0
2014-04-24 09:00:00,19,0.0947943422348,0.0750000029802,0
2014-04-24 10:00:00,9,0.0792836731696,0.17499999702,0
2014-04-24 11:00:00,27,0.0673561222853,0.20000000298,0
2014-04-24 12:00:00,12,0.0486332006381,0.324999988079,0
2014-04-24 13:00:00,21,0.0486332006381,0.0,0
2014-04-24 14:00:00,6,0.0486332006381,0.0,0
2014-04-24 15:00:00,24,0.0471255521304,0.0500000007451,0
2014-04-24 16:00:00,20,0.0471255521304,0.0,0
2014-04-24 17:00:00,16,0.0486332006381,0.0,0
2014-04-24 18:00:00,14,0.0517437372221,0.0,0
2014-04-24 19:00:00,14,0.0566510377945,0.0,0
2014-04-24 20:00:00,7,0.069258074758,0.0,0
2014-04-24 21:00:00,17,0.0857178623061,0.0,0
2014-04-24 22:00:00,17,0.109494090762,0.0750000029802,0
2014-04-24 23:00:00,21,0.109494090762,0.0,0
2014-04-25 00:00:00,23,0.0813931697487,0.300000011921,0
2014-04-25 01:00:00,7,0.0813931697487,0.0500000007451,0
2014-04-25 02:00:00,7,0.0813931697487,0.0,0
2014-04-25 03:00:00,9,0.0792836720785,0.0250000003725,0
2014-04-25 04:00:00,10,0.0772091912566,0.0250000003725,0
2014-04-25 05:00:00,14,0.0731646146732,0.0500000007451,0
2014-04-25 06:00:00,4,0.0731646146732,0.0,0
2014-04-25 07:00:00,16,0.0673561211618,0.0750000029802,0
2014-04-25 08:00:00,17,0.0711941771357,0.0250000003725,0
2014-04-25 09:00:00,10,0.0654881385406,0.0750000029802,0
2014-04-25 10:00:00,28,0.0772091914098,0.15000000596,0
2014-04-25 11:00:00,21,0.0600861034574,0.27500000596,0
2014-04-25 12:00:00,18,0.0600861034574,0.0,0
2014-04-25 13:00:00,35,0.048633198822,0.20000000298,0
2014-04-25 14:00:00,16,0.0496348675787,0.75,0
2014-04-25 15:00:00,15,0.0466098473848,0.0,0
2014-04-25 16:00:00,11,0.0466098473848,0.0,0
2014-04-25 17:00:00,15,0.0423068330157,0.0,0
2014-04-25 18:00:00,15,0.0409340502912,0.0,0
2014-04-25 19:00:00,8,0.0382792865989,0.0250000003725,0
2014-04-25 20:00:00,23,0.0345201520302,0.0750000029802,0
2014-04-25 21:00:00,11,0.0337366882501,0.10000000149,0
2014-04-25 22:00:00,8,0.0337366882501,0.0,0
2014-04-25 23:00:00,10,0.0442043157962,0.0,0
2014-04-26 00:00:00,15,0.0971533042275,0.0500000007451,0
2014-04-26 01:00:00,9,0.091864810267,0.0,0
2014-04-26 02:00:00,2,0.0872486189517,0.0500000007451,0
2014-04-26 03:00:00,7,0.0872486189517,0.0,0
2014-04-26 04:00:00,7,0.0872486189517,0.0,0
2014-04-26 05:00:00,11,0.0895380510735,0.0,0
2014-04-26 06:00:00,7,0.096630930761,0.0,0
2014-04-26 07:00:00,15,0.0990705935911,0.0750000029802,0
2014-04-26 08:00:00,13,0.0942290525639,0.0500000007451,0
2014-04-26 09:00:00,16,0.0872486187825,0.0750000029802,0
2014-04-26 10:00:00,15,0.0895380509015,0.0250000003725,0
2014-04-26 11:00:00,30,0.0682959172952,0.25,0
2014-04-26 12:00:00,13,0.0555524717452,0.22499999404,0
2014-04-26 13:00:00,9,0.0555524717452,0.0,0
2014-04-26 14:00:00,6,0.0555524717452,0.0,0
2014-04-26 15:00:00,14,0.0555524717452,0.0,0
2014-04-26 16:00:00,9,0.0522214865916,0.0500000007451,0
2014-04-26 17:00:00,13,0.0555524718719,0.0250000003725,0
2014-04-26 18:00:00,6,0.0506065321545,0.125,0
2014-04-26 19:00:00,23,0.0325547093318,0.40000000596,0
2014-04-26 20:00:00,26,0.0426784561174,0.324999988079,0
2014-04-26 21:00:00,6,0.0385413381887,0.17499999702,0
2014-04-26 22:00:00,4,0.0325547097739,0.0,0
2014-04-26 23:00:00,11,0.0325547097739,0.0,0
2014-04-27 00:00:00,9,0.0325547097739,0.0,0
2014-04-27 01:00:00,9,0.0325547097739,0.0,0
2014-04-27 02:00:00,4,0.0349882026959,0.0,0
2014-04-27 03:00:00,11,0.0349882026959,0.0250000003725,0
2014-04-27 04:00:00,15,0.0362503832309,0.10000000149,0
2014-04-27 05:00:00,7,0.0608050964404,0.0,0
2014-04-27 06:00:00,14,0.0872486196284,0.0,0
2014-04-27 07:00:00,16,0.101548187784,0.0250000003725,0
2014-04-27 08:00:00,2,0.101548187784,0.0,0
2014-04-27 09:00:00,6,0.096630930761,0.0500000007451,0
2014-04-27 10:00:00,19,0.0827810941194,0.15000000596,0
2014-04-27 11:00:00,8,0.0702570268174,0.15000000596,0
2014-04-27 12:00:00,14,0.0663703691366,0.0500000007451,0
2014-04-27 13:00:00,17,0.0682959167161,0.0,0
2014-04-27 14:00:00,12,0.0763556545247,0.0,0
2014-04-27 15:00:00,12,0.0763556545247,0.0,0
2014-04-27 16:00:00,13,0.0763556545247,0.0,0
2014-04-27 17:00:00,17,0.078460916437,0.0,0
2014-04-27 18:00:00,4,0.074286707635,0.0500000007451,0
2014-04-27 19:00:00,2,0.0644801859438,0.17499999702,0
2014-04-27 20:00:00,14,0.0722538944963,0.0500000007451,0
2014-04-27 21:00:00,24,0.0538700545372,0.40000000596,0
2014-04-27 22:00:00,22,0.0490249504857,0.125,0
2014-04-27 23:00:00,16,0.0459609223705,0.0500000007451,0
2014-04-28 00:00:00,26,0.0337564122811,0.22499999404,0
2014-04-28 01:00:00,12,0.0359397151382,0.20000000298,0
2014-04-28 02:00:00,13,0.0359397151382,0.0,0
2014-04-28 03:00:00,13,0.0359397151382,0.0,0
2014-04-28 04:00:00,6,0.033460551034,0.0,0
2014-04-28 05:00:00,10,0.0349882020456,0.0,0
2014-04-28 06:00:00,8,0.0375432517568,0.0,0
2014-04-28 07:00:00,6,0.0626251643726,0.0,0
2014-04-28 08:00:00,23,0.0682959180192,0.0500000007451,0
2014-04-28 09:00:00,14,0.0722538950968,0.0,0
2014-04-28 10:00:00,10,0.0895380512454,0.0250000003725,0
2014-04-28 11:00:00,15,0.106617736872,0.0250000003725,0
2014-04-28 12:00:00,14,0.106617736872,0.0,0
2014-04-28 13:00:00,18,0.106617736872,0.0,0
2014-04-28 14:00:00,13,0.106617736872,0.0,0
2014-04-28 15:00:00,42,1.0,0.27500000596,0
2014-04-28 16:00:00,24,0.0416088862447,0.550000011921,0
2014-04-28 17:00:00,20,0.0402222187986,0.0250000003725,0
2014-04-28 18:00:00,6,0.0416088862447,0.0250000003725,0
2014-04-28 19:00:00,12,0.0416088862447,0.0,0
2014-04-28 20:00:00,6,0.0416088862447,0.0250000003725,0
2014-04-28 21:00:00,12,0.043027379455,0.0,0
2014-04-28 22:00:00,23,0.0388671007774,0.0750000029802,0
2014-04-28 23:00:00,18,0.0349882010236,0.0750000029802,0
2014-04-29 00:00:00,4,0.0313827835446,0.0750000029802,0
2014-04-29 01:00:00,4,0.0459609213652,0.0,0
2014-04-29 02:00:00,9,0.0872486186133,0.0,0
2014-04-29 03:00:00,17,0.0895380507295,0.0,0
2014-04-29 04:00:00,8,0.0918648099175,0.0,0
2014-04-29 05:00:00,9,0.0918648099175,0.0,0
2014-04-29 06:00:00,1,0.0942290522088,0.0,0
2014-04-29 07:00:00,6,0.0942290522088,0.0,0
2014-04-29 08:00:00,5,0.101548187412,0.0,0
2014-04-29 09:00:00,16,0.0990705935911,0.10000000149,0
2014-04-29 10:00:00,12,0.0990705935911,0.0750000029802,0
2014-04-29 11:00:00,28,0.0722538935956,0.300000011921,0
2014-04-29 12:00:00,30,0.0359397164629,0.800000011921,0
2014-04-29 13:00:00,14,0.0359397164629,0.0,0
2014-04-29 14:00:00,10,0.0359397164629,0.0,0
2014-04-29 15:00:00,36,0.0502177137017,0.25,0
2014-04-29 16:00:00,12,0.0603664564288,0.15000000596,0
2014-04-29 17:00:00,13,0.0603664564288,0.0,0
2014-04-29 18:00:00,19,0.0603664564288,0.0,0
2014-04-29 19:00:00,24,0.0534648543975,0.0,0
2014-04-29 20:00:00,25,0.0551389940385,0.10000000149,0
2014-04-29 21:00:00,7,0.0800769197061,0.625,0
2014-04-29 22:00:00,17,0.0313827844929,0.0,0
2014-04-29 23:00:00,6,0.0313827844929,0.0,0
2014-04-30 00:00:00,20,0.0313827844929,0.0,0
2014-04-30 01:00:00,21,0.0430273800963,0.0250000003725,0
2014-04-30 02:00:00,10,0.0522214865916,0.0,0
2014-04-30 03:00:00,13,0.0522214865916,0.0,0
2014-04-30 04:00:00,16,0.0474764974014,0.0750000029802,0
2014-04-30 05:00:00,16,0.0438159461832,0.0,0
2014-04-30 06:00:00,15,0.0501199556014,0.0,0
2014-04-30 07:00:00,19,0.103105625907,0.0,0
2014-04-30 08:00:00,9,0.100512465414,0.0250000003725,0
2014-04-30 09:00:00,22,0.095448635517,0.0500000007451,0
2014-04-30 10:00:00,14,0.092977640747,0.0250000003725,0
2014-04-30 11:00:00,8,0.095448635517,0.0,0
2014-04-30 12:00:00,10,0.092977640747,0.0250000003725,0
2014-04-30 13:00:00,9,0.092977640747,0.0,0
2014-04-30 14:00:00,19,0.0979601890771,0.0250000003725,0
2014-04-30 15:00:00,32,0.066423894762,0.34999999404,0
2014-04-30 16:00:00,4,0.0414879878848,0.800000011921,0
2014-04-30 17:00:00,0,0.0414879878848,0.0,0
2014-04-30 18:00:00,12,0.0400533834617,0.0,0
2014-04-30 19:00:00,23,0.0386526727474,0.0250000003725,0
2014-04-30 20:00:00,20,0.0386526727474,0.0250000003725,0
2014-04-30 21:00:00,20,0.0414879878848,0.0500000007451,0
2014-04-30 22:00:00,8,0.0400533834617,0.0,0
2014-04-30 23:00:00,11,0.0400533834617,0.0,0
2014-05-01 00:00:00,4,0.0386526727474,0.0,0
2014-05-01 01:00:00,11,0.0394530094855,0.0,0
2014-05-01 02:00:00,6,0.100512465606,0.0250000003725,0
2014-05-01 03:00:00,22,0.0905470363813,0.10000000149,0
2014-05-01 04:00:00,8,0.088156649771,0.0250000003725,0
2014-05-01 05:00:00,10,0.0905470363813,0.0,0
2014-05-01 06:00:00,8,0.0929776409295,0.0,0
2014-05-01 07:00:00,10,0.0979601890771,0.0,0
2014-05-01 08:00:00,2,0.0979601890771,0.0,0
2014-05-01 09:00:00,21,0.0929776409295,0.0500000007451,0
2014-05-01 10:00:00,13,0.0858063046405,0.0750000029802,0
2014-05-01 11:00:00,17,0.0834958209698,0.0250000003725,0
2014-05-01 12:00:00,16,0.0725347112793,0.15000000596,0
2014-05-01 13:00:00,13,0.0789936947019,0.0250000003725,0
2014-05-01 14:00:00,24,0.0684224999234,0.15000000596,0
2014-05-01 15:00:00,14,0.0684224999234,0.0,0
2014-05-01 16:00:00,25,0.0625405706638,0.0750000029802,0
2014-05-01 17:00:00,6,0.0484909289825,0.20000000298,0
2014-05-01 18:00:00,16,0.0484909289825,0.0,0
2014-05-01 19:00:00,19,0.0517847920629,0.0,0
2014-05-01 20:00:00,15,0.056996845017,0.0,0
2014-05-01 21:00:00,13,0.0588075696995,0.0,0
2014-05-01 22:00:00,18,0.0704593673982,0.0,0
2014-05-01 23:00:00,2,0.0704593673982,0.0250000003725,0
2014-05-02 00:00:00,10,0.0834958209698,0.0,0
2014-05-02 01:00:00,8,0.0834958209698,0.0,0
2014-05-02 02:00:00,8,0.0905470363813,0.0,0
2014-05-02 03:00:00,19,0.105739827725,0.0500000007451,0
2014-05-02 04:00:00,14,0.103105626102,0.0250000003725,0
2014-05-02 05:00:00,17,0.100512465606,0.0250000003725,0
2014-05-02 06:00:00,4,0.100512465606,0.0,0
2014-05-02 07:00:00,14,0.100512465606,0.0,0
2014-05-02 08:00:00,13,0.0979601890771,0.0250000003725,0
2014-05-02 09:00:00,6,0.0954486357026,0.0500000007451,0
2014-05-02 10:00:00,19,0.0881566495943,0.0750000029802,0
2014-05-02 11:00:00,13,0.0789936950314,0.10000000149,0
2014-05-02 12:00:00,16,0.0664238934346,0.15000000596,0
2014-05-02 13:00:00,12,0.0704593673982,0.0,0
2014-05-02 14:00:00,22,0.0664238932871,0.0750000029802,0
2014-05-02 15:00:00,9,0.0588075699721,0.125,0
2014-05-02 16:00:00,9,0.0588075699721,0.0,0
2014-05-02 17:00:00,16,0.0588075699721,0.0,0
2014-05-02 18:00:00,8,0.0552229766487,0.0750000029802,0
2014-05-02 19:00:00,10,0.0552229766487,0.0500000007451,0
2014-05-02 20:00:00,8,0.0569968452841,0.0500000007451,0
2014-05-02 21:00:00,6,0.0625405710894,0.0250000003725,0
2014-05-02 22:00:00,16,0.0746487436913,0.0,0
2014-05-02 23:00:00,7,0.0725347115914,0.0250000003725,0
2014-05-03 00:00:00,10,0.0789936951962,0.0,0
2014-05-03 01:00:00,12,0.0881566495943,0.0250000003725,0
2014-05-03 02:00:00,11,0.0858063046405,0.0250000003725,0
2014-05-03 03:00:00,16,0.0858063046405,0.0,0
2014-05-03 04:00:00,16,0.0929776409295,0.0,0
2014-05-03 05:00:00,14,0.0979601890771,0.0,0
2014-05-03 06:00:00,12,0.103105626102,0.0,0
2014-05-03 07:00:00,19,0.103105626102,0.0250000003725,0
2014-05-03 08:00:00,13,0.100512465606,0.0250000003725,0
2014-05-03 09:00:00,10,0.095448635517,0.0750000029802,0
2014-05-03 10:00:00,10,0.0881566494177,0.0750000029802,0
2014-05-03 11:00:00,17,0.0812250138692,0.10000000149,0
2014-05-03 12:00:00,24,0.0834958207991,0.0,0
2014-05-03 13:00:00,22,0.0664238935821,0.20000000298,0
2014-05-03 14:00:00,17,0.0664238935821,0.0,0
2014-05-03 15:00:00,13,0.0664238935821,0.0,0
2014-05-03 16:00:00,12,0.0664238935821,0.0,0
2014-05-03 17:00:00,24,0.0644633259444,0.0500000007451,0
2014-05-03 18:00:00,13,0.0644633259444,0.0250000003725,0
2014-05-03 19:00:00,9,0.0704593677046,0.0,0
2014-05-03 20:00:00,14,0.0768016709491,0.0,0
2014-05-03 21:00:00,10,0.0858063048141,0.0,0
2014-05-03 22:00:00,20,0.0812250142046,0.0500000007451,0
2014-05-03 23:00:00,4,0.100512465606,0.0,0
2014-05-04 00:00:00,8,0.100512465606,0.0,0
2014-05-04 01:00:00,4,0.0954486357026,0.0500000007451,0
2014-05-04 02:00:00,12,0.0954486357026,0.0,0
2014-05-04 03:00:00,21,0.0858063044668,0.15000000596,0
2014-05-04 04:00:00,7,0.0881566494177,0.0,0
2014-05-04 05:00:00,13,0.0881566494177,0.0,0
2014-05-04 06:00:00,15,0.0881566494177,0.0,0
2014-05-04 07:00:00,4,0.0881566494177,0.0,0
2014-05-04 08:00:00,15,0.0929776405644,0.0,0
2014-05-04 09:00:00,13,0.0824330560754,0.0250000003725,0
2014-05-04 10:00:00,31,0.0633815030276,0.22499999404,0
2014-05-04 11:00:00,15,0.0524215326144,0.20000000298,0
2014-05-04 12:00:00,18,0.0524215326144,0.0,0
2014-05-04 13:00:00,33,0.0614600873449,0.0250000003725,0
2014-05-04 14:00:00,11,0.0443062994111,0.25,0
2014-05-04 15:00:00,8,0.0443062994111,0.0,0
2014-05-04 16:00:00,19,0.0443062994111,0.0,0
2014-05-04 17:00:00,16,0.0443062994111,0.0,0
2014-05-04 18:00:00,16,0.0443062994111,0.0,0
2014-05-04 19:00:00,4,0.0427909496827,0.0500000007451,0
2014-05-04 20:00:00,7,0.0559242657433,0.0250000003725,0
2014-05-04 21:00:00,10,0.0693775617942,0.0250000003725,0
2014-05-04 22:00:00,11,0.0673400066262,0.0250000003725,0
2014-05-04 23:00:00,17,0.0653413973429,0.0500000007451,0
2014-05-05 00:00:00,13,0.0824330564176,0.0500000007451,0
2014-05-05 01:00:00,5,0.0801572563218,0.0250000003725,0
2014-05-05 02:00:00,17,0.0757261359413,0.0500000007451,0
2014-05-05 03:00:00,21,0.0653413971955,0.125,0
2014-05-05 04:00:00,12,0.0633815027384,0.0250000003725,0
2014-05-05 05:00:00,8,0.0673400064759,0.0,0
2014-05-05 06:00:00,11,0.0693775616409,0.0,0
2014-05-05 07:00:00,13,0.0714542885827,0.0,0
2014-05-05 08:00:00,9,0.0714542885827,0.0250000003725,0
2014-05-05 09:00:00,9,0.0714542885827,0.0500000007451,0
2014-05-05 10:00:00,7,0.0653413973429,0.125,0
2014-05-05 11:00:00,4,0.0541542922318,0.17499999702,0
2014-05-05 12:00:00,12,0.0507257181575,0.10000000149,0
2014-05-05 13:00:00,6,0.0443062996395,0.22499999404,0
2014-05-05 14:00:00,24,0.0398655323739,0.10000000149,0
2014-05-05 15:00:00,17,0.0398655323739,0.0,0
2014-05-05 16:00:00,8,0.0398655323739,0.0,0
2014-05-05 17:00:00,7,0.0398655323739,0.0,0
2014-05-05 18:00:00,6,0.0398655323739,0.0250000003725,0
2014-05-05 19:00:00,4,0.0398655323739,0.0500000007451,0
2014-05-05 20:00:00,16,0.0474438138032,0.0,0
2014-05-05 21:00:00,21,0.0458571537561,0.20000000298,0
2014-05-05 22:00:00,12,0.0490665722843,0.0500000007451,0
2014-05-05 23:00:00,6,0.065341397048,0.0,0
2014-05-06 00:00:00,8,0.0735704079625,0.0,0
2014-05-06 01:00:00,7,0.0714542884265,0.0250000003725,0
2014-05-06 02:00:00,10,0.0693775614876,0.0250000003725,0
2014-05-06 03:00:00,13,0.0693775614876,0.0,0
2014-05-06 04:00:00,14,0.0714542884265,0.0,0
2014-05-06 05:00:00,13,0.0757261359413,0.0,0
2014-05-06 06:00:00,20,0.0735704079625,0.0250000003725,0
2014-05-06 07:00:00,9,0.0895037661683,0.0250000003725,0
2014-05-06 08:00:00,17,0.0919423994424,0.0250000003725,0
2014-05-06 09:00:00,15,0.0871061211105,0.0500000007451,0
2014-05-06 10:00:00,10,0.0801572561537,0.0750000029802,0
2014-05-06 11:00:00,13,0.0801572561537,0.0250000003725,0
2014-05-06 12:00:00,9,0.0779216831664,0.0500000007451,0
2014-05-06 13:00:00,18,0.0779216831664,0.0,0
2014-05-06 14:00:00,9,0.0779216831664,0.0,0
2014-05-06 15:00:00,12,0.0779216831664,0.0,0
2014-05-06 16:00:00,11,0.0801572561537,0.0,0
2014-05-06 17:00:00,18,0.0779216831664,0.0500000007451,0
2014-05-06 18:00:00,10,0.0801572561537,0.0,0
2014-05-06 19:00:00,13,0.0847492803637,0.0,0
2014-05-06 20:00:00,14,0.0919423994424,0.0,0
2014-05-06 21:00:00,17,0.0944222004564,0.0,0
2014-05-06 22:00:00,10,0.0995060033128,0.0,0
2014-05-06 23:00:00,8,0.0995060033128,0.0,0
2014-05-07 00:00:00,11,0.0995060033128,0.0,0
2014-05-07 01:00:00,9,0.0995060033128,0.0,0
2014-05-07 02:00:00,10,0.0995060033128,0.0,0
2014-05-07 03:00:00,3,0.0995060033128,0.0500000007451,0
2014-05-07 04:00:00,7,0.0995060033128,0.0,0
2014-05-07 05:00:00,12,0.0995060033128,0.0,0
2014-05-07 06:00:00,10,0.0995060033128,0.0,0
2014-05-07 07:00:00,10,0.0969433446185,0.0250000003725,0
2014-05-07 08:00:00,13,0.0969433446185,0.0,0
2014-05-07 09:00:00,8,0.0944222004564,0.0250000003725,0
2014-05-07 10:00:00,15,0.0847492805377,0.10000000149,0
2014-05-07 11:00:00,15,0.0779216831664,0.0750000029802,0
2014-05-07 12:00:00,11,0.063381502883,0.17499999702,0
2014-05-07 13:00:00,16,0.0559242654768,0.15000000596,0
2014-05-07 14:00:00,15,0.0559242654768,0.0,0
2014-05-07 15:00:00,17,0.0541542915794,0.0250000003725,0
2014-05-07 16:00:00,3,0.0541542915794,0.0,0
2014-05-07 17:00:00,4,0.0559242654768,0.0,0
2014-05-07 18:00:00,14,0.0541542915794,0.0250000003725,0
2014-05-07 19:00:00,18,0.049066571673,0.10000000149,0
2014-05-07 20:00:00,19,0.049066571673,0.10000000149,0
2014-05-07 21:00:00,17,0.0507257176576,0.0500000007451,0
2014-05-07 22:00:00,8,0.0595769072087,0.0500000007451,0
2014-05-07 23:00:00,4,0.0673400063255,0.0500000007451,0
2014-05-08 00:00:00,8,0.0673400063255,0.0,0
2014-05-08 01:00:00,14,0.0693775614876,0.0,0
2014-05-08 02:00:00,6,0.0633815024493,0.0750000029802,0
2014-05-08 03:00:00,11,0.0559242653435,0.10000000149,0
2014-05-08 04:00:00,8,0.0541542914489,0.0500000007451,0
2014-05-08 05:00:00,0,0.0559242652103,0.0750000029802,0
2014-05-08 06:00:00,15,0.0633815023047,0.0,0
2014-05-08 07:00:00,8,0.0577317178629,0.125,0
2014-05-08 08:00:00,6,0.0490665719176,0.17499999702,0
2014-05-08 09:00:00,21,0.0458571534054,0.10000000149,0
2014-05-08 10:00:00,22,0.0427909491248,0.0500000007451,0
2014-05-08 11:00:00,25,0.0344268362912,0.15000000596,0
2014-05-08 12:00:00,19,0.0384548314674,0.0,0
2014-05-08 13:00:00,14,0.0403936437301,0.0,0
2014-05-08 14:00:00,23,0.0434227912381,0.0,0
2014-05-08 15:00:00,9,0.0482461211707,0.0,0
2014-05-08 16:00:00,15,0.0482461211707,0.0,0
2014-05-08 17:00:00,6,0.0534126457945,0.0500000007451,0
2014-05-08 18:00:00,7,0.0668471574736,0.0,0
2014-05-08 19:00:00,35,0.0534126452639,0.27500000596,0
2014-05-08 20:00:00,20,0.0641160614211,0.975000023842,0
2014-05-08 21:00:00,35,0.0814802994996,0.34999999404,0
2014-05-08 22:00:00,14,0.206634556684,0.975000023842,0
2014-05-08 23:00:00,4,0.206634556684,0.0,0
2014-05-09 00:00:00,12,0.206634556684,0.0,0
2014-05-09 01:00:00,11,0.206634556684,0.0,0
2014-05-09 02:00:00,8,0.206634556684,0.0,0
2014-05-09 03:00:00,10,0.198500532563,0.0,0
2014-05-09 04:00:00,5,0.198500532563,0.0,0
2014-05-09 05:00:00,8,0.157152102854,0.0,0
2014-05-09 06:00:00,6,0.0545899531645,0.0,0
2014-05-09 07:00:00,18,0.0330088743067,0.0,0
2014-05-09 08:00:00,20,0.0945843171162,0.0500000007451,0
2014-05-09 09:00:00,16,0.0895356901138,0.0500000007451,0
2014-05-09 10:00:00,23,0.0822857393055,0.0750000029802,0
2014-05-09 11:00:00,15,0.0822857393055,0.0,0
2014-05-09 12:00:00,25,0.0668471580876,0.17499999702,0
2014-05-09 13:00:00,10,0.0648072413294,0.0250000003725,0
2014-05-09 14:00:00,8,0.0648072413294,0.0,0
2014-05-09 15:00:00,9,0.0648072413294,0.0,0
2014-05-09 16:00:00,8,0.0628079960799,0.0250000003725,0
2014-05-09 17:00:00,23,0.0628079960799,0.0,0
2014-05-09 18:00:00,34,0.0466006283247,0.27500000596,0
2014-05-09 19:00:00,12,0.0601857110577,0.824999988079,0
2014-05-09 20:00:00,14,0.0545899512807,0.0,0
2014-05-09 21:00:00,12,0.0545899512807,0.0,0
2014-05-09 22:00:00,17,0.0428921337926,0.0,0
2014-05-09 23:00:00,20,0.0413718304238,0.0,0
2014-05-10 00:00:00,6,0.0413718304238,0.0,0
2014-05-10 01:00:00,4,0.0413718304238,0.0,0
2014-05-10 02:00:00,6,0.0413718304238,0.0250000003725,0
2014-05-10 03:00:00,26,0.0528035320018,0.17499999702,0
2014-05-10 04:00:00,4,0.0724657395965,0.524999976158,0
2014-05-10 05:00:00,14,0.0403936458221,0.0,0
2014-05-10 06:00:00,18,0.0403936458221,0.0,0
2014-05-10 07:00:00,13,0.0403936458221,0.0,0
2014-05-10 08:00:00,19,0.0403936458221,0.0,0
2014-05-10 09:00:00,19,0.0389339887157,0.0250000003725,0
2014-05-10 10:00:00,11,0.0375104795076,0.0250000003725,0
2014-05-10 11:00:00,12,0.0375104795076,0.0,0
2014-05-10 12:00:00,40,0.0317381385125,0.20000000298,0
2014-05-10 13:00:00,11,0.0444494964759,0.40000000596,0
2014-05-10 14:00:00,11,0.0449929586095,0.0,0
2014-05-10 15:00:00,21,0.0449929586095,0.0,0
2014-05-10 16:00:00,19,0.0449929586095,0.0,0
2014-05-10 17:00:00,4,0.0418897977842,0.0500000007451,0
2014-05-10 18:00:00,16,0.0418897977842,0.0,0
2014-05-10 19:00:00,16,0.0434227911225,0.0,0
2014-05-10 20:00:00,11,0.0434227911225,0.0250000003725,0
2014-05-10 21:00:00,8,0.0434227911225,0.0,0
2014-05-10 22:00:00,10,0.057051691902,0.0,0
2014-05-10 23:00:00,3,0.0920383402882,0.0,0
2014-05-11 00:00:00,3,0.0920383402882,0.0,0
2014-05-11 01:00:00,8,0.0920383402882,0.0,0
2014-05-11 02:00:00,8,0.0920383402882,0.0,0
2014-05-11 03:00:00,18,0.0920383402882,0.0500000007451,0
2014-05-11 04:00:00,7,0.0920383402882,0.0,0
2014-05-11 05:00:00,13,0.0920383402882,0.0,0
2014-05-11 06:00:00,13,0.0945843171162,0.0,0
2014-05-11 07:00:00,13,0.0945843171162,0.0,0
2014-05-11 08:00:00,8,0.0920383402882,0.0250000003725,0
2014-05-11 09:00:00,14,0.0895356901138,0.0250000003725,0
2014-05-11 10:00:00,10,0.0870761729294,0.0250000003725,0
2014-05-11 11:00:00,22,0.0689279969073,0.20000000298,0
2014-05-11 12:00:00,21,0.0689279969073,0.0,0
2014-05-11 13:00:00,27,0.0608491650357,0.15000000596,0
2014-05-11 14:00:00,6,0.0516518254749,0.125,0
2014-05-11 15:00:00,7,0.0516518254749,0.0,0
2014-05-11 16:00:00,5,0.0516518254749,0.0,0
2014-05-11 17:00:00,17,0.0516518254749,0.0,0
2014-05-11 18:00:00,0,0.0499297508002,0.0500000007451,0
2014-05-11 19:00:00,12,0.0516518254749,0.0,0
2014-05-11 20:00:00,18,0.0499297508002,0.0500000007451,0
2014-05-11 21:00:00,8,0.0628079956375,0.0250000003725,0
2014-05-11 22:00:00,10,0.0628079956375,0.0,0
2014-05-11 23:00:00,9,0.0754184717787,0.0,0
2014-05-12 00:00:00,6,0.0870761729294,0.0,0
2014-05-12 01:00:00,5,0.0846595904135,0.0250000003725,0
2014-05-12 02:00:00,4,0.079954412175,0.0500000007451,0
2014-05-12 03:00:00,12,0.0754184716128,0.0500000007451,0
2014-05-12 04:00:00,7,0.0776653955603,0.0250000003725,0
2014-05-12 05:00:00,11,0.0776653955603,0.0,0
2014-05-12 06:00:00,4,0.079954412175,0.0250000003725,0
2014-05-12 07:00:00,11,0.079954412175,0.0250000003725,0
2014-05-12 08:00:00,12,0.079954412175,0.0,0
2014-05-12 09:00:00,16,0.079954412175,0.0,0
2014-05-12 10:00:00,13,0.079954412175,0.0,0
2014-05-12 11:00:00,20,0.0776653955603,0.0500000007451,0
2014-05-12 12:00:00,8,0.079954412175,0.0250000003725,0
2014-05-12 13:00:00,8,0.0846595904135,0.0,0
2014-05-12 14:00:00,17,0.0846595904135,0.0250000003725,0
2014-05-12 15:00:00,13,0.0846595904135,0.0,0
2014-05-12 16:00:00,15,0.0870761729294,0.0,0
2014-05-12 17:00:00,20,0.0871443424371,0.0,0
2014-05-12 18:00:00,6,0.0871443424371,0.0,0
2014-05-12 19:00:00,9,0.0871443424371,0.0,0
2014-05-12 20:00:00,13,0.0871443424371,0.0,0
2014-05-12 21:00:00,9,0.0921144842863,0.0,0
2014-05-12 22:00:00,13,0.0946646000074,0.0,0
2014-05-12 23:00:00,6,0.0946646000074,0.0,0
2014-05-13 00:00:00,11,0.0972583332464,0.0,0
2014-05-13 01:00:00,20,0.0896077963002,0.0750000029802,0
2014-05-13 02:00:00,15,0.0896077963002,0.0,0
2014-05-13 03:00:00,4,0.082346335095,0.0750000029802,0
2014-05-13 04:00:00,20,0.0777188142022,0.0500000007451,0
2014-05-13 05:00:00,9,0.0777188142022,0.0,0
2014-05-13 06:00:00,11,0.0777188142022,0.0,0
2014-05-13 07:00:00,6,0.0777188142022,0.0,0
2014-05-13 08:00:00,7,0.0668843374545,0.125,0
2014-05-13 09:00:00,19,0.0628393472595,0.0500000007451,0
2014-05-13 10:00:00,21,0.0570749978527,0.0750000029802,0
2014-05-13 11:00:00,4,0.0552333121733,0.10000000149,0
2014-05-13 12:00:00,14,0.0552333121733,0.0,0
2014-05-13 13:00:00,14,0.0608777430035,0.0,0
2014-05-13 14:00:00,17,0.0648414597829,0.0,0
2014-05-13 15:00:00,19,0.0648414597829,0.0,0
2014-05-13 16:00:00,15,0.0648414597829,0.0,0
2014-05-13 17:00:00,11,0.0648414597829,0.0,0
2014-05-13 18:00:00,10,0.0754684491884,0.0,0
2014-05-13 19:00:00,17,0.0777188143714,0.0250000003725,0
2014-05-13 20:00:00,8,0.084723923299,0.0,0
2014-05-13 21:00:00,10,0.0946646000074,0.0,0
2014-05-13 22:00:00,17,0.0921144842863,0.0250000003725,0
2014-05-13 23:00:00,4,0.0896077964853,0.0250000003725,0
2014-05-14 00:00:00,2,0.0871443424371,0.0250000003725,0
2014-05-14 01:00:00,6,0.0871443424371,0.0,0
2014-05-14 02:00:00,23,0.07109339069,0.17499999702,0
2014-05-14 03:00:00,12,0.0668843380694,0.0500000007451,0
2014-05-14 04:00:00,8,0.0628393478501,0.0500000007451,0
2014-05-14 05:00:00,18,0.064841460235,0.0,0
2014-05-14 06:00:00,10,0.064841460235,0.0,0
2014-05-14 07:00:00,4,0.058956383385,0.0750000029802,0
2014-05-14 08:00:00,8,0.0516679037174,0.125,0
2014-05-14 09:00:00,15,0.0482578220549,0.0750000029802,0
2014-05-14 10:00:00,18,0.0499435968834,0.0,0
2014-05-14 11:00:00,6,0.0466102707486,0.0500000007451,0
2014-05-14 12:00:00,9,0.0450006274539,0.20000000298,0
2014-05-14 13:00:00,6,0.0347666226735,0.22499999404,0
2014-05-14 14:00:00,2,0.0361203196309,0.0250000003725,0
2014-05-14 15:00:00,10,0.0361203196309,0.0,0
2014-05-14 16:00:00,18,0.0334480586964,0.0500000007451,0
2014-05-14 17:00:00,17,0.0334480586964,0.0750000029802,0
2014-05-14 18:00:00,10,0.0375095216944,0.0500000007451,0
2014-05-14 19:00:00,12,0.0389345940743,0.0500000007451,0
2014-05-14 20:00:00,6,0.0347666225739,0.0750000029802,0
2014-05-14 21:00:00,7,0.0347666225739,0.0500000007451,0
2014-05-14 22:00:00,4,0.0434285713105,0.0500000007451,0
2014-05-14 23:00:00,19,0.0516679030678,0.10000000149,0
2014-05-15 00:00:00,5,0.0466102702632,0.10000000149,0
2014-05-15 01:00:00,7,0.0403958933982,0.10000000149,0
2014-05-15 02:00:00,2,0.0334480584055,0.17499999702,0
2014-05-15 03:00:00,11,0.0305104552569,0.15000000596,0
2014-05-15 04:00:00,13,0.0305104552569,0.0500000007451,0
2014-05-15 05:00:00,15,0.0309148035277,0.0250000003725,0
2014-05-15 06:00:00,13,0.0317486583035,0.125,0
2014-05-15 07:00:00,39,0.064177080633,0.550000011921,0
2014-05-15 08:00:00,12,0.171795098892,1.0,0
2014-05-15 09:00:00,19,0.157389764669,0.0,0
2014-05-15 10:00:00,12,0.143731202326,0.0,0
2014-05-15 11:00:00,11,0.130811703788,0.0,0
2014-05-15 12:00:00,14,0.109955012208,0.0,0
2014-05-15 13:00:00,19,0.0938192815307,0.0,0
2014-05-15 14:00:00,10,0.0887910842241,0.0,0
2014-05-15 15:00:00,19,0.086341836524,0.0,0
2014-05-15 16:00:00,14,0.0792510777504,0.0500000007451,0
2014-05-15 17:00:00,15,0.0413960140167,0.0500000007451,0
2014-05-15 18:00:00,8,0.0823463354461,0.0500000007451,0
2014-05-15 19:00:00,11,0.0777188145406,0.0500000007451,0
2014-05-15 20:00:00,6,0.0710933900505,0.0750000029802,0
2014-05-15 21:00:00,23,0.0418937715525,0.40000000596,0
2014-05-15 22:00:00,12,0.030510454893,0.22499999404,0
2014-05-15 23:00:00,4,0.030510454893,0.0,0
2014-05-16 00:00:00,12,0.030510454893,0.0,0
2014-05-16 01:00:00,17,0.0317486581164,0.0250000003725,0
2014-05-16 02:00:00,3,0.030914803895,0.0,0
2014-05-16 03:00:00,10,0.0334480586964,0.0,0
2014-05-16 04:00:00,10,0.0361203196309,0.0,0
2014-05-16 05:00:00,10,0.0389345940743,0.0,0
2014-05-16 06:00:00,13,0.043428571542,0.0,0
2014-05-16 07:00:00,12,0.0732600517819,0.0,0
2014-05-16 08:00:00,10,0.0946646000074,0.0,0
2014-05-16 09:00:00,7,0.0896077964853,0.0500000007451,0
2014-05-16 10:00:00,14,0.0896077964853,0.0,0
2014-05-16 11:00:00,22,0.0800113705367,0.125,0
2014-05-16 12:00:00,16,0.0800113705367,0.0,0
2014-05-16 13:00:00,12,0.0777188147099,0.0250000003725,0
2014-05-16 14:00:00,14,0.0732600511299,0.0500000007451,0
2014-05-16 15:00:00,10,0.0732600511299,0.0,0
2014-05-16 16:00:00,7,0.0689682326338,0.0500000007451,0
2014-05-16 17:00:00,17,0.0689682326338,0.0,0
2014-05-16 18:00:00,4,0.0689682326338,0.0,0
2014-05-16 19:00:00,10,0.0732600511299,0.0,0
2014-05-16 20:00:00,14,0.0710933903702,0.0250000003725,0
2014-05-16 21:00:00,16,0.0779005456468,0.0250000003725,0
2014-05-16 22:00:00,7,0.0733752499049,0.0500000007451,0
2014-05-16 23:00:00,13,0.0756163296625,0.0,0
2014-05-17 00:00:00,7,0.080228130592,0.0,0
2014-05-17 01:00:00,6,0.080228130592,0.0,0
2014-05-17 02:00:00,9,0.0850143109198,0.0,0
2014-05-17 03:00:00,11,0.080228130592,0.0500000007451,0
2014-05-17 04:00:00,8,0.0756163296625,0.0500000007451,0
2014-05-17 05:00:00,6,0.0756163296625,0.0,0
2014-05-17 06:00:00,13,0.0779005456468,0.0,0
2014-05-17 07:00:00,12,0.080228130592,0.0,0
2014-05-17 08:00:00,11,0.0825993117322,0.0250000003725,0
2014-05-17 09:00:00,22,0.0756163294939,0.0750000029802,0
2014-05-17 10:00:00,11,0.0733752497395,0.0250000003725,0
2014-05-17 11:00:00,16,0.0733752497395,0.0,0
2014-05-17 12:00:00,7,0.0733752497395,0.0,0
2014-05-17 13:00:00,23,0.0711770676976,0.0750000029802,0
2014-05-17 14:00:00,2,0.0669084153551,0.10000000149,0
2014-05-17 15:00:00,9,0.0669084153551,0.0,0
2014-05-17 16:00:00,9,0.0669084153551,0.0,0
2014-05-17 17:00:00,11,0.0669084153551,0.0,0
2014-05-17 18:00:00,12,0.0690215396063,0.0,0
2014-05-17 19:00:00,10,0.0756163294939,0.0,0
2014-05-17 20:00:00,6,0.077900545475,0.0,0
2014-05-17 21:00:00,15,0.077900545475,0.0,0
2014-05-17 22:00:00,9,0.077900545475,0.0,0
2014-05-17 23:00:00,8,0.0850143109198,0.0,0
2014-05-18 00:00:00,6,0.09511674336,0.0,0
2014-05-18 01:00:00,7,0.09511674336,0.0,0
2014-05-18 02:00:00,17,0.0874733445577,0.0750000029802,0
2014-05-18 03:00:00,17,0.0850143107383,0.0250000003725,0
2014-05-18 04:00:00,15,0.0850143107383,0.0,0
2014-05-18 05:00:00,9,0.0850143107383,0.0,0
2014-05-18 06:00:00,17,0.0850143107383,0.0,0
2014-05-18 07:00:00,14,0.0850143107383,0.0,0
2014-05-18 08:00:00,6,0.0850143107383,0.0,0
2014-05-18 09:00:00,13,0.0850143107383,0.0,0
2014-05-18 10:00:00,15,0.0850143107383,0.0,0
2014-05-18 11:00:00,17,0.0850143107383,0.0,0
2014-05-18 12:00:00,9,0.0925243570165,0.0,0
2014-05-18 13:00:00,13,0.09511674336,0.0,0
2014-05-18 14:00:00,13,0.0899766246395,0.0500000007451,0
2014-05-18 15:00:00,12,0.0899766246395,0.0,0
2014-05-18 16:00:00,11,0.0850143109198,0.0500000007451,0
2014-05-18 17:00:00,8,0.080228130592,0.0500000007451,0
2014-05-18 18:00:00,10,0.0779005456468,0.0250000003725,0
2014-05-18 19:00:00,3,0.0733752499049,0.0500000007451,0
2014-05-18 20:00:00,0,0.0648374393292,0.10000000149,0
2014-05-18 21:00:00,5,0.0608208761468,0.0500000007451,0
2014-05-18 22:00:00,2,0.0532815735107,0.10000000149,0
2014-05-18 23:00:00,8,0.0532815735107,0.0,0
2014-05-19 00:00:00,14,0.0551053860985,0.0250000003725,0
2014-05-19 01:00:00,9,0.0497541782869,0.0750000029802,0
2014-05-19 02:00:00,23,0.0344366266495,0.300000011921,0
2014-05-19 03:00:00,4,0.0321471280978,0.17499999702,0
2014-05-19 04:00:00,16,0.030881325682,0.0,0
2014-05-19 05:00:00,6,0.0318171046845,0.0,0
2014-05-19 06:00:00,16,0.03580019411,0.0250000003725,0
2014-05-19 07:00:00,9,0.038636888196,0.0,0
2014-05-19 08:00:00,11,0.0416221686969,0.0500000007451,0
2014-05-19 09:00:00,23,0.0334482365819,0.27500000596,0
2014-05-19 10:00:00,12,0.0321471281934,0.0,0
2014-05-19 11:00:00,25,0.0347850538537,0.125,0
2014-05-19 12:00:00,28,0.0358001946247,0.10000000149,0
2014-05-19 13:00:00,22,0.0334482356975,0.34999999404,0
2014-05-19 14:00:00,18,0.0334482356975,0.0,0
2014-05-19 15:00:00,10,0.0334482356975,0.0,0
2014-05-19 16:00:00,19,0.0321471273328,0.0,0
2014-05-19 17:00:00,6,0.0321471273328,0.0,0
2014-05-19 18:00:00,14,0.0305603478629,0.0,0
2014-05-19 19:00:00,21,0.0463850032005,0.0,0
2014-05-19 20:00:00,2,0.041622169609,0.0750000029802,0
2014-05-19 21:00:00,14,0.0497541790575,0.0,0
2014-05-19 22:00:00,11,0.0569696797279,0.0,0
2014-05-19 23:00:00,2,0.0850143107383,0.0250000003725,0
2014-05-20 00:00:00,10,0.0850143107383,0.0,0
2014-05-20 01:00:00,5,0.0825993115539,0.0250000003725,0
2014-05-20 02:00:00,5,0.0825993115539,0.0,0
2014-05-20 03:00:00,8,0.0825993115539,0.0,0
2014-05-20 04:00:00,7,0.0825993115539,0.0,0
2014-05-20 05:00:00,9,0.0825993115539,0.0,0
2014-05-20 06:00:00,17,0.0899766246395,0.0,0
2014-05-20 07:00:00,23,0.0756163293253,0.15000000596,0
2014-05-20 08:00:00,13,0.0756163293253,0.0,0
2014-05-20 09:00:00,13,0.0779005453032,0.0,0
2014-05-20 10:00:00,14,0.0779005453032,0.0,0
2014-05-20 11:00:00,11,0.0802281302419,0.0,0
2014-05-20 12:00:00,8,0.0802281302419,0.0,0
2014-05-20 13:00:00,15,0.0802281302419,0.0,0
2014-05-20 14:00:00,12,0.0802281302419,0.0,0
2014-05-20 15:00:00,3,0.0756163293253,0.0500000007451,0
2014-05-20 16:00:00,15,0.0756163293253,0.0,0
2014-05-20 17:00:00,18,0.0899766246395,0.0,0
2014-05-20 18:00:00,4,0.0825993115539,0.0750000029802,0
2014-05-20 19:00:00,8,0.0802281304169,0.0250000003725,0
2014-05-20 20:00:00,15,0.077900545475,0.0250000003725,0
2014-05-20 21:00:00,11,0.0733752497395,0.0500000007451,0
2014-05-20 22:00:00,10,0.0628083488976,0.125,0
2014-05-20 23:00:00,3,0.0588747465225,0.0500000007451,0
2014-05-21 00:00:00,15,0.0532815733763,0.0750000029802,0
2014-05-21 01:00:00,6,0.0466244429773,0.10000000149,0
2014-05-21 02:00:00,3,0.0358662569229,0.17499999702,0
2014-05-21 03:00:00,16,0.0305505300423,0.10000000149,0
2014-05-21 04:00:00,14,0.0318247560862,0.0500000007451,0
2014-05-21 05:00:00,0,0.0362659704288,0.17499999702,0
2014-05-21 06:00:00,12,0.0438101474134,0.15000000596,0
2014-05-21 07:00:00,10,0.042223905659,0.0250000003725,0
2014-05-21 08:00:00,16,0.0376981577408,0.0500000007451,0
2014-05-21 09:00:00,13,0.0391682859881,0.0750000029802,0
2014-05-21 10:00:00,16,0.0454358301975,0.17499999702,0
2014-05-21 11:00:00,19,0.0391682855443,0.0,0
2014-05-21 12:00:00,10,0.0391682855443,0.17499999702,0
2014-05-21 13:00:00,18,0.0335138309015,0.0,0
2014-05-21 14:00:00,21,0.0348713294855,0.0750000029802,0
2014-05-21 15:00:00,19,0.0331351723687,0.0250000003725,0
2014-05-21 16:00:00,26,0.0358662571319,0.10000000149,0
2014-05-21 17:00:00,15,0.0331351724677,0.0750000029802,0
2014-05-21 18:00:00,9,0.0358662570274,0.0,0
2014-05-21 19:00:00,20,0.0372877449559,0.0500000007451,0
2014-05-21 20:00:00,6,0.0466244432267,0.0250000003725,0
2014-05-21 21:00:00,16,0.0466244432267,0.0,0
2014-05-21 22:00:00,8,0.0593433843676,0.0,0
2014-05-21 23:00:00,8,0.0593433843676,0.0,0
2014-05-22 00:00:00,6,0.0654224166728,0.0,0
2014-05-22 01:00:00,8,0.0675346639927,0.0,0
2014-05-22 02:00:00,12,0.0764203622784,0.0,0
2014-05-22 03:00:00,9,0.0835502516952,0.0,0
2014-05-22 04:00:00,8,0.0835502516952,0.0,0
2014-05-22 05:00:00,8,0.088528798966,0.0,0
2014-05-22 06:00:00,12,0.091086329843,0.0,0
2014-05-22 07:00:00,11,0.091086329843,0.0,0
2014-05-22 08:00:00,22,0.0811287935193,0.10000000149,0
2014-05-22 09:00:00,15,0.0811287935193,0.0,0
2014-05-22 10:00:00,30,0.0555025924243,0.300000011921,0
2014-05-22 11:00:00,10,0.0703102225352,1.0,0
2014-05-22 12:00:00,28,0.0747777798748,0.0500000007451,0
2014-05-22 13:00:00,14,0.171453851447,0.800000011921,0
2014-05-22 14:00:00,10,0.171453851447,0.0,0
2014-05-22 15:00:00,27,0.171453851447,0.0,0
2014-05-22 16:00:00,12,0.191045293655,0.125,0
2014-05-22 17:00:00,9,0.191045293655,0.0,0
2014-05-22 18:00:00,11,0.175272180931,0.0,0
2014-05-22 19:00:00,4,0.175272180931,0.0,0
2014-05-22 20:00:00,10,0.13270948869,0.0,0
2014-05-22 21:00:00,13,0.0391682860991,0.0,0
2014-05-22 22:00:00,14,0.0362659709553,0.0,0
2014-05-22 23:00:00,17,0.078752242194,0.0,0
2014-05-23 00:00:00,20,0.078752242194,0.0,0
2014-05-23 01:00:00,13,0.078752242194,0.0,0
2014-05-23 02:00:00,12,0.091086329843,0.0,0
2014-05-23 03:00:00,7,0.091086329843,0.0,0
2014-05-23 04:00:00,7,0.091086329843,0.0,0
2014-05-23 05:00:00,12,0.091086329843,0.0,0
2014-05-23 06:00:00,3,0.088528798966,0.0250000003725,0
2014-05-23 07:00:00,18,0.088528798966,0.0,0
2014-05-23 08:00:00,9,0.088528798966,0.0,0
2014-05-23 09:00:00,19,0.088528798966,0.0,0
2014-05-23 10:00:00,15,0.088528798966,0.0,0
2014-05-23 11:00:00,34,0.0574019964892,0.34999999404,0
2014-05-23 12:00:00,8,0.0560375515179,0.850000023842,0
2014-05-23 13:00:00,8,0.0560375515179,0.0,0
2014-05-23 14:00:00,16,0.0560375515179,0.0,0
2014-05-23 15:00:00,19,0.0560375515179,0.0,0
2014-05-23 16:00:00,10,0.0541680289334,0.0,0
2014-05-23 17:00:00,15,0.0541680289334,0.0,0
2014-05-23 18:00:00,4,0.0541680289334,0.0,0
2014-05-23 19:00:00,4,0.0541680289334,0.0,0
2014-05-23 20:00:00,2,0.0541680289334,0.0,0
2014-05-23 21:00:00,23,0.0321930645521,0.0,0
2014-05-23 22:00:00,11,0.091086329843,0.0,0
2014-05-23 23:00:00,8,0.091086329843,0.0,0
2014-05-24 00:00:00,13,0.091086329843,0.0,0
2014-05-24 01:00:00,2,0.091086329843,0.0,0
2014-05-24 02:00:00,4,0.091086329843,0.0,0
2014-05-24 03:00:00,0,0.0811287935193,0.10000000149,0
2014-05-24 04:00:00,12,0.0811287935193,0.0,0
2014-05-24 05:00:00,6,0.0811287935193,0.0,0
2014-05-24 06:00:00,5,0.0764203624505,0.0500000007451,0
2014-05-24 07:00:00,10,0.0764203624505,0.0,0
2014-05-24 08:00:00,3,0.0764203624505,0.0,0
2014-05-24 09:00:00,19,0.0741329143056,0.0250000003725,0
2014-05-24 10:00:00,15,0.0741329143056,0.0,0
2014-05-24 11:00:00,5,0.0696903206535,0.0500000007451,0
2014-05-24 12:00:00,27,0.0518285197967,0.22499999404,0
2014-05-24 13:00:00,7,0.0433558480901,0.22499999404,0
2014-05-24 14:00:00,14,0.0433558480901,0.0,0
2014-05-24 15:00:00,15,0.0433558480901,0.0,0
2014-05-24 16:00:00,12,0.0466244443493,0.0,0
2014-05-24 17:00:00,17,0.0466244443493,0.0,0
2014-05-24 18:00:00,11,0.0466244443493,0.0,0
2014-05-24 19:00:00,19,0.048318636823,0.0,0
2014-05-24 20:00:00,12,0.048318636823,0.0,0
2014-05-24 21:00:00,3,0.0518285204657,0.0,0
2014-05-24 22:00:00,17,0.0696903214647,0.0,0
2014-05-24 23:00:00,14,0.091086329843,0.0,0
2014-05-25 00:00:00,8,0.091086329843,0.0,0
2014-05-25 01:00:00,5,0.091086329843,0.0,0
2014-05-25 02:00:00,8,0.091086329843,0.0,0
2014-05-25 03:00:00,11,0.091086329843,0.0,0
2014-05-25 04:00:00,4,0.091086329843,0.0,0
2014-05-25 05:00:00,10,0.0896888286869,0.0,0
2014-05-25 06:00:00,13,0.0896888286869,0.0,0
2014-05-25 07:00:00,17,0.0896888286869,0.0,0
2014-05-25 08:00:00,13,0.0896888286869,0.0,0
2014-05-25 09:00:00,14,0.0896888286869,0.0,0
2014-05-25 10:00:00,14,0.0896888286869,0.0,0
2014-05-25 11:00:00,16,0.0896888286869,0.0,0
2014-05-25 12:00:00,22,0.0774378933561,0.125,0
2014-05-25 13:00:00,10,0.0751231780407,0.0250000003725,0
2014-05-25 14:00:00,8,0.0751231780407,0.0,0
2014-05-25 15:00:00,19,0.0751231780407,0.0,0
2014-05-25 16:00:00,17,0.0751231780407,0.0,0
2014-05-25 17:00:00,15,0.0728530588726,0.0250000003725,0
2014-05-25 18:00:00,8,0.0663077234188,0.0750000029802,0
2014-05-25 19:00:00,10,0.0621623533661,0.0500000007451,0
2014-05-25 20:00:00,13,0.060154290676,0.0250000003725,0
2014-05-25 21:00:00,2,0.0543850742185,0.0750000029802,0
2014-05-25 22:00:00,12,0.0507483345066,0.17499999702,0
2014-05-25 23:00:00,18,0.0489918259798,0.0500000007451,0
2014-05-26 00:00:00,14,0.0472761144712,0.0250000003725,0
2014-05-26 01:00:00,5,0.0439657047412,0.0500000007451,0
2014-05-26 02:00:00,1,0.0336114634708,0.17499999702,0
2014-05-26 03:00:00,47,1.0,0.774999976158,0
2014-05-26 04:00:00,6,0.198703795759,1.0,0
2014-05-26 05:00:00,9,0.190501187797,0.0,0
2014-05-26 06:00:00,12,0.186475872994,0.0,0
2014-05-26 07:00:00,12,0.174702632003,0.0,0
2014-05-26 08:00:00,8,0.148983027301,0.0,0
2014-05-26 09:00:00,13,0.142080508758,0.0,0
2014-05-26 10:00:00,8,0.142080508758,0.0250000003725,0
2014-05-26 11:00:00,17,0.148983027301,0.10000000149,0
2014-05-26 12:00:00,6,0.138702914489,0.10000000149,0
2014-05-26 13:00:00,9,0.0697251263261,0.15000000596,0
2014-05-26 14:00:00,14,0.0472761142185,0.125,0
2014-05-26 15:00:00,16,0.0472761142185,0.0,0
2014-05-26 16:00:00,29,0.0386848675113,0.449999988079,0
2014-05-26 17:00:00,16,0.0573933256259,0.27500000596,0
2014-05-26 18:00:00,7,0.0573933256259,0.0,0
2014-05-26 19:00:00,9,0.0573933256259,0.0,0
2014-05-26 20:00:00,11,0.0554876954656,0.0,0
2014-05-26 21:00:00,19,0.0482816226111,0.0,0
2014-05-26 22:00:00,6,0.0417259104541,0.0,0
2014-05-26 23:00:00,4,0.0330611466866,0.0,0
2014-05-27 00:00:00,4,0.0336114639723,0.0,0
2014-05-27 01:00:00,0,0.0309922784554,0.0500000007451,0
2014-05-27 02:00:00,10,0.0601542905279,0.0,0
2014-05-27 03:00:00,5,0.0846520497311,0.0,0
2014-05-27 04:00:00,10,0.0846520497311,0.0,0
2014-05-27 05:00:00,11,0.0846520497311,0.0,0
2014-05-27 06:00:00,9,0.0846520497311,0.0,0
2014-05-27 07:00:00,5,0.0846520497311,0.0,0
2014-05-27 08:00:00,8,0.082202091606,0.0250000003725,0
2014-05-27 09:00:00,15,0.082202091606,0.0,0
2014-05-27 10:00:00,21,0.0751231776991,0.0750000029802,0
2014-05-27 11:00:00,16,0.0774378930078,0.0250000003725,0
2014-05-27 12:00:00,11,0.0751231776991,0.0250000003725,0
2014-05-27 13:00:00,30,0.0507483337122,0.300000011921,0
2014-05-27 14:00:00,35,0.0500213214148,0.675000011921,0
2014-05-27 15:00:00,11,0.0613317066323,0.15000000596,0
2014-05-27 16:00:00,20,0.0613317066323,0.0,0
2014-05-27 17:00:00,11,0.0613317066323,0.0,0
2014-05-27 18:00:00,13,0.059341230495,0.0,0
2014-05-27 19:00:00,14,0.059341230495,0.0,0
2014-05-27 20:00:00,18,0.0536240314016,0.0,0
2014-05-27 21:00:00,6,0.0518020137019,0.0,0
2014-05-27 22:00:00,8,0.050021321546,0.0,0
2014-05-27 23:00:00,6,0.0317483532216,0.0,0
2014-05-28 00:00:00,8,0.0751231775283,0.0,0
2014-05-28 01:00:00,8,0.0896888286869,0.0,0
2014-05-28 02:00:00,10,0.0896888286869,0.0,0
2014-05-28 03:00:00,3,0.0896888286869,0.0,0
2014-05-28 04:00:00,5,0.0896888286869,0.0,0
2014-05-28 05:00:00,0,0.0846520497311,0.0500000007451,0
2014-05-28 06:00:00,0,0.0846520497311,0.0,0
2014-05-28 07:00:00,22,0.0751231778699,0.10000000149,0
2014-05-28 08:00:00,12,0.0751231778699,0.0,0
2014-05-28 09:00:00,19,0.0663077234188,0.10000000149,0
2014-05-28 10:00:00,19,0.0663077234188,0.0,0
2014-05-28 11:00:00,14,0.0663077234188,0.0,0
2014-05-28 12:00:00,11,0.0642134027658,0.0250000003725,0
2014-05-28 13:00:00,14,0.0621623533661,0.0250000003725,0
2014-05-28 14:00:00,26,0.0456008579701,0.22499999404,0
2014-05-28 15:00:00,7,0.0489918264972,0.0,0
2014-05-28 16:00:00,2,0.0472761149764,0.0250000003725,0
2014-05-28 17:00:00,18,0.05438507505,0.0,0
2014-05-28 18:00:00,13,0.05438507505,0.0,0
2014-05-28 19:00:00,6,0.0621623541222,0.0,0
2014-05-28 20:00:00,7,0.0621623541222,0.0,0
2014-05-28 21:00:00,7,0.0621623541222,0.0,0
2014-05-28 22:00:00,10,0.0642134035379,0.0,0
2014-05-28 23:00:00,9,0.0663077242071,0.0,0
2014-05-29 00:00:00,8,0.0871475542861,0.0,0
2014-05-29 01:00:00,8,0.0871475542861,0.0,0
2014-05-29 02:00:00,10,0.0896888286869,0.0,0
2014-05-29 03:00:00,8,0.0896888286869,0.0,0
2014-05-29 04:00:00,16,0.0896888286869,0.0,0
2014-05-29 05:00:00,2,0.0871475542861,0.0250000003725,0
2014-05-29 06:00:00,16,0.0871475542861,0.0,0
2014-05-29 07:00:00,13,0.0871475542861,0.0,0
2014-05-29 08:00:00,15,0.0871475542861,0.0,0
2014-05-29 09:00:00,15,0.0855132354092,0.0,0
2014-05-29 10:00:00,22,0.0759162119881,0.10000000149,0
2014-05-29 11:00:00,26,0.0445094670832,0.40000000596,0
2014-05-29 12:00:00,24,0.0428998298107,0.0250000003725,0
2014-05-29 13:00:00,36,0.0548871624712,0.625,0
2014-05-29 14:00:00,8,0.109596540571,0.574999988079,0
2014-05-29 15:00:00,16,0.106713980388,0.0,0
2014-05-29 16:00:00,30,0.124725044968,0.15000000596,0
2014-05-29 17:00:00,9,0.173570161977,0.34999999404,0
2014-05-29 18:00:00,7,0.173570161977,0.0,0
2014-05-29 19:00:00,34,0.205878074812,0.20000000298,0
2014-05-29 20:00:00,8,0.322570532578,0.699999988079,0
2014-05-29 21:00:00,14,0.2414525053,0.0,0
2014-05-29 22:00:00,10,0.236825475224,0.0,0
2014-05-29 23:00:00,21,0.137696688801,0.0,0
2014-05-30 00:00:00,13,0.0757554655146,0.0250000003725,0
2014-05-30 01:00:00,21,0.0853398924688,0.10000000149,0
2014-05-30 02:00:00,10,0.0712325175501,0.0,0
2014-05-30 03:00:00,11,0.0443960508119,0.0,0
2014-05-30 04:00:00,8,0.0443960508119,0.0,0
2014-05-30 05:00:00,10,0.0326263478638,0.0,0
2014-05-30 06:00:00,11,0.0759162119881,0.0,0
2014-05-30 07:00:00,12,0.0736293979281,0.0250000003725,0
2014-05-30 08:00:00,25,0.0691889656499,0.0500000007451,0
2014-05-30 09:00:00,14,0.0691889656499,0.0,0
2014-05-30 10:00:00,8,0.0713870681028,0.0,0
2014-05-30 11:00:00,12,0.0806242896575,0.0,0
2014-05-30 12:00:00,35,0.0461590185425,0.425000011921,0
2014-05-30 13:00:00,21,0.0427891818115,0.5,0
2014-05-30 14:00:00,17,0.0427891818115,0.0,0
2014-05-30 15:00:00,14,0.0427891818115,0.0,0
2014-05-30 16:00:00,15,0.0427891818115,0.0,0
2014-05-30 17:00:00,10,0.0412218363559,0.0,0
2014-05-30 18:00:00,13,0.038204221547,0.0,0
2014-05-30 19:00:00,21,0.038204221547,0.0,0
2014-05-30 20:00:00,7,0.0396936431715,0.0250000003725,0
2014-05-30 21:00:00,18,0.0396936431715,0.0,0
2014-05-30 22:00:00,17,0.0445094675688,0.0,0
2014-05-30 23:00:00,6,0.0855132354092,0.0,0
2014-05-31 00:00:00,15,0.0855132354092,0.0,0
2014-05-31 01:00:00,6,0.0855132354092,0.0,0
