timestamp,value,error_prediction,anomaly_score
2014-04-01 01:00:00,7350,0,0.5
2014-04-01 02:00:00,6442,0,0.5
2014-04-01 03:00:00,6057,0,0.5
2014-04-01 04:00:00,7012,0,0.5
2014-04-01 05:00:00,8847,0,0.5
2014-04-01 06:00:00,11371,0,0.5
2014-04-01 07:00:00,13525,0,0.5
2014-04-01 08:00:00,15386,0,0.5
2014-04-01 09:00:00,15896,0,0.5
2014-04-01 10:00:00,15746,0,0.5
2014-04-01 11:00:00,15649,[7349.24627376],0.5
2014-04-01 12:00:00,15659,[6441.2462697],0.5
2014-04-01 13:00:00,15500,[6056.24626297],0.5
2014-04-01 14:00:00,15366,[7011.24625391],0.5
2014-04-01 15:00:00,15478,[8846.24624205],0.5
2014-04-01 16:00:00,14990,[11370.24622697],0.5
2014-04-01 17:00:00,15355,[13524.24620771],0.5
2014-04-01 18:00:00,15119,[15385.24618405],0.5
2014-04-01 19:00:00,14839,[15895.24615592],0.5
2014-04-01 20:00:00,14805,[15745.24612367],0.5
2014-04-01 21:00:00,14275,[15648.24608803],0.5000098155323536
2014-04-01 22:00:00,12903,[15658.24604946],0.5000235185407762
2014-04-01 23:00:00,10961,[15499.24600852],0.5000399846951269
2014-04-02 00:00:00,8787,[15365.24596572],0.500055967519142
2014-04-02 01:00:00,7812,[15477.24592125],0.5000688114455833
2014-04-02 02:00:00,6680,[14989.2458756],0.5000767407387691
2014-04-02 03:00:00,6257,[15354.24582899],0.5000794218317376
2014-04-02 04:00:00,6308,[15118.24578178],0.5000774587084188
2014-04-02 05:00:00,7280,[14838.24573398],0.5000740746537276
2014-04-02 06:00:00,9336,[14804.24568605],0.5000710216305764
2014-04-02 07:00:00,12667,[14274.24563807],0.5000676553940459
2014-04-02 08:00:00,15005,[12902.24559045],0.5000616598621295
2014-04-02 09:00:00,16350,[10960.24554336],0.5000505876670125
2014-04-02 10:00:00,16389,[8786.24549794],0.5000328118291864
2014-04-02 11:00:00,16218,[7811.24545425],0.5000126106513021
2014-04-02 12:00:00,15534,[6679.24541271],0.49999304888785
2014-04-02 13:00:00,14910,[6256.24537343],0.49997359247729645
2014-04-02 14:00:00,14631,[6307.24533606],0.4999562048188898
2014-04-02 15:00:00,14470,[7279.24530059],0.4999406395679722
2014-04-02 16:00:00,14113,[9335.24526632],0.4999264525621284
2014-04-02 17:00:00,13787,[12666.24523258],0.49991864475555925
2014-04-02 18:00:00,13801,[15004.24519831],0.49992112262043475
2014-04-02 19:00:00,13936,[16349.24516296],0.49993364092845205
2014-04-02 20:00:00,13726,[16388.24512661],0.49995215618935207
2014-04-02 21:00:00,13358,[16217.24508929],0.49997273337050485
2014-04-02 22:00:00,12401,[15533.24505144],0.4999950281034553
2014-04-02 23:00:00,10518,[14909.24501324],0.5000178160765911
2014-04-03 00:00:00,8577,[14630.24497491],0.5000407360800477
2014-04-03 01:00:00,6967,[14469.2449367],0.5000613539815801
2014-04-03 02:00:00,6118,[14112.24489868],0.5000759111988116
2014-04-03 03:00:00,5669,[13786.24486107],0.5000801108371297
2014-04-03 04:00:00,5783,[13800.24482369],0.5000770744931486
2014-04-03 05:00:00,6323,[13935.2447868],0.5000698159607477
2014-04-03 06:00:00,8402,[13725.2447502],0.500061645149809
2014-04-03 07:00:00,11278,[13357.24471414],0.5000527917246158
2014-04-03 08:00:00,13790,[12400.24467868],0.5000433360775383
2014-04-03 09:00:00,14977,[10517.24464399],0.5000301337877318
2014-04-03 10:00:00,15825,[8576.24461043],0.5000117951529328
2014-04-03 11:00:00,15489,[6966.24457836],0.4999900305370475
2014-04-03 12:00:00,15730,[6117.24454814],0.49996882847081625
2014-04-03 13:00:00,15376,[5668.24451965],0.4999493644205365
2014-04-03 14:00:00,15287,[5782.24449277],0.49993127889484634
2014-04-03 15:00:00,15609,[6322.2444672],0.499914229613299
2014-04-03 16:00:00,15048,[8401.24444276],0.4999005869342512
2014-04-03 17:00:00,14323,[11277.24441892],0.4998930057806009
2014-04-03 18:00:00,15569,[13789.24439472],0.49989469263154307
2014-04-03 19:00:00,15937,[14976.2443701],0.49990582905123904
2014-04-03 20:00:00,16062,[15824.24434459],0.49992561399009483
2014-04-03 21:00:00,15095,[15488.24431854],0.4999491614506676
2014-04-03 22:00:00,13024,[15729.24429178],0.49997603703850935
2014-04-03 23:00:00,12368,[15375.2442646],0.5000034530285689
2014-04-04 00:00:00,9260,[15286.24423701],0.5000305848181628
2014-04-04 01:00:00,8320,[15608.24420929],0.5000570763603371
2014-04-04 02:00:00,7209,[15047.24418128],0.5000763532350236
2014-04-04 03:00:00,6837,[14322.24415326],0.500085600450805
2014-04-04 04:00:00,7286,[15568.24412525],0.5000898704970694
2014-04-04 05:00:00,8674,[15936.24409711],0.5000912773778712
2014-04-04 06:00:00,11204,[16061.24406898],0.5000903904160041
2014-04-04 07:00:00,14640,[15094.24404079],0.5000886524925197
2014-04-04 08:00:00,16709,[13023.24401277],0.5000811717942386
2014-04-04 09:00:00,18053,[12367.2439853],0.5000727962990166
2014-04-04 10:00:00,18802,[9259.24395853],0.5000550982505731
2014-04-04 11:00:00,18439,[8319.2439329],0.5000334074442648
2014-04-04 12:00:00,18221,[7208.24390852],0.5000105201859015
2014-04-04 13:00:00,17627,[6836.24388528],0.49998954797022277
2014-04-04 14:00:00,17176,[7285.24386334],0.4999664760226269
2014-04-04 15:00:00,17313,[8673.2438423],0.499945752829142
2014-04-04 16:00:00,16959,[11203.24382174],0.4999305223645407
2014-04-04 17:00:00,17243,[14639.24380124],0.49992766776108
2014-04-04 18:00:00,17880,[16708.24378031],0.4999377872199301
2014-04-04 19:00:00,18432,[18052.24375874],0.49995398668443414
2014-04-04 20:00:00,18417,[18801.24373633],0.4999809489037004
2014-04-04 21:00:00,17092,[18438.24371332],0.5000084663751552
2014-04-04 22:00:00,14433,[18220.24368966],0.5000377137084555
2014-04-04 23:00:00,11884,[17626.24366546],0.5000660792773277
2014-04-05 00:00:00,9740,[17175.24364114],0.5000919713523686
2014-04-05 01:00:00,7832,[17312.2436167],0.5001140411153202
2014-04-05 02:00:00,7008,[16958.24359214],0.5001283934617389
2014-04-05 03:00:00,6479,[17242.24356753],0.5001336689655229
2014-04-05 04:00:00,7356,[17879.24354291],0.5001342318813391
2014-04-05 05:00:00,9571,[18431.24351811],0.5001320067481161
2014-04-05 06:00:00,12289,[18416.24349332],0.5001279360513973
2014-04-05 07:00:00,14736,[17091.24346846],0.5001229933479883
2014-04-05 08:00:00,16431,[14432.24344397],0.5001135018245265
2014-04-05 09:00:00,17087,[11883.24341983],0.5000992534223077
2014-04-05 10:00:00,17613,[9739.24339676],0.5000801069035649
2014-04-05 11:00:00,17375,[7831.24337471],0.5000551441225256
2014-04-05 12:00:00,17193,[7007.2433539],0.5000293630334178
2014-04-05 13:00:00,16740,[6478.24333423],0.5000022454583458
2014-04-05 14:00:00,16726,[7355.24331582],0.4999762290007215
2014-04-05 15:00:00,17250,[9570.24329805],0.49995381463365873
2014-04-05 16:00:00,17300,[12288.24328077],0.49993730507956113
2014-04-05 17:00:00,17496,[14735.24326372],0.49993007248829135
2014-04-05 18:00:00,17903,[16430.24324626],0.499934376783001
2014-04-05 19:00:00,18664,[17086.24322855],0.49994724750961184
2014-04-05 20:00:00,18582,[17612.24321049],0.4999671210563842
2014-04-05 21:00:00,17423,[17374.24319196],0.49999126801020455
2014-04-05 22:00:00,14343,[17192.24317318],0.5000170424636282
2014-04-05 23:00:00,11467,[16739.24315417],0.500043157092489
2014-04-06 00:00:00,9196,[16725.24313521],0.500066991078733
2014-04-06 01:00:00,6980,[17249.24311602],0.5000860978588405
2014-04-06 02:00:00,5968,[17299.24309677],0.5000981416191528
2014-04-06 03:00:00,5829,[17495.24307746],0.5001041370657721
2014-04-06 04:00:00,6515,[17902.24305791],0.5001064611953546
2014-04-06 05:00:00,8669,[18663.24303848],0.5001084454727556
2014-04-06 06:00:00,10878,[18581.24301875],0.5001089745043905
2014-04-06 07:00:00,12862,[17422.24299896],0.5001081010370743
2014-04-06 08:00:00,14022,[14342.24297941],0.5001013592022439
2014-04-06 09:00:00,14433,[11466.24296027],0.5000886912222041
2014-04-06 10:00:00,14864,[9195.24294186],0.5000699046047201
2014-04-06 11:00:00,15035,[6979.24292439],0.5000439480089727
2014-04-06 12:00:00,14904,[5967.24290806],0.500016035617822
2014-04-06 13:00:00,15281,[5828.24289262],0.49998834388232893
2014-04-06 14:00:00,14769,[6514.24287808],0.49996199815711617
2014-04-06 15:00:00,14858,[8668.24286437],0.49993853828330126
2014-04-06 16:00:00,15288,[10877.24285108],0.49991971150896175
2014-04-06 17:00:00,14952,[12861.24283791],0.4999078307300505
2014-04-06 18:00:00,15348,[14021.24282461],0.4999061540652716
2014-04-06 19:00:00,15824,[14432.24281132],0.49991267100707926
2014-04-06 20:00:00,16156,[14863.24279767],0.4999260739344027
2014-04-06 21:00:00,14775,[15034.24278408],0.49994569088645924
2014-04-06 22:00:00,12562,[14903.2427702],0.4999678073281175
2014-04-06 23:00:00,20238,[15280.24275625],0.4999914531685423
2014-04-07 00:00:00,21157,[14768.24274212],0.5000123738085345
2014-04-07 01:00:00,17035,[14857.24272805],0.5000281731714542
2014-04-07 02:00:00,9565,[15287.24271393],0.5000394044351855
2014-04-07 03:00:00,7731,[14951.24269968],0.500044764338331
2014-04-07 04:00:00,7303,[15347.2426855],0.5000480597914996
2014-04-07 05:00:00,8990,[15823.24267113],0.5000514171499184
2014-04-07 06:00:00,11326,[16155.24265677],0.5000544330496113
2014-04-07 07:00:00,13192,[14774.24264228],0.5000537626495506
2014-04-07 08:00:00,14487,[12561.24262804],0.5000479567068689
2014-04-07 09:00:00,15413,[20237.24261373],0.5000590067929607
2014-04-07 10:00:00,15250,[21156.24259913],0.5000728780707102
2014-04-07 11:00:00,15095,[17034.24258417],0.5000779045878043
2014-04-07 12:00:00,14936,[9564.24256921],0.5000637765123104
2014-04-07 13:00:00,17225,[7730.24255502],0.5000457194823085
2014-04-07 14:00:00,16199,[7302.24254155],0.5000258107791767
2014-04-07 15:00:00,15092,[8989.24252874],0.50000907501912
2014-04-07 16:00:00,15254,[11325.2425164],0.4999970542656683
2014-04-07 17:00:00,15692,[13191.24250424],0.4999929460390127
2014-04-07 18:00:00,15326,[14486.24249226],0.499997681023471
2014-04-07 19:00:00,15957,[15412.24248004],0.4999847050812569
2014-04-07 20:00:00,16018,[15249.24246782],0.4999688018416262
2014-04-07 21:00:00,14686,[15094.24245542],0.4999632169874343
2014-04-07 22:00:00,12038,[14935.24244303],0.4999769577298444
2014-04-07 23:00:00,9900,[17224.24243063],0.5000014248398521
2014-04-08 00:00:00,8186,[16198.24241799],0.5000245499767275
2014-04-08 01:00:00,6937,[15091.2424053],0.5000406463020941
2014-04-08 02:00:00,5922,[15253.2423926],0.5000510362463553
2014-04-08 03:00:00,5626,[15691.24238002],0.5000575619868624
2014-04-08 04:00:00,6834,[15325.24236745],0.5000597567765506
2014-04-08 05:00:00,8600,[15956.24235475],0.5000609939009439
2014-04-08 06:00:00,10667,[16017.24234217],0.5000628351551859
2014-04-08 07:00:00,12452,[14685.24232954],0.5000618362800822
2014-04-08 08:00:00,14100,[12037.24231702],0.5000544190932378
2014-04-08 09:00:00,14710,[9899.24230504],0.500034887618602
2014-04-08 10:00:00,14762,[8185.24229336],0.5000136122622619
2014-04-08 11:00:00,14763,[6936.24228233],0.49999239158609154
2014-04-08 12:00:00,14480,[5921.2422719],0.4999687606517623
2014-04-08 13:00:00,14236,[5625.24226195],0.49994402025795404
2014-04-08 14:00:00,14362,[6833.24225265],0.49992343292312813
2014-04-08 15:00:00,14836,[8599.24224365],0.49990517870182993
2014-04-08 16:00:00,14641,[10666.24223495],0.4998912813863753
2014-04-08 17:00:00,14336,[12451.24222624],0.4998849241711678
2014-04-08 18:00:00,14096,[14099.24221736],0.49988958888161183
2014-04-08 19:00:00,14163,[14709.24220848],0.4999015501847991
2014-04-08 20:00:00,14158,[14761.24219918],0.499918321724121
2014-04-08 21:00:00,13141,[14762.24218982],0.49993859202393987
2014-04-08 22:00:00,11648,[14479.24218035],0.4999610482583665
2014-04-08 23:00:00,9586,[14235.24217075],0.49998390252519187
2014-04-09 00:00:00,8216,[14361.24216092],0.5000040418385694
2014-04-09 01:00:00,6918,[14835.24215126],0.5000207842962701
2014-04-09 02:00:00,6193,[14640.24214131],0.5000315299046938
2014-04-09 03:00:00,5814,[14335.24213135],0.5000366912796596
2014-04-09 04:00:00,5849,[14095.24212134],0.5000367323649356
2014-04-09 05:00:00,6637,[14162.2421115],0.5000352544679558
2014-04-09 06:00:00,8939,[14157.24210155],0.500033603337841
2014-04-09 07:00:00,11524,[13140.2420916],0.5000292420946079
2014-04-09 08:00:00,13752,[11647.24208176],0.500021623450108
2014-04-09 09:00:00,15138,[9585.24207222],0.5000090609175503
2014-04-09 10:00:00,15338,[8215.24206293],0.499992496678778
2014-04-09 11:00:00,14983,[6917.24205399],0.49997142742647727
2014-04-09 12:00:00,14692,[6192.24204546],0.49994951733697557
2014-04-09 13:00:00,13981,[5813.24203742],0.4999280754825045
2014-04-09 14:00:00,13685,[5848.24202985],0.49990787143582294
2014-04-09 15:00:00,13178,[6636.24202257],0.4998895346087713
2014-04-09 16:00:00,12849,[8938.24201548],0.4998762636592602
2014-04-09 17:00:00,12891,[11523.24200863],0.4998716037070273
2014-04-09 18:00:00,12735,[13751.24200159],0.49987651600156147
2014-04-09 19:00:00,12600,[15137.2419942],0.49989073039962983
2014-04-09 20:00:00,12722,[15337.24198663],0.49990928231118614
2014-04-09 21:00:00,12535,[14982.24197876],0.49993051544471456
2014-04-09 22:00:00,11437,[14691.24197072],0.4999531065724857
2014-04-09 23:00:00,9783,[13980.24196261],0.49997505304195333
2014-04-10 00:00:00,8112,[13684.24195427],0.49999633386239783
2014-04-10 01:00:00,6944,[13177.24194598],0.50001431799118
2014-04-10 02:00:00,6165,[12848.24193764],0.5000252343824578
2014-04-10 03:00:00,5615,[12890.24192935],0.50002917369838
2014-04-10 04:00:00,5781,[12734.24192095],0.5000265047639316
2014-04-10 05:00:00,6506,[12599.24191278],0.5000195539959393
2014-04-10 06:00:00,8436,[12721.2419045],0.5000123003860244
2014-04-10 07:00:00,11060,[12534.24189627],0.5000054784634613
2014-04-10 08:00:00,12916,[11436.24188817],0.4999964425601484
2014-04-10 09:00:00,14021,[9782.24188012],0.4999848994126441
2014-04-10 10:00:00,14388,[8111.24187231],0.49996975396316967
2014-04-10 11:00:00,14153,[6943.2418648],0.49995316622443575
2014-04-10 12:00:00,14432,[6164.24185759],0.49993583870692204
2014-04-10 13:00:00,14175,[5614.24185073],0.4999174627866023
2014-04-10 14:00:00,14170,[5780.24184424],0.49990027690990413
2014-04-10 15:00:00,13467,[6505.24183804],0.49988532354594173
2014-04-10 16:00:00,13732,[8435.24183202],0.49987441371464403
2014-04-10 17:00:00,13913,[11059.24182612],0.499870167610727
2014-04-10 18:00:00,14303,[12915.24182004],0.49987359931938946
2014-04-10 19:00:00,15015,[14020.2418139],0.499884539735586
2014-04-10 20:00:00,15101,[14387.2418074],0.49990115797729373
2014-04-10 21:00:00,14358,[14152.24180079],0.4999204851849559
2014-04-10 22:00:00,12463,[14431.24179387],0.4999428737563554
2014-04-10 23:00:00,10251,[14174.2417869],0.4999662627613196
2014-04-11 00:00:00,8589,[14169.24177963],0.49998935613907036
2014-04-11 01:00:00,7263,[13466.24177241],0.5000087194606709
2014-04-11 02:00:00,6392,[13731.24176514],0.5000235304089541
2014-04-11 03:00:00,6048,[13912.24175775],0.500031541585417
2014-04-11 04:00:00,7117,[14302.2417503],0.5000354046997034
2014-04-11 05:00:00,8832,[15014.24174285],0.5000380632007966
2014-04-11 06:00:00,10997,[15100.2417351],0.5000399231588657
2014-04-11 07:00:00,13175,[14357.24172735],0.5000404680363362
2014-04-11 08:00:00,14991,[12462.2417196],0.5000350326425987
2014-04-11 09:00:00,15808,[10250.24171203],0.5000241348462768
2014-04-11 10:00:00,15777,[8588.24170452],0.500008581253692
2014-04-11 11:00:00,15853,[7262.24169737],0.49999146460093025
2014-04-11 12:00:00,15718,[6391.24169064],0.49997146865601705
2014-04-11 13:00:00,15642,[6047.24168408],0.4999503994449195
2014-04-11 14:00:00,15606,[7116.24167794],0.4999311971911361
2014-04-11 15:00:00,15180,[8831.24167192],0.4999143710159023
2014-04-11 16:00:00,15106,[10996.24166602],0.49990277696354957
2014-04-11 17:00:00,15294,[13174.24166006],0.49989900239048213
2014-04-11 18:00:00,15738,[14990.24165416],0.499905620798198
2014-04-11 19:00:00,16168,[15807.24164778],0.49992085478274995
2014-04-11 20:00:00,16338,[15776.24164122],0.4999407473246108
2014-04-11 21:00:00,15193,[15852.24163449],0.4999646667400629
2014-04-11 22:00:00,12868,[15717.24162763],0.4999907501054601
2014-04-11 23:00:00,10189,[15641.24162066],0.5000176866567774
2014-04-12 00:00:00,9801,[15605.24161339],0.5000415734636231
2014-04-12 01:00:00,7654,[15179.24160612],0.5000595211187608
2014-04-12 02:00:00,6670,[15105.24159884],0.5000711632709633
2014-04-12 03:00:00,6209,[15293.24159145],0.5000771151217633
2014-04-12 04:00:00,6987,[15737.24158394],0.5000790496158477
2014-04-12 05:00:00,8772,[16167.24157631],0.5000797725657051
2014-04-12 06:00:00,11310,[16337.2415688],0.5000810341997679
2014-04-12 07:00:00,14009,[15192.24156123],0.5000790610759156
2014-04-12 08:00:00,15616,[12867.2415536],0.5000711175092292
2014-04-12 09:00:00,16587,[10188.24154603],0.5000557383709424
2014-04-12 10:00:00,16228,[9800.24153876],0.5000392966094018
2014-04-12 11:00:00,16389,[7653.24153179],0.5000179595175314
2014-04-12 12:00:00,16379,[6669.24152517],0.4999942703785403
2014-04-12 13:00:00,15974,[6208.24151886],0.49996912083205747
2014-04-12 14:00:00,15874,[6986.24151284],0.49994507279725797
2014-04-12 15:00:00,15992,[8771.24150705],0.49992454985264834
2014-04-12 16:00:00,16261,[11309.24150145],0.4999101606881642
2014-04-12 17:00:00,15878,[14008.24149573],0.49990635383412163
2014-04-12 18:00:00,16398,[15615.24148983],0.4999137624037384
2014-04-12 19:00:00,17610,[16586.24148399],0.4999316548750392
2014-04-12 20:00:00,17455,[16227.24147773],0.4999496272810502
2014-04-12 21:00:00,16514,[16388.24147129],0.4999742109760634
2014-04-12 22:00:00,13698,[16378.24146491],0.5000015949723462
2014-04-12 23:00:00,10859,[15973.24145818],0.500029219867796
2014-04-13 00:00:00,9034,[15873.24145144],0.5000544064392605
2014-04-13 01:00:00,7238,[15991.24144471],0.5000748459678188
2014-04-13 02:00:00,6667,[16260.24143773],0.5000887461126186
2014-04-13 03:00:00,6373,[15877.2414307],0.5000939131731128
2014-04-13 04:00:00,7207,[16397.24142379],0.5000958315924838
2014-04-13 05:00:00,9421,[17609.24141663],0.5000980758411205
2014-04-13 06:00:00,11924,[17454.24140948],0.5001009554576932
2014-04-13 07:00:00,13884,[16513.24140227],0.500100972271334
2014-04-13 08:00:00,15306,[13697.24139494],0.5000935270767988
2014-04-13 09:00:00,15821,[10858.24138784],0.5000792264713616
2014-04-13 10:00:00,15856,[9033.24138099],0.5000598937928371
2014-04-13 11:00:00,15926,[7237.24137443],0.5000350890156242
2014-04-13 12:00:00,15873,[6666.24136817],0.50000814705241
2014-04-13 13:00:00,15182,[6372.24136227],0.4999818185900975
2014-04-13 14:00:00,15372,[7206.24135667],0.4999565325075266
2014-04-13 15:00:00,15595,[9420.24135125],0.4999337339229518
2014-04-13 16:00:00,16032,[11923.24134588],0.4999179540052422
2014-04-13 17:00:00,15855,[13883.24134064],0.49991012882415065
2014-04-13 18:00:00,16327,[15305.24133521],0.4999142919028894
2014-04-13 19:00:00,17112,[15820.24132967],0.49992802738579134
2014-04-13 20:00:00,17098,[15855.24132407],0.49994709836097606
2014-04-13 21:00:00,16164,[15925.24131829],0.49997153599890265
2014-04-13 22:00:00,13495,[15872.24131227],0.499997511706449
2014-04-13 23:00:00,10979,[15181.2413063],0.5000224990452253
2014-04-14 00:00:00,9212,[15371.24130028],0.5000457142834007
2014-04-14 01:00:00,7318,[15594.24129415],0.5000632569904189
2014-04-14 02:00:00,6448,[16031.24128795],0.5000748260976746
2014-04-14 03:00:00,6188,[15854.24128181],0.5000803078971601
2014-04-14 04:00:00,7042,[16326.24127549],0.5000829643066058
2014-04-14 05:00:00,9185,[17111.24126917],0.5000862097919393
2014-04-14 06:00:00,11717,[17097.24126273],0.500089317858113
2014-04-14 07:00:00,13835,[16163.24125624],0.5000897734408831
2014-04-14 08:00:00,14953,[13494.2412498],0.5000831431081316
2014-04-14 09:00:00,15560,[10978.24124348],0.5000713613188218
2014-04-14 10:00:00,15602,[9211.24123722],0.500053887346257
2014-04-14 11:00:00,15523,[7317.24123138],0.5000303397544661
2014-04-14 12:00:00,15320,[6447.24122578],0.5000033002700579
2014-04-14 13:00:00,15259,[6187.24122047],0.4999764007724331
2014-04-14 14:00:00,15168,[7041.24121547],0.4999507489642545
2014-04-14 15:00:00,16643,[9184.24121064],0.4999286294399493
2014-04-14 16:00:00,16035,[11716.24120587],0.4999132486321958
2014-04-14 17:00:00,15992,[13834.24120116],0.4999062750159948
2014-04-14 18:00:00,16303,[14952.24119633],0.4999100461637389
2014-04-14 19:00:00,17085,[15559.24119145],0.49992276079051945
2014-04-14 20:00:00,17201,[15601.2411862],0.4999406902341049
2014-04-14 21:00:00,15640,[15522.24118119],0.4999638768236534
2014-04-14 22:00:00,12875,[15319.24117583],0.49998906557866574
2014-04-14 23:00:00,10570,[15258.24117047],0.5000149230330602
2014-04-15 00:00:00,8586,[15167.24116504],0.5000381649545391
2014-04-15 01:00:00,7588,[16642.24115962],0.5000593218336509
2014-04-15 02:00:00,6556,[16034.24115402],0.500071551996748
2014-04-15 03:00:00,6313,[15991.24114835],0.500077576718899
2014-04-15 04:00:00,6998,[16302.24114275],0.5000812204221534
2014-04-15 05:00:00,8800,[17084.24113697],0.5000851987316804
2014-04-15 06:00:00,11705,[17200.24113119],0.5000893601381848
2014-04-15 07:00:00,13389,[15639.24112529],0.5000895940586185
2014-04-15 08:00:00,15149,[12874.24111944],0.500082789154086
2014-04-15 09:00:00,16035,[10569.24111366],0.5000695370216787
2014-04-15 10:00:00,16388,[8585.24110824],0.50005075971521
2014-04-15 11:00:00,15936,[7587.24110287],0.5000248990372165
2014-04-15 12:00:00,15770,[6555.24109787],0.49999807151611675
2014-04-15 13:00:00,15056,[6312.24109304],0.4999710096126724
2014-04-15 14:00:00,14945,[6997.24108857],0.4999451802668291
2014-04-15 15:00:00,15479,[8799.24108422],0.499922012129406
2014-04-15 16:00:00,15212,[11704.24107999],0.49990624690907093
2014-04-15 17:00:00,14981,[13388.24107563],0.49989950400516026
2014-04-15 18:00:00,15958,[15148.24107128],0.4999056378191683
2014-04-15 19:00:00,16144,[16034.24106675],0.4999209493547141
2014-04-15 20:00:00,15448,[16387.24106222],0.49994298405191573
2014-04-15 21:00:00,14410,[15935.24105746],0.4999666163422076
2014-04-15 22:00:00,12839,[15769.24105269],0.4999927934006315
2014-04-15 23:00:00,10716,[15055.2410478],0.500017751179416
2014-04-16 00:00:00,8826,[14944.24104267],0.5000405243356643
2014-04-16 01:00:00,7613,[15478.24103779],0.5000596534744739
2014-04-16 02:00:00,6538,[15211.24103266],0.5000697115993873
2014-04-16 03:00:00,6094,[14980.24102765],0.5000742929380146
2014-04-16 04:00:00,6118,[15957.24102253],0.5000764618398885
2014-04-16 05:00:00,7099,[16143.2410174],0.5000765713023139
2014-04-16 06:00:00,9517,[15447.24101216],0.5000737527101377
2014-04-16 07:00:00,12440,[14409.24100697],0.5000693630865615
2014-04-16 08:00:00,14754,[12838.24100178],0.5000610033205363
2014-04-16 09:00:00,15800,[10715.24099666],0.5000485910290786
2014-04-16 10:00:00,16064,[8825.24099177],0.5000309955319904
2014-04-16 11:00:00,15677,[7612.24098706],0.5000083947977327
2014-04-16 12:00:00,15085,[6537.24098253],0.49998370301482964
2014-04-16 13:00:00,14529,[6093.24097818],0.49995874075688684
2014-04-16 14:00:00,15034,[6117.24097425],0.4999313563109675
2014-04-16 15:00:00,14422,[7098.24097037],0.4999062647535858
2014-04-16 16:00:00,13897,[9516.24096662],0.4998895440218063
2014-04-16 17:00:00,13758,[12439.24096298],0.49988363946466563
2014-04-16 18:00:00,13731,[14753.24095911],0.499888748162694
2014-04-16 19:00:00,13751,[15799.24095523],0.49990299951138994
2014-04-16 20:00:00,13855,[16063.24095136],0.49992347428760364
2014-04-16 21:00:00,13465,[15676.24094707],0.49994635953832334
2014-04-16 22:00:00,12151,[15084.24094278],0.49997071924664416
2014-04-16 23:00:00,10275,[14528.24093843],0.49999488283296456
2014-04-17 00:00:00,8730,[15033.24093413],0.5000204967375641
2014-04-17 01:00:00,6963,[14421.24092966],0.500041652432812
2014-04-17 02:00:00,6372,[13896.24092519],0.5000544064973144
2014-04-17 03:00:00,5605,[13757.24092078],0.5000583167570822
2014-04-17 04:00:00,5739,[13730.24091631],0.5000554115854272
2014-04-17 05:00:00,6477,[13750.24091178],0.5000494853832105
2014-04-17 06:00:00,8716,[13854.24090737],0.5000430499639689
2014-04-17 07:00:00,11729,[13464.24090278],0.5000366081445203
2014-04-17 08:00:00,13722,[12150.24089843],0.500028102850977
2014-04-17 09:00:00,15192,[10274.24089408],0.5000157756526729
2014-04-17 10:00:00,15475,[8729.24088979],0.499997476574098
2014-04-17 11:00:00,15485,[6962.24088579],0.49997601283813364
2014-04-17 12:00:00,15440,[6371.2408818],0.49995463495008163
2014-04-17 13:00:00,15452,[5604.24087822],0.49993184703821725
2014-04-17 14:00:00,15270,[5738.24087459],0.49990980028832643
2014-04-17 15:00:00,15163,[6476.24087131],0.4998898402076465
2014-04-17 16:00:00,14454,[8715.24086809],0.4998754624902625
2014-04-17 17:00:00,13109,[11728.24086493],0.4998702582766522
2014-04-17 18:00:00,14013,[13721.24086165],0.49987440442358533
2014-04-17 19:00:00,14544,[15191.24085826],0.49988822682470824
2014-04-17 20:00:00,15267,[15474.24085474],0.49990737702122434
2014-04-17 21:00:00,15437,[15484.2408511],0.499931714597863
2014-04-17 22:00:00,14048,[15439.24084741],0.4999576951031187
2014-04-17 23:00:00,10976,[15451.24084342],0.49998600041427976
2014-04-18 00:00:00,8946,[15269.24083948],0.5000134760557846
2014-04-18 01:00:00,7400,[15162.24083561],0.5000385853727123
2014-04-18 02:00:00,6538,[14453.24083149],0.5000552657818669
2014-04-18 03:00:00,6230,[13108.24082744],0.5000594149039834
2014-04-18 04:00:00,7114,[14012.24082321],0.500060314895211
2014-04-18 05:00:00,8758,[14543.24081922],0.5000584086514497
2014-04-18 06:00:00,11668,[15266.24081504],0.5000577045527168
2014-04-18 07:00:00,14340,[15436.24081087],0.500057448699551
2014-04-18 08:00:00,16336,[14047.24080658],0.5000533863712011
2014-04-18 09:00:00,17438,[10975.24080241],0.5000404019932289
2014-04-18 10:00:00,17919,[8945.24079829],0.5000220025300854
2014-04-18 11:00:00,17959,[7399.24079442],0.4999994795737074
2014-04-18 12:00:00,17710,[6537.24079061],0.499976739168265
2014-04-18 13:00:00,17221,[6229.24078721],0.4999572813229828
2014-04-18 14:00:00,17231,[7113.24078369],0.4999377829771071
2014-04-18 15:00:00,17430,[8757.24078041],0.4999212941486273
2014-04-18 16:00:00,17224,[11667.24077713],0.4999107262784027
2014-04-18 17:00:00,18000,[14339.24077392],0.49990724075881177
2014-04-18 18:00:00,18445,[16335.24077058],0.4999136463370991
2014-04-18 19:00:00,17932,[17437.240767],0.49993225959141485
2014-04-18 20:00:00,18083,[17918.24076343],0.49995812556999764
2014-04-18 21:00:00,16594,[17958.24075961],0.49998847815129144
2014-04-18 22:00:00,14041,[17709.24075556],0.5000204994724996
2014-04-18 23:00:00,10892,[17220.24075156],0.50005196402112
2014-04-19 00:00:00,9251,[17230.24074739],0.5000808463832951
2014-04-19 01:00:00,7248,[17429.24074316],0.5001054625165728
2014-04-19 02:00:00,7108,[17223.24073893],0.500121094365173
2014-04-19 03:00:00,6270,[17999.24073452],0.5001310254973961
2014-04-19 04:00:00,7084,[18444.24073017],0.5001363287744178
2014-04-19 05:00:00,9226,[17931.2407257],0.5001371474220313
2014-04-19 06:00:00,11815,[18082.24072111],0.5001369800213846
2014-04-19 07:00:00,13939,[16593.24071664],0.500132848044745
2014-04-19 08:00:00,15502,[14040.24071205],0.5001225498980058
2014-04-19 09:00:00,15737,[10891.24070758],0.5001047307676119
2014-04-19 10:00:00,16228,[9250.24070311],0.5000820898233169
2014-04-19 11:00:00,16928,[7247.24069899],0.500053096247461
2014-04-19 12:00:00,15731,[7107.24069506],0.5000244677494534
2014-04-19 13:00:00,15439,[6269.24069148],0.4999915051775903
2014-04-19 14:00:00,15667,[7083.24068803],0.49995978197039803
2014-04-19 15:00:00,15568,[9225.24068457],0.4999353904286702
2014-04-19 16:00:00,15427,[11814.24068135],0.49991755763497203
2014-04-19 17:00:00,15396,[13938.24067801],0.49990977483737786
2014-04-19 18:00:00,16443,[15501.24067473],0.4999136546679299
2014-04-19 19:00:00,17315,[15736.24067128],0.49992717720359625
2014-04-19 20:00:00,18424,[16227.24066776],0.4999467939864799
2014-04-19 21:00:00,16356,[16927.24066412],0.4999741057275654
2014-04-19 22:00:00,13355,[15730.24066055],0.49999846566413353
2014-04-19 23:00:00,10878,[15438.24065685],0.5000244552955013
2014-04-20 00:00:00,8934,[15666.24065298],0.5000488113006105
2014-04-20 01:00:00,7364,[15567.24064916],0.5000668246434178
2014-04-20 02:00:00,6476,[15426.24064535],0.5000770842483726
2014-04-20 03:00:00,6142,[15395.24064159],0.5000811983600701
2014-04-20 04:00:00,6845,[16442.24063772],0.500083692523136
2014-04-20 05:00:00,9200,[17314.24063379],0.5000878644871823
2014-04-20 06:00:00,11882,[18423.24062985],0.5000935688620647
2014-04-20 07:00:00,13900,[16355.2406258],0.5000917560324791
2014-04-20 08:00:00,15279,[13354.24062186],0.5000851267519753
2014-04-20 09:00:00,15910,[10877.24061793],0.500072304337909
2014-04-20 10:00:00,16147,[8933.24061406],0.5000532254323212
2014-04-20 11:00:00,15785,[7363.2406103],0.5000299706443869
2014-04-20 12:00:00,15629,[6475.2406069],0.500004757052118
2014-04-20 13:00:00,15275,[6141.24060351],0.49997893390809167
2014-04-20 14:00:00,15775,[6844.24060041],0.49995228138889225
2014-04-20 15:00:00,15886,[9199.24059743],0.49992959145883553
2014-04-20 16:00:00,15740,[11881.24059451],0.4999110027689436
2014-04-20 17:00:00,16141,[13899.24059165],0.49990379967449394
2014-04-20 18:00:00,16579,[15278.24058861],0.49990899129128097
2014-04-20 19:00:00,17308,[15909.24058545],0.49992303208807587
2014-04-20 20:00:00,17171,[16146.24058229],0.4999432936983548
2014-04-20 21:00:00,15596,[15784.24057913],0.4999670241819214
2014-04-20 22:00:00,13391,[15628.24057573],0.499992890127296
2014-04-20 23:00:00,10472,[15274.24057239],0.5000187791488566
2014-04-21 00:00:00,8790,[15774.240569],0.5000441083570208
2014-04-21 01:00:00,7132,[15885.2405656],0.500063061098758
2014-04-21 02:00:00,6107,[15739.24056208],0.5000739796485238
2014-04-21 03:00:00,6025,[16140.24055845],0.500080238870785
2014-04-21 04:00:00,6944,[16578.24055493],0.5000837489332874
2014-04-21 05:00:00,8833,[17307.24055129],0.5000874214386895
2014-04-21 06:00:00,11908,[17170.2405476],0.5000900466214786
2014-04-21 07:00:00,14118,[15595.2405439],0.5000894453791636
2014-04-21 08:00:00,15564,[13390.24054027],0.5000831918220652
2014-04-21 09:00:00,16349,[10471.24053657],0.5000696558331328
2014-04-21 10:00:00,15909,[8789.24053305],0.5000498366111107
2014-04-21 11:00:00,15532,[7131.24052966],0.500025004469401
2014-04-21 12:00:00,15041,[6106.24052656],0.4999978780112272
2014-04-21 13:00:00,14788,[6024.24052346],0.49996965326458775
2014-04-21 14:00:00,15320,[6943.24052066],0.4999429056773129
2014-04-21 15:00:00,15280,[8832.24051791],0.4999192540283959
2014-04-21 16:00:00,15151,[11907.24051529],0.4999042808268034
2014-04-21 17:00:00,15700,[14117.24051255],0.49989984840263957
2014-04-21 18:00:00,15926,[15563.24050981],0.499905751281324
2014-04-21 19:00:00,16295,[16348.24050695],0.49992218610381955
2014-04-21 20:00:00,16450,[15908.24050403],0.49994215736224135
2014-04-21 21:00:00,15105,[15531.24050099],0.4999658085713051
2014-04-21 22:00:00,12742,[15040.24049789],0.4999910544405559
2014-04-21 23:00:00,10420,[14787.24049485],0.5000159009352724
2014-04-22 00:00:00,8526,[15319.24049151],0.5000396761989303
2014-04-22 01:00:00,7505,[15279.24048841],0.5000580040212241
2014-04-22 02:00:00,6543,[15150.24048519],0.500067228353291
2014-04-22 03:00:00,6437,[15699.24048197],0.5000716611647362
2014-04-22 04:00:00,7276,[15925.24047875],0.5000725808533237
2014-04-22 05:00:00,9798,[16294.24047548],0.5000722648475484
2014-04-22 06:00:00,12487,[16449.24047202],0.5000736355675728
2014-04-22 07:00:00,15006,[15104.24046874],0.5000723875831549
2014-04-22 08:00:00,16376,[12741.24046534],0.5000659329098958
2014-04-22 09:00:00,17213,[10419.24046212],0.5000535723509311
2014-04-22 10:00:00,16945,[8525.24045897],0.5000342361634051
2014-04-22 11:00:00,17910,[7504.24045581],0.5000121527877492
2014-04-22 12:00:00,17243,[6542.24045295],0.49998785647422817
2014-04-22 13:00:00,16499,[6436.24045014],0.499961891325273
2014-04-22 14:00:00,16834,[7275.2404474],0.49993773186117085
2014-04-22 15:00:00,17080,[9797.24044496],0.49991940200557794
2014-04-22 16:00:00,16979,[12486.24044251],0.4999079835817627
2014-04-22 17:00:00,16594,[15005.24043989],0.4999074604259499
2014-04-22 18:00:00,16769,[16375.24043733],0.4999176072694823
2014-04-22 19:00:00,16402,[17212.24043459],0.49993678452495693
2014-04-22 20:00:00,16094,[16944.24043179],0.4999605742456491
2014-04-22 21:00:00,15433,[17909.24042881],0.49998996817968344
2014-04-22 22:00:00,13343,[17242.24042588],0.5000201692298135
2014-04-22 23:00:00,10990,[16498.24042273],0.500048601791619
2014-04-23 00:00:00,9171,[16833.24041969],0.5000755693631476
2014-04-23 01:00:00,7143,[17079.24041653],0.5000960197303985
2014-04-23 02:00:00,6631,[16978.24041325],0.5001085444873972
2014-04-23 03:00:00,5996,[16593.24041003],0.5001128782201918
2014-04-23 04:00:00,5980,[16768.24040675],0.5001137874003654
2014-04-23 05:00:00,7359,[16401.24040347],0.5001113352236219
2014-04-23 06:00:00,9884,[16093.24040014],0.5001088149896062
2014-04-23 07:00:00,13103,[15432.24039674],0.5001017487941517
2014-04-23 08:00:00,15094,[13342.24039352],0.5000907926592022
2014-04-23 09:00:00,16138,[10989.24039024],0.5000752801340083
2014-04-23 10:00:00,16105,[9170.24038714],0.5000535820950022
2014-04-23 11:00:00,15563,[7142.2403841],0.5000254326057545
2014-04-23 12:00:00,15107,[6630.24038124],0.49999629902462617
2014-04-23 13:00:00,14561,[5995.24037856],0.49996673356051646
2014-04-23 14:00:00,14085,[5979.24037606],0.4999369022249561
2014-04-23 15:00:00,13656,[7358.24037349],0.4999119556337056
2014-04-23 16:00:00,13445,[9883.24037123],0.49989461784615785
2014-04-23 17:00:00,13048,[13102.24036884],0.4998878556321832
2014-04-23 18:00:00,13108,[15093.24036652],0.4998925350220955
2014-04-23 19:00:00,13299,[16137.24036413],0.49990682391665364
2014-04-23 20:00:00,13185,[16104.24036157],0.4999261656621714
2014-04-23 21:00:00,12631,[15562.24035901],0.49994973129448417
2014-04-23 22:00:00,11241,[15106.24035627],0.499973517825676
2014-04-23 23:00:00,9587,[14560.24035358],0.49999764434755123
2014-04-24 00:00:00,8005,[14084.24035084],0.5000205685122785
2014-04-24 01:00:00,7138,[13655.2403481],0.5000384601517462
2014-04-24 02:00:00,6454,[13444.2403456],0.5000486409295983
2014-04-24 03:00:00,5840,[13047.24034268],0.500048569750734
2014-04-24 04:00:00,5821,[13107.24034005],0.5000429784235405
2014-04-24 05:00:00,6576,[13298.24033737],0.5000349146982264
2014-04-24 06:00:00,9000,[13184.24033469],0.5000265954230917
2014-04-24 07:00:00,11988,[12630.24033201],0.5000182400184876
2014-04-24 08:00:00,13834,[11240.24032927],0.500007236576243
2014-04-24 09:00:00,14864,[9586.24032658],0.4999931038725637
2014-04-24 10:00:00,14774,[8004.2403242],0.49997590213034393
2014-04-24 11:00:00,14905,[7137.24032176],0.49995758649298694
2014-04-24 12:00:00,15016,[6453.24031937],0.4999381133424844
2014-04-24 13:00:00,14620,[5839.24031717],0.4999182791208693
2014-04-24 14:00:00,14190,[5820.24031502],0.49989840452933065
2014-04-24 15:00:00,14184,[6575.24031311],0.4998801034999665
2014-04-24 16:00:00,14052,[8999.24031109],0.4998685176004518
2014-04-24 17:00:00,13935,[11987.2403093],0.4998665254745378
2014-04-24 18:00:00,14966,[13833.24030715],0.49987358908816704
2014-04-24 19:00:00,15912,[14863.24030513],0.49988827269733804
2014-04-24 20:00:00,15421,[14773.24030292],0.499907226922662
2014-04-24 21:00:00,14474,[14904.24030083],0.49992906471762644
2014-04-24 22:00:00,13252,[15015.24029845],0.49995321620905675
2014-04-24 23:00:00,10307,[14619.24029613],0.49997806310537507
2014-04-25 00:00:00,8559,[14189.24029374],0.5000018301893199
2014-04-25 01:00:00,7086,[14183.24029142],0.5000234986131896
2014-04-25 02:00:00,6440,[14051.24028891],0.500037931321027
2014-04-25 03:00:00,5847,[13934.24028641],0.5000435207673664
2014-04-25 04:00:00,6830,[14965.24028397],0.5000467187872681
2014-04-25 05:00:00,9196,[15911.2402814],0.5000496063064825
2014-04-25 06:00:00,11749,[15420.24027884],0.5000513882183713
2014-04-25 07:00:00,13992,[14473.24027628],0.500050144950181
2014-04-25 08:00:00,15493,[13251.24027371],0.5000451309080789
2014-04-25 09:00:00,16201,[10306.24027109],0.5000328585241226
2014-04-25 10:00:00,16080,[8558.24026865],0.5000168200979109
2014-04-25 11:00:00,16128,[7085.24026614],0.49999665487675726
2014-04-25 12:00:00,15947,[6439.24026394],0.4999751714876226
2014-04-25 13:00:00,15776,[5846.24026167],0.4999525510382149
2014-04-25 14:00:00,15490,[6829.24025959],0.49992983056024987
2014-04-25 15:00:00,15657,[9195.24025762],0.4999108960935259
2014-04-25 16:00:00,15389,[11748.24025559],0.49990034633695046
2014-04-25 17:00:00,15736,[13991.24025357],0.49989875973470443
2014-04-25 18:00:00,15563,[15492.2402516],0.49990494557135545
2014-04-25 19:00:00,16394,[16200.24024928],0.4999215939702272
2014-04-25 20:00:00,16545,[16079.24024713],0.4999429067136204
2014-04-25 21:00:00,15088,[16127.24024475],0.49996858930918
2014-04-25 22:00:00,12592,[15946.24024242],0.4999956331384139
2014-04-25 23:00:00,9910,[15775.24024004],0.5000239279198684
2014-04-26 00:00:00,8296,[15489.24023759],0.5000486484570626
2014-04-26 01:00:00,7110,[15656.24023503],0.5000670884412604
2014-04-26 02:00:00,6381,[15388.24023247],0.5000774843589902
2014-04-26 03:00:00,6039,[15735.24022996],0.5000824154894614
2014-04-26 04:00:00,6844,[15562.2402274],0.5000825581270276
2014-04-26 05:00:00,9072,[16393.24022478],0.5000829643353115
2014-04-26 06:00:00,11668,[16544.2402221],0.500084136130891
2014-04-26 07:00:00,13765,[15087.24021941],0.5000811311107412
2014-04-26 08:00:00,15269,[12591.24021673],0.5000716034782545
2014-04-26 09:00:00,16218,[9909.24021417],0.5000548568477567
2014-04-26 10:00:00,15657,[8295.24021173],0.5000342819395623
2014-04-26 11:00:00,15528,[7109.24020934],0.50000988817457
2014-04-26 12:00:00,15280,[6380.24020696],0.4999843381647975
2014-04-26 13:00:00,15348,[6038.24020487],0.4999570318706481
2014-04-26 14:00:00,15003,[6843.24020284],0.4999325983138374
2014-04-26 15:00:00,15599,[9071.24020082],0.49991192850452826
2014-04-26 16:00:00,15418,[11667.24019885],0.4998979447038665
2014-04-26 17:00:00,15377,[13764.24019694],0.49989396458909474
2014-04-26 18:00:00,16152,[15268.24019486],0.49990140377365877
2014-04-26 19:00:00,17060,[16217.24019277],0.4999192578355752
2014-04-26 20:00:00,17133,[15656.24019068],0.49994013956216254
2014-04-26 21:00:00,15401,[15527.24018848],0.499964083754562
2014-04-26 22:00:00,13183,[15279.24018621],0.499989457074557
2014-04-26 23:00:00,10226,[15347.24018383],0.5000160531226593
2014-04-27 00:00:00,8584,[15002.24018162],0.500039418463043
2014-04-27 01:00:00,7081,[15598.24017918],0.5000580939855086
2014-04-27 02:00:00,6250,[15417.2401768],0.5000688227058283
2014-04-27 03:00:00,6086,[15376.24017441],0.5000734150745818
2014-04-27 04:00:00,6871,[16151.24017203],0.500075838797446
2014-04-27 05:00:00,8999,[17059.24016953],0.500078043857023
2014-04-27 06:00:00,11415,[17132.24016714],0.5000820652521141
2014-04-27 07:00:00,13152,[15400.24016446],0.5000816594985185
2014-04-27 08:00:00,14473,[13182.24016196],0.500075725163029
2014-04-27 09:00:00,15374,[10225.24015957],0.5000611092434618
2014-04-27 10:00:00,14995,[8583.24015701],0.5000427394304552
2014-04-27 11:00:00,15195,[7080.24015486],0.5000183705787844
2014-04-27 12:00:00,14864,[6249.24015254],0.4999922944722831
2014-04-27 13:00:00,14627,[6085.24015045],0.49996606358217865
2014-04-27 14:00:00,14631,[6870.24014854],0.49993994912779793
2014-04-27 15:00:00,14656,[8998.24014658],0.49991714186052705
2014-04-27 16:00:00,15225,[11414.24014473],0.4999007663594367
2014-04-27 17:00:00,15078,[13151.24014294],0.4998941641226362
2014-04-27 18:00:00,15028,[14472.24014103],0.4998976496482791
2014-04-27 19:00:00,15813,[15373.24013901],0.49991220516449486
2014-04-27 20:00:00,16370,[14994.24013698],0.49993041411573147
2014-04-27 21:00:00,15722,[15194.24013501],0.49995355098916616
2014-04-27 22:00:00,12867,[14863.24013287],0.49997818269981764
2014-04-27 23:00:00,10214,[14626.24013078],0.5000026715370951
2014-04-28 00:00:00,8825,[14630.24012858],0.5000249692114368
2014-04-28 01:00:00,7084,[14655.24012643],0.5000412499615616
2014-04-28 02:00:00,5944,[15224.24012417],0.5000521932816786
2014-04-28 03:00:00,5655,[15077.24012202],0.5000577200555518
2014-04-28 04:00:00,6547,[15027.2401197],0.5000592926883977
2014-04-28 05:00:00,8498,[15812.24011743],0.5000604704480109
2014-04-28 06:00:00,10864,[16369.24011511],0.5000643128652802
2014-04-28 07:00:00,12748,[15721.2401129],0.5000657588065045
2014-04-28 08:00:00,14212,[12866.24011052],0.5000600640097903
2014-04-28 09:00:00,14749,[10213.24010819],0.5000474036762395
2014-04-28 10:00:00,14339,[8824.24010599],0.5000307031664855
2014-04-28 11:00:00,14225,[7083.2401039],0.5000089453932084
2014-04-28 12:00:00,13911,[5943.24010187],0.49998242190368536
2014-04-28 13:00:00,13990,[5654.24009997],0.499955725074978
2014-04-28 14:00:00,13947,[6546.24009812],0.4999318194683807
2014-04-28 15:00:00,14128,[8497.24009633],0.4999110931889422
2014-04-28 16:00:00,14565,[10863.24009454],0.4998952924238046
2014-04-28 17:00:00,14261,[12747.24009287],0.4998865948641612
2014-04-28 18:00:00,14197,[14211.24009115],0.49989025413414545
2014-04-28 19:00:00,15077,[14748.24008936],0.49990310643591485
2014-04-28 20:00:00,15087,[14338.24008757],0.4999188166933657
2014-04-28 21:00:00,14032,[14224.2400856],0.4999392680414386
2014-04-28 22:00:00,11638,[13910.24008375],0.4999621724500599
2014-04-28 23:00:00,9532,[13989.24008173],0.4999862035892486
2014-04-29 00:00:00,8044,[13946.24007976],0.500007592461361
2014-04-29 01:00:00,6287,[14127.24007791],0.5000238930312353
2014-04-29 02:00:00,5526,[14564.24007583],0.5000346057624356
2014-04-29 03:00:00,5022,[14260.2400738],0.5000389942435981
2014-04-29 04:00:00,5864,[14196.24007165],0.5000389448288276
2014-04-29 05:00:00,7172,[15076.24006975],0.5000398443482672
2014-04-29 06:00:00,9197,[15086.24006754],0.5000419716067273
2014-04-29 07:00:00,10720,[14031.24006546],0.5000414148324588
2014-04-29 08:00:00,12029,[11637.24006337],0.5000348699481397
2014-04-29 09:00:00,13356,[9531.24006128],0.5000219704832514
2014-04-29 10:00:00,14147,[8043.24005932],0.50000488972185
2014-04-29 11:00:00,12401,[6286.24005741],0.49998229673608463
2014-04-29 12:00:00,12303,[5525.24005556],0.499956448866381
2014-04-29 13:00:00,11767,[5021.24005401],0.4999303226068761
2014-04-29 14:00:00,11666,[5863.24005234],0.4999069023067374
2014-04-29 15:00:00,11965,[7171.24005073],0.49988462158517055
2014-04-29 16:00:00,11685,[9196.24004918],0.4998678510727771
2014-04-29 17:00:00,11488,[10719.24004775],0.4998582862506088
2014-04-29 18:00:00,11277,[12028.2400462],0.49985924676214
2014-04-29 19:00:00,11341,[13355.24004465],0.49987004683997804
2014-04-29 20:00:00,11250,[14146.24004304],0.49988744277269626
2014-04-29 21:00:00,10841,[12400.24004149],0.4999049740260918
2014-04-29 22:00:00,9673,[12302.24003977],0.49992448078128837
2014-04-29 23:00:00,8414,[11766.24003804],0.49994397871440455
2014-04-30 00:00:00,7024,[11665.24003637],0.4999607967626133
2014-04-30 01:00:00,6262,[11964.24003476],0.49997471193976273
2014-04-30 02:00:00,5440,[11684.24003303],0.4999819687581085
2014-04-30 03:00:00,5079,[11487.2400313],0.499984240716026
2014-04-30 04:00:00,5051,[11276.24002963],0.4999820928720561
2014-04-30 05:00:00,5996,[11340.2400279],0.4999762468158465
2014-04-30 06:00:00,8048,[11249.24002624],0.499967811333929
2014-04-30 07:00:00,10460,[10840.24002463],0.4999632938905312
2014-04-30 08:00:00,12257,[9672.24002284],0.49995570807578305
2014-04-30 09:00:00,13114,[8413.24002123],0.4999461040851044
2014-04-30 10:00:00,13209,[7023.24001968],0.49993289755857173
2014-04-30 11:00:00,12661,[6261.24001813],0.4999167640838663
2014-04-30 12:00:00,12619,[5439.24001658],0.4998993050778382
2014-04-30 13:00:00,11980,[5078.24001527],0.4998815949978592
2014-04-30 14:00:00,11724,[5050.2400139],0.49986457831319386
2014-04-30 15:00:00,11408,[5995.24001259],0.4998499865184872
2014-04-30 16:00:00,11108,[8047.24001133],0.4998411390754196
2014-04-30 17:00:00,10795,[10459.24001008],0.4998399981856225
2014-04-30 18:00:00,10791,[12256.24000889],0.4998472045532034
2014-04-30 19:00:00,11021,[13113.24000752],0.49986047283440627
2014-04-30 20:00:00,10758,[13208.24000615],0.49987804713585804
2014-04-30 21:00:00,10153,[12660.24000466],0.49989630730725465
2014-04-30 22:00:00,9255,[12618.24000323],0.4999168710507088
2014-04-30 23:00:00,7842,[11979.2400018],0.4999367198864987
2014-05-01 00:00:00,6789,[11723.24000025],0.4999559757150033
2014-05-01 01:00:00,5539,[11407.23999876],0.49997164548190887
2014-05-01 02:00:00,5014,[11107.23999709],0.49998054925522817
2014-05-01 03:00:00,4925,[10794.2399956],0.499981579946014
2014-05-01 04:00:00,4637,[10790.23999405],0.4999773814332117
2014-05-01 05:00:00,5370,[11020.2399925],0.49997133927838966
2014-05-01 06:00:00,7085,[10757.23999095],0.49996425563962077
2014-05-01 07:00:00,9469,[10152.2399894],0.49995702801578246
2014-05-01 08:00:00,11426,[9254.23998779],0.4999473596289171
2014-05-01 09:00:00,12129,[7841.23998636],0.49993556583070753
2014-05-01 10:00:00,12323,[6788.23998493],0.49992160951372966
2014-05-01 11:00:00,12368,[5538.2399835],0.4999052097476001
2014-05-01 12:00:00,11948,[5013.23998207],0.49988838831582993
2014-05-01 13:00:00,11945,[4924.23998082],0.49987237606022006
2014-05-01 14:00:00,11822,[4636.23997962],0.49985577011794846
2014-05-01 15:00:00,11491,[5369.23997843],0.49984054680982337
2014-05-01 16:00:00,11055,[7084.2399773],0.4998306041235575
2014-05-01 17:00:00,10930,[9468.23997623],0.499828718497236
2014-05-01 18:00:00,11120,[11425.23997504],0.4998347239020887
2014-05-01 19:00:00,11351,[12128.2399739],0.49984672028288823
2014-05-01 20:00:00,11656,[12322.23997259],0.4998622934235716
2014-05-01 21:00:00,11292,[12367.2399714],0.49988160283578953
2014-05-01 22:00:00,9861,[11947.23997003],0.49990128551885293
2014-05-01 23:00:00,8196,[11944.23996866],0.49992126677474746
2014-05-02 00:00:00,7018,[11821.23996723],0.4999417795760175
2014-05-02 01:00:00,5624,[11490.2399658],0.49995930916584974
2014-05-02 02:00:00,5137,[11054.23996437],0.499970724935624
2014-05-02 03:00:00,5020,[10929.23996288],0.49997495909367284
2014-05-02 04:00:00,5392,[11119.23996145],0.4999741082088791
2014-05-02 05:00:00,6403,[11350.23996001],0.49997188457820163
2014-05-02 06:00:00,8384,[11655.23995852],0.49996996191344334
2014-05-02 07:00:00,10185,[11291.23995709],0.49996686975144133
2014-05-02 08:00:00,11409,[9860.2399556],0.49996092444327167
2014-05-02 09:00:00,12450,[8195.23995405],0.4999502874391565
2014-05-02 10:00:00,12609,[7017.23995268],0.49993673324250887
2014-05-02 11:00:00,12240,[5623.23995125],0.49992035108861776
2014-05-02 12:00:00,12348,[5136.23995],0.4999040128595834
2014-05-02 13:00:00,11710,[5019.23994869],0.49988784696796895
2014-05-02 14:00:00,11656,[5391.2399475],0.49987224574943745
2014-05-02 15:00:00,11154,[6402.23994637],0.49985874111087547
2014-05-02 16:00:00,11428,[8383.23994529],0.49984966972486833
2014-05-02 17:00:00,10828,[10184.2399441],0.49984649763512135
2014-05-02 18:00:00,11149,[11408.23994297],0.4998507493824522
2014-05-02 19:00:00,11286,[12449.23994172],0.49986264854217877
2014-05-02 20:00:00,11077,[12608.2399404],0.4998783800108596
2014-05-02 21:00:00,10297,[12239.23993927],0.49989709027064744
2014-05-02 22:00:00,8997,[12347.23993784],0.4999175440355167
2014-05-02 23:00:00,7637,[11709.23993647],0.49993659097902465
2014-05-03 00:00:00,6537,[11655.23993504],0.4999544694061131
2014-05-03 01:00:00,5368,[11153.23993373],0.4999680800149726
2014-05-03 02:00:00,4912,[11427.23993224],0.49997681403122596
2014-05-03 03:00:00,4813,[10827.23993081],0.499978700158486
2014-05-03 04:00:00,5077,[11148.2399295],0.4999779805278012
2014-05-03 05:00:00,6649,[11285.23992801],0.49997465168940225
2014-05-03 06:00:00,8300,[11076.23992658],0.49997026420092183
2014-05-03 07:00:00,10179,[10296.23992515],0.4999647203774934
2014-05-03 08:00:00,10754,[8996.23992372],0.4999551842165876
2014-05-03 09:00:00,11541,[7636.23992229],0.4999436741409894
2014-05-03 10:00:00,11466,[6536.23992097],0.4999292938751331
2014-05-03 11:00:00,11513,[5367.2399196],0.49991322411301875
2014-05-03 12:00:00,11607,[4911.23991841],0.499895259359475
2014-05-03 13:00:00,11234,[4812.23991722],0.4998788798057664
2014-05-03 14:00:00,10998,[5076.23991597],0.4998624097394406
2014-05-03 15:00:00,11164,[6648.23991495],0.49984976391060176
2014-05-03 16:00:00,10584,[8299.23991388],0.4998421115636158
2014-05-03 17:00:00,11189,[10178.23991275],0.4998417308803895
2014-05-03 18:00:00,10761,[10753.23991168],0.4998466033010508
2014-05-03 19:00:00,10921,[11540.2399106],0.4998575146407266
2014-05-03 20:00:00,11138,[11465.23990941],0.4998713658045606
2014-05-03 21:00:00,10150,[11512.23990816],0.49988870255830176
2014-05-03 22:00:00,8477,[11606.23990691],0.4999076410374188
2014-05-03 23:00:00,7209,[11233.23990571],0.49992586433121144
2014-05-04 00:00:00,6097,[10997.2399044],0.499942715945355
2014-05-04 01:00:00,6155,[11163.23990303],0.4999555837516797
2014-05-04 02:00:00,5346,[10583.23990178],0.4999621333151707
2014-05-04 03:00:00,5131,[11188.23990041],0.4999650242517082
2014-05-04 04:00:00,5787,[10760.2398991],0.4999650693274703
2014-05-04 05:00:00,7424,[10920.23989779],0.499963309933005
2014-05-04 06:00:00,9529,[11137.23989648],0.49996237454140546
2014-05-04 07:00:00,11283,[10149.23989511],0.49995851324230867
2014-05-04 08:00:00,12390,[8476.23989367],0.49994967595256123
2014-05-04 09:00:00,12846,[7208.23989236],0.4999383822954635
2014-05-04 10:00:00,14501,[6096.23989111],0.4999247327724079
2014-05-04 11:00:00,14050,[6154.23988986],0.499910828924921
2014-05-04 12:00:00,13910,[5345.23988873],0.4998964623198242
2014-05-04 13:00:00,12946,[5130.2398876],0.4998798992081539
2014-05-04 14:00:00,12800,[5786.23988652],0.4998663786216144
2014-05-04 15:00:00,12451,[7423.23988551],0.49985679463385146
2014-05-04 16:00:00,12200,[9528.23988438],0.49985226817427686
2014-05-04 17:00:00,12195,[11282.2398833],0.49985534304293155
2014-05-04 18:00:00,12538,[12389.23988217],0.49986625012827024
2014-05-04 19:00:00,13000,[12845.2398811],0.4998820631855291
2014-05-04 20:00:00,12874,[14500.23987991],0.4999057542376494
2014-05-04 21:00:00,12293,[14049.23987859],0.49992804361758203
2014-05-04 22:00:00,10323,[13909.23987722],0.4999522842077957
2014-05-04 23:00:00,8350,[12945.23987585],0.49997447098633974
2014-05-05 00:00:00,7034,[12799.23987448],0.4999944291225218
2014-05-05 01:00:00,5143,[12450.23987305],0.5000087766295361
2014-05-05 02:00:00,4549,[12199.23987162],0.5000164312929971
2014-05-05 03:00:00,4387,[12194.23987019],0.5000190687259958
2014-05-05 04:00:00,4651,[12537.23986876],0.5000195103158773
2014-05-05 05:00:00,5721,[12999.23986727],0.500019953158645
2014-05-05 06:00:00,7097,[12873.23986578],0.5000152839246631
2014-05-05 07:00:00,8141,[12292.23986429],0.5000102501652144
2014-05-05 08:00:00,9115,[10322.23986286],0.5000000020801205
2014-05-05 09:00:00,9789,[8349.23986143],0.4999869117685962
2014-05-05 10:00:00,9644,[7033.23985994],0.49997053670725067
2014-05-05 11:00:00,9402,[5142.23985869],0.49994994507948254
2014-05-05 12:00:00,9428,[4548.23985726],0.49992858528923934
2014-05-05 13:00:00,9319,[4386.23985618],0.4999069765517641
2014-05-05 14:00:00,9274,[4650.23985505],0.4998852745952609
2014-05-05 15:00:00,9745,[5720.23985386],0.4998652374899626
2014-05-05 16:00:00,9002,[7096.23985279],0.4998492721060833
2014-05-05 17:00:00,8755,[8140.23985177],0.4998377471685157
2014-05-05 18:00:00,8845,[9114.2398507],0.4998343920075975
2014-05-05 19:00:00,8990,[9788.23984975],0.49983842726569894
2014-05-05 20:00:00,8966,[9643.23984861],0.49984579024697073
2014-05-05 21:00:00,8610,[9401.23984754],0.49985784690393975
2014-05-05 22:00:00,7657,[9427.23984641],0.49987166567625096
2014-05-05 23:00:00,6213,[9318.23984534],0.4998856581718617
2014-05-06 00:00:00,5832,[9273.23984426],0.4998987926367049
2014-05-06 01:00:00,5310,[9744.23984313],0.49991020652329743
2014-05-06 02:00:00,4781,[9001.23984206],0.4999156872125028
2014-05-06 03:00:00,4718,[8754.23984092],0.49991753301975517
2014-05-06 04:00:00,5252,[8844.23983991],0.4999168667545827
2014-05-06 05:00:00,6513,[8989.23983872],0.49991468858098775
2014-05-06 06:00:00,8412,[8965.23983765],0.4999128537757551
2014-05-06 07:00:00,9853,[8609.23983657],0.49991072494886624
2014-05-06 08:00:00,10587,[7656.23983538],0.4999059139083777
2014-05-06 09:00:00,10863,[6212.23983431],0.49989750814285183
2014-05-06 10:00:00,10980,[5831.23983335],0.4998882407232119
2014-05-06 11:00:00,10815,[5309.23983246],0.4998763063153733
2014-05-06 12:00:00,10571,[4780.23983127],0.4998651397092859
2014-05-06 13:00:00,10571,[4717.23983043],0.49985457363124886
2014-05-06 14:00:00,10160,[5251.23982954],0.49984519752769274
2014-05-06 15:00:00,10277,[6512.23982877],0.49983871955527226
2014-05-06 16:00:00,9949,[8411.23982781],0.49983729987896697
2014-05-06 17:00:00,10428,[9852.23982692],0.4998407179158765
2014-05-06 18:00:00,9866,[10586.23982602],0.49984878263011534
2014-05-06 19:00:00,9825,[10862.23982519],0.49986164430535995
2014-05-06 20:00:00,9826,[10979.23982412],0.4998759171382906
2014-05-06 21:00:00,9397,[10814.2398231],0.49989122793162566
2014-05-06 22:00:00,8232,[10570.23982197],0.499907381502653
2014-05-06 23:00:00,6992,[10570.23982084],0.4999237428073481
2014-05-07 00:00:00,6060,[10159.23981982],0.49993750663150294
2014-05-07 01:00:00,6067,[10276.23981869],0.4999480772517467
2014-05-07 02:00:00,5235,[9948.23981762],0.4999524268080032
2014-05-07 03:00:00,4860,[10427.23981649],0.4999540560863073
2014-05-07 04:00:00,5060,[9865.23981541],0.49995206887845733
2014-05-07 05:00:00,5979,[9824.23981422],0.49994918825418555
2014-05-07 06:00:00,8014,[9825.23981303],0.4999459764621076
2014-05-07 07:00:00,10441,[9396.23981184],0.4999420399531619
2014-05-07 08:00:00,11993,[8231.23981082],0.4999355803727201
2014-05-07 09:00:00,12973,[6991.23980969],0.4999257353184776
2014-05-07 10:00:00,13226,[6059.23980862],0.499914546619483
2014-05-07 11:00:00,12654,[6066.23980755],0.499903088170628
2014-05-07 12:00:00,12304,[5234.23980659],0.4998903808787333
2014-05-07 13:00:00,12052,[4859.23980552],0.4998754213609711
2014-05-07 14:00:00,11823,[5059.23980463],0.49986263205161996
2014-05-07 15:00:00,11598,[5978.23980373],0.49985240287797117
2014-05-07 16:00:00,11154,[8013.23980284],0.4998475290497506
2014-05-07 17:00:00,10729,[10440.23980194],0.4998503396595825
2014-05-07 18:00:00,10370,[11992.23980105],0.49986063229432964
2014-05-07 19:00:00,10726,[12972.23980004],0.499877107610991
2014-05-07 20:00:00,10818,[13225.23979902],0.4998969184693459
2014-05-07 21:00:00,10301,[12653.23979783],0.49991516682430814
2014-05-07 22:00:00,9186,[12303.23979676],0.49993481254199423
2014-05-07 23:00:00,7784,[12051.23979563],0.4999548550904921
2014-05-08 00:00:00,6773,[11822.23979449],0.4999737496775247
2014-05-08 01:00:00,5284,[11597.23979324],0.4999894874955736
2014-05-08 02:00:00,4643,[11153.23979199],0.499998317649216
2014-05-08 03:00:00,4340,[10728.23979074],0.4999991681294027
2014-05-08 04:00:00,4400,[10369.23978955],0.4999946586599011
2014-05-08 05:00:00,5058,[10725.23978841],0.499988372565793
2014-05-08 06:00:00,6189,[10817.23978716],0.49998161713169365
2014-05-08 07:00:00,7986,[10300.23978585],0.49997502275224814
2014-05-08 08:00:00,9484,[9185.23978466],0.499966307191715
2014-05-08 09:00:00,10251,[7783.23978347],0.4999544187535493
2014-05-08 10:00:00,10390,[6772.23978221],0.4999404111328162
2014-05-08 11:00:00,10493,[5283.23978126],0.4999230332902159
2014-05-08 12:00:00,10419,[4642.23978013],0.4999052766063721
2014-05-08 13:00:00,10361,[4339.23977906],0.4998880212870963
2014-05-08 14:00:00,10141,[4399.23977816],0.4998720389191068
2014-05-08 15:00:00,9975,[5057.23977727],0.4998568727075463
2014-05-08 16:00:00,9769,[6188.23977637],0.4998444494288631
2014-05-08 17:00:00,9467,[7985.23977548],0.4998381843879628
2014-05-08 18:00:00,10224,[9483.23977464],0.4998389872946508
2014-05-08 19:00:00,10361,[10250.23977369],0.49984574254404546
2014-05-08 20:00:00,10474,[10389.23977274],0.49985569261981744
2014-05-08 21:00:00,9924,[10492.23977178],0.49987007814422835
2014-05-08 22:00:00,8632,[10418.23977077],0.4998860720519631
2014-05-08 23:00:00,7714,[10360.23976988],0.4999027806569206
2014-05-09 00:00:00,6417,[10140.2397688],0.49991875096548233
2014-05-09 01:00:00,5042,[9974.23976773],0.49993245899262206
2014-05-09 02:00:00,4790,[9768.23976672],0.4999424680105524
2014-05-09 03:00:00,4490,[9466.2397657],0.4999466454931869
2014-05-09 04:00:00,5039,[10223.23976469],0.4999487215968178
2014-05-09 05:00:00,6185,[10360.23976368],0.49994903315702677
2014-05-09 06:00:00,7328,[10473.23976243],0.4999492675902052
2014-05-09 07:00:00,8545,[9923.23976147],0.4999476974891135
2014-05-09 08:00:00,9028,[8631.2397604],0.4999427803113702
2014-05-09 09:00:00,9618,[7713.23975927],0.49993551278543913
2014-05-09 10:00:00,9311,[6416.23975819],0.49992534554214163
2014-05-09 11:00:00,9279,[5041.23975718],0.4999119823470156
2014-05-09 12:00:00,8801,[4789.23975629],0.49989859300836703
2014-05-09 13:00:00,9158,[4489.23975533],0.49988532975968236
2014-05-09 14:00:00,9423,[5038.23975444],0.49987147847095925
2014-05-09 15:00:00,8481,[6184.2397536],0.49986029241039986
2014-05-09 16:00:00,8609,[7327.23975277],0.4998518121449793
2014-05-09 17:00:00,8318,[8544.23975199],0.4998480699263377
2014-05-09 18:00:00,8463,[9027.23975104],0.4998491814424961
2014-05-09 19:00:00,8879,[9617.23975021],0.4998544123466674
2014-05-09 20:00:00,9011,[9310.23974931],0.49986241515210217
2014-05-09 21:00:00,8332,[9278.23974842],0.4998741482752789
2014-05-09 22:00:00,7070,[8800.23974746],0.49988530629152406
2014-05-09 23:00:00,6092,[9157.23974663],0.4998982658902995
2014-05-10 00:00:00,5115,[9422.23974568],0.49991043400412627
2014-05-10 01:00:00,5949,[8480.23974466],0.49991688613624574
2014-05-10 02:00:00,5417,[8608.23974383],0.4999205158479817
2014-05-10 03:00:00,5388,[8317.23974282],0.4999199829705392
2014-05-10 04:00:00,5935,[8462.23974192],0.49991850112234504
2014-05-10 05:00:00,7667,[8878.23974097],0.4999165062900134
2014-05-10 06:00:00,9572,[9010.23973995],0.49991572012683483
2014-05-10 07:00:00,11162,[8331.239739],0.4999131834681171
2014-05-10 08:00:00,12166,[7069.23973811],0.4999085767159983
2014-05-10 09:00:00,12740,[6091.23973721],0.4999003768010615
2014-05-10 10:00:00,12656,[5114.23973632],0.49988888980685053
2014-05-10 11:00:00,12580,[5948.23973548],0.4998822386075701
2014-05-10 12:00:00,12869,[5416.23973459],0.49987386249599974
2014-05-10 13:00:00,12077,[5387.23973382],0.4998662428786933
2014-05-10 14:00:00,12766,[5934.23973292],0.4998596700010164
2014-05-10 15:00:00,12197,[7666.23973221],0.49985649149612577
2014-05-10 16:00:00,12176,[9571.23973143],0.49985799952804
2014-05-10 17:00:00,12089,[11161.23973054],0.49986565757298573
2014-05-10 18:00:00,12520,[12165.23972976],0.4998795395453246
2014-05-10 19:00:00,12908,[12739.23972875],0.4998977180663564
2014-05-10 20:00:00,12811,[12655.23972774],0.4999183987329665
2014-05-10 21:00:00,12717,[12579.2397269],0.4999366094283857
2014-05-10 22:00:00,10580,[12868.23972583],0.49995712047688456
2014-05-10 23:00:00,8611,[12076.23972476],0.4999755813620299
2014-05-11 00:00:00,7134,[12765.23972362],0.49999445475872906
2014-05-11 01:00:00,5702,[12196.23972255],0.500007001406642
2014-05-11 02:00:00,5210,[12175.23972136],0.5000142278235171
2014-05-11 03:00:00,4863,[12088.23972023],0.5000168113020957
2014-05-11 04:00:00,5444,[12519.23971903],0.5000177929474594
2014-05-11 05:00:00,6621,[12907.2397179],0.5000182463906342
2014-05-11 06:00:00,8191,[12810.23971665],0.500018667605084
2014-05-11 07:00:00,9560,[12716.23971534],0.5000190424301263
2014-05-11 08:00:00,10795,[10579.23971421],0.5000127040966644
2014-05-11 09:00:00,10862,[8610.23971289],0.5000031191834846
2014-05-11 10:00:00,10919,[7133.23971176],0.4999875296665568
2014-05-11 11:00:00,10982,[5701.23971057],0.49996962490405294
2014-05-11 12:00:00,11031,[5209.2397095],0.4999505054627996
2014-05-11 13:00:00,11002,[4862.23970848],0.49993077764854743
2014-05-11 14:00:00,18103,[5443.23970753],0.4999114938527037
2014-05-11 15:00:00,22865,[6620.23970658],0.4998943250908058
2014-05-11 16:00:00,24351,[8190.23970562],0.49988163240948147
2014-05-11 17:00:00,12492,[9559.23970473],0.49987287367091704
2014-05-11 18:00:00,11397,[10794.23970383],0.49987337530632203
2014-05-11 19:00:00,11540,[10861.23970276],0.49987952377144085
2014-05-11 20:00:00,11385,[10918.23970187],0.4998899420592844
2014-05-11 21:00:00,10569,[10981.23970085],0.49990453428803727
2014-05-11 22:00:00,9656,[11030.2396999],0.49992065897768456
2014-05-11 23:00:00,8354,[11001.23969883],0.4999377024796332
2014-05-12 00:00:00,6694,[18102.23969781],0.4999728317335973
2014-05-12 01:00:00,5802,[22864.23969674],0.5000175426866855
2014-05-12 02:00:00,5163,[24350.23969537],0.5000611520560981
2014-05-12 03:00:00,4932,[12491.23969394],0.5000692094835841
2014-05-12 04:00:00,5433,[11396.23969269],0.5000709385184414
2014-05-12 05:00:00,6928,[11539.23969126],0.5000728755778312
2014-05-12 06:00:00,8796,[11384.23968995],0.5000742388302581
2014-05-12 07:00:00,10468,[10568.23968858],0.5000732076655914
2014-05-12 08:00:00,11085,[9655.23968726],0.5000695420351509
2014-05-12 09:00:00,11391,[8353.23968613],0.5000623767661098
2014-05-12 10:00:00,11464,[6693.23968482],0.5000311516890411
2014-05-12 11:00:00,11232,[5801.23968375],0.49998450457579624
2014-05-12 12:00:00,11426,[5162.23968256],0.4999322353157888
2014-05-12 13:00:00,10841,[4931.2396816],0.49991194397607097
2014-05-12 14:00:00,10908,[5432.23968053],0.49989602654857723
2014-05-12 15:00:00,11058,[6927.23967963],0.49988366570889187
2014-05-12 16:00:00,10999,[8795.23967868],0.4998766485537347
2014-05-12 17:00:00,10893,[10467.23967779],0.49987629841681447
2014-05-12 18:00:00,11145,[11084.23967677],0.49988009563426106
2014-05-12 19:00:00,11704,[11390.23967588],0.4998882819369893
2014-05-12 20:00:00,11349,[11463.23967481],0.49990122106982615
2014-05-12 21:00:00,10441,[11231.23967385],0.4999160002504457
2014-05-12 22:00:00,9120,[11425.23967278],0.4999330848427175
2014-05-12 23:00:00,7468,[10840.23967177],0.49994925142793445
2014-05-13 00:00:00,6401,[10907.23967069],0.49996425519421617
2014-05-13 01:00:00,5267,[11057.23966968],0.49997558754794014
2014-05-13 02:00:00,4793,[10998.23966861],0.49998164375650933
2014-05-13 03:00:00,4442,[10892.23966759],0.499982820016325
2014-05-13 04:00:00,5254,[11144.23966664],0.4999829853685096
2014-05-13 05:00:00,7012,[11703.23966539],0.49998383309831873
2014-05-13 06:00:00,9003,[11348.23966432],0.49998351075497904
2014-05-13 07:00:00,10225,[10440.23966324],0.49998134645323455
2014-05-13 08:00:00,11024,[9119.23966211],0.49997503325786563
2014-05-13 09:00:00,11375,[7467.23966122],0.4999658339130191
2014-05-13 10:00:00,11089,[6400.23966014],0.4999535673529797
2014-05-13 11:00:00,11309,[5266.23965919],0.4999378695228036
2014-05-13 12:00:00,10552,[4792.23965812],0.4999211347719438
2014-05-13 13:00:00,10712,[4441.23965728],0.4999038451887382
2014-05-13 14:00:00,10774,[5253.23965645],0.49988806958419485
2014-05-13 15:00:00,10633,[7011.23965567],0.4998754145449342
2014-05-13 16:00:00,10779,[9002.2396549],0.49986900368237075
2014-05-13 17:00:00,10271,[10224.23965389],0.49986834203246155
2014-05-13 18:00:00,10251,[11023.23965311],0.49987345665281613
2014-05-13 19:00:00,9877,[11374.23965228],0.49988406760585413
2014-05-13 20:00:00,9837,[11088.23965132],0.4998968552336426
2014-05-13 21:00:00,9628,[11308.23965049],0.499913384482784
2014-05-13 22:00:00,8388,[10551.23964959],0.49992919285983084
2014-05-13 23:00:00,6665,[10711.23964852],0.499946431975803
2014-05-14 00:00:00,5825,[10773.23964757],0.49996163213545985
2014-05-14 01:00:00,4802,[10632.23964661],0.49997162227141434
2014-05-14 02:00:00,4350,[10778.23964572],0.49997652819861405
2014-05-14 03:00:00,4100,[10270.23964465],0.4999766741766317
2014-05-14 04:00:00,4156,[10250.23964363],0.4999745542199391
2014-05-14 05:00:00,5020,[9876.23964262],0.4999704349320554
2014-05-14 06:00:00,6828,[9836.23964179],0.49996699267678046
2014-05-14 07:00:00,8695,[9627.23964071],0.4999623629603914
2014-05-14 08:00:00,9942,[8387.23963976],0.4999564391316963
2014-05-14 09:00:00,10325,[6664.23963886],0.4999453859528441
2014-05-14 10:00:00,10074,[5824.23963785],0.49993191373423895
2014-05-14 11:00:00,9963,[4801.23963696],0.4999161383740961
2014-05-14 12:00:00,9602,[4349.23963618],0.49989883771713806
2014-05-14 13:00:00,9302,[4099.23963517],0.49988237008541636
2014-05-14 14:00:00,9015,[4155.23963457],0.4998661928028131
2014-05-14 15:00:00,8868,[5019.23963386],0.49985334436277307
2014-05-14 16:00:00,8824,[6827.2396332],0.4998453297223243
2014-05-14 17:00:00,8309,[8694.23963249],0.499842795263698
2014-05-14 18:00:00,8157,[9941.23963165],0.49984697033302583
2014-05-14 19:00:00,8096,[10324.23963094],0.4998568982514511
2014-05-14 20:00:00,8467,[10073.23963016],0.49986847042923777
2014-05-14 21:00:00,8114,[9962.23962939],0.4998825685757695
2014-05-14 22:00:00,7208,[9601.23962855],0.499896957010703
2014-05-14 23:00:00,6152,[9301.23962772],0.4999112434090982
2014-05-15 00:00:00,5327,[9014.23962682],0.4999246188791311
2014-05-15 01:00:00,4704,[8867.23962605],0.49993523550074026
2014-05-15 02:00:00,4272,[8823.23962516],0.4999407699846632
2014-05-15 03:00:00,4123,[8308.23962438],0.49993978079445345
2014-05-15 04:00:00,4295,[8156.23962355],0.4999349496559966
2014-05-15 05:00:00,4877,[8095.23962271],0.4999288983225303
2014-05-15 06:00:00,6409,[8466.23962188],0.49992453502275735
2014-05-15 07:00:00,8055,[8113.2396211],0.49991952402854956
2014-05-15 08:00:00,9422,[7207.23962027],0.4999130747540911
2014-05-15 09:00:00,9812,[6151.23961949],0.49990464108423527
2014-05-15 10:00:00,9786,[5326.23961878],0.49989483293918013
2014-05-15 11:00:00,9714,[4703.239618],0.49988382833308764
2014-05-15 12:00:00,9458,[4271.23961717],0.4998718701833762
2014-05-15 13:00:00,9777,[4122.23961657],0.4998609910556321
2014-05-15 14:00:00,9561,[4294.23961586],0.49985101900493756
2014-05-15 15:00:00,9435,[4876.23961532],0.49984274088758285
2014-05-15 16:00:00,8910,[6408.23961461],0.4998374098903443
2014-05-15 17:00:00,8917,[8054.23961395],0.49983731243975504
2014-05-15 18:00:00,9199,[9421.23961335],0.4998432680057203
2014-05-15 19:00:00,9633,[9811.23961264],0.4998531337415836
2014-05-15 20:00:00,9356,[9785.2396121],0.4998651871612396
2014-05-15 21:00:00,8632,[9713.23961127],0.49987876088922867
2014-05-15 22:00:00,7253,[9457.23961043],0.49989284669674594
2014-05-15 23:00:00,6152,[9776.23960972],0.4999082103018364
2014-05-16 00:00:00,5417,[9560.239609],0.49992254865529073
2014-05-16 01:00:00,5869,[9434.23960823],0.4999349812104307
2014-05-16 02:00:00,5328,[8909.23960751],0.49994183928896474
2014-05-16 03:00:00,5011,[8916.23960668],0.4999442296634635
2014-05-16 04:00:00,5694,[9198.23960584],0.4999436468626519
2014-05-16 05:00:00,7367,[9632.23960501],0.49994316590139454
2014-05-16 06:00:00,9274,[9355.23960418],0.499942008862142
2014-05-16 07:00:00,11018,[8631.23960334],0.4999390984766038
2014-05-16 08:00:00,12292,[7252.23960251],0.49993318857247226
2014-05-16 09:00:00,12804,[6151.23960173],0.49992347672597015
2014-05-16 10:00:00,13116,[5416.23960096],0.49991242957259696
2014-05-16 11:00:00,13135,[5868.23960018],0.4999029441968271
2014-05-16 12:00:00,13000,[5327.23959941],0.49989349124681004
2014-05-16 13:00:00,12263,[5010.23959875],0.49988322163547705
2014-05-16 14:00:00,12384,[5693.23959804],0.49987399052411585
2014-05-16 15:00:00,12380,[7366.23959732],0.49986796066010786
2014-05-16 16:00:00,12317,[9273.23959672],0.49986771129412255
2014-05-16 17:00:00,12289,[11017.23959595],0.4998740879493748
2014-05-16 18:00:00,12457,[12291.23959523],0.49988766553617503
2014-05-16 19:00:00,12742,[12803.23959452],0.49990565290418865
2014-05-16 20:00:00,12895,[13115.23959368],0.49992651895898166
2014-05-16 21:00:00,11794,[13134.23959279],0.49994623546679107
2014-05-16 22:00:00,10088,[12999.23959184],0.499967091852632
2014-05-16 23:00:00,8499,[12262.23959094],0.49998685051257274
2014-05-17 00:00:00,6978,[12383.23958993],0.5000051044804542
2014-05-17 01:00:00,5895,[12379.23958904],0.5000188018661179
2014-05-17 02:00:00,5324,[12316.23958802],0.5000271301288766
2014-05-17 03:00:00,5264,[12288.23958695],0.500030617058338
2014-05-17 04:00:00,5894,[12456.23958606],0.5000310713650404
2014-05-17 05:00:00,7677,[12741.23958492],0.5000308948836907
2014-05-17 06:00:00,9407,[12894.23958397],0.5000302766791758
2014-05-17 07:00:00,10816,[11793.23958284],0.500026608603033
2014-05-17 08:00:00,12032,[10087.23958182],0.5000186502521855
2014-05-17 09:00:00,12054,[8498.23958075],0.5000083686982535
2014-05-17 10:00:00,12426,[6977.2395798],0.4999936001639237
2014-05-17 11:00:00,12021,[5894.23957884],0.49997591691630794
2014-05-17 12:00:00,11775,[5323.23957783],0.4999569067810353
2014-05-17 13:00:00,11630,[5263.23957694],0.49993786747208835
2014-05-17 14:00:00,12443,[5893.23957628],0.49992009607992893
2014-05-17 15:00:00,12833,[7676.23957533],0.4999063176216756
2014-05-17 16:00:00,11403,[9406.23957455],0.49989675001789036
2014-05-17 17:00:00,11793,[10815.23957372],0.499893992945994
2014-05-17 18:00:00,11884,[12031.239573],0.49989922169337486
2014-05-17 19:00:00,12401,[12053.23957205],0.4999088855304207
2014-05-17 20:00:00,12671,[12425.23957115],0.49992376549862594
2014-05-17 21:00:00,11509,[12020.23957014],0.4999405441839555
2014-05-17 22:00:00,9662,[11774.23956925],0.49995825317289533
2014-05-17 23:00:00,8013,[11629.23956835],0.4999757628996725
2014-05-18 00:00:00,6877,[12442.23956746],0.4999937892743016
2014-05-18 01:00:00,6257,[12832.23956645],0.500007988712637
2014-05-18 02:00:00,5395,[11402.23956543],0.5000135140057558
2014-05-18 03:00:00,5246,[11792.23956454],0.500016220410871
2014-05-18 04:00:00,5603,[11883.23956352],0.5000158143098417
2014-05-18 05:00:00,7097,[12400.23956251],0.5000167657826139
2014-05-18 06:00:00,9127,[12670.2395615],0.5000174286784367
2014-05-18 07:00:00,10535,[11508.23956037],0.5000160216616084
2014-05-18 08:00:00,11486,[9661.23955941],0.5000102075729076
2014-05-18 09:00:00,11836,[8012.23955834],0.5000002452779303
2014-05-18 10:00:00,11796,[6876.23955739],0.49998490062184964
2014-05-18 11:00:00,11975,[6256.23955655],0.4999667919876044
2014-05-18 12:00:00,11634,[5394.23955566],0.4999503365677539
2014-05-18 13:00:00,10714,[5245.2395547],0.49993244484220967
2014-05-18 14:00:00,10877,[5602.23955387],0.4999153087257626
2014-05-18 15:00:00,11428,[7096.23955315],0.4999007814438263
2014-05-18 16:00:00,11228,[9126.23955232],0.4998909841487802
2014-05-18 17:00:00,11733,[10534.23955148],0.4998882199190676
2014-05-18 18:00:00,11818,[11485.23955077],0.4998931711438336
2014-05-18 19:00:00,12395,[11835.23954993],0.4999036644817584
2014-05-18 20:00:00,12577,[11795.23954916],0.49991721752058427
2014-05-18 21:00:00,11688,[11974.23954827],0.4999330091029591
2014-05-18 22:00:00,10145,[11633.23954737],0.49995028331321434
2014-05-18 23:00:00,8682,[10713.23954654],0.4999654667767246
2014-05-19 00:00:00,7257,[10876.23954558],0.49998013171152544
2014-05-19 01:00:00,6229,[11427.23954469],0.4999921809628589
2014-05-19 02:00:00,5493,[11227.23954374],0.4999980376611022
2014-05-19 03:00:00,5459,[11732.23954284],0.5000013719776845
2014-05-19 04:00:00,6277,[11817.23954195],0.5000022909115565
2014-05-19 05:00:00,7848,[12394.23954093],0.5000038318487678
2014-05-19 06:00:00,9890,[12576.23954004],0.500005991903741
2014-05-19 07:00:00,11795,[11687.23953897],0.5000051869645925
2014-05-19 08:00:00,13244,[10144.23953813],0.5000010492358802
2014-05-19 09:00:00,13329,[8681.23953712],0.4999954194505364
2014-05-19 10:00:00,13462,[7256.23953617],0.4999853743888977
2014-05-19 11:00:00,13701,[6228.23953527],0.49997094959027666
2014-05-19 12:00:00,13218,[5492.23953444],0.49995508660053034
2014-05-19 13:00:00,12676,[5458.23953354],0.4999377594188581
2014-05-19 14:00:00,12568,[6276.23953277],0.49992245886721354
2014-05-19 15:00:00,12783,[7847.23953211],0.49990984089704205
2014-05-19 16:00:00,12616,[9889.23953116],0.4999023038050995
2014-05-19 17:00:00,12806,[11794.23953044],0.49990250992615715
2014-05-19 18:00:00,12702,[13243.23952973],0.4999110734282768
2014-05-19 19:00:00,13113,[13328.23952878],0.49992398241208824
2014-05-19 20:00:00,13102,[13461.23952806],0.49994127199775606
2014-05-19 21:00:00,12345,[13700.23952705],0.499962131242937
2014-05-19 22:00:00,10459,[13217.23952615],0.499983732454762
2014-05-19 23:00:00,8500,[12675.23952532],0.5000039497709079
2014-05-20 00:00:00,7380,[12567.23952425],0.5000215993050741
2014-05-20 01:00:00,5726,[12782.23952323],0.5000354572893784
2014-05-20 02:00:00,5230,[12615.23952228],0.5000431256345732
2014-05-20 03:00:00,5033,[12805.23952127],0.5000459705400212
2014-05-20 04:00:00,5476,[12701.23952031],0.5000444467179987
2014-05-20 05:00:00,7143,[13112.2395193],0.500043826788058
2014-05-20 06:00:00,9078,[13101.23951828],0.500042800074151
2014-05-20 07:00:00,10553,[12344.23951721],0.5000389824797692
2014-05-20 08:00:00,11465,[10458.23951626],0.5000312387954389
2014-05-20 09:00:00,11718,[8499.23951519],0.5000195128866298
2014-05-20 10:00:00,11642,[7379.23951423],0.5000049413422518
2014-05-20 11:00:00,11518,[5725.23951334],0.4999851445835809
2014-05-20 12:00:00,10878,[5229.23951238],0.4999644868779691
2014-05-20 13:00:00,10918,[5032.23951155],0.4999428112404697
2014-05-20 14:00:00,10950,[5475.23951077],0.49992270490230284
2014-05-20 15:00:00,11000,[7142.23950994],0.499906040584009
2014-05-20 16:00:00,11063,[9077.23950928],0.4998947273662696
2014-05-20 17:00:00,10694,[10552.23950851],0.49988961788843744
2014-05-20 18:00:00,10664,[11464.23950773],0.4998923568123518
2014-05-20 19:00:00,10616,[11717.23950696],0.4999013323112892
2014-05-20 20:00:00,10781,[11641.23950607],0.4999132707858437
2014-05-20 21:00:00,10289,[11517.23950523],0.4999295535468381
2014-05-20 22:00:00,9441,[10877.2395044],0.49994547275943435
2014-05-20 23:00:00,8033,[10917.23950356],0.499962087829273
2014-05-21 00:00:00,6642,[10949.23950273],0.49997756595650733
2014-05-21 01:00:00,6089,[10999.23950177],0.49998848631432113
2014-05-21 02:00:00,5362,[11062.23950106],0.4999941140220997
2014-05-21 03:00:00,4878,[10693.23950016],0.49999452574824876
2014-05-21 04:00:00,5251,[10663.23949933],0.49999226284602394
2014-05-21 05:00:00,6084,[10615.23949838],0.4999891416958525
2014-05-21 06:00:00,8367,[10780.23949754],0.4999866971384638
2014-05-21 07:00:00,11012,[10288.23949671],0.49998321317075256
2014-05-21 08:00:00,12525,[9440.23949575],0.4999791544530142
2014-05-21 09:00:00,13761,[8032.23949498],0.4999710086995035
2014-05-21 10:00:00,13968,[6641.23949414],0.49995886458531813
2014-05-21 11:00:00,13042,[6088.23949331],0.49994504660898675
2014-05-21 12:00:00,12023,[5361.23949254],0.49992905594313175
2014-05-21 13:00:00,11719,[4877.23949182],0.49991282219097166
2014-05-21 14:00:00,11099,[5250.23949111],0.4998977456120761
2014-05-21 15:00:00,11022,[6083.23949045],0.4998851188487111
2014-05-21 16:00:00,10641,[8366.23948979],0.49987831593555077
2014-05-21 17:00:00,10496,[11011.23948908],0.4998802729872539
2014-05-21 18:00:00,10420,[12524.23948836],0.4998889045681334
2014-05-21 19:00:00,10218,[13760.23948765],0.499905051153973
2014-05-21 20:00:00,10615,[13967.23948687],0.49992575075455314
2014-05-21 21:00:00,10058,[13041.23948616],0.49994541728122344
2014-05-21 22:00:00,9045,[12022.23948532],0.49996429840708145
2014-05-21 23:00:00,7815,[11718.23948443],0.49998372883712905
2014-05-22 00:00:00,6834,[11098.23948365],0.5000003773802348
2014-05-22 01:00:00,4540,[11021.2394827],0.5000144610544589
2014-05-22 02:00:00,4281,[10640.23948187],0.5000209762561081
2014-05-22 03:00:00,3960,[10495.23948097],0.5000195393821056
2014-05-22 04:00:00,4017,[10419.23948014],0.5000135617825134
2014-05-22 05:00:00,4613,[10217.23947924],0.5000034677641515
2014-05-22 06:00:00,5838,[10614.23947841],0.4999938927299844
2014-05-22 07:00:00,7006,[10057.23947763],0.4999853733444699
2014-05-22 08:00:00,8067,[9044.23947674],0.4999768874862225
2014-05-22 09:00:00,8856,[7814.23947597],0.4999657816852514
2014-05-22 10:00:00,8571,[6833.23947507],0.4999536835965258
2014-05-22 11:00:00,8628,[4539.2394743],0.4999353979870911
2014-05-22 12:00:00,8647,[4280.23947364],0.4999175516117287
2014-05-22 13:00:00,8537,[3959.23947293],0.4998993116773245
2014-05-22 14:00:00,8532,[4016.23947227],0.499881526050024
2014-05-22 15:00:00,8321,[4612.23947155],0.49986600244075063
2014-05-22 16:00:00,7917,[5837.23947102],0.49985272110465895
2014-05-22 17:00:00,7758,[7005.23947042],0.49984421508784416
2014-05-22 18:00:00,8131,[8066.23946983],0.49984148665997163
2014-05-22 19:00:00,8757,[8855.23946923],0.49984441787044465
2014-05-22 20:00:00,8317,[8570.23946869],0.4998493440310867
2014-05-22 21:00:00,7200,[8627.23946798],0.4998609365530875
2014-05-22 22:00:00,6251,[8646.2394675],0.49987332576423804
2014-05-22 23:00:00,5393,[8536.23946673],0.49988633020567097
2014-05-23 00:00:00,5198,[8531.23946613],0.49989916854311756
2014-05-23 01:00:00,4872,[8320.23946548],0.49990973558234575
2014-05-23 02:00:00,4668,[7916.23946476],0.4999157031260588
2014-05-23 03:00:00,5269,[7757.23946422],0.4999179115856992
2014-05-23 04:00:00,6392,[8130.23946357],0.4999181456358889
2014-05-23 05:00:00,7701,[8756.23946291],0.49991788546341676
2014-05-23 06:00:00,9145,[8316.23946226],0.4999172056598803
2014-05-23 07:00:00,10376,[7199.23946166],0.4999132506660412
2014-05-23 08:00:00,10891,[6250.23946095],0.4999066125622912
2014-05-23 09:00:00,11282,[5392.23946041],0.4998979323772067
2014-05-23 10:00:00,11474,[5197.23945981],0.4998887521229427
2014-05-23 11:00:00,11406,[4871.23945922],0.49987930421834925
2014-05-23 12:00:00,11208,[4667.23945862],0.4998704728638472
2014-05-23 13:00:00,11010,[5268.23945814],0.4998637415441579
2014-05-23 14:00:00,11440,[6391.23945767],0.49985901763064655
2014-05-23 15:00:00,10702,[7700.23945713],0.49985610506378686
2014-05-23 16:00:00,11097,[9144.23945653],0.4998584090253291
2014-05-23 17:00:00,11120,[10375.23945594],0.4998672908631141
2014-05-23 18:00:00,11567,[10890.2394554],0.49988030840343245
2014-05-23 19:00:00,11640,[11281.23945475],0.49989687030996155
2014-05-23 20:00:00,11084,[11473.23945415],0.49991455027137743
2014-05-23 21:00:00,9495,[11405.23945349],0.49993299074742015
2014-05-23 22:00:00,7591,[11207.23945284],0.4999514819438916
2014-05-23 23:00:00,6316,[11009.23945206],0.49996773976958364
2014-05-24 00:00:00,6468,[11439.23945135],0.4999820455770839
2014-05-24 01:00:00,5596,[10701.23945063],0.4999905727613767
2014-05-24 02:00:00,5529,[11096.23944986],0.499996120492356
2014-05-24 03:00:00,6064,[11119.2394492],0.49999823770807283
2014-05-24 04:00:00,7329,[11566.23944837],0.5000001544835284
2014-05-24 05:00:00,9243,[11639.23944765],0.5000011659705481
2014-05-24 06:00:00,10973,[11083.23944676],0.5000000572602813
2014-05-24 07:00:00,12448,[9494.23944598],0.4999946400625873
2014-05-24 08:00:00,13005,[7590.23944515],0.49998439402041706
2014-05-24 09:00:00,13778,[6315.23944443],0.49997111798822413
2014-05-24 10:00:00,13458,[6467.23944366],0.4999570568826395
2014-05-24 11:00:00,13666,[5595.23944294],0.49994267553863414
2014-05-24 12:00:00,13085,[5528.23944229],0.49992701140017126
2014-05-24 13:00:00,13167,[6063.23944169],0.49991279447074144
2014-05-24 14:00:00,12852,[7328.23944098],0.49990083073310043
2014-05-24 15:00:00,12952,[9242.23944038],0.49989399575956905
2014-05-24 16:00:00,12936,[10972.23943973],0.49989360185817955
2014-05-24 17:00:00,12779,[12447.23943907],0.49990191681102436
2014-05-24 18:00:00,13373,[13004.2394383],0.49991725825323463
2014-05-24 19:00:00,13824,[13777.23943758],0.4999384569350721
2014-05-24 20:00:00,12781,[13457.23943692],0.4999583293882581
2014-05-24 21:00:00,11224,[13665.23943609],0.4999813024861812
2014-05-24 22:00:00,8822,[13084.23943526],0.5000028407513898
2014-05-24 23:00:00,7357,[13166.23943442],0.5000231067397263
2014-05-25 00:00:00,5777,[12851.23943359],0.5000388852315856
2014-05-25 01:00:00,5018,[12951.23943275],0.5000494875161459
2014-05-25 02:00:00,4909,[12935.23943186],0.5000551020919355
2014-05-25 03:00:00,5114,[12778.23943096],0.5000560511651017
2014-05-25 04:00:00,5998,[13372.23943007],0.5000570873340369
2014-05-25 05:00:00,7503,[13823.23942924],0.5000571838883444
2014-05-25 06:00:00,8917,[12780.23942822],0.5000552421876824
2014-05-25 07:00:00,9889,[11223.23942727],0.5000482692768692
2014-05-25 08:00:00,10249,[8821.23942643],0.5000360918444378
2014-05-25 09:00:00,10363,[7356.23942554],0.5000194775261436
2014-05-25 10:00:00,10306,[5776.23942477],0.49999926513717163
2014-05-25 11:00:00,9851,[5017.23942393],0.49997665126973345
2014-05-25 12:00:00,9889,[4908.23942316],0.4999538375547976
2014-05-25 13:00:00,9981,[5113.23942244],0.4999321090708406
2014-05-25 14:00:00,11797,[5997.23942173],0.49991119534761885
2014-05-25 15:00:00,11994,[7502.23942113],0.49989320961657024
2014-05-25 16:00:00,11175,[8916.23942047],0.4998821593393432
2014-05-25 17:00:00,11704,[9888.23941976],0.4998782884491595
2014-05-25 18:00:00,11593,[10248.23941904],0.4998823073490518
2014-05-25 19:00:00,11869,[10362.23941839],0.49989085280049583
2014-05-25 20:00:00,11530,[10305.23941767],0.49990377973208633
2014-05-25 21:00:00,9631,[9850.23941708],0.4999176123286303
2014-05-25 22:00:00,7906,[9888.23941636],0.4999318843096925
2014-05-25 23:00:00,6723,[9980.23941559],0.499945848148165
2014-05-26 00:00:00,6289,[11796.23941487],0.4999624688264338
2014-05-26 01:00:00,5427,[11993.23941422],0.49997534650074804
2014-05-26 02:00:00,5154,[11174.2394135],0.49998183015171715
2014-05-26 03:00:00,5913,[11703.23941267],0.49998703562458646
2014-05-26 04:00:00,7147,[11592.23941195],0.49999089293153254
2014-05-26 05:00:00,8996,[11868.23941123],0.49999521764870003
2014-05-26 06:00:00,10522,[11529.23941046],0.4999987416811811
2014-05-26 07:00:00,11777,[9630.23940957],0.49999813909913726
2014-05-26 08:00:00,12357,[7905.23940885],0.4999924785290163
2014-05-26 09:00:00,12664,[6722.23940814],0.4999831641465916
2014-05-26 10:00:00,12352,[6288.23940736],0.49996737290231796
2014-05-26 11:00:00,11884,[5426.23940665],0.49994858658632135
2014-05-26 12:00:00,12349,[5153.23940599],0.49993143068634016
2014-05-26 13:00:00,11976,[5912.23940539],0.499914921750956
2014-05-26 14:00:00,12360,[7146.2394048],0.49990221919115585
2014-05-26 15:00:00,12421,[8995.23940414],0.4998939415705991
2014-05-26 16:00:00,12053,[10521.23940355],0.4998909719343444
2014-05-26 17:00:00,12168,[11776.23940289],0.4998970689847989
2014-05-26 18:00:00,12599,[12356.23940223],0.4999098217555956
2014-05-26 19:00:00,12728,[12663.23940164],0.4999268924691185
2014-05-26 20:00:00,11923,[12351.2394008],0.49994434159392853
2014-05-26 21:00:00,10121,[11883.23940015],0.49996296228305426
2014-05-26 22:00:00,8231,[12348.23939937],0.4999837368395277
2014-05-26 23:00:00,6753,[11975.23939872],0.50000126890696
2014-05-27 00:00:00,5899,[12359.23939782],0.5000163532330643
2014-05-27 01:00:00,5278,[12420.23939711],0.5000262704123537
2014-05-27 02:00:00,4868,[12052.23939633],0.5000307131502041
2014-05-27 03:00:00,5346,[12167.23939544],0.5000318481994637
2014-05-27 04:00:00,6814,[12598.23939472],0.5000325405394289
2014-05-27 05:00:00,8350,[12727.23939383],0.500032712645651
2014-05-27 06:00:00,9981,[11922.23939306],0.5000314711221678
2014-05-27 07:00:00,11085,[10120.23939222],0.5000263813168744
2014-05-27 08:00:00,11678,[8230.23939139],0.5000144568121909
2014-05-27 09:00:00,12139,[6752.23939067],0.4999993383502037
2014-05-27 10:00:00,11954,[5898.23938984],0.49998065229972666
2014-05-27 11:00:00,11643,[5277.23938912],0.4999600395783028
2014-05-27 12:00:00,11162,[4867.23938853],0.49993937601762517
2014-05-27 13:00:00,11646,[5345.23938775],0.49991978609793586
2014-05-27 14:00:00,11447,[6813.23938721],0.49990313198137193
2014-05-27 15:00:00,11595,[8349.2393865],0.4998904663130953
2014-05-27 16:00:00,11279,[9980.23938602],0.49988478308298145
2014-05-27 17:00:00,11316,[11084.23938531],0.49988749795201937
2014-05-27 18:00:00,11083,[11677.23938465],0.4998974209460083
2014-05-27 19:00:00,11243,[12138.239384],0.4999129902146874
2014-05-27 20:00:00,10644,[11953.23938334],0.49993053027205236
2014-05-27 21:00:00,9675,[11642.23938257],0.49994900331116543
2014-05-27 22:00:00,8316,[11161.23938185],0.49996730618892027
2014-05-27 23:00:00,6798,[11645.23938125],0.4999856434128619
2014-05-28 00:00:00,6126,[11446.23938054],0.49999914671650636
2014-05-28 01:00:00,5296,[11594.23937976],0.5000086130050236
2014-05-28 02:00:00,4964,[11278.23937905],0.5000124097838441
2014-05-28 03:00:00,5038,[11315.23937827],0.500013090672142
2014-05-28 04:00:00,5420,[11082.23937744],0.5000113600016964
2014-05-28 05:00:00,7098,[11242.23937672],0.5000087417042844
2014-05-28 06:00:00,9308,[10643.23937595],0.5000049188759362
2014-05-28 07:00:00,11216,[9674.23937523],0.4999991813674136
2014-05-28 08:00:00,12228,[8315.23937446],0.49999089208095826
2014-05-28 09:00:00,12801,[6797.23937374],0.4999767685404195
2014-05-28 10:00:00,12367,[6125.23937303],0.4999612932120081
2014-05-28 11:00:00,12085,[5295.23937243],0.49994301684547104
2014-05-28 12:00:00,11855,[4963.23937172],0.4999247561706276
2014-05-28 13:00:00,11425,[5037.23937106],0.4999066442197414
2014-05-28 14:00:00,11338,[5419.23937058],0.4998903361192819
2014-05-28 15:00:00,11217,[7097.23937005],0.4998783435008085
2014-05-28 16:00:00,10635,[9307.23936939],0.4998744145026006
2014-05-28 17:00:00,10554,[11215.23936886],0.49987882210133505
2014-05-28 18:00:00,10564,[12227.23936832],0.4998901527269456
2014-05-28 19:00:00,10877,[12800.23936754],0.4999076100598826
2014-05-28 20:00:00,10569,[12366.23936701],0.4999257881592337
2014-05-28 21:00:00,9643,[12084.23936629],0.49994559859872334
2014-05-28 22:00:00,8228,[11854.23936564],0.49996573892989227
2014-05-28 23:00:00,6908,[11424.23936492],0.4999844380994377
2014-05-29 00:00:00,5760,[11337.23936421],0.5000017896741533
2014-05-29 01:00:00,5149,[11216.23936343],0.5000138855354093
2014-05-29 02:00:00,4939,[10634.23936272],0.5000178054683917
2014-05-29 03:00:00,4744,[10553.23936212],0.5000158829247081
2014-05-29 04:00:00,5113,[10563.23936129],0.5000110084701002
2014-05-29 05:00:00,6566,[10876.23936063],0.5000053547881125
2014-05-29 06:00:00,8894,[10568.23935992],0.5000000708672565
2014-05-29 07:00:00,10989,[9642.23935914],0.4999929004622794
2014-05-29 08:00:00,12179,[8227.23935848],0.4999822604239529
2014-05-29 09:00:00,12547,[6907.23935783],0.4999690316138534
2014-05-29 10:00:00,12567,[5759.23935711],0.4999527316725556
2014-05-29 11:00:00,12498,[5148.23935652],0.49993505110215897
2014-05-29 12:00:00,12652,[4938.23935586],0.49991851994180203
2014-05-29 13:00:00,12773,[4743.23935533],0.49990171261769367
2014-05-29 14:00:00,12813,[5112.23935467],0.499885969147983
2014-05-29 15:00:00,12758,[6565.23935419],0.4998734685600632
2014-05-29 16:00:00,14370,[8893.23935354],0.49986854369864153
2014-05-29 17:00:00,14494,[10988.23935312],0.49987240148426215
2014-05-29 18:00:00,14916,[12178.23935258],0.4998838972925719
2014-05-29 19:00:00,14842,[12546.23935193],0.49990036541186234
2014-05-29 20:00:00,14375,[12566.23935139],0.499920287177513
2014-05-29 21:00:00,12133,[12497.23935062],0.4999418281037652
2014-05-29 22:00:00,9391,[12651.23934996],0.49996446437650877
2014-05-29 23:00:00,7596,[12772.23934942],0.4999880555122814
2014-05-30 00:00:00,5596,[12812.23934859],0.500010702813076
2014-05-30 01:00:00,5331,[12757.23934793],0.5000289305149418
2014-05-30 02:00:00,5245,[14369.23934716],0.5000450138933552
2014-05-30 03:00:00,5878,[14493.23934644],0.5000552839996787
2014-05-30 04:00:00,7486,[14915.23934567],0.5000632722107516
2014-05-30 05:00:00,9797,[14841.23934489],0.5000699599163094
2014-05-30 06:00:00,12153,[14374.239344],0.5000752340349635
2014-05-30 07:00:00,13467,[12132.23934323],0.5000741842735654
2014-05-30 08:00:00,14471,[9390.23934239],0.5000646316875426
2014-05-30 09:00:00,14605,[7595.23934162],0.5000494208172009
2014-05-30 10:00:00,14569,[5595.2393409],0.5000281983464108
2014-05-30 11:00:00,14139,[5330.23934019],0.5000063982009237
2014-05-30 12:00:00,13829,[5244.23933941],0.49997964550830876
2014-05-30 13:00:00,14047,[5877.23933876],0.4999544171004092
2014-05-30 14:00:00,13958,[7485.2393381],0.49993262816193884
2014-05-30 15:00:00,13955,[9796.23933756],0.4999177594953731
2014-05-30 16:00:00,19507,[12152.23933685],0.4999111380461838
2014-05-30 17:00:00,27192,[13466.23933625],0.49991498409134083
2014-05-30 18:00:00,24690,[14470.23933554],0.4999298787053502
2014-05-30 19:00:00,23589,[14604.23933488],0.4999504626592608
2014-05-30 20:00:00,20833,[14568.23933411],0.49997683930152015
2014-05-30 21:00:00,16541,[14138.23933345],0.5000027426847689
2014-05-30 22:00:00,12562,[13828.23933256],0.5000280058526292
2014-05-30 23:00:00,10301,[14046.23933178],0.5000520525746087
