timestamp,value,anomaly_score,S(t)_reward_low_FP_rate,S(t)_reward_low_FN_rate,S(t)_standard
2015-09-08 11:39:00,73,0.0,0.0,0.0,0.0
2015-09-08 11:44:00,62,0.0,0.0,0.0,0.0
2015-09-08 11:59:00,66,0.0,0.0,0.0,0.0
2015-09-08 12:19:00,69,0.0,0.0,0.0,0.0
2015-09-08 12:24:00,65,0.0,0.0,0.0,0.0
2015-09-08 12:27:00,76,0.0,0.0,0.0,0.0
2015-09-08 12:32:00,65,0.0,0.0,0.0,0.0
2015-09-08 12:46:00,62,0.0,0.0,0.0,0.0
2015-09-08 12:51:00,61,0.0,0.0,0.0,0.0
2015-09-08 13:01:00,65,0.0,0.0,0.0,0.0
2015-09-08 13:21:00,68,0.0,0.0,0.0,0.0
2015-09-08 13:26:00,66,-10.9638824463,0.0,0.0,0.0
2015-09-08 13:31:00,67,4.8073425293,0.0,0.0,0.0
2015-09-08 13:36:00,65,-1.00975799561,0.0,0.0,0.0
2015-09-08 13:41:00,67,0.404472351074,0.0,0.0,0.0
2015-09-08 13:46:00,67,0.209625244141,0.0,0.0,0.0
2015-09-08 13:56:00,69,0.521110534668,0.0,0.0,0.0
2015-09-08 14:11:00,68,-0.525032043457,0.0,0.0,0.0
2015-09-08 14:16:00,68,0.10205078125,0.0,0.0,0.0
2015-09-08 14:21:00,67,-0.601898193359,0.0,0.0,0.0
2015-09-08 14:46:00,66,-0.256828308105,0.0,0.0,0.0
2015-09-08 14:51:00,68,0.864952087402,0.0,0.0,0.0
2015-09-08 15:16:00,69,-0.00635528564453,0.0,0.0,0.0
2015-09-08 15:21:00,65,-1.62010192871,0.0,0.0,0.0
2015-09-08 15:26:00,70,1.78521728516,0.0,0.0,0.0
2015-09-08 15:29:00,66,-1.58058166504,0.0,0.0,0.0
2015-09-08 15:41:00,65,0.0654220581055,0.0,0.0,0.0
2015-09-08 16:15:00,64,-0.46174621582,0.0,0.0,0.0
2015-09-08 16:31:00,66,1.10719299316,0.0,0.0,0.0
2015-09-08 16:36:00,69,0.715202331543,0.0,0.0,0.0
2015-09-08 16:41:00,64,-1.76769256592,0.0,0.0,0.0
2015-09-08 16:56:00,69,1.16181182861,0.0,0.0,0.0
2015-09-08 17:11:00,65,-1.03832244873,0.0,0.0,0.0
2015-09-08 17:16:00,68,1.26847076416,0.0,0.0,0.0
2015-09-08 17:21:00,67,-0.304946899414,0.0,0.0,0.0
2015-09-08 17:26:00,69,0.313995361328,0.0,0.0,0.0
2015-09-08 17:31:00,66,-0.726371765137,0.0,0.0,0.0
2015-09-08 17:36:00,69,0.418182373047,0.0,0.0,0.0
2015-09-08 17:41:00,66,-0.373313903809,0.0,0.0,0.0
2015-09-08 17:46:00,65,-0.651382446289,0.0,0.0,0.0
2015-09-08 17:51:00,66,0.307624816895,0.0,0.0,0.0
2015-09-08 17:56:00,65,-0.0295181274414,0.0,0.0,0.0
2015-09-08 17:57:00,64,-0.375038146973,0.0,0.0,0.0
2015-09-08 18:36:00,70,0.538604736328,0.0,0.0,0.0
2015-09-08 18:46:00,69,0.562149047852,0.0,0.0,0.0
2015-09-08 18:51:00,66,-0.787406921387,0.0,0.0,0.0
2015-09-08 18:56:00,68,-0.216789245605,0.0,0.0,0.0
2015-09-08 19:06:00,71,0.638557434082,0.0,0.0,0.0
2015-09-08 20:11:00,63,-0.799945831299,0.0,0.0,0.0
2015-09-08 20:31:00,67,-0.503471374512,0.0,0.0,0.0
2015-09-08 20:41:00,62,-0.405536651611,0.0,0.0,0.0
2015-09-08 20:51:00,64,-0.151901245117,0.0,0.0,0.0
2015-09-08 21:01:00,59,-0.775253295898,0.0,0.0,0.0
2015-09-08 21:06:00,65,0.254470825195,0.0,0.0,0.0
2015-09-08 21:31:00,58,-1.22959899902,0.0,0.0,0.0
2015-09-08 21:41:00,64,0.560081481934,0.0,0.0,0.0
2015-09-08 22:31:00,63,0.66410446167,0.0,0.0,0.0
2015-09-08 22:41:00,66,0.19270324707,0.0,0.0,0.0
2015-09-08 23:16:00,66,0.40461730957,0.0,0.0,0.0
2015-09-08 23:31:00,60,-1.18579864502,0.0,0.0,0.0
2015-09-09 00:06:00,57,-0.802963256836,0.0,0.0,0.0
2015-09-09 01:16:00,58,0.737438201904,0.0,0.0,0.0
2015-09-09 07:34:00,69,2.04762268066,0.0,0.0,0.0
2015-09-09 09:20:00,70,1.03385162354,0.0,0.0,0.0
2015-09-09 09:58:00,66,-1.84268951416,0.0,0.0,0.0
2015-09-09 10:23:00,68,-0.703941345215,0.0,0.0,0.0
2015-09-09 10:33:00,65,0.366775512695,0.0,0.0,0.0
2015-09-09 10:38:00,68,0.719718933105,0.0,0.0,0.0
2015-09-09 10:43:00,68,0.495300292969,0.0,0.0,0.0
2015-09-09 10:48:00,70,-0.197547912598,0.0,0.0,0.0
2015-09-09 10:53:00,67,-0.389221191406,0.0,0.0,0.0
2015-09-09 11:03:00,73,-0.665557861328,0.0,0.0,0.0
2015-09-09 11:08:00,77,0.402702331543,0.0,0.0,0.0
2015-09-09 11:13:00,75,0.742340087891,0.0,0.0,0.0
2015-09-09 11:18:00,71,-0.242538452148,0.0,0.0,0.0
2015-09-09 11:23:00,73,-0.900901794434,0.0,0.0,0.0
2015-09-09 11:43:00,68,0.15446472168,0.0,0.0,0.0
2015-09-09 11:48:00,58,-1.91831207275,0.0,0.0,0.0
2015-09-09 12:03:00,65,-0.653327941895,0.0,0.0,0.0
2015-09-09 12:13:00,65,0.924507141113,0.0,0.0,0.0
2015-09-09 12:33:00,65,-0.0229110717773,0.0,0.0,0.0
2015-09-09 12:48:00,66,-0.271476745605,0.0,0.0,0.0
2015-09-09 13:08:00,74,-0.624839782715,0.0,0.0,0.0
2015-09-09 13:33:00,64,0.0576629638672,0.0,0.0,0.0
2015-09-09 13:38:00,68,-0.477745056152,0.0,0.0,0.0
2015-09-09 13:43:00,65,0.609199523926,0.0,0.0,0.0
2015-09-09 13:48:00,69,0.164421081543,0.0,0.0,0.0
2015-09-09 13:53:00,70,0.776153564453,0.0,0.0,0.0
2015-09-09 13:58:00,64,-0.944400787354,0.0,0.0,0.0
2015-09-09 14:08:00,65,-1.06792449951,0.0,0.0,0.0
2015-09-09 14:13:00,67,0.227119445801,0.0,0.0,0.0
2015-09-09 14:38:00,68,0.731643676758,0.0,0.0,0.0
2015-09-09 14:48:00,66,-0.085334777832,0.0,0.0,0.0
2015-09-09 14:53:00,63,-0.843215942383,0.0,0.0,0.0
2015-09-09 15:03:00,68,-0.0879440307617,0.0,0.0,0.0
2015-09-09 15:08:00,68,0.798408508301,0.0,0.0,0.0
2015-09-09 15:13:00,73,0.156944274902,0.0,0.0,0.0
2015-09-09 15:18:00,79,0.0596694946289,0.0,0.0,0.0
2015-09-09 15:23:00,64,-1.7465133667,0.0,0.0,0.0
2015-09-09 15:28:00,67,-1.29148864746,0.0,0.0,0.0
2015-09-09 15:38:00,62,0.264514923096,0.0,0.0,0.0
2015-09-09 15:43:00,68,0.533889770508,0.0,0.0,0.0
2015-09-09 15:48:00,70,0.924865722656,0.0,0.0,0.0
2015-09-09 16:08:00,67,-0.411712646484,0.0,0.0,0.0
2015-09-09 16:13:00,70,-0.677154541016,0.0,0.0,0.0
2015-09-09 16:23:00,65,-0.296257019043,0.0,0.0,0.0
2015-09-09 16:33:00,67,-0.177932739258,0.0,0.0,0.0
2015-09-09 16:43:00,71,0.504425048828,0.0,0.0,0.0
2015-09-09 16:48:00,69,0.340049743652,0.0,0.0,0.0
2015-09-09 16:53:00,64,-0.507480621338,0.0,0.0,0.0
2015-09-09 16:58:00,63,-0.948204040527,0.0,0.0,0.0
2015-09-09 17:03:00,62,0.121849060059,0.0,0.0,0.0
2015-09-09 17:08:00,55,-1.33165740967,0.0,0.0,0.0
2015-09-09 17:13:00,48,-2.15446853638,0.0,0.0,0.0
2015-09-09 17:18:00,56,2.00490951538,0.0,0.0,0.0
2015-09-09 17:23:00,51,-0.854331970215,0.0,0.0,0.0
2015-09-09 17:28:00,60,1.87363815308,0.0,0.0,0.0
2015-09-09 17:33:00,43,-7.02982330322,0.0,0.0,0.0
2015-09-09 17:38:00,62,9.47862243652,0.0,0.0,0.0
2015-09-09 17:43:00,70,1.31195068359,0.0,0.0,0.0
2015-09-09 17:48:00,65,-0.385887145996,0.0,0.0,0.0
2015-09-09 17:58:00,70,-0.206436157227,0.0,0.0,0.0
2015-09-09 18:03:00,67,0.0101089477539,0.0,0.0,0.0
2015-09-09 18:13:00,70,2.61595153809,0.0,0.0,0.0
2015-09-09 18:18:00,67,-1.75550842285,0.0,0.0,0.0
2015-09-09 18:23:00,69,0.21369934082,0.0,0.0,0.0
2015-09-09 18:28:00,69,-1.8077545166,0.0,0.0,0.0
2015-09-09 18:38:00,68,-0.27954864502,0.0,0.0,0.0
2015-09-09 18:43:00,67,-0.810081481934,0.0,0.0,0.0
2015-09-09 19:03:00,66,-1.51457977295,0.0,0.0,0.0
2015-09-09 19:38:00,63,-0.61841583252,0.0,0.0,0.0
2015-09-09 19:48:00,68,1.33045959473,0.0,0.0,0.0
2015-09-09 20:03:00,68,0.205039978027,0.0,0.0,0.0
2015-09-09 20:13:00,65,-1.24892044067,0.0,0.0,0.0
2015-09-09 20:18:00,60,-1.6510848999,0.0,0.0,0.0
2015-09-09 20:23:00,65,2.36748504639,0.0,0.0,0.0
2015-09-09 20:38:00,64,0.034423828125,0.0,0.0,0.0
2015-09-09 20:58:00,57,-2.51596832275,0.0,0.0,0.0
2015-09-09 21:13:00,57,0.233539581299,0.0,0.0,0.0
2015-09-09 21:28:00,62,2.11717224121,0.0,0.0,0.0
2015-09-09 21:33:00,55,-2.29341506958,0.0,0.0,0.0
2015-09-09 21:48:00,61,2.28103256226,0.0,0.0,0.0
2015-09-09 21:53:00,61,-0.698482513428,0.0,0.0,0.0
2015-09-09 22:33:00,58,-0.409244537354,0.0,0.0,0.0
2015-09-09 22:41:00,65,2.82408905029,0.0,0.0,0.0
2015-09-09 23:38:00,65,0.0851974487305,0.0,0.0,0.0
2015-09-09 23:53:00,62,-1.34102630615,0.0,0.0,0.0
2015-09-10 05:33:00,68,2.0980758667,0.0,0.0,0.0
2015-09-10 05:45:00,61,-1.95435333252,0.0,0.0,0.0
2015-09-10 08:00:00,62,0.1715965271,0.0,0.0,0.0
2015-09-10 08:18:00,73,3.00776672363,0.0,0.0,0.0
2015-09-10 08:33:00,70,-0.78670501709,0.0,0.0,0.0
2015-09-10 08:43:00,65,-3.23617935181,0.0,0.0,0.0
2015-09-10 08:53:00,65,0.203277587891,0.0,0.0,0.0
2015-09-10 09:13:00,61,-0.471035003662,0.0,0.0,0.0
2015-09-10 09:23:00,64,1.04330444336,0.0,0.0,0.0
2015-09-10 09:28:00,62,-0.81649017334,0.0,0.0,0.0
2015-09-10 09:48:00,75,2.20471191406,0.0,0.0,0.0
2015-09-10 09:52:00,66,-3.3405380249,0.0,0.0,0.0
2015-09-10 10:02:00,71,1.29654693604,0.0,0.0,0.0
2015-09-10 10:07:00,66,-1.61785888672,0.0,0.0,0.0
2015-09-10 10:22:00,67,0.962882995605,0.0,0.0,0.0
2015-09-10 10:27:00,65,-0.107902526855,0.0,0.0,0.0
2015-09-10 10:32:00,67,0.594970703125,0.0,0.0,0.0
2015-09-10 10:42:00,67,-0.435470581055,0.0,0.0,0.0
2015-09-10 10:47:00,65,-1.03584289551,0.0,0.0,0.0
2015-09-10 10:52:00,68,0.804557800293,0.0,0.0,0.0
2015-09-10 11:27:00,64,-1.45035552979,0.0,0.0,0.0
2015-09-10 11:37:00,72,1.88117980957,0.0,0.0,0.0
2015-09-10 11:42:00,62,-3.00993728638,0.0,0.0,0.0
2015-09-10 11:47:00,72,2.76075744629,-0.22,-0.11,-0.11
2015-09-10 11:52:00,72,0.413635253906,0.0,0.0,0.0
2015-09-10 11:57:00,68,-1.34241485596,0.0,0.0,0.0
2015-09-10 12:07:00,64,-1.68738174438,0.0,0.0,0.0
2015-09-10 12:12:00,63,0.3515625,0.0,0.0,0.0
2015-09-10 12:37:00,65,1.25963592529,-0.22,-0.11,-0.11
2015-09-10 12:42:00,72,1.5933303833,-0.22,-0.11,-0.11
2015-09-10 12:57:00,67,-2.21134185791,0.0,0.0,0.0
2015-09-10 13:07:00,66,-1.20394897461,0.0,0.0,0.0
2015-09-10 13:17:00,71,1.94226837158,-0.22,-0.11,-0.11
2015-09-10 13:32:00,71,1.02043914795,-0.22,-0.11,-0.11
2015-09-10 13:42:00,67,-1.77940368652,0.0,0.0,0.0
2015-09-10 13:47:00,68,0.120124816895,0.0,0.0,0.0
2015-09-10 14:02:00,65,-0.36287689209,0.0,0.0,0.0
2015-09-10 14:07:00,70,1.55332183838,-0.22,-0.11,-0.11
2015-09-10 14:17:00,71,0.260414123535,0.0,0.0,0.0
2015-09-10 14:32:00,65,-2.75522613525,0.0,0.0,0.0
2015-09-10 14:37:00,69,0.731201171875,0.0,0.0,0.0
2015-09-10 14:42:00,69,0.963874816895,0.0,0.0,0.0
2015-09-10 14:47:00,69,0.0302505493164,0.0,0.0,0.0
2015-09-10 14:57:00,69,-0.48184967041,0.0,0.0,0.0
2015-09-10 15:02:00,71,0.480323791504,0.0,0.0,0.0
2015-09-10 15:07:00,64,-1.88724899292,0.0,0.0,0.0
2015-09-10 15:12:00,64,0.150901794434,0.0,0.0,0.0
2015-09-10 15:17:00,66,0.964431762695,0.0,0.0,0.0
2015-09-10 15:22:00,76,1.81042480469,-0.22,-0.11,-0.11
2015-09-10 15:27:00,64,-3.98456573486,0.0,0.0,0.0
2015-09-10 15:32:00,67,0.450622558594,0.0,0.0,0.0
2015-09-10 15:37:00,64,-0.543792724609,0.0,0.0,0.0
2015-09-10 15:42:00,70,2.69395446777,-0.22,-0.11,-0.11
2015-09-10 15:47:00,70,-0.041618347168,0.0,0.0,0.0
2015-09-10 15:52:00,68,-1.45059204102,0.0,0.0,0.0
2015-09-10 15:57:00,69,0.0374450683594,0.0,0.0,0.0
2015-09-10 16:02:00,68,0.407562255859,0.0,0.0,0.0
2015-09-10 16:12:00,68,0.327827453613,0.0,0.0,0.0
2015-09-10 16:17:00,69,-0.20809173584,0.0,0.0,0.0
2015-09-10 16:22:00,63,-1.91691970825,0.0,0.0,0.0
2015-09-10 16:27:00,67,1.44367980957,-0.22,-0.11,-0.11
2015-09-10 16:32:00,66,-0.130973815918,0.0,0.0,0.0
2015-09-10 16:37:00,68,0.334762573242,0.0,0.0,0.0
2015-09-10 16:42:00,66,-1.03249359131,0.0,0.0,0.0
2015-09-10 16:47:00,67,0.301406860352,0.0,0.0,0.0
2015-09-10 16:52:00,67,0.354362487793,0.0,0.0,0.0
2015-09-10 16:57:00,68,0.435287475586,0.0,0.0,0.0
2015-09-10 17:02:00,64,-1.06726837158,0.0,0.0,0.0
2015-09-10 17:07:00,67,0.605102539062,0.0,0.0,0.0
2015-09-10 17:12:00,62,-1.1106300354,0.0,0.0,0.0
2015-09-10 17:17:00,67,1.36652374268,-0.22,-0.11,-0.11
2015-09-10 17:22:00,66,-0.286811828613,0.0,0.0,0.0
2015-09-10 17:32:00,66,-0.322509765625,0.0,0.0,0.0
2015-09-10 17:37:00,67,0.140419006348,0.0,0.0,0.0
2015-09-10 17:42:00,62,-1.16986083984,0.0,0.0,0.0
2015-09-10 17:47:00,63,0.482894897461,0.0,0.0,0.0
2015-09-10 17:52:00,66,1.09885406494,-0.22,-0.11,-0.11
2015-09-10 18:07:00,69,0.879203796387,0.0,0.0,0.0
2015-09-10 18:12:00,70,-0.0692520141602,0.0,0.0,0.0
2015-09-10 18:17:00,70,-0.380981445312,0.0,0.0,0.0
2015-09-10 18:22:00,67,-0.594230651855,0.0,0.0,0.0
2015-09-10 18:37:00,66,-0.123588562012,0.0,0.0,0.0
2015-09-10 18:42:00,68,0.775756835938,0.0,0.0,0.0
2015-09-10 18:47:00,71,0.685317993164,0.0,0.0,0.0
2015-09-10 18:52:00,62,-2.76977157593,0.0,0.0,0.0
2015-09-10 18:57:00,68,0.500839233398,0.0,0.0,0.0
2015-09-10 19:32:00,62,-1.08834838867,0.0,0.0,0.0
2015-09-10 19:37:00,64,0.285766601562,0.0,0.0,0.0
2015-09-10 19:47:00,69,1.16834259033,-0.22,-0.11,-0.11
2015-09-10 19:57:00,63,-1.51850891113,0.0,0.0,0.0
2015-09-10 20:02:00,64,-0.228511810303,0.0,0.0,0.0
2015-09-10 21:02:00,62,0.0470085144043,0.0,0.0,0.0
2015-09-10 21:12:00,69,1.94314575195,-0.22,-0.11,-0.11
2015-09-10 21:27:00,65,-0.938171386719,0.0,0.0,0.0
2015-09-10 21:57:00,56,-3.12305831909,0.0,0.0,0.0
2015-09-10 22:12:00,64,3.04098510742,-0.22,-0.11,-0.11
2015-09-10 23:42:00,70,2.26591491699,-0.22,-0.11,-0.11
2015-09-10 23:47:00,61,-3.03451538086,0.0,0.0,0.0
2015-09-11 05:27:00,64,-0.0772323608398,0.0,0.0,0.0
2015-09-11 05:47:00,68,1.56939697266,-0.22,-0.11,-0.11
2015-09-11 06:17:00,65,-0.0719146728516,0.0,0.0,0.0
2015-09-11 06:37:00,70,1.03659820557,-0.22,-0.11,-0.11
2015-09-11 06:42:00,65,-1.7905921936,0.0,0.0,0.0
2015-09-11 06:57:00,65,-0.33470916748,0.0,0.0,0.0
2015-09-11 07:07:00,70,1.97750854492,-0.22,-0.11,-0.11
2015-09-11 07:12:00,73,1.15897369385,-0.22,-0.11,-0.11
2015-09-11 07:32:00,69,-2.20237731934,0.0,0.0,0.0
2015-09-11 07:42:00,68,-0.948440551758,0.0,0.0,0.0
2015-09-11 08:12:00,65,-0.0958404541016,0.0,0.0,0.0
2015-09-11 08:42:00,68,0.893424987793,0.0,0.0,0.0
2015-09-11 08:47:00,69,0.404624938965,0.0,0.0,0.0
2015-09-11 09:12:00,71,-0.0716705322266,0.0,0.0,0.0
2015-09-11 09:17:00,70,-0.708541870117,0.0,0.0,0.0
2015-09-11 09:27:00,64,-1.59465789795,0.0,0.0,0.0
2015-09-11 09:32:00,68,1.04611968994,-0.22,-0.11,-0.11
2015-09-11 09:37:00,70,1.04613494873,-0.22,-0.11,-0.11
2015-09-11 09:52:00,66,-0.972450256348,0.0,0.0,0.0
2015-09-11 09:57:00,71,0.323860168457,0.0,0.0,0.0
2015-09-11 10:07:00,68,-0.222648620605,0.0,0.0,0.0
2015-09-11 10:27:00,63,-1.43008804321,0.0,0.0,0.0
2015-09-11 10:39:00,66,0.693794250488,0.0,0.0,0.0
2015-09-11 10:49:00,65,0.326789855957,0.0,0.0,0.0
2015-09-11 11:19:00,69,0.560188293457,0.0,0.0,0.0
2015-09-11 11:29:00,70,0.34049987793,0.0,0.0,0.0
2015-09-11 11:34:00,67,-0.829872131348,0.0,0.0,0.0
2015-09-11 11:39:00,63,-1.39011383057,0.0,0.0,0.0
2015-09-11 11:44:00,68,1.5238494873,-0.22,-0.11,-0.11
2015-09-11 11:54:00,71,1.54782867432,-0.22,-0.11,-0.11
2015-09-11 12:04:00,60,-4.02233505249,0.0,0.0,0.0
2015-09-11 12:14:00,81,3.887550354,-0.22,-0.11,-0.11
2015-09-11 12:39:00,69,-3.61960601807,0.0,0.0,0.0
2015-09-11 12:44:00,71,0.551765441895,0.0,0.0,0.0
2015-09-11 12:49:00,64,-3.1322479248,0.0,0.0,0.0
2015-09-11 12:54:00,65,2.14194488525,-0.22,-0.11,-0.11
2015-09-11 12:59:00,69,1.07579803467,-0.22,-0.11,-0.11
2015-09-11 13:09:00,66,-1.1326751709,0.0,0.0,0.0
2015-09-11 13:24:00,65,-1.22490692139,0.0,0.0,0.0
2015-09-11 13:29:00,67,0.0316925048828,0.0,0.0,0.0
2015-09-11 13:39:00,67,1.09384155273,-0.22,-0.11,-0.11
2015-09-11 13:44:00,66,-0.660751342773,0.0,0.0,0.0
2015-09-11 13:49:00,69,0.744171142578,0.0,0.0,0.0
2015-09-11 13:54:00,70,0.818008422852,0.0,0.0,0.0
2015-09-11 14:04:00,65,-1.72943115234,0.0,0.0,0.0
2015-09-11 14:14:00,68,1.52178955078,-0.22,-0.11,-0.11
2015-09-11 14:19:00,68,-0.163818359375,0.0,0.0,0.0
2015-09-11 14:24:00,66,-0.617218017578,0.0,0.0,0.0
2015-09-11 14:29:00,67,0.254997253418,0.0,0.0,0.0
2015-09-11 14:39:00,66,-0.473648071289,0.0,0.0,0.0
2015-09-11 14:44:00,67,0.294021606445,0.0,0.0,0.0
2015-09-11 14:54:00,66,-0.290946960449,0.0,0.0,0.0
2015-09-11 14:59:00,65,-0.319435119629,0.0,0.0,0.0
2015-09-11 15:09:00,69,1.06140136719,-0.22,-0.11,-0.11
2015-09-11 15:14:00,69,0.254112243652,0.0,0.0,0.0
2015-09-11 15:19:00,70,0.158248901367,0.0,0.0,0.0
2015-09-11 15:24:00,67,-1.19846343994,0.0,0.0,0.0
2015-09-11 15:29:00,68,0.55233001709,0.0,0.0,0.0
2015-09-11 15:34:00,64,-0.900932312012,0.986705805895,0.986705805895,0.986705805895
2015-09-11 15:39:00,66,0.719757080078,0.0,0.0,0.0
2015-09-11 15:44:00,66,-0.104835510254,0.0,0.0,0.0
2015-09-11 15:49:00,62,-1.54519271851,0.0,0.0,0.0
2015-09-11 15:54:00,66,1.15953826904,0.0,0.0,0.0
2015-09-11 15:59:00,60,-2.01550674438,0.0,0.0,0.0
2015-09-11 16:04:00,66,2.07987213135,0.0,0.0,0.0
2015-09-11 16:09:00,68,0.637954711914,0.0,0.0,0.0
2015-09-11 16:14:00,64,-1.23027038574,0.0,0.0,0.0
2015-09-11 16:19:00,66,0.463478088379,0.0,0.0,0.0
2015-09-11 16:24:00,60,-1.4836769104,0.0,0.0,0.0
2015-09-11 16:29:00,70,3.60975646973,0.0,0.0,0.0
2015-09-11 16:34:00,65,-2.16121292114,0.0,0.0,0.0
2015-09-11 16:39:00,59,-1.85259246826,0.0,0.0,0.0
2015-09-11 16:44:00,23,-2.60018539429,0.0,0.0,0.0
2015-09-11 16:49:00,52,-12.590423584,0.0,0.0,0.0
2015-09-11 16:54:00,56,7.54293823242,0.0,0.0,0.0
2015-09-11 16:59:00,67,0.877510070801,0.0,0.0,0.0
2015-09-11 17:04:00,63,-5.02414321899,0.0,0.0,0.0
2015-09-11 17:09:00,61,0.208560943604,0.0,0.0,0.0
2015-09-11 17:14:00,65,2.72691345215,0.0,0.0,0.0
2015-09-11 17:19:00,63,1.57041168213,0.0,0.0,0.0
2015-09-11 17:24:00,62,-0.245296478271,0.0,0.0,0.0
2015-09-11 17:29:00,66,0.332572937012,0.0,0.0,0.0
2015-09-11 17:34:00,62,-0.481033325195,0.0,0.0,0.0
2015-09-11 17:39:00,70,0.594703674316,0.0,0.0,0.0
2015-09-11 17:44:00,68,-2.24757385254,0.0,0.0,0.0
2015-09-11 17:49:00,69,0.266334533691,0.0,0.0,0.0
2015-09-11 17:54:00,69,-0.845115661621,0.0,0.0,0.0
2015-09-11 17:59:00,69,0.847213745117,0.0,0.0,0.0
2015-09-11 18:04:00,64,-2.00637054443,0.0,0.0,0.0
2015-09-11 18:09:00,68,1.80110931396,-0.0575585513263,-0.0287792756632,-0.0287792756632
2015-09-11 18:11:00,70,0.104568481445,0.0,0.0,0.0
2015-09-11 18:16:00,65,-2.20412826538,0.0,0.0,0.0
2015-09-11 18:21:00,70,1.77954101562,-0.107742138094,-0.0538710690471,-0.0538710690471
2015-09-11 18:26:00,67,-1.74706268311,0.0,0.0,0.0
2015-09-11 18:31:00,64,-0.411750793457,0.0,0.0,0.0
2015-09-11 18:36:00,67,1.22717285156,-0.146526305971,-0.0732631529854,-0.0732631529854
2015-09-11 18:41:00,67,-0.0856170654297,0.0,0.0,0.0
2015-09-11 18:51:00,68,0.319938659668,0.0,0.0,0.0
2015-09-11 18:56:00,68,-0.302024841309,0.0,0.0,0.0
2015-09-11 19:01:00,68,0.106391906738,0.0,0.0,0.0
2015-09-11 19:26:00,63,-1.89078521729,0.0,0.0,0.0
2015-09-11 19:41:00,62,0.641044616699,0.0,0.0,0.0
2015-09-11 19:46:00,69,2.64225006104,-0.196102162902,-0.0980510814508,-0.0980510814508
2015-09-11 20:01:00,61,-3.52006530762,0.0,0.0,0.0
2015-09-11 20:06:00,58,-0.200130462646,0.0,0.0,0.0
2015-09-11 20:16:00,61,0.813014984131,0.0,0.0,0.0
2015-09-11 20:26:00,63,1.13275909424,-0.20796741381,-0.103983706905,-0.103983706905
2015-09-11 20:36:00,62,-0.524192810059,0.0,0.0,0.0
2015-09-11 20:46:00,66,1.13432312012,-0.211511413201,-0.105755706601,-0.105755706601
2015-09-11 20:51:00,65,-0.773025512695,0.0,0.0,0.0
2015-09-11 21:01:00,60,-0.92301940918,0.0,0.0,0.0
2015-09-11 21:21:00,64,2.17555999756,-0.214991973799,-0.1074959869,-0.1074959869
2015-09-11 21:51:00,59,-1.97309494019,0.0,0.0,0.0
2015-09-11 21:56:00,56,-0.312442779541,0.0,0.0,0.0
2015-09-11 21:59:00,47,-2.01942443848,0.0,0.0,0.0
2015-09-11 22:16:00,60,3.65172195435,-0.217534035351,-0.108767017675,-0.108767017675
2015-09-11 22:41:00,56,-1.81726074219,0.0,0.0,0.0
2015-09-11 23:41:00,57,0.224529266357,0.0,0.0,0.0
2015-09-12 00:16:00,79,6.76139831543,-0.21855342899,-0.109276714495,-0.109276714495
2015-09-12 00:46:00,62,-6.61268615723,0.0,0.0,0.0
2015-09-12 02:56:00,64,2.01528167725,-0.218986873655,-0.109493436828,-0.109493436828
2015-09-12 03:41:00,58,-1.37627792358,0.0,0.0,0.0
2015-09-12 05:06:00,78,7.35301971436,-0.219290652791,-0.109645326395,-0.109645326395
2015-09-12 06:51:00,75,-3.17323303223,0.0,0.0,0.0
2015-09-12 07:11:00,71,-2.21595001221,0.0,0.0,0.0
2015-09-12 07:41:00,70,-2.1895904541,0.0,0.0,0.0
2015-09-12 07:51:00,73,2.01126098633,-0.219652458986,-0.109826229493,-0.109826229493
2015-09-12 08:01:00,70,-0.639007568359,0.0,0.0,0.0
2015-09-12 08:16:00,70,-0.893615722656,0.0,0.0,0.0
2015-09-12 08:46:00,80,2.44826507568,-0.219796534583,-0.109898267292,-0.109898267292
2015-09-12 08:56:00,66,-5.35701370239,0.0,0.0,0.0
2015-09-12 09:16:00,68,1.78293609619,-0.219857621062,-0.109928810531,-0.109928810531
2015-09-12 09:21:00,76,1.94216156006,-0.219880898798,-0.109940449399,-0.109940449399
2015-09-12 09:26:00,66,-3.75294876099,0.0,0.0,0.0
2015-09-12 09:56:00,69,2.00551605225,-0.219916661385,-0.109958330692,-0.109958330692
2015-09-12 10:06:00,69,-0.891998291016,0.0,0.0,0.0
2015-09-12 10:16:00,70,1.01245117188,-0.219941686943,-0.109970843471,-0.109970843471
2015-09-12 10:46:00,72,0.38207244873,0.0,0.0,0.0
2015-09-12 10:51:00,67,-1.85626983643,0.0,0.0,0.0
2015-09-12 10:56:00,71,1.67003631592,-0.219965870343,-0.109982935171,-0.109982935171
2015-09-12 11:06:00,64,-2.37533950806,0.0,0.0,0.0
2015-09-12 11:31:00,67,2.32426452637,-0.21997611986,-0.10998805993,-0.10998805993
2015-09-12 11:41:00,75,1.75924682617,-0.219980024938,-0.109990012469,-0.109990012469
2015-09-12 11:46:00,68,-2.90840148926,0.0,0.0,0.0
2015-09-12 12:06:00,67,0.158203125,0.0,0.0,0.0
2015-09-12 12:11:00,71,1.13274383545,-0.219988309353,-0.109994154676,-0.109994154676
2015-09-12 12:16:00,65,-1.50685501099,0.0,0.0,0.0
2015-09-12 12:26:00,67,1.24462890625,-0.21999182031,-0.109995910155,-0.109995910155
2015-09-12 12:31:00,77,3.01284790039,-0.21999315796,-0.10999657898,-0.10999657898
2015-09-12 12:36:00,67,-4.33447647095,0.0,0.0,0.0
2015-09-12 12:46:00,67,0.803718566895,0.0,0.0,0.0
2015-09-12 12:51:00,68,0.185272216797,0.0,0.0,0.0
2015-09-12 13:06:00,70,1.27207183838,-0.21999665051,-0.109998325255,-0.109998325255
2015-09-12 13:11:00,67,-1.41497802734,0.0,0.0,0.0
2015-09-12 13:16:00,62,-1.41418457031,0.0,0.0,0.0
2015-09-12 13:21:00,67,1.76219940186,-0.219998039701,-0.109999019851,-0.109999019851
2015-09-12 13:36:00,67,0.0317230224609,0.0,0.0,0.0
2015-09-12 13:41:00,65,-0.44157409668,0.0,0.0,0.0
2015-09-12 14:16:00,73,2.16125488281,-0.219998852731,-0.109999426365,-0.109999426365
2015-09-12 14:21:00,69,-2.06196594238,0.0,0.0,0.0
2015-09-12 14:31:00,70,1.517578125,-0.219999197287,-0.109999598643,-0.109999598643
2015-09-12 14:41:00,70,-0.52417755127,0.0,0.0,0.0
2015-09-12 14:56:00,69,0.206100463867,0.0,0.0,0.0
2015-09-12 15:01:00,72,1.09213256836,-0.219999530211,-0.109999765105,-0.109999765105
2015-09-12 15:11:00,70,-0.989974975586,0.0,0.0,0.0
2015-09-12 15:16:00,64,-2.19612884521,0.0,0.0,0.0
2015-09-12 15:21:00,68,1.71789550781,-0.219999725055,-0.109999862528,-0.109999862528
2015-09-12 15:31:00,66,-0.863227844238,0.0,0.0,0.0
2015-09-12 15:36:00,72,2.36837005615,-0.219999807629,-0.109999903814,-0.109999903814
2015-09-12 15:41:00,71,-1.83368682861,0.0,0.0,0.0
2015-09-12 15:46:00,68,-0.669334411621,0.0,0.0,0.0
2015-09-12 15:51:00,66,-0.578231811523,0.0,0.0,0.0
2015-09-12 15:56:00,70,2.38097381592,-0.22,-0.11,-0.11
2015-09-12 16:01:00,68,-0.957336425781,0.0,0.0,0.0
2015-09-12 16:11:00,65,-1.0040512085,0.0,0.0,0.0
2015-09-12 16:16:00,72,2.56132507324,-0.22,-0.11,-0.11
2015-09-12 16:21:00,65,-3.07440567017,0.0,0.0,0.0
2015-09-12 16:31:00,71,3.03052520752,-0.22,-0.11,-0.11
2015-09-12 16:36:00,65,-3.2640914917,0.0,0.0,0.0
2015-09-12 16:41:00,64,0.810371398926,0.0,0.0,0.0
2015-09-12 16:46:00,69,1.72064208984,-0.22,-0.11,-0.11
2015-09-12 16:51:00,68,-0.321655273438,0.0,0.0,0.0
2015-09-12 16:56:00,72,1.09688568115,-0.22,-0.11,-0.11
2015-09-12 17:01:00,71,-1.24362945557,0.0,0.0,0.0
2015-09-12 17:06:00,69,-0.189376831055,0.0,0.0,0.0
2015-09-12 17:21:00,71,0.914558410645,0.0,0.0,0.0
2015-09-12 17:46:00,69,-0.596221923828,0.0,0.0,0.0
2015-09-12 18:21:00,73,1.71158599854,-0.22,-0.11,-0.11
2015-09-12 18:41:00,70,-2.0013885498,0.0,0.0,0.0
2015-09-12 19:01:00,68,-0.273796081543,0.0,0.0,0.0
2015-09-12 19:21:00,62,-2.4016418457,0.0,0.0,0.0
2015-09-12 19:26:00,69,3.49948883057,-0.22,-0.11,-0.11
2015-09-12 19:46:00,72,0.261589050293,0.0,0.0,0.0
2015-09-12 19:51:00,65,-2.98687362671,0.0,0.0,0.0
2015-09-12 20:06:00,60,-1.46676635742,0.0,0.0,0.0
2015-09-12 20:31:00,62,1.49440002441,-0.22,-0.11,-0.11
2015-09-12 20:51:00,66,2.10202026367,-0.22,-0.11,-0.11
2015-09-12 21:21:00,68,0.378204345703,0.0,0.0,0.0
2015-09-12 21:36:00,63,-2.75289535522,0.0,0.0,0.0
2015-09-12 21:51:00,70,3.11714172363,-0.22,-0.11,-0.11
2015-09-12 22:46:00,74,1.31344604492,-0.22,-0.11,-0.11
2015-09-12 23:01:00,62,-3.95464706421,0.0,0.0,0.0
2015-09-12 23:06:00,59,-0.334457397461,0.0,0.0,0.0
2015-09-12 23:31:00,59,0.57759475708,0.0,0.0,0.0
2015-09-13 06:31:00,62,2.06680297852,-0.22,-0.11,-0.11
2015-09-13 07:51:00,70,1.91989135742,-0.22,-0.11,-0.11
2015-09-13 08:01:00,62,-4.82001495361,0.0,0.0,0.0
2015-09-13 08:26:00,67,2.29315185547,-0.22,-0.11,-0.11
2015-09-13 09:21:00,69,0.540046691895,0.0,0.0,0.0
2015-09-13 09:26:00,72,2.17327880859,-0.22,-0.11,-0.11
2015-09-13 09:41:00,67,-2.83638763428,0.0,0.0,0.0
2015-09-13 10:06:00,69,1.59519195557,-0.22,-0.11,-0.11
2015-09-13 10:11:00,72,1.07723236084,-0.22,-0.11,-0.11
2015-09-13 10:16:00,65,-2.5853767395,0.0,0.0,0.0
2015-09-13 10:46:00,76,4.0461730957,-0.22,-0.11,-0.11
2015-09-13 10:51:00,67,-5.26263427734,0.0,0.0,0.0
2015-09-13 10:56:00,72,3.17403411865,-0.22,-0.11,-0.11
2015-09-13 11:06:00,70,-1.94319915771,0.0,0.0,0.0
2015-09-13 11:11:00,65,-1.04438400269,0.0,0.0,0.0
2015-09-13 11:26:00,71,2.19532775879,-0.22,-0.11,-0.11
2015-09-13 11:31:00,69,-1.10353088379,0.0,0.0,0.0
2015-09-13 11:46:00,64,-1.4614906311,0.0,0.0,0.0
2015-09-13 11:51:00,67,1.02657318115,-0.22,-0.11,-0.11
2015-09-13 11:56:00,69,0.775520324707,0.0,0.0,0.0
2015-09-13 12:06:00,66,-1.02500915527,0.0,0.0,0.0
2015-09-13 12:21:00,73,2.4423828125,-0.22,-0.11,-0.11
2015-09-13 12:26:00,70,-1.66316223145,0.0,0.0,0.0
2015-09-13 12:31:00,66,-0.921875,0.0,0.0,0.0
2015-09-13 12:41:00,66,0.56844329834,0.0,0.0,0.0
2015-09-13 12:53:00,66,0.418395996094,0.0,0.0,0.0
2015-09-13 12:58:00,70,1.39781951904,-0.22,-0.11,-0.11
2015-09-13 13:03:00,67,-1.65529632568,0.0,0.0,0.0
2015-09-13 13:08:00,72,1.74396514893,-0.22,-0.11,-0.11
2015-09-13 13:13:00,69,-1.99021148682,0.0,0.0,0.0
2015-09-13 13:18:00,66,-0.139724731445,0.0,0.0,0.0
2015-09-13 13:23:00,68,0.873764038086,0.0,0.0,0.0
2015-09-13 13:28:00,65,-1.02443313599,0.0,0.0,0.0
2015-09-13 13:38:00,67,1.30628967285,-0.22,-0.11,-0.11
2015-09-13 13:43:00,64,-1.6432723999,0.0,0.0,0.0
2015-09-13 13:53:00,66,1.03224945068,-0.22,-0.11,-0.11
2015-09-13 13:58:00,68,0.25065612793,0.0,0.0,0.0
2015-09-13 14:13:00,68,0.0334854125977,0.0,0.0,0.0
2015-09-13 14:23:00,67,-0.493125915527,0.0,0.0,0.0
2015-09-13 14:28:00,59,-2.61707687378,0.0,0.0,0.0
2015-09-13 14:38:00,64,3.12326049805,-0.22,-0.11,-0.11
2015-09-13 14:48:00,67,0.739349365234,0.0,0.0,0.0
2015-09-13 14:53:00,65,-0.877868652344,0.0,0.0,0.0
2015-09-13 15:13:00,67,0.147529602051,0.0,0.0,0.0
2015-09-13 15:23:00,66,-0.665100097656,0.0,0.0,0.0
2015-09-13 15:28:00,68,1.39019775391,-0.22,-0.11,-0.11
2015-09-13 15:33:00,66,-0.867454528809,0.0,0.0,0.0
2015-09-13 15:38:00,72,2.34940338135,-0.22,-0.11,-0.11
2015-09-13 15:43:00,71,-1.0210647583,0.0,0.0,0.0
2015-09-13 15:48:00,69,-0.496536254883,0.0,0.0,0.0
2015-09-13 16:03:00,61,-2.95845031738,0.0,0.0,0.0
2015-09-13 16:08:00,67,3.11285400391,-0.22,-0.11,-0.11
2015-09-13 16:18:00,66,-0.844985961914,0.0,0.0,0.0
2015-09-13 16:28:00,74,2.81420898438,-0.22,-0.11,-0.11
2015-09-13 16:48:00,65,-5.23014450073,0.0,0.0,0.0
2015-09-13 16:53:00,69,2.58361816406,-0.22,-0.11,-0.11
2015-09-13 16:58:00,64,-2.3112449646,0.0,0.0,0.0
2015-09-13 17:03:00,67,2.71850585938,-0.22,-0.11,-0.11
2015-09-13 17:13:00,69,-0.23558807373,0.0,0.0,0.0
2015-09-13 17:18:00,62,-2.37223815918,0.0,0.0,0.0
2015-09-13 17:23:00,63,0.814239501953,0.0,0.0,0.0
2015-09-13 17:43:00,73,3.63758850098,-0.22,-0.11,-0.11
2015-09-13 17:48:00,64,-4.12461090088,0.0,0.0,0.0
2015-09-13 17:53:00,67,1.8366394043,-0.22,-0.11,-0.11
2015-09-13 17:58:00,65,-1.56133270264,0.0,0.0,0.0
2015-09-13 18:08:00,67,2.15937805176,-0.22,-0.11,-0.11
2015-09-13 18:18:00,65,-1.23025894165,0.0,0.0,0.0
2015-09-13 18:23:00,74,3.62134552002,-0.22,-0.11,-0.11
2015-09-13 18:33:00,65,-4.87170410156,0.0,0.0,0.0
2015-09-13 18:38:00,70,3.24266815186,-0.22,-0.11,-0.11
2015-09-13 18:43:00,70,-0.888023376465,0.0,0.0,0.0
2015-09-13 18:48:00,69,0.142913818359,0.0,0.0,0.0
2015-09-13 18:58:00,69,-0.441459655762,0.0,0.0,0.0
2015-09-13 19:08:00,63,-1.80194091797,0.0,0.0,0.0
2015-09-13 19:13:00,63,0.416675567627,0.0,0.0,0.0
2015-09-13 19:33:00,65,0.839218139648,0.0,0.0,0.0
2015-09-13 19:43:00,56,-2.98861312866,0.0,0.0,0.0
2015-09-13 19:48:00,69,4.87757110596,-0.22,-0.11,-0.11
2015-09-13 20:13:00,63,-3.47890090942,0.0,0.0,0.0
2015-09-13 20:33:00,66,2.16111755371,-0.22,-0.11,-0.11
2015-09-13 20:43:00,66,-1.04602813721,0.0,0.0,0.0
2015-09-13 20:48:00,64,0.302719116211,0.0,0.0,0.0
2015-09-13 21:08:00,68,1.69859313965,-0.22,-0.11,-0.11
2015-09-13 21:28:00,55,-3.63483810425,0.0,0.0,0.0
2015-09-13 22:48:00,75,6.90835571289,-0.22,-0.11,-0.11
2015-09-13 22:53:00,69,-3.74877929688,0.0,0.0,0.0
2015-09-13 23:33:00,62,-1.51605987549,0.0,0.0,0.0
2015-09-14 00:33:00,68,1.27389526367,-0.22,-0.11,-0.11
2015-09-14 05:53:00,66,-0.377670288086,0.0,0.0,0.0
2015-09-14 06:18:00,66,0.6396484375,0.0,0.0,0.0
2015-09-14 06:28:00,75,2.48751068115,-0.22,-0.11,-0.11
2015-09-14 06:48:00,65,-4.32007217407,0.0,0.0,0.0
2015-09-14 06:53:00,68,1.56987762451,-0.22,-0.11,-0.11
2015-09-14 06:58:00,71,0.873611450195,0.0,0.0,0.0
2015-09-14 07:08:00,69,-0.467796325684,0.0,0.0,0.0
2015-09-14 07:28:00,67,-1.33285522461,0.0,0.0,0.0
2015-09-14 07:33:00,68,0.763130187988,0.0,0.0,0.0
2015-09-14 07:38:00,67,-0.48120880127,0.0,0.0,0.0
2015-09-14 07:48:00,71,1.48780822754,-0.22,-0.11,-0.11
2015-09-14 07:58:00,67,-1.90721130371,0.0,0.0,0.0
2015-09-14 08:13:00,65,-0.555946350098,0.0,0.0,0.0
2015-09-14 08:28:00,66,0.505989074707,0.0,0.0,0.0
2015-09-14 08:33:00,64,-0.076961517334,0.0,0.0,0.0
2015-09-14 08:48:00,60,-1.23373413086,0.0,0.0,0.0
2015-09-14 08:53:00,69,3.157371521,-0.22,-0.11,-0.11
2015-09-14 09:03:00,66,-1.65288543701,0.0,0.0,0.0
2015-09-14 09:08:00,73,2.77431488037,-0.22,-0.11,-0.11
2015-09-14 09:13:00,70,-2.28705596924,0.0,0.0,0.0
2015-09-14 09:23:00,72,1.53381347656,-0.22,-0.11,-0.11
2015-09-14 09:28:00,62,-3.30966186523,0.0,0.0,0.0
2015-09-14 09:33:00,70,3.91165161133,-0.22,-0.11,-0.11
2015-09-14 09:38:00,69,-1.15138244629,0.0,0.0,0.0
2015-09-14 09:43:00,69,0.103294372559,0.0,0.0,0.0
2015-09-14 09:48:00,69,-1.00477600098,0.0,0.0,0.0
2015-09-14 09:53:00,71,0.587295532227,0.0,0.0,0.0
2015-09-14 09:58:00,68,-1.30970001221,0.0,0.0,0.0
2015-09-14 10:13:00,63,-1.05295944214,0.0,0.0,0.0
2015-09-14 10:18:00,68,1.9457321167,-0.22,-0.11,-0.11
2015-09-14 10:23:00,68,-0.0876312255859,0.0,0.0,0.0
2015-09-14 10:28:00,66,-0.594932556152,0.0,0.0,0.0
2015-09-14 10:33:00,70,1.10444641113,-0.22,-0.11,-0.11
2015-09-14 10:43:00,70,-0.642967224121,0.0,0.0,0.0
2015-09-14 10:48:00,65,-1.21989059448,0.0,0.0,0.0
2015-09-14 11:03:00,74,3.68846893311,-0.22,-0.11,-0.11
2015-09-14 11:13:00,67,-3.26676177979,0.0,0.0,0.0
2015-09-14 11:18:00,64,0.00114440917969,0.0,0.0,0.0
2015-09-14 11:23:00,70,2.04916381836,-0.22,-0.11,-0.11
2015-09-14 11:28:00,70,-0.221145629883,0.0,0.0,0.0
2015-09-14 11:33:00,66,-1.71732330322,0.0,0.0,0.0
2015-09-14 11:43:00,67,0.387771606445,0.0,0.0,0.0
2015-09-14 12:03:00,63,-1.38419342041,0.0,0.0,0.0
2015-09-14 12:08:00,70,3.25084686279,-0.22,-0.11,-0.11
2015-09-14 12:13:00,63,-2.96175765991,0.0,0.0,0.0
2015-09-14 12:23:00,71,3.33797454834,-0.22,-0.11,-0.11
2015-09-14 12:28:00,62,-4.06859588623,0.0,0.0,0.0
2015-09-14 12:38:00,67,2.85311126709,-0.22,-0.11,-0.11
2015-09-14 12:43:00,68,-0.343475341797,0.0,0.0,0.0
2015-09-14 12:48:00,73,2.0414352417,-0.22,-0.11,-0.11
2015-09-14 12:53:00,67,-2.91430664062,0.0,0.0,0.0
2015-09-14 13:15:00,65,-0.0230484008789,0.0,0.0,0.0
2015-09-14 13:20:00,63,-0.403751373291,0.0,0.0,0.0
2015-09-14 13:25:00,72,3.80899047852,-0.22,-0.11,-0.11
2015-09-14 13:35:00,65,-3.35352325439,0.0,0.0,0.0
2015-09-14 13:40:00,64,-0.114162445068,0.0,0.0,0.0
2015-09-14 13:45:00,71,1.89469909668,-0.22,-0.11,-0.11
2015-09-14 13:50:00,66,-1.42673492432,0.0,0.0,0.0
2015-09-14 13:55:00,59,-1.78200912476,0.0,0.0,0.0
2015-09-14 14:15:00,57,-0.359493255615,0.0,0.0,0.0
2015-09-14 14:20:00,66,3.1809463501,-0.22,-0.11,-0.11
2015-09-14 14:25:00,71,1.60690307617,-0.22,-0.11,-0.11
2015-09-14 14:35:00,69,-1.9270401001,0.0,0.0,0.0
2015-09-14 14:40:00,67,-1.34725952148,0.0,0.0,0.0
2015-09-14 14:45:00,66,0.218788146973,0.0,0.0,0.0
2015-09-14 14:50:00,67,1.58795166016,-0.22,-0.11,-0.11
2015-09-14 14:55:00,65,-0.59765625,0.0,0.0,0.0
2015-09-14 15:00:00,70,1.50217437744,-0.22,-0.11,-0.11
2015-09-14 15:10:00,66,-2.02965545654,0.0,0.0,0.0
2015-09-14 15:15:00,66,0.299346923828,0.0,0.0,0.0
2015-09-14 15:20:00,61,-1.96871948242,0.0,0.0,0.0
2015-09-14 15:30:00,68,2.79635620117,-0.22,-0.11,-0.11
2015-09-14 15:35:00,69,-0.239898681641,0.0,0.0,0.0
2015-09-14 15:40:00,63,-1.94425964355,0.0,0.0,0.0
2015-09-14 15:50:00,67,1.39393615723,-0.22,-0.11,-0.11
2015-09-14 15:55:00,66,-0.415718078613,0.0,0.0,0.0
2015-09-14 16:00:00,65,0.269752502441,0.0,0.0,0.0
2015-09-14 16:05:00,67,0.507080078125,0.0,0.0,0.0
2015-09-14 16:20:00,65,-0.984191894531,0.0,0.0,0.0
2015-09-14 16:25:00,66,0.728401184082,0.0,0.0,0.0
2015-09-14 16:30:00,65,-0.452491760254,0.0,0.0,0.0
2015-09-14 16:35:00,64,-0.195304870605,0.0,0.0,0.0
2015-09-14 16:40:00,66,0.559280395508,0.0,0.0,0.0
2015-09-14 16:45:00,62,-1.2804145813,0.0,0.0,0.0
2015-09-14 16:50:00,65,1.43368530273,-0.22,-0.11,-0.11
2015-09-14 16:55:00,67,0.186088562012,0.0,0.0,0.0
2015-09-14 17:00:00,59,-2.50622177124,0.0,0.0,0.0
2015-09-14 17:05:00,36,-2.69055557251,0.0,0.0,0.0
2015-09-14 17:10:00,21,-1.06542015076,0.0,0.0,0.0
2015-09-14 17:15:00,52,-12.0419273376,0.0,0.0,0.0
2015-09-14 17:20:00,60,6.61016082764,-0.22,-0.11,-0.11
2015-09-14 17:25:00,51,-2.50252914429,0.0,0.0,0.0
2015-09-14 17:30:00,68,-0.263572692871,0.0,0.0,0.0
2015-09-14 17:35:00,60,0.73917388916,0.0,0.0,0.0
2015-09-14 17:40:00,42,-0.0813255310059,0.0,0.0,0.0
2015-09-14 17:45:00,65,-4.89604568481,0.0,0.0,0.0
2015-09-14 17:50:00,59,3.84169769287,-0.22,-0.11,-0.11
2015-09-14 17:55:00,69,0.416450500488,0.0,0.0,0.0
2015-09-14 18:00:00,68,-0.896759033203,0.0,0.0,0.0
2015-09-14 18:05:00,66,-2.00668334961,0.0,0.0,0.0
2015-09-14 18:10:00,66,-0.780670166016,0.0,0.0,0.0
2015-09-14 18:20:00,66,0.34481048584,0.0,0.0,0.0
2015-09-14 18:25:00,68,0.503303527832,0.0,0.0,0.0
2015-09-14 18:30:00,67,-0.895362854004,0.0,0.0,0.0
2015-09-14 18:35:00,67,-0.097053527832,0.0,0.0,0.0
2015-09-14 18:45:00,65,-0.798599243164,0.0,0.0,0.0
2015-09-14 18:50:00,66,-0.379028320312,0.0,0.0,0.0
2015-09-14 19:01:00,68,0.609634399414,0.0,0.0,0.0
2015-09-14 19:05:00,68,-0.322120666504,0.0,0.0,0.0
2015-09-14 19:15:00,66,-0.590950012207,0.0,0.0,0.0
2015-09-14 19:20:00,69,0.794647216797,0.0,0.0,0.0
2015-09-14 19:30:00,64,-1.14390945435,0.0,0.0,0.0
2015-09-14 19:35:00,68,1.04319763184,-0.22,-0.11,-0.11
2015-09-14 19:45:00,65,-0.762626647949,0.0,0.0,0.0
2015-09-14 20:00:00,65,-0.0274276733398,0.0,0.0,0.0
2015-09-14 20:10:00,66,0.280242919922,0.0,0.0,0.0
2015-09-14 20:15:00,58,-1.59607696533,0.0,0.0,0.0
2015-09-14 20:20:00,71,2.84175109863,-0.22,-0.11,-0.11
2015-09-14 20:25:00,61,-1.99512863159,0.0,0.0,0.0
2015-09-14 20:30:00,72,1.87400817871,-0.22,-0.11,-0.11
2015-09-14 20:35:00,64,-1.67737960815,0.0,0.0,0.0
2015-09-14 20:40:00,64,-0.558380126953,0.0,0.0,0.0
2015-09-14 20:45:00,67,1.22116088867,-0.22,-0.11,-0.11
2015-09-14 20:50:00,65,-0.256706237793,0.0,0.0,0.0
2015-09-14 21:30:00,65,-0.110473632812,0.0,0.0,0.0
2015-09-14 21:35:00,65,-0.123474121094,0.0,0.0,0.0
2015-09-14 21:45:00,74,2.36365509033,-0.22,-0.11,-0.11
2015-09-14 22:06:00,61,-2.93458557129,0.0,0.0,0.0
2015-09-14 22:21:00,60,-0.996433258057,0.0,0.0,0.0
2015-09-14 22:30:00,64,1.20021820068,-0.22,-0.11,-0.11
2015-09-14 22:40:00,66,0.940093994141,0.0,0.0,0.0
2015-09-14 22:45:00,66,-0.0728378295898,0.0,0.0,0.0
2015-09-14 22:50:00,70,0.279594421387,0.0,0.0,0.0
2015-09-15 03:45:00,62,-1.91022872925,0.0,0.0,0.0
2015-09-15 04:10:00,64,0.270782470703,0.0,0.0,0.0
2015-09-15 04:31:00,61,0.136871337891,0.0,0.0,0.0
2015-09-15 04:55:00,90,8.15013885498,-0.22,-0.11,-0.11
2015-09-15 05:26:00,60,-4.27803039551,0.0,0.0,0.0
2015-09-15 05:31:00,66,-4.14601898193,0.0,0.0,0.0
2015-09-15 05:41:00,63,1.53617858887,-0.22,-0.11,-0.11
2015-09-15 05:46:00,76,1.27495574951,-0.22,-0.11,-0.11
2015-09-15 05:51:00,56,0.73685836792,0.0,0.0,0.0
2015-09-15 06:05:00,72,-3.29724884033,0.0,0.0,0.0
2015-09-15 06:45:00,66,1.89653778076,-0.22,-0.11,-0.11
2015-09-15 07:06:00,67,-1.05321502686,0.0,0.0,0.0
2015-09-15 07:11:00,63,0.49446105957,0.0,0.0,0.0
2015-09-15 07:16:00,67,-0.716102600098,0.0,0.0,0.0
2015-09-15 07:21:00,70,0.607032775879,0.0,0.0,0.0
2015-09-15 07:26:00,70,0.55451965332,0.0,0.0,0.0
2015-09-15 07:31:00,71,-0.0908126831055,0.0,0.0,0.0
2015-09-15 07:46:00,62,-0.456245422363,0.0,0.0,0.0
2015-09-15 07:51:00,69,-1.26956176758,0.0,0.0,0.0
2015-09-15 07:56:00,67,1.31643676758,-0.22,-0.11,-0.11
2015-09-15 08:11:00,66,-0.31517791748,0.0,0.0,0.0
2015-09-15 08:21:00,65,-0.36400604248,0.0,0.0,0.0
2015-09-15 08:26:00,61,-0.0713768005371,0.0,0.0,0.0
2015-09-15 08:31:00,68,-0.56803894043,0.0,0.0,0.0
2015-09-15 08:41:00,66,0.98713684082,0.0,0.0,0.0
2015-09-15 08:46:00,67,-0.452880859375,0.0,0.0,0.0
2015-09-15 08:51:00,66,-0.0143356323242,0.0,0.0,0.0
2015-09-15 08:56:00,66,-0.0992279052734,0.0,0.0,0.0
2015-09-15 09:01:00,70,0.488349914551,0.0,0.0,0.0
2015-09-15 09:06:00,71,0.540405273438,0.0,0.0,0.0
2015-09-15 09:16:00,65,-0.757110595703,0.0,0.0,0.0
2015-09-15 09:21:00,63,-0.735153198242,0.0,0.0,0.0
2015-09-15 09:31:00,63,0.00159454345703,0.0,0.0,0.0
2015-09-15 09:36:00,63,0.23498916626,0.0,0.0,0.0
2015-09-15 09:41:00,62,0.00759124755859,0.0,0.0,0.0
2015-09-15 09:46:00,65,-0.114418029785,0.0,0.0,0.0
2015-09-15 09:51:00,61,0.0317764282227,0.0,0.0,0.0
2015-09-15 10:01:00,72,0.370109558105,0.0,0.0,0.0
2015-09-15 10:16:00,67,0.490333557129,0.0,0.0,0.0
2015-09-15 10:26:00,66,-0.990936279297,0.0,0.0,0.0
2015-09-15 10:31:00,74,1.28359985352,-0.22,-0.11,-0.11
2015-09-15 10:36:00,66,-0.245819091797,0.0,0.0,0.0
2015-09-15 10:41:00,70,-0.375663757324,0.0,0.0,0.0
2015-09-15 10:46:00,67,0.0809936523438,0.0,0.0,0.0
2015-09-15 11:06:00,68,-0.39599609375,0.0,0.0,0.0
2015-09-15 11:11:00,66,-0.0618286132812,0.0,0.0,0.0
2015-09-15 11:16:00,65,-0.473411560059,0.0,0.0,0.0
2015-09-15 11:21:00,60,-0.534488677979,0.0,0.0,0.0
2015-09-15 11:31:00,66,0.0780410766602,0.0,0.0,0.0
2015-09-15 11:36:00,67,0.977180480957,0.0,0.0,0.0
2015-09-15 11:41:00,66,-0.432571411133,0.0,0.0,0.0
2015-09-15 11:46:00,67,-0.138069152832,0.0,0.0,0.0
2015-09-15 11:51:00,66,0.0595016479492,0.0,0.0,0.0
2015-09-15 11:56:00,67,0.294158935547,0.0,0.0,0.0
2015-09-15 12:06:00,69,0.656715393066,0.0,0.0,0.0
2015-09-15 12:11:00,69,-0.017951965332,0.0,0.0,0.0
2015-09-15 12:16:00,71,0.266082763672,0.0,0.0,0.0
2015-09-15 12:21:00,64,-1.27548599243,0.0,0.0,0.0
2015-09-15 12:26:00,69,0.441627502441,0.0,0.0,0.0
2015-09-15 12:31:00,68,0.230400085449,0.0,0.0,0.0
2015-09-15 12:36:00,67,-0.459846496582,0.0,0.0,0.0
2015-09-15 12:41:00,66,-0.30640411377,0.0,0.0,0.0
2015-09-15 12:46:00,68,0.248954772949,0.0,0.0,0.0
2015-09-15 12:51:00,72,1.13132476807,-0.22,-0.11,-0.11
2015-09-15 12:56:00,66,-1.53706359863,0.0,0.0,0.0
2015-09-15 13:01:00,62,-1.03799819946,0.0,0.0,0.0
2015-09-15 13:06:00,71,2.00281524658,-0.22,-0.11,-0.11
2015-09-15 13:11:00,74,1.36666870117,-0.22,-0.11,-0.11
2015-09-15 13:16:00,65,-2.49911880493,0.0,0.0,0.0
2015-09-15 13:21:00,61,-1.22956085205,0.0,0.0,0.0
2015-09-15 13:26:00,63,0.380493164062,0.997467323774,0.997467323774,0.997467323774
2015-09-15 13:31:00,66,1.39618682861,0.0,0.0,0.0
2015-09-15 13:36:00,63,-0.501979827881,0.0,0.0,0.0
2015-09-15 13:41:00,60,-1.15161895752,0.0,0.0,0.0
2015-09-15 13:46:00,59,-0.320919036865,0.0,0.0,0.0
2015-09-15 13:51:00,60,0.436325073242,0.0,0.0,0.0
2015-09-15 13:54:00,56,-0.0134582519531,0.0,0.0,0.0
2015-09-15 13:59:00,49,-0.580879211426,0.0,0.0,0.0
2015-09-15 14:04:00,43,-0.292129516602,0.0,0.0,0.0
2015-09-15 14:09:00,59,-2.63409423828,0.0,0.0,0.0
2015-09-15 14:14:00,51,2.62285232544,0.0,0.0,0.0
2015-09-15 14:19:00,42,0.17113494873,0.0,0.0,0.0
2015-09-15 14:24:00,25,4.79760932922,0.0,0.0,0.0
2015-09-15 14:29:00,10,8.35250282288,0.0,0.0,0.0
2015-09-15 14:34:00,8,3.8912153244,0.0,0.0,0.0
2015-09-15 14:39:00,46,-30.102265358,0.0,0.0,0.0
2015-09-15 14:44:00,65,-25.5776977539,0.0,0.0,0.0
2015-09-15 14:49:00,68,5.96672821045,0.0,0.0,0.0
2015-09-15 14:54:00,67,-0.189674377441,0.0,0.0,0.0
2015-09-15 14:59:00,64,-0.774028778076,0.0,0.0,0.0
2015-09-15 15:04:00,67,2.32610321045,0.0,0.0,0.0
2015-09-15 15:09:00,62,0.875122070312,0.0,0.0,0.0
2015-09-15 15:14:00,66,0.0740737915039,0.0,0.0,0.0
2015-09-15 15:24:00,68,-1.33100891113,0.0,0.0,0.0
2015-09-15 15:34:00,65,-2.68881607056,0.0,0.0,0.0
2015-09-15 15:39:00,65,-2.7544670105,0.0,0.0,0.0
2015-09-15 15:44:00,68,-1.73072052002,0.0,0.0,0.0
2015-09-15 15:49:00,66,-0.850639343262,0.0,0.0,0.0
2015-09-15 15:54:00,64,-0.406299591064,0.0,0.0,0.0
2015-09-15 15:59:00,64,0.0797348022461,0.0,0.0,0.0
2015-09-15 16:04:00,63,-0.088996887207,0.0,0.0,0.0
2015-09-15 16:09:00,63,0.00365447998047,0.0,0.0,0.0
2015-09-15 16:14:00,67,0.911209106445,0.0,0.0,0.0
2015-09-15 16:19:00,63,-1.13648605347,0.0,0.0,0.0
2015-09-15 16:24:00,66,0.406890869141,0.0,0.0,0.0
2015-09-15 16:29:00,67,0.629432678223,0.0,0.0,0.0
2015-09-15 16:34:00,65,-0.567596435547,0.0,0.0,0.0
2015-09-15 16:39:00,65,0.0225143432617,0.0,0.0,0.0
2015-09-15 16:44:00,64,-0.0162887573242,0.0,0.0,0.0
2015-09-15 16:49:00,69,1.37391662598,-0.165878247504,-0.082939123752,-0.082939123752
2015-09-15 16:54:00,65,-1.22115325928,0.0,0.0,0.0
2015-09-15 16:59:00,65,-0.133262634277,0.0,0.0,0.0
2015-09-15 17:04:00,62,-0.737335205078,0.0,0.0,0.0
2015-09-15 17:09:00,57,-0.87952041626,0.0,0.0,0.0
2015-09-15 17:14:00,52,-0.528854370117,0.0,0.0,0.0
2015-09-15 17:19:00,51,-0.298725128174,0.0,0.0,0.0
2015-09-15 17:24:00,62,1.47734451294,-0.20300207349,-0.101501036745,-0.101501036745
2015-09-15 17:29:00,59,-0.0052375793457,0.0,0.0,0.0
2015-09-15 17:39:00,68,1.13849639893,-0.20796741381,-0.103983706905,-0.103983706905
2015-09-15 17:44:00,64,-0.765243530273,0.0,0.0,0.0
2015-09-15 17:49:00,65,0.195999145508,0.0,0.0,0.0
2015-09-15 17:54:00,66,1.16910552979,-0.212877127673,-0.106438563837,-0.106438563837
2015-09-15 17:59:00,67,0.560874938965,0.0,0.0,0.0
2015-09-15 18:04:00,63,-0.859424591064,0.0,0.0,0.0
2015-09-15 18:14:00,59,-0.888366699219,0.0,0.0,0.0
2015-09-15 18:19:00,68,2.12035369873,-0.216484002901,-0.108242001451,-0.108242001451
2015-09-15 18:24:00,66,-1.41310882568,0.0,0.0,0.0
2015-09-15 18:29:00,66,-0.694953918457,0.0,0.0,0.0
2015-09-15 18:34:00,65,-0.590286254883,0.0,0.0,0.0
2015-09-15 18:39:00,64,-0.323760986328,0.0,0.0,0.0
2015-09-15 18:44:00,70,2.24514770508,-0.21855342899,-0.109276714495,-0.109276714495
2015-09-15 18:49:00,67,-1.32765197754,0.0,0.0,0.0
2015-09-15 18:54:00,63,-1.15516662598,0.0,0.0,0.0
2015-09-15 19:04:00,64,0.390777587891,0.0,0.0,0.0
2015-09-15 19:09:00,65,0.690719604492,0.0,0.0,0.0
2015-09-15 19:14:00,64,-0.477691650391,0.0,0.0,0.0
2015-09-15 19:19:00,60,-1.41384887695,0.0,0.0,0.0
2015-09-15 19:24:00,65,1.39238739014,-0.219584575994,-0.109792287997,-0.109792287997
2015-09-15 19:29:00,69,1.15677642822,-0.219652458986,-0.109826229493,-0.109826229493
2015-09-15 19:34:00,63,-1.87036132812,0.0,0.0,0.0
2015-09-15 19:39:00,59,-0.931579589844,0.0,0.0,0.0
2015-09-15 19:44:00,69,2.93534851074,-0.219796534583,-0.109898267292,-0.109898267292
2015-09-15 19:49:00,60,-1.91774749756,0.0,0.0,0.0
2015-09-15 19:54:00,60,-0.0915031433105,0.0,0.0,0.0
2015-09-15 19:59:00,59,-0.1950340271,0.0,0.0,0.0
2015-09-15 20:09:00,62,0.650203704834,0.0,0.0,0.0
2015-09-15 20:14:00,61,0.0503959655762,0.0,0.0,0.0
2015-09-15 20:24:00,58,-0.865619659424,0.0,0.0,0.0
2015-09-15 20:29:00,63,0.946319580078,0.0,0.0,0.0
2015-09-15 20:34:00,65,0.796905517578,0.0,0.0,0.0
2015-09-15 20:49:00,57,-1.49017715454,0.0,0.0,0.0
2015-09-15 20:54:00,62,0.934936523438,0.0,0.0,0.0
2015-09-15 20:59:00,62,0.168193817139,0.0,0.0,0.0
2015-09-15 21:04:00,62,0.365612030029,0.0,0.0,0.0
2015-09-15 21:19:00,64,0.355995178223,0.0,0.0,0.0
2015-09-15 21:29:00,63,-0.64905166626,0.0,0.0,0.0
2015-09-15 22:09:00,57,-1.44494247437,0.0,0.0,0.0
2015-09-15 22:34:00,59,0.667827606201,0.0,0.0,0.0
2015-09-15 22:39:00,63,1.28945159912,-0.219990221148,-0.109995110574,-0.109995110574
2015-09-15 22:44:00,67,0.607597351074,0.0,0.0,0.0
2015-09-15 23:19:00,65,-0.998634338379,0.0,0.0,0.0
2015-09-15 23:24:00,61,-1.11096954346,0.0,0.0,0.0
2015-09-15 23:29:00,61,0.134353637695,0.0,0.0,0.0
2015-09-15 23:34:00,60,0.226356506348,0.0,0.0,0.0
2015-09-16 00:49:00,67,2.3197555542,-0.21999665051,-0.109998325255,-0.109998325255
2015-09-16 01:44:00,57,-3.47105026245,0.0,0.0,0.0
2015-09-16 02:19:00,59,0.503849029541,0.0,0.0,0.0
2015-09-16 03:04:00,60,0.549976348877,0.0,0.0,0.0
2015-09-16 04:44:00,58,-0.615917205811,0.0,0.0,0.0
2015-09-16 05:09:00,66,2.20847320557,-0.219998628431,-0.109999314215,-0.109999314215
2015-09-16 05:19:00,69,0.174713134766,0.0,0.0,0.0
2015-09-16 05:29:00,62,-2.06562423706,0.0,0.0,0.0
2015-09-16 05:39:00,65,1.40838623047,-0.219999197287,-0.109999598643,-0.109999598643
2015-09-16 05:49:00,65,0.130310058594,0.0,0.0,0.0
2015-09-16 06:09:00,61,-1.06614685059,0.0,0.0,0.0
2015-09-16 06:14:00,64,1.05603790283,-0.219999530211,-0.109999765105,-0.109999765105
2015-09-16 06:24:00,65,0.127365112305,0.0,0.0,0.0
2015-09-16 06:39:00,65,-0.569473266602,0.0,0.0,0.0
2015-09-16 06:44:00,66,0.18074798584,0.0,0.0,0.0
2015-09-16 06:54:00,61,-1.92408370972,0.0,0.0,0.0
2015-09-16 07:19:00,64,1.15353393555,-0.219999807629,-0.109999903814,-0.109999903814
2015-09-16 07:24:00,69,1.815284729,-0.219999839088,-0.109999919544,-0.109999919544
2015-09-16 07:29:00,59,-3.26419830322,0.0,0.0,0.0
2015-09-16 07:34:00,71,4.32502746582,-0.22,-0.11,-0.11
2015-09-16 07:44:00,66,-2.69233322144,0.0,0.0,0.0
2015-09-16 07:49:00,66,0.798957824707,0.0,0.0,0.0
2015-09-16 07:54:00,67,-0.266792297363,0.0,0.0,0.0
2015-09-16 07:59:00,68,0.515357971191,0.0,0.0,0.0
2015-09-16 08:04:00,64,-1.43419265747,0.0,0.0,0.0
2015-09-16 08:09:00,68,1.73659515381,-0.22,-0.11,-0.11
2015-09-16 08:14:00,69,-0.168235778809,0.0,0.0,0.0
2015-09-16 08:19:00,71,0.22526550293,0.0,0.0,0.0
2015-09-16 08:24:00,66,-1.905128479,0.0,0.0,0.0
2015-09-16 08:29:00,70,1.90670013428,-0.22,-0.11,-0.11
2015-09-16 08:39:00,71,-0.543640136719,0.0,0.0,0.0
2015-09-16 08:49:00,68,-0.457366943359,0.0,0.0,0.0
2015-09-16 08:54:00,62,-2.15515899658,0.0,0.0,0.0
2015-09-16 08:59:00,67,2.19161987305,-0.22,-0.11,-0.11
2015-09-16 09:04:00,63,-1.64854431152,0.0,0.0,0.0
2015-09-16 09:09:00,71,3.30584716797,-0.22,-0.11,-0.11
2015-09-16 09:14:00,64,-3.91053390503,0.0,0.0,0.0
2015-09-16 09:24:00,70,2.88744354248,-0.22,-0.11,-0.11
2015-09-16 09:34:00,67,-1.59242248535,0.0,0.0,0.0
2015-09-16 09:44:00,67,0.895774841309,0.0,0.0,0.0
2015-09-16 09:54:00,66,-0.652740478516,0.0,0.0,0.0
2015-09-16 09:59:00,61,-1.17279815674,0.0,0.0,0.0
2015-09-16 10:04:00,69,3.28401184082,-0.22,-0.11,-0.11
2015-09-16 10:09:00,67,-1.56855773926,0.0,0.0,0.0
2015-09-16 10:14:00,70,1.11703491211,-0.22,-0.11,-0.11
2015-09-16 10:19:00,71,-0.501983642578,0.0,0.0,0.0
2015-09-16 10:24:00,67,-1.27868652344,0.0,0.0,0.0
2015-09-16 10:29:00,59,-1.71097564697,0.0,0.0,0.0
2015-09-16 10:34:00,69,3.79434967041,-0.22,-0.11,-0.11
2015-09-16 10:44:00,69,-0.609649658203,0.0,0.0,0.0
2015-09-16 10:49:00,68,-0.523880004883,0.0,0.0,0.0
2015-09-16 10:54:00,72,0.99925994873,0.0,0.0,0.0
2015-09-16 10:59:00,68,-1.9136505127,0.0,0.0,0.0
2015-09-16 11:04:00,62,-1.33961105347,0.0,0.0,0.0
2015-09-16 11:09:00,64,1.30782318115,-0.22,-0.11,-0.11
2015-09-16 11:14:00,66,0.495460510254,0.0,0.0,0.0
2015-09-16 11:19:00,60,-1.94133377075,0.0,0.0,0.0
2015-09-16 11:24:00,66,2.39131164551,-0.22,-0.11,-0.11
2015-09-16 11:29:00,71,0.778533935547,0.0,0.0,0.0
2015-09-16 11:34:00,56,-4.64936447144,0.0,0.0,0.0
2015-09-16 11:39:00,63,2.11023712158,-0.22,-0.11,-0.11
2015-09-16 11:44:00,67,1.42638397217,-0.22,-0.11,-0.11
2015-09-16 11:49:00,64,-0.883449554443,0.0,0.0,0.0
2015-09-16 11:59:00,67,1.20038604736,-0.22,-0.11,-0.11
2015-09-16 12:04:00,62,-1.81830596924,0.0,0.0,0.0
2015-09-16 12:14:00,65,1.18809509277,-0.22,-0.11,-0.11
2015-09-16 12:19:00,66,0.489295959473,0.0,0.0,0.0
2015-09-16 12:24:00,65,-0.318817138672,0.0,0.0,0.0
2015-09-16 12:29:00,73,2.1021270752,-0.22,-0.11,-0.11
2015-09-16 12:34:00,67,-2.45691680908,0.0,0.0,0.0
2015-09-16 12:39:00,62,-0.637992858887,0.0,0.0,0.0
2015-09-16 12:44:00,68,1.66376495361,-0.22,-0.11,-0.11
2015-09-16 12:49:00,62,-1.87926864624,0.0,0.0,0.0
2015-09-16 12:54:00,67,2.01683044434,-0.22,-0.11,-0.11
2015-09-16 12:59:00,63,-2.08890151978,0.0,0.0,0.0
2015-09-16 13:04:00,68,1.96541595459,1.0,1.0,1.0
2015-09-16 13:09:00,69,-0.49877166748,0.0,0.0,0.0
2015-09-16 13:14:00,69,0.193878173828,0.0,0.0,0.0
2015-09-16 13:19:00,65,-1.60919189453,0.0,0.0,0.0
2015-09-16 13:24:00,61,-0.754993438721,0.0,0.0,0.0
2015-09-16 13:29:00,73,4.87432098389,0.0,0.0,0.0
2015-09-16 13:34:00,66,-3.40606689453,0.0,0.0,0.0
2015-09-16 13:39:00,51,-2.76208114624,0.0,0.0,0.0
2015-09-16 13:44:00,50,-0.774627685547,0.0,0.0,0.0
2015-09-16 13:49:00,34,1.29739761353,0.0,0.0,0.0
2015-09-16 13:54:00,24,1.25121498108,0.0,0.0,0.0
2015-09-16 13:59:00,7,9.14399719238,0.0,0.0,0.0
2015-09-16 14:04:00,14,-0.640100479126,0.0,0.0,0.0
2015-09-16 14:09:00,7,4.50684833527,0.0,0.0,0.0
2015-09-16 14:14:00,32,-16.7056312561,0.0,0.0,0.0
2015-09-16 14:19:00,17,1.37148284912,0.0,0.0,0.0
2015-09-16 14:24:00,8,7.76435089111,0.0,0.0,0.0
2015-09-16 14:29:00,6,4.94153785706,0.0,0.0,0.0
2015-09-16 14:30:00,8,-1.32665586472,0.0,0.0,0.0
2015-09-16 14:35:00,20,-10.924823761,0.0,0.0,0.0
2015-09-16 14:40:00,8,1.64354324341,0.0,0.0,0.0
2015-09-16 14:45:00,23,-11.7249183655,0.0,0.0,0.0
2015-09-16 14:50:00,74,-50.7230205536,0.0,0.0,0.0
2015-09-16 14:55:00,65,-23.4314346313,0.0,0.0,0.0
2015-09-16 15:00:00,67,4.95752716064,0.0,0.0,0.0
2015-09-16 15:05:00,74,-2.60877227783,0.0,0.0,0.0
2015-09-16 15:10:00,59,0.409908294678,0.0,0.0,0.0
2015-09-16 15:15:00,65,1.11338806152,0.0,0.0,0.0
2015-09-16 15:20:00,64,-4.592918396,0.0,0.0,0.0
2015-09-16 15:25:00,64,-8.36437225342,0.0,0.0,0.0
2015-09-16 15:30:00,68,-4.37971878052,0.0,0.0,0.0
2015-09-16 15:35:00,73,-0.602104187012,0.0,0.0,0.0
2015-09-16 15:40:00,71,-7.8717918396,0.0,0.0,0.0
2015-09-16 15:45:00,67,-3.43246078491,0.0,0.0,0.0
2015-09-16 15:50:00,66,1.29151153564,-0.107742138094,-0.0538710690471,-0.0538710690471
2015-09-16 15:55:00,68,0.450973510742,0.0,0.0,0.0
2015-09-16 16:00:00,65,-0.683517456055,0.994466345384,0.994466345384,0.994466345384
2015-09-16 16:05:00,57,-1.03108596802,0.0,0.0,0.0
2015-09-16 16:10:00,70,2.03630065918,0.0,0.0,0.0
2015-09-16 16:15:00,66,-1.08880615234,0.0,0.0,0.0
2015-09-16 16:20:00,66,-0.670547485352,0.0,0.0,0.0
2015-09-16 16:25:00,65,-0.335372924805,0.0,0.0,0.0
2015-09-16 16:30:00,66,0.250129699707,0.0,0.0,0.0
2015-09-16 16:35:00,64,0.175621032715,0.0,0.0,0.0
2015-09-16 16:40:00,55,-1.10457992554,0.0,0.0,0.0
2015-09-16 16:45:00,30,0.341148376465,0.0,0.0,0.0
2015-09-16 16:50:00,11,3.26942825317,0.0,0.0,0.0
2015-09-16 16:55:00,12,-2.09414768219,0.0,0.0,0.0
2015-09-16 17:00:00,33,-6.50663375854,0.0,0.0,0.0
2015-09-16 17:05:00,43,2.81387329102,0.0,0.0,0.0
2015-09-16 17:10:00,1,18.8982448578,0.0,0.0,0.0
2015-09-16 17:15:00,19,-4.35900497437,0.0,0.0,0.0
2015-09-16 17:20:00,23,-9.54427146912,0.0,0.0,0.0
2015-09-16 17:25:00,53,-34.8773345947,0.0,0.0,0.0
2015-09-16 17:30:00,60,-16.3305130005,0.0,0.0,0.0
2015-09-16 17:35:00,56,6.98712921143,0.0,0.0,0.0
2015-09-16 17:40:00,44,1.23789596558,0.0,0.0,0.0
2015-09-16 17:45:00,57,7.74281311035,0.0,0.0,0.0
2015-09-16 17:50:00,55,-3.56464767456,0.0,0.0,0.0
2015-09-16 17:55:00,63,-2.46343231201,0.0,0.0,0.0
2015-09-16 18:00:00,68,1.43263244629,0.0,0.0,0.0
2015-09-16 18:05:00,70,4.73685455322,0.0,0.0,0.0
2015-09-16 18:10:00,62,-11.4248771667,0.0,0.0,0.0
2015-09-16 18:15:00,66,-0.197326660156,0.0,0.0,0.0
2015-09-16 18:20:00,67,-5.03520202637,0.0,0.0,0.0
2015-09-16 18:25:00,68,0.626914978027,0.0,0.0,0.0
2015-09-16 18:30:00,67,0.873016357422,0.0,0.0,0.0
2015-09-16 18:35:00,66,-0.324203491211,0.0,0.0,0.0
2015-09-16 18:40:00,68,-1.65423583984,0.0,0.0,0.0
2015-09-16 18:45:00,69,0.165130615234,0.0,0.0,0.0
2015-09-16 18:50:00,68,-1.990234375,0.0,0.0,0.0
2015-09-16 18:55:00,71,0.387878417969,0.0,0.0,0.0
2015-09-16 19:05:00,67,-1.09593963623,0.0,0.0,0.0
2015-09-16 19:10:00,64,0.390922546387,0.0,0.0,0.0
2015-09-16 19:15:00,64,-1.00525665283,0.0,0.0,0.0
2015-09-16 19:25:00,64,0.307144165039,0.0,0.0,0.0
2015-09-16 19:30:00,63,-0.466304779053,0.0,0.0,0.0
2015-09-16 19:35:00,65,0.711219787598,0.0,0.0,0.0
2015-09-16 19:40:00,64,-0.548736572266,0.0,0.0,0.0
2015-09-16 19:45:00,65,-0.00242614746094,0.0,0.0,0.0
2015-09-16 19:50:00,66,0.263702392578,0.0,0.0,0.0
2015-09-16 20:00:00,63,-0.902149200439,0.0,0.0,0.0
2015-09-16 20:05:00,67,1.5383605957,-0.20300207349,-0.101501036745,-0.101501036745
2015-09-16 20:10:00,62,-1.18102264404,0.0,0.0,0.0
2015-09-16 20:15:00,61,0.722873687744,0.0,0.0,0.0
2015-09-16 20:20:00,62,-0.167415618896,0.0,0.0,0.0
2015-09-16 20:25:00,65,1.34827423096,-0.211511413201,-0.105755706601,-0.105755706601
2015-09-16 20:30:00,63,-1.09354019165,0.0,0.0,0.0
2015-09-16 20:35:00,61,-0.911827087402,0.0,0.0,0.0
2015-09-16 20:40:00,59,-0.172817230225,0.0,0.0,0.0
2015-09-16 20:45:00,56,-1.06349563599,0.0,0.0,0.0
2015-09-16 20:50:00,65,3.47855377197,-0.216484002901,-0.108242001451,-0.108242001451
2015-09-16 20:55:00,63,-1.50538635254,0.0,0.0,0.0
2015-09-16 21:00:00,67,1.55986022949,-0.217534035351,-0.108767017675,-0.108767017675
2015-09-16 21:05:00,63,-1.41444778442,0.0,0.0,0.0
2015-09-16 21:10:00,57,-1.10130310059,0.0,0.0,0.0
2015-09-16 21:15:00,58,0.421100616455,0.0,0.0,0.0
2015-09-16 21:25:00,68,3.08863067627,-0.218789344073,-0.109394672037,-0.109394672037
2015-09-16 21:40:00,62,-1.90656661987,0.0,0.0,0.0
2015-09-16 21:45:00,64,1.01812744141,-0.219152236748,-0.109576118374,-0.109576118374
2015-09-16 21:55:00,66,0.505683898926,0.0,0.0,0.0
2015-09-16 22:05:00,65,-0.404037475586,0.0,0.0,0.0
2015-09-16 22:14:00,57,-3.73247146606,0.0,0.0,0.0
2015-09-16 22:20:00,61,2.36471176147,-0.219584575994,-0.109792287997,-0.109792287997
2015-09-16 22:25:00,58,-1.52817153931,0.0,0.0,0.0
2015-09-16 22:30:00,62,2.55718994141,-0.21970925679,-0.109854628395,-0.109854628395
2015-09-16 22:40:00,61,-0.493858337402,0.0,0.0,0.0
2015-09-16 22:45:00,63,-0.306144714355,0.0,0.0,0.0
2015-09-16 22:55:00,59,-2.37565994263,0.0,0.0,0.0
2015-09-16 23:10:00,64,2.98458862305,-0.219857621062,-0.109928810531,-0.109928810531
2015-09-16 23:35:00,64,-0.973403930664,0.0,0.0,0.0
2015-09-16 23:55:00,59,-1.49960708618,0.0,0.0,0.0
2015-09-17 00:10:00,66,3.47464752197,-0.219916661385,-0.109958330692,-0.109958330692
2015-09-17 00:45:00,63,-1.17774200439,0.0,0.0,0.0
2015-09-17 01:05:00,57,-1.6170501709,0.0,0.0,0.0
2015-09-17 01:40:00,56,-0.219326019287,0.0,0.0,0.0
2015-09-17 01:55:00,53,-0.99475479126,0.0,0.0,0.0
2015-09-17 02:10:00,66,4.56132507324,-0.219965870343,-0.109982935171,-0.109982935171
2015-09-17 02:50:00,61,-3.2772064209,0.0,0.0,0.0
2015-09-17 03:20:00,56,-0.368316650391,0.0,0.0,0.0
2015-09-17 04:35:00,58,-0.540107727051,0.0,0.0,0.0
2015-09-17 04:55:00,62,2.059715271,-0.219983291449,-0.109991645725,-0.109991645725
2015-09-17 05:10:00,64,0.969039916992,0.0,0.0,0.0
2015-09-17 05:15:00,65,-1.31388092041,0.0,0.0,0.0
2015-09-17 05:30:00,73,4.32077026367,-0.219990221148,-0.109995110574,-0.109995110574
2015-09-17 05:35:00,63,-3.85269927979,0.0,0.0,0.0
2015-09-17 05:40:00,63,1.5757522583,-0.21999315796,-0.10999657898,-0.10999657898
2015-09-17 05:45:00,66,-0.135643005371,0.0,0.0,0.0
2015-09-17 05:50:00,62,-2.46988677979,0.0,0.0,0.0
2015-09-17 05:55:00,72,5.21977233887,-0.219995995663,-0.109997997831,-0.109997997831
2015-09-17 06:15:00,56,-6.17571258545,0.0,0.0,0.0
2015-09-17 06:20:00,52,-0.219234466553,0.0,0.0,0.0
2015-09-17 06:25:00,61,1.49638748169,-0.219997656448,-0.109998828224,-0.109998828224
2015-09-17 06:30:00,51,-2.29084777832,0.0,0.0,0.0
2015-09-17 06:40:00,64,2.84517669678,-0.219998360279,-0.109999180139,-0.109999180139
2015-09-17 06:55:00,60,-2.36669921875,0.0,0.0,0.0
2015-09-17 07:00:00,59,0.842761993408,0.0,0.0,0.0
2015-09-17 07:05:00,38,-1.37644958496,0.0,0.0,0.0
2015-09-17 07:10:00,53,-3.90272140503,0.0,0.0,0.0
2015-09-17 07:15:00,56,3.2699546814,-0.219999328559,-0.109999664279,-0.109999664279
2015-09-17 07:25:00,53,-0.501388549805,0.0,0.0,0.0
2015-09-17 07:35:00,68,0.374801635742,0.0,0.0,0.0
2015-09-17 07:40:00,56,0.358905792236,0.0,0.0,0.0
2015-09-17 07:45:00,62,-1.75791168213,0.0,0.0,0.0
2015-09-17 07:50:00,65,1.65530395508,-0.219999725055,-0.109999862528,-0.109999862528
2015-09-17 07:55:00,61,-0.877799987793,0.0,0.0,0.0
2015-09-17 08:00:00,64,0.046516418457,0.0,0.0,0.0
2015-09-17 08:05:00,60,0.538234710693,0.0,0.0,0.0
2015-09-17 08:10:00,58,0.338428497314,0.0,0.0,0.0
2015-09-17 08:15:00,62,-1.00612640381,0.0,0.0,0.0
2015-09-17 08:20:00,67,0.609466552734,0.0,0.0,0.0
2015-09-17 08:25:00,61,-1.33460617065,0.0,0.0,0.0
2015-09-17 08:30:00,59,-1.72180557251,0.0,0.0,0.0
2015-09-17 08:35:00,60,0.664123535156,0.0,0.0,0.0
2015-09-17 08:40:00,59,-0.120853424072,0.0,0.0,0.0
2015-09-17 08:45:00,59,-0.4993019104,0.0,0.0,0.0
2015-09-17 08:50:00,63,1.01820373535,-0.22,-0.11,-0.11
2015-09-17 08:55:00,55,-1.08605194092,0.0,0.0,0.0
2015-09-17 09:00:00,54,-0.76273727417,0.0,0.0,0.0
2015-09-17 09:05:00,64,1.96871948242,-0.22,-0.11,-0.11
2015-09-17 09:10:00,63,-0.290233612061,0.0,0.0,0.0
2015-09-17 09:15:00,67,0.17000579834,0.0,0.0,0.0
2015-09-17 09:20:00,62,-0.349380493164,0.0,0.0,0.0
2015-09-17 09:25:00,67,1.17945861816,-0.22,-0.11,-0.11
2015-09-17 09:30:00,65,-0.446685791016,0.0,0.0,0.0
2015-09-17 09:35:00,63,-0.3828125,0.0,0.0,0.0
2015-09-17 09:40:00,61,-0.471817016602,0.0,0.0,0.0
2015-09-17 09:45:00,69,1.86991119385,-0.22,-0.11,-0.11
2015-09-17 09:50:00,65,-0.254722595215,0.0,0.0,0.0
2015-09-17 09:55:00,63,-1.46392822266,0.0,0.0,0.0
2015-09-17 10:00:00,65,-0.473968505859,0.0,0.0,0.0
2015-09-17 10:05:00,71,1.97629547119,-0.22,-0.11,-0.11
2015-09-17 10:10:00,66,-2.04766082764,0.0,0.0,0.0
2015-09-17 10:15:00,64,-0.0882911682129,0.0,0.0,0.0
2015-09-17 10:20:00,61,-1.1180305481,0.0,0.0,0.0
2015-09-17 10:25:00,65,1.64710235596,-0.22,-0.11,-0.11
2015-09-17 10:30:00,65,0.141654968262,0.0,0.0,0.0
2015-09-17 10:35:00,62,-1.26435089111,0.0,0.0,0.0
2015-09-17 10:45:00,64,-0.0239219665527,0.0,0.0,0.0
2015-09-17 10:50:00,61,-0.289108276367,0.0,0.0,0.0
2015-09-17 10:55:00,59,-0.220932006836,0.0,0.0,0.0
2015-09-17 11:00:00,64,0.846405029297,0.0,0.0,0.0
2015-09-17 11:05:00,55,-2.3844833374,0.0,0.0,0.0
2015-09-17 11:10:00,62,1.92796325684,-0.22,-0.11,-0.11
2015-09-17 11:15:00,61,0.0638008117676,0.0,0.0,0.0
2015-09-17 11:20:00,66,1.42977142334,-0.22,-0.11,-0.11
2015-09-17 11:25:00,61,-2.12985610962,0.0,0.0,0.0
2015-09-17 11:30:00,69,2.48140716553,-0.22,-0.11,-0.11
2015-09-17 11:35:00,66,-0.724807739258,0.0,0.0,0.0
2015-09-17 11:40:00,68,0.478378295898,0.0,0.0,0.0
2015-09-17 11:45:00,69,0.817985534668,0.0,0.0,0.0
2015-09-17 11:50:00,66,-1.27243041992,0.0,0.0,0.0
2015-09-17 11:55:00,66,0.253410339355,0.0,0.0,0.0
2015-09-17 12:00:00,64,-0.20174407959,0.0,0.0,0.0
2015-09-17 12:05:00,63,-0.9948387146,0.0,0.0,0.0
2015-09-17 12:10:00,68,1.45705413818,-0.22,-0.11,-0.11
2015-09-17 12:20:00,62,-2.7008895874,0.0,0.0,0.0
2015-09-17 12:25:00,66,2.0051574707,-0.22,-0.11,-0.11
2015-09-17 12:30:00,71,-0.128082275391,0.0,0.0,0.0
2015-09-17 12:35:00,67,-0.692779541016,0.0,0.0,0.0
2015-09-17 12:40:00,66,-0.597991943359,0.0,0.0,0.0
2015-09-17 12:45:00,62,-1.05707931519,0.0,0.0,0.0
2015-09-17 12:50:00,62,1.07222366333,-0.22,-0.11,-0.11
2015-09-17 12:55:00,62,-0.24284362793,0.0,0.0,0.0
2015-09-17 13:00:00,59,-0.487079620361,0.0,0.0,0.0
2015-09-17 13:05:00,56,-0.993637084961,0.0,0.0,0.0
2015-09-17 13:10:00,41,-2.72910690308,0.0,0.0,0.0
2015-09-17 13:15:00,63,2.38204956055,-0.22,-0.11,-0.11
2015-09-17 13:20:00,46,-0.752445220947,0.0,0.0,0.0
2015-09-17 13:25:00,47,-2.9758644104,0.0,0.0,0.0
2015-09-17 13:30:00,63,1.48399353027,-0.22,-0.11,-0.11
2015-09-17 13:35:00,50,1.10380172729,-0.22,-0.11,-0.11
2015-09-17 13:40:00,46,-1.63319778442,0.0,0.0,0.0
2015-09-17 13:45:00,33,2.28584289551,-0.22,-0.11,-0.11
2015-09-17 13:50:00,23,0.028787612915,0.0,0.0,0.0
2015-09-17 13:55:00,26,-1.24615478516,0.0,0.0,0.0
2015-09-17 14:00:00,19,1.75115013123,-0.22,-0.11,-0.11
2015-09-17 14:05:00,27,-3.85358428955,0.0,0.0,0.0
