timestamp,value,is_anomaly,error_prediction,convergence_loss,sigmoid_error_prediction,anomaly_score,S(t)_reward_low_FP_rate,S(t)_reward_low_FN_rate,S(t)_standard,predicted_anomaly
2011-07-01 00:15:01,0.0163751815928,0,0.0,0.0,0.0,0.5,0.0,0.0,0.0,0
2011-07-01 01:15:01,0.0218879013537,0,0.0,0.0,0.0,0.5,0.0,0.0,0.0,0
2011-07-01 02:15:01,0.0132545757934,0,0.0,0.0,0.0,0.5,0.0,0.0,0.0,0
2011-07-01 03:15:01,0.00916544130202,0,0.0,0.0,0.0,0.5,0.0,0.0,0.0,0
2011-07-01 04:15:01,0.00861219881702,0,0.0,0.0,0.0,0.5,0.0,0.0,0.0,0
2011-07-01 05:15:01,0.00429398074707,0,0.0,0.0,0.0,0.5,0.0,0.0,0.0,0
2011-07-01 06:15:01,0.0,0,0.0,0.0,0.0,0.5,0.0,0.0,0.0,0
2011-07-01 07:15:01,0.00161277347588,0,0.0,0.0,0.0,0.5,0.0,0.0,0.0,0
2011-07-01 08:15:01,0.00198358468933,0,0.0,0.0,0.0,0.5,0.0,0.0,0.0,0
2011-07-01 09:15:01,0.0147421836489,0,0.0,0.0,0.0,0.5,0.0,0.0,0.0,0
2011-07-01 10:15:01,0.0237249761084,0,0.0,0.0,0.0,0.5,0.0,0.0,0.0,0
2011-07-01 11:15:01,0.0660168662205,0,0.0,0.0,0.0,0.5,0.0,0.0,0.0,0
2011-07-01 12:15:01,0.0747186654064,0,0.0,0.0,0.0,0.5,0.0,0.0,0.0,0
2011-07-01 13:15:01,0.0534126739315,0,0.0,0.0,0.0,0.5,0.0,0.0,0.0,0
2011-07-01 14:15:01,0.0539855309194,0,0.0,0.0,0.0,0.5,0.0,0.0,0.0,0
2011-07-01 15:15:01,0.0413688964404,0,0.0,0.0,0.0,0.5,0.0,0.0,0.0,0
2011-07-01 16:15:01,0.0286900121399,0,0.0,0.0,0.0,0.5,0.0,0.0,0.0,0
2011-07-01 17:15:01,0.0356983626962,0,0.0,0.0,0.0,0.5,0.0,0.0,0.0,0
2011-07-01 18:15:01,0.0256768712261,0,0.0,0.0,0.0,0.5,0.0,0.0,0.0,0
2011-07-01 19:15:01,0.0500642555476,0,0.0,0.0,0.0,0.5,0.0,0.0,0.0,0
2011-07-01 20:15:01,0.117516226883,0,0.0,0.0,0.0,0.5,0.0,0.0,0.0,0
2011-07-01 21:15:01,0.0311614111235,0,0.0,0.0,0.0,0.5,0.0,0.0,0.0,0
2011-07-01 22:15:01,0.246078070247,0,0.0,0.0,0.0,0.5,0.0,0.0,0.0,0
2011-07-01 23:15:01,0.521590693196,0,0.0,0.0,0.0,0.5,0.0,0.0,0.0,0
2011-07-02 00:15:01,0.483726523563,0,0.0,0.0,0.0,0.5,0.0,0.0,0.0,0
2011-07-02 01:15:01,0.134434878357,0,,,,0.5,0.0,0.0,0.0,0
2011-07-02 02:15:01,0.0443839068546,0,,,,0.5,0.0,0.0,0.0,0
2011-07-02 03:15:01,0.0713191991101,0,,,,0.5,0.0,0.0,0.0,0
2011-07-02 04:15:01,0.0623433262694,0,,,,0.5,0.0,0.0,0.0,0
2011-07-02 05:15:01,0.054604285933,0,,,,0.5,0.0,0.0,0.0,0
2011-07-02 06:15:01,0.0541536233267,0,,,,0.5,0.0,0.0,0.0,0
2011-07-02 07:15:01,0.0626356436131,0,,,,0.5,0.0,0.0,0.0,0
2011-07-02 08:15:01,0.0578042536255,0,,,,0.5,0.0,0.0,0.0,0
2011-07-02 09:15:01,0.0754817691497,0,,,,0.5,0.0,0.0,0.0,0
2011-07-02 10:15:01,0.0970433338405,0,,,,0.5,0.0,0.0,0.0,0
2011-07-02 11:15:01,0.127876021965,0,,,,0.5,0.0,0.0,0.0,0
2011-07-02 12:15:01,0.290007793039,0,,,,0.5,0.0,0.0,0.0,0
2011-07-02 13:15:01,0.21890783241,0,,,,0.5,0.0,0.0,0.0,0
2011-07-02 14:15:01,0.196339154233,0,,,,0.5,0.0,0.0,0.0,0
2011-07-02 15:15:01,0.148055523595,0,,,,0.5,0.0,0.0,0.0,0
2011-07-02 16:15:01,0.114171438965,0,,,,0.5,0.0,0.0,0.0,0
2011-07-02 17:15:01,0.0932146856399,0,,,,0.5,0.0,0.0,0.0,0
2011-07-02 18:15:01,0.154262850083,0,,,,0.5,0.0,0.0,0.0,0
2011-07-02 19:15:01,0.0825064877539,0,,,,0.5,0.0,0.0,0.0,0
2011-07-02 20:15:01,0.0925921231836,0,,,,0.5,0.0,0.0,0.0,0
2011-07-02 21:15:01,0.0860241629006,0,,,,0.5,0.0,0.0,0.0,0
2011-07-02 22:15:01,0.0744266340247,0,,,,0.5,0.0,0.0,0.0,0
2011-07-02 23:15:01,0.218902872138,0,,,,0.5,0.0,0.0,0.0,0
2011-07-03 00:15:01,0.206373153168,0,,,,0.5,0.0,0.0,0.0,0
2011-07-03 01:15:01,0.116901104498,0,,,,0.5,0.0,0.0,0.0,0
2011-07-03 02:15:01,0.0986625756818,0,,,,0.5,0.0,0.0,0.0,0
2011-07-03 03:15:01,0.0313642439381,0,,,,0.5,0.0,0.0,0.0,0
2011-07-03 04:15:01,0.0720220559369,0,,,,0.5,0.0,0.0,0.0,0
2011-07-03 05:15:01,0.0694406479349,0,,,,0.5,0.0,0.0,0.0,0
2011-07-03 06:15:01,0.0726028288026,0,,,,0.5,0.0,0.0,0.0,0
2011-07-03 07:15:01,0.0813939617909,0,,,,0.5,0.0,0.0,0.0,0
2011-07-03 08:15:01,0.0758349279683,0,,,,0.5,0.0,0.0,0.0,0
2011-07-03 09:15:01,0.0843756763208,0,,,,0.5,0.0,0.0,0.0,0
2011-07-03 10:15:01,0.124081129516,0,,,,0.5,0.0,0.0,0.0,0
2011-07-03 11:15:01,0.263009472566,0,,,,0.5,0.0,0.0,0.0,0
2011-07-03 12:15:01,0.338912024817,0,,,,0.5,0.0,0.0,0.0,0
2011-07-03 13:15:01,0.314683185167,0,,,,0.5,0.0,0.0,0.0,0
2011-07-03 14:15:01,0.206386019283,0,,,,0.5,0.0,0.0,0.0,0
2011-07-03 15:15:01,0.153839612982,0,,,,0.5,0.0,0.0,0.0,0
2011-07-03 16:15:01,0.131933390746,0,,,,0.5,0.0,0.0,0.0,0
2011-07-03 17:15:01,0.123370836715,0,,,,0.5,0.0,0.0,0.0,0
2011-07-03 18:15:01,0.0993712258144,0,,,,0.5,0.0,0.0,0.0,0
2011-07-03 19:15:01,0.0954190624232,0,,,,0.5,0.0,0.0,0.0,0
2011-07-03 20:15:01,0.0979480731602,0,,,,0.5,0.0,0.0,0.0,0
2011-07-03 21:15:01,0.108603437886,0,,,,0.5,0.0,0.0,0.0,0
2011-07-03 22:15:01,0.130768376231,0,,,,0.5,0.0,0.0,0.0,0
2011-07-03 23:15:01,0.275403452621,0,,,,0.5,0.0,0.0,0.0,0
2011-07-04 00:15:01,0.21478591689,0,,,,0.5,0.0,0.0,0.0,0
2011-07-04 01:15:01,0.120353123145,0,,,,0.5,0.0,0.0,0.0,0
2011-07-04 02:15:01,0.0459723132515,0,,,,0.5,0.0,0.0,0.0,0
2011-07-04 03:15:01,0.076305110287,0,,,,0.5,0.0,0.0,0.0,0
2011-07-04 04:15:01,0.0795741235766,0,,,,0.5,0.0,0.0,0.0,0
2011-07-04 05:15:01,0.0618514157391,0,,,,0.5,0.0,0.0,0.0,0
2011-07-04 06:15:01,0.0584810243561,0,,,,0.5,0.0,0.0,0.0,0
2011-07-04 07:15:01,0.0682807306382,0,,,,0.5,0.0,0.0,0.0,0
2011-07-04 08:15:01,0.0889309400175,0,,,,0.5,0.0,0.0,0.0,0
2011-07-04 09:15:01,0.070287006769,0,,,,0.5,0.0,0.0,0.0,0
2011-07-04 10:15:01,0.111738555145,0,,,,0.5,0.0,0.0,0.0,0
2011-07-04 11:15:01,0.254338503585,0,,,,0.5,0.0,0.0,0.0,0
2011-07-04 12:15:01,0.275246613246,0,,,,0.5,0.0,0.0,0.0,0
2011-07-04 13:15:01,0.319872432763,0,,,,0.5,0.0,0.0,0.0,0
2011-07-04 14:15:01,0.24489974685,0,,,,0.5,0.0,0.0,0.0,0
2011-07-04 15:15:01,0.140386576017,0,,,,0.5,0.0,0.0,0.0,0
2011-07-04 16:15:01,0.0691771633471,0,,,,0.5,0.0,0.0,0.0,0
2011-07-04 17:15:01,0.0544653468871,0,,,,0.5,0.0,0.0,0.0,0
2011-07-04 18:15:01,0.0483263389432,0,,,,0.5,0.0,0.0,0.0,0
2011-07-04 19:15:01,0.0443100116362,0,,,,0.5,0.0,0.0,0.0,0
2011-07-04 20:15:01,0.0529752245116,0,,,,0.5,0.0,0.0,0.0,0
2011-07-04 21:15:01,0.0505204013303,0,,,,0.5,0.0,0.0,0.0,0
2011-07-04 22:15:01,0.0686166205186,0,,,,0.5,0.0,0.0,0.0,0
2011-07-04 23:15:01,0.142459836389,0,,,,0.5,0.0,0.0,0.0,0
2011-07-05 00:15:01,0.149195784205,0,,,,0.5,0.0,0.0,0.0,0
2011-07-05 01:15:01,0.0576669214117,0,,,,0.5,0.0,0.0,0.0,0
2011-07-05 02:15:01,0.0435718470307,0,,,,0.5,0.0,0.0,0.0,0
2011-07-05 03:15:01,0.0229203662722,0,,,,0.5,0.0,0.0,0.0,0
2011-07-05 04:15:01,0.0278690104458,0,,,,0.5,0.0,0.0,0.0,0
2011-07-05 05:15:01,0.0264448310166,0,,,,0.5,0.0,0.0,0.0,0
2011-07-05 06:15:01,0.0203764585441,0,,,,0.5,0.0,0.0,0.0,0
2011-07-05 07:15:01,0.0275217118545,0,,,,0.5,0.0,0.0,0.0,0
2011-07-05 08:15:01,0.0290016228994,0,,,,0.5,0.0,0.0,0.0,0
2011-07-05 09:15:01,0.0226795852036,0,,,,0.5,0.0,0.0,0.0,0
2011-07-05 10:15:01,0.0830179805807,0,,,,0.5,0.0,0.0,0.0,0
2011-07-05 11:15:01,0.0901353111762,0,,,,0.5,0.0,0.0,0.0,0
2011-07-05 12:15:01,0.146209296304,0,,,,0.5,0.0,0.0,0.0,0
2011-07-05 13:15:01,0.13094200468,0,,,,0.5,0.0,0.0,0.0,0
2011-07-05 14:15:01,0.122099224002,0,,,,0.5,0.0,0.0,0.0,0
2011-07-05 15:15:01,0.0747899373454,0,,,,0.5,0.0,0.0,0.0,0
2011-07-05 16:15:01,0.0564048885329,0,,,,0.5,0.0,0.0,0.0,0
2011-07-05 17:15:01,0.050618761603,0,,,,0.5,0.0,0.0,0.0,0
2011-07-05 18:15:01,0.0637805574405,0,,,,0.5,0.0,0.0,0.0,0
2011-07-05 19:15:01,0.0572115618749,0,,,,0.5,0.0,0.0,0.0,0
2011-07-05 20:15:01,0.0517493529999,0,,,,0.5,0.0,0.0,0.0,0
2011-07-05 21:15:01,0.039633393613,0,,,,0.5,0.0,0.0,0.0,0
2011-07-05 22:15:01,0.0501928156179,0,,,,0.5,0.0,0.0,0.0,0
2011-07-05 23:15:01,0.102298246559,0,,,,0.5,0.0,0.0,0.0,0
2011-07-06 00:15:01,0.129237640957,0,,,,0.5,0.0,0.0,0.0,0
2011-07-06 01:15:01,0.0427688682284,0,,,,0.5,0.0,0.0,0.0,0
2011-07-06 02:15:01,0.0187395629616,0,,,,0.5,0.0,0.0,0.0,0
2011-07-06 03:15:01,0.0206879801928,0,,,,0.5,0.0,0.0,0.0,0
2011-07-06 04:15:01,0.0209719906827,0,,,,0.5,0.0,0.0,0.0,0
2011-07-06 05:15:01,0.0166961408552,0,,,,0.5,0.0,0.0,0.0,0
2011-07-06 06:15:01,0.0191859310031,0,,,,0.5,0.0,0.0,0.0,0
2011-07-06 07:15:01,0.0191885848196,0,,,,0.5,0.0,0.0,0.0,0
2011-07-06 08:15:01,0.019108361242,0,,,,0.5,0.0,0.0,0.0,0
2011-07-06 09:15:01,0.0427764716098,0,,,,0.5,0.0,0.0,0.0,0
2011-07-06 10:15:01,0.0390927260258,0,,,,0.5,0.0,0.0,0.0,0
2011-07-06 11:15:01,0.104340879943,0,,,,0.5,0.0,0.0,0.0,0
2011-07-06 12:15:01,0.138634768811,0,,,,0.5,0.0,0.0,0.0,0
2011-07-06 13:15:01,0.136551999072,0,,,,0.5,0.0,0.0,0.0,0
2011-07-06 14:15:01,0.0784864524011,0,,,,0.5,0.0,0.0,0.0,0
2011-07-06 15:15:01,0.0728317599423,0,,,,0.5,0.0,0.0,0.0,0
2011-07-06 16:15:01,0.0564969385242,0,,,,0.5,0.0,0.0,0.0,0
2011-07-06 17:15:01,0.0519003534397,0,,,,0.5,0.0,0.0,0.0,0
2011-07-06 18:15:01,0.0742622008758,0,,,,0.5,0.0,0.0,0.0,0
2011-07-06 19:15:01,0.0701905736343,0,,,,0.5,0.0,0.0,0.0,0
2011-07-06 20:15:01,0.0257055031907,0,,,,0.5,0.0,0.0,0.0,0
2011-07-06 21:15:01,0.0712144375519,0,,,,0.5,0.0,0.0,0.0,0
2011-07-06 22:15:01,0.0480395683357,0,,,,0.5,0.0,0.0,0.0,0
2011-07-06 23:15:01,0.0527322299752,0,,,,0.5,0.0,0.0,0.0,0
2011-07-07 00:15:01,0.0337215943169,0,,,,0.5,0.0,0.0,0.0,0
2011-07-07 01:15:01,0.0410235163401,0,,,,0.5,0.0,0.0,0.0,0
2011-07-07 02:15:01,0.0373039605172,0,,,,0.5,0.0,0.0,0.0,0
2011-07-07 05:15:01,0.0316715099592,0,,,,0.5,0.0,0.0,0.0,0
2011-07-07 06:15:01,0.0100861789427,0,,,,0.5,0.0,0.0,0.0,0
2011-07-07 07:15:01,0.0501024542966,0,,,,0.5,0.0,0.0,0.0,0
2011-07-07 08:15:01,0.0246127816941,0,,,,0.5,0.0,0.0,0.0,0
2011-07-07 09:15:01,0.0565425785432,0,,,,0.5,0.0,0.0,0.0,0
2011-07-07 10:15:01,0.0575282727121,0,,,,0.5,0.0,0.0,0.0,0
2011-07-07 11:15:01,0.0999497823726,0,,,,0.5,0.0,0.0,0.0,0
2011-07-07 12:15:01,0.180785774514,0,,,,0.5,0.0,0.0,0.0,0
2011-07-07 13:15:01,0.159724588088,0,,,,0.5,0.0,0.0,0.0,0
2011-07-07 14:15:01,0.134286497813,0,,,,0.5,0.0,0.0,0.0,0
2011-07-07 15:15:01,0.114532377369,0,,,,0.5,0.0,0.0,0.0,0
2011-07-07 16:15:01,0.0574967480972,0,,,,0.5,0.0,0.0,0.0,0
2011-07-07 17:15:01,0.0855719071451,0,,,,0.5,0.0,0.0,0.0,0
2011-07-07 18:15:01,0.0857571728744,0,,,,0.5,0.0,0.0,0.0,0
2011-07-07 19:15:01,0.173335339002,0,,,,0.5,0.0,0.0,0.0,0
2011-07-07 20:15:01,0.134115357547,0,,,,0.5,0.0,0.0,0.0,0
2011-07-07 21:15:01,0.137229770742,0,,,,0.5,0.0,0.0,0.0,0
2011-07-07 22:15:01,0.107390443237,0,,,,0.5,0.0,0.0,0.0,0
2011-07-07 23:15:01,0.0448694226455,0,,,,0.5,0.0,0.0,0.0,0
2011-07-08 00:15:01,0.0337758483337,0,,,,0.5,0.0,0.0,0.0,0
2011-07-08 01:15:01,0.101835287989,0,,,,0.5,0.0,0.0,0.0,0
2011-07-08 02:15:01,0.0623136408952,0,,,,0.5,0.0,0.0,0.0,0
2011-07-08 06:15:01,0.0745529995139,0,,,,0.5,0.0,0.0,0.0,0
2011-07-08 09:15:01,0.0696749987025,0,,,,0.5,0.0,0.0,0.0,0
2011-07-08 10:15:01,0.0521541236717,0,,,,0.5,0.0,0.0,0.0,0
2011-07-08 14:15:01,0.178331066055,0,,,,0.5,0.0,0.0,0.0,0
2011-07-08 16:15:01,0.438860040703,0,,,,0.5,0.0,0.0,0.0,0
2011-07-08 17:15:01,0.199655381198,0,,,,0.5,0.0,0.0,0.0,0
2011-07-08 18:15:01,0.073442998236,0,,,,0.5,0.0,0.0,0.0,0
2011-07-08 19:15:01,0.125481496867,0,,,,0.5,0.0,0.0,0.0,0
2011-07-08 20:15:01,0.166122404561,0,,,,0.5,0.0,0.0,0.0,0
2011-07-08 21:15:01,0.140242409373,0,,,,0.5,0.0,0.0,0.0,0
2011-07-08 22:15:01,0.149748257783,0,,,,0.5,0.0,0.0,0.0,0
2011-07-08 23:15:01,0.12927008574,0,,,,0.5,0.0,0.0,0.0,0
2011-07-09 09:15:01,0.0776682954644,0,,,,0.5,0.0,0.0,0.0,0
2011-07-09 15:15:01,0.0680254695317,0,,,,0.5,0.0,0.0,0.0,0
2011-07-09 17:15:01,0.0792067038384,0,,,,0.5,0.0,0.0,0.0,0
2011-07-09 18:15:01,0.151818285997,0,,,,0.5,0.0,0.0,0.0,0
2011-07-09 19:15:01,0.121786760466,0,,,,0.5,0.0,0.0,0.0,0
2011-07-09 20:15:01,0.105367698468,0,,,,0.5,0.0,0.0,0.0,0
2011-07-09 21:15:01,0.0968481012939,0,,,,0.5,0.0,0.0,0.0,0
2011-07-09 22:15:01,0.137304289345,0,,,,0.5,0.0,0.0,0.0,0
2011-07-09 23:15:01,0.163186025522,0,,,,0.5,0.0,0.0,0.0,0
2011-07-10 00:15:01,0.142008123405,0,,,,0.5,0.0,0.0,0.0,0
2011-07-10 01:15:01,0.11843403297,0,,,,0.5,0.0,0.0,0.0,0
2011-07-10 02:15:01,0.102701013609,0,,,,0.5,0.0,0.0,0.0,0
2011-07-10 03:15:01,0.0466933269764,0,,,,0.5,0.0,0.0,0.0,0
2011-07-10 04:15:01,0.0713971143993,0,,,,0.5,0.0,0.0,0.0,0
2011-07-10 05:15:01,0.0658556094267,0,,,,0.5,0.0,0.0,0.0,0
2011-07-10 06:15:01,0.0701306715042,0,,,,0.5,0.0,0.0,0.0,0
2011-07-10 07:15:01,0.0511160704515,0,,,,0.5,0.0,0.0,0.0,0
2011-07-10 08:15:01,0.0782658603643,0,,,,0.5,0.0,0.0,0.0,0
2011-07-10 09:15:01,0.143876321511,0,,,,0.5,0.0,0.0,0.0,0
2011-07-10 10:15:01,0.0949694028242,0,,,,0.5,0.0,0.0,0.0,0
2011-07-10 11:15:01,0.160225954741,0,,,,0.5,0.0,0.0,0.0,0
2011-07-10 12:15:01,0.307161290485,0,,,,0.5,0.0,0.0,0.0,0
2011-07-10 13:15:01,0.304736547681,0,,,,0.5,0.0,0.0,0.0,0
2011-07-10 14:15:01,0.248415498862,0,,,,0.5,0.0,0.0,0.0,0
2011-07-10 15:15:01,0.202511888969,0,,,,0.5,0.0,0.0,0.0,0
2011-07-10 16:15:01,0.176697080881,0,,,,0.5,0.0,0.0,0.0,0
2011-07-10 17:15:01,0.189186880171,0,,,,0.5,0.0,0.0,0.0,0
2011-07-10 18:15:01,0.136962614188,0,,,,0.5,0.0,0.0,0.0,0
2011-07-10 19:15:01,0.118195756806,0,,,,0.5,0.0,0.0,0.0,0
2011-07-10 20:15:01,0.118070201455,0,,,,0.5,0.0,0.0,0.0,0
2011-07-10 21:15:01,0.104864888958,0,,,,0.5,0.0,0.0,0.0,0
2011-07-10 22:15:01,0.129632880645,0,,,,0.5,0.0,0.0,0.0,0
2011-07-10 23:15:01,0.104735513396,0,,,,0.5,0.0,0.0,0.0,0
2011-07-11 00:15:01,0.0825492581585,0,,,,0.5,0.0,0.0,0.0,0
2011-07-11 01:15:01,0.102287953589,0,,,,0.5,0.0,0.0,0.0,0
2011-07-11 02:15:01,0.0644936778823,0,,,,0.5,0.0,0.0,0.0,0
2011-07-11 03:15:01,0.0788174763572,0,,,,0.5,0.0,0.0,0.0,0
2011-07-11 04:15:01,0.0713501432528,0,,,,0.5,0.0,0.0,0.0,0
2011-07-11 05:15:01,0.0729324175006,0,,,,0.5,0.0,0.0,0.0,0
2011-07-11 06:15:01,0.0613555261884,0,,,,0.5,0.0,0.0,0.0,0
2011-07-11 07:15:01,0.067820070226,0,,,,0.5,0.0,0.0,0.0,0
2011-07-11 08:15:01,0.0619503536491,0,,,,0.5,0.0,0.0,0.0,0
2011-07-11 09:15:01,0.0517511184386,0,,,,0.5,0.0,0.0,0.0,0
2011-07-11 10:15:01,0.127223080132,0,,,,0.5,0.0,0.0,0.0,0
2011-07-11 11:15:01,0.332066988703,0,,,,0.5,0.0,0.0,0.0,0
2011-07-11 12:15:01,0.215099435872,0,,,,0.5,0.0,0.0,0.0,0
2011-07-11 13:15:01,0.229730265714,0,,,,0.5,0.0,0.0,0.0,0
2011-07-11 14:15:01,0.206903448523,0,,,,0.5,0.0,0.0,0.0,0
2011-07-11 15:15:01,0.151964854522,0,,,,0.5,0.0,0.0,0.0,0
2011-07-11 16:15:01,0.130788890284,0,,,,0.5,0.0,0.0,0.0,0
2011-07-11 17:15:01,0.100034257058,0,,,,0.5,0.0,0.0,0.0,0
2011-07-11 18:15:01,0.0523232762458,0,,,,0.5,0.0,0.0,0.0,0
2011-07-11 19:15:01,0.0391278796676,0,,,,0.5,0.0,0.0,0.0,0
2011-07-11 20:15:01,0.0360764419453,0,,,,0.5,0.0,0.0,0.0,0
2011-07-11 21:15:01,0.0421431905492,0,,,,0.5,0.0,0.0,0.0,0
2011-07-11 22:15:01,0.0418159061312,0,,,,0.5,0.0,0.0,0.0,0
2011-07-11 23:15:01,0.0491345242966,0,,,,0.5,0.0,0.0,0.0,0
2011-07-12 00:15:01,0.0220678464357,0,,,,0.5,0.0,0.0,0.0,0
2011-07-12 01:15:01,0.0478710651796,0,,,,0.5,0.0,0.0,0.0,0
2011-07-12 02:15:01,0.0493947635583,0,,,,0.5,0.0,0.0,0.0,0
2011-07-12 03:15:01,0.0465560944114,0,,,,0.5,0.0,0.0,0.0,0
2011-07-12 04:15:01,0.0359340745202,0,,,,0.5,0.0,0.0,0.0,0
2011-07-12 05:15:01,0.0410172979194,0,,,,0.5,0.0,0.0,0.0,0
2011-07-12 06:15:01,0.0411437429372,0,,,,0.5,0.0,0.0,0.0,0
2011-07-12 07:15:01,0.0430170569493,0,,,,0.5,0.0,0.0,0.0,0
2011-07-12 08:15:01,0.0605164246411,0,,,,0.5,0.0,0.0,0.0,0
2011-07-12 09:15:01,0.0681399157753,0,,,,0.5,0.0,0.0,0.0,0
2011-07-12 10:15:01,0.0674990545728,0,,,,0.5,0.0,0.0,0.0,0
2011-07-12 11:15:01,0.0738029576371,0,,,,0.5,0.0,0.0,0.0,0
2011-07-12 12:15:01,0.130369519916,0,,,,0.5,0.0,0.0,0.0,0
2011-07-12 13:15:01,0.16392377457,0,,,,0.5,0.0,0.0,0.0,0
2011-07-12 14:15:01,0.133950936299,0,,,,0.5,0.0,0.0,0.0,0
2011-07-12 15:15:01,0.13057794167,0,,,,0.5,0.0,0.0,0.0,0
2011-07-12 16:15:01,0.0692646283221,0,,,,0.5,0.0,0.0,0.0,0
2011-07-12 17:15:01,0.0845083118919,0,,,,0.5,0.0,0.0,0.0,0
2011-07-12 18:15:01,0.0856365870729,0,,,,0.5,0.0,0.0,0.0,0
2011-07-12 19:15:01,0.0749519182957,0,,,,0.5,0.0,0.0,0.0,0
2011-07-12 20:15:01,0.0760804273914,0,,,,0.5,0.0,0.0,0.0,0
2011-07-12 21:15:01,0.0853206308447,0,,,,0.5,0.0,0.0,0.0,0
2011-07-12 22:15:01,0.0738775378372,0,,,,0.5,0.0,0.0,0.0,0
2011-07-12 23:15:01,0.0747894063592,0,,,,0.5,0.0,0.0,0.0,0
2011-07-13 00:15:01,0.0494611976626,0,,,,0.5,0.0,0.0,0.0,0
2011-07-13 01:15:01,0.0693127395744,0,,,,0.5,0.0,0.0,0.0,0
2011-07-13 02:15:01,0.0457300774813,0,,,,0.5,0.0,0.0,0.0,0
2011-07-13 03:15:01,0.0407062972882,0,,,,0.5,0.0,0.0,0.0,0
2011-07-13 04:15:01,0.0403725364788,0,,,,0.5,0.0,0.0,0.0,0
2011-07-13 05:15:01,0.0384626899455,0,,,,0.5,0.0,0.0,0.0,0
2011-07-13 06:15:01,0.0370903014875,0,,,,0.5,0.0,0.0,0.0,0
2011-07-13 07:15:01,0.0453827518027,0,,,,0.5,0.0,0.0,0.0,0
2011-07-13 08:15:01,0.0648004869549,0,,,,0.5,0.0,0.0,0.0,0
2011-07-13 09:15:01,0.0902728939934,0,,,,0.5,0.0,0.0,0.0,0
2011-07-13 10:15:01,0.0718456891981,0,,,,0.5,0.0,0.0,0.0,0
2011-07-13 11:15:01,0.118726318385,0,,,,0.5,0.0,0.0,0.0,0
2011-07-13 12:15:01,0.146497452597,0,,,,0.5,0.0,0.0,0.0,0
2011-07-13 13:15:01,0.182508006553,0,,,,0.5,0.0,0.0,0.0,0
2011-07-13 14:15:01,0.0845049294541,0,,,,0.5,0.0,0.0,0.0,0
2011-07-13 15:15:01,0.104428164502,0,,,,0.5,0.0,0.0,0.0,0
2011-07-13 16:15:01,0.0962585302947,0,,,,0.5,0.0,0.0,0.0,0
2011-07-13 17:15:01,0.0890908826429,0,,,,0.5,0.0,0.0,0.0,0
2011-07-13 18:15:01,0.0837274760993,0,,,,0.5,0.0,0.0,0.0,0
2011-07-13 19:15:01,0.0800256729341,0,,,,0.5,0.0,0.0,0.0,0
2011-07-13 20:15:01,0.0714504191184,0,,,,0.5,0.0,0.0,0.0,0
2011-07-13 21:15:01,0.0790398635964,0,,,,0.5,0.0,0.0,0.0,0
2011-07-13 22:15:01,0.0829386838722,0,,,,0.5,0.0,0.0,0.0,0
2011-07-13 23:15:01,0.0903947309195,0,,,,0.5,0.0,0.0,0.0,0
2011-07-14 00:15:01,0.0538395599626,0,,,,0.5,0.0,0.0,0.0,0
2011-07-14 01:15:01,0.0574634559999,0,,,,0.5,0.0,0.0,0.0,0
2011-07-14 02:15:01,0.0332211261908,0,,,,0.5,0.0,0.0,0.0,0
2011-07-14 03:15:01,0.0218924738025,0,,,,0.5,0.0,0.0,0.0,0
2011-07-14 04:15:01,0.0156995037051,0,,,,0.5,0.0,0.0,0.0,0
2011-07-14 05:15:01,0.0136008997034,0,,,,0.5,0.0,0.0,0.0,0
2011-07-14 06:15:01,0.0141896478591,0,,,,0.5,0.0,0.0,0.0,0
2011-07-14 07:15:01,0.0182002841827,0,,,,0.5,0.0,0.0,0.0,0
2011-07-14 08:15:01,0.0267693436306,0,,,,0.5,0.0,0.0,0.0,0
2011-07-14 09:15:01,0.0451901255905,0,,,,0.5,0.0,0.0,0.0,0
2011-07-14 10:15:01,0.0513430677362,0,,,,0.5,0.0,0.0,0.0,0
2011-07-14 11:15:01,0.0876414414412,0,,,,0.5,0.0,0.0,0.0,0
2011-07-14 12:15:01,0.148948883448,0,,,,0.5,0.0,0.0,0.0,0
2011-07-14 13:15:01,0.135510138687,0,,,,0.5,0.0,0.0,0.0,0
2011-07-14 14:15:01,0.117204106202,0,,,,0.5,0.0,0.0,0.0,0
2011-07-14 15:15:01,0.0845557654765,0,,,,0.5,0.0,0.0,0.0,0
2011-07-14 16:15:01,0.0594411424449,0,,,,0.5,0.0,0.0,0.0,0
2011-07-14 17:15:01,0.0579933654659,0,,,,0.5,0.0,0.0,0.0,0
2011-07-14 18:15:01,0.0538685130778,0,,,,0.5,0.0,0.0,0.0,0
2011-07-14 19:15:01,0.0484913967658,0,,,,0.5,0.0,0.0,0.0,0
2011-07-14 20:15:01,0.0450633348074,0,,,,0.5,0.0,0.0,0.0,0
2011-07-14 21:15:01,0.0507350976924,0,,,,0.5,0.0,0.0,0.0,0
2011-07-14 22:15:01,0.043906640938,0,,,,0.5,0.0,0.0,0.0,0
2011-07-14 23:15:01,0.0508853788598,0,,,,0.5,0.0,0.0,0.0,0
2011-07-15 00:15:01,0.0289904587769,0,,,,0.5,0.0,0.0,0.0,0
2011-07-15 01:15:01,0.0566043969935,0,,,,0.5,0.0,0.0,0.0,0
2011-07-15 02:15:01,0.0346588859387,0,,,,0.5,0.0,0.0,0.0,0
2011-07-15 03:15:01,0.0280468171928,0,,,,0.5,0.0,0.0,0.0,0
2011-07-15 04:15:01,0.0173062094227,0,,,,0.5,0.0,0.0,0.0,0
2011-07-15 05:15:01,0.0129301126137,0,,,,0.5,0.0,0.0,0.0,0
2011-07-15 06:15:01,0.0200197591985,0,,,,0.5,0.0,0.0,0.0,0
2011-07-15 07:15:01,0.0191352186287,0,,,,0.5,0.0,0.0,0.0,0
2011-07-15 08:15:01,0.032840297767,0,,,,0.5,0.0,0.0,0.0,0
2011-07-15 09:15:01,0.0500007612486,0,,,,0.5,0.0,0.0,0.0,0
2011-07-15 10:15:01,0.0596258859413,0,,,,0.5,0.0,0.0,0.0,0
2011-07-15 11:15:01,0.0690411700425,0,,,,0.5,0.0,0.0,0.0,0
2011-07-15 12:15:01,0.117229427295,0,,,,0.5,0.0,0.0,0.0,0
2011-07-15 13:15:01,0.131168349996,0,,,,0.5,0.0,0.0,0.0,0
2011-07-15 14:15:01,0.0667617421214,0,,,,0.5,0.0,0.0,0.0,0
2011-07-15 15:15:01,0.072805501281,0,,,,0.5,0.0,0.0,0.0,0
2011-07-15 16:15:01,0.0619201437649,0,,,,0.5,0.0,0.0,0.0,0
2011-07-15 17:15:01,0.0604179920239,0,,,,0.5,0.0,0.0,0.0,0
2011-07-15 18:15:01,0.0504910568555,0,,,,0.5,0.0,0.0,0.0,0
2011-07-15 19:15:01,0.0468358026666,0,,,,0.5,0.0,0.0,0.0,0
2011-07-15 20:15:01,0.0398560027846,0,,,,0.5,0.0,0.0,0.0,0
2011-07-15 21:15:01,0.0401066852466,0,,,,0.5,0.0,0.0,0.0,0
2011-07-15 22:15:01,0.0298578014254,0,,,,0.5,0.0,0.0,0.0,0
2011-07-15 23:15:01,0.0245435814083,0,,,,0.5,0.0,0.0,0.0,0
2011-07-16 00:15:01,0.0487746530152,0,,,,0.5,0.0,0.0,0.0,0
2011-07-16 01:15:01,0.0656514799842,0,,,,0.5,0.0,0.0,0.0,0
2011-07-16 02:15:01,0.0643260570541,0,,,,0.5,0.0,0.0,0.0,0
2011-07-16 03:15:01,0.0423815603341,0,,,,0.5,0.0,0.0,0.0,0
2011-07-16 04:15:01,0.0376911524523,0,,,,0.5,0.0,0.0,0.0,0
2011-07-16 05:15:01,0.0209824773805,0,,,,0.5,0.0,0.0,0.0,0
2011-07-16 06:15:01,0.0167938660993,0,,,,0.5,0.0,0.0,0.0,0
2011-07-16 07:15:01,0.0194742467806,0,,,,0.5,0.0,0.0,0.0,0
2011-07-16 08:15:01,0.0404466823014,0,,,,0.5,0.0,0.0,0.0,0
2011-07-16 09:15:01,0.0499630786161,0,,,,0.5,0.0,0.0,0.0,0
2011-07-16 10:15:01,0.0868563233237,0,,,,0.5,0.0,0.0,0.0,0
2011-07-16 11:15:01,0.0942459979595,0,,,,0.5,0.0,0.0,0.0,0
2011-07-16 12:15:01,0.100662009264,0,,,,0.5,0.0,0.0,0.0,0
2011-07-16 13:15:01,0.159039210562,0,,,,0.5,0.0,0.0,0.0,0
2011-07-16 14:15:01,0.0719468500491,0,,,,0.5,0.0,0.0,0.0,0
2011-07-16 15:15:01,0.0858688718421,0,,,,0.5,0.0,0.0,0.0,0
2011-07-16 16:15:01,0.0693017046422,0,,,,0.5,0.0,0.0,0.0,0
2011-07-16 17:15:01,0.0539497614141,0,,,,0.5,0.0,0.0,0.0,0
2011-07-16 18:15:01,0.049535192668,0,,,,0.5,0.0,0.0,0.0,0
2011-07-16 19:15:01,0.0563355107977,0,,,,0.5,0.0,0.0,0.0,0
2011-07-16 22:15:01,0.0452521565599,0,,,,0.5,0.0,0.0,0.0,0
2011-07-16 23:15:01,0.0458604657037,0,,,,0.5,0.0,0.0,0.0,0
2011-07-17 00:15:01,0.0446621745366,0,,,,0.5,0.0,0.0,0.0,0
2011-07-17 01:15:01,0.0566799874519,0,,,,0.5,0.0,0.0,0.0,0
2011-07-17 02:15:01,0.056685575826,0,,,,0.5,0.0,0.0,0.0,0
2011-07-17 03:15:01,0.0439157947909,0,,,,0.5,0.0,0.0,0.0,0
2011-07-17 04:15:01,0.0389850336023,0,,,,0.5,0.0,0.0,0.0,0
2011-07-17 05:15:01,0.0246069869964,0,,,,0.5,0.0,0.0,0.0,0
2011-07-17 06:15:01,0.0197000432511,0,,,,0.5,0.0,0.0,0.0,0
2011-07-17 07:15:01,0.024866911741,0,,,,0.5,0.0,0.0,0.0,0
2011-07-17 08:15:01,0.0321045824789,0,,,,0.5,0.0,0.0,0.0,0
2011-07-17 09:15:01,0.0449884635806,0,,,,0.5,0.0,0.0,0.0,0
2011-07-17 10:15:01,0.0832946160343,0,,,,0.5,0.0,0.0,0.0,0
2011-07-17 11:15:01,0.0834510820167,0,,,,0.5,0.0,0.0,0.0,0
2011-07-17 12:15:01,0.117539976366,0,,,,0.5,0.0,0.0,0.0,0
2011-07-17 13:15:01,0.171498060983,0,,,,0.5,0.0,0.0,0.0,0
2011-07-17 14:15:01,0.088663607842,0,,,,0.5,0.0,0.0,0.0,0
2011-07-17 15:15:01,0.100774866423,0,,,,0.5,0.0,0.0,0.0,0
2011-07-17 16:15:01,0.0657078399092,0,,,,0.5,0.0,0.0,0.0,0
2011-07-17 17:15:01,0.0548049356762,0,,,,0.5,0.0,0.0,0.0,0
2011-07-17 18:15:01,0.0434023260588,0,,,,0.5,0.0,0.0,0.0,0
2011-07-17 19:15:01,0.0449852981874,0,,,,0.5,0.0,0.0,0.0,0
2011-07-17 20:15:01,0.0440658977148,0,,,,0.5,0.0,0.0,0.0,0
2011-07-17 21:15:01,0.0420538320605,0,,,,0.5,0.0,0.0,0.0,0
2011-07-17 22:15:01,0.041683668381,0,,,,0.5,0.0,0.0,0.0,0
2011-07-17 23:15:01,0.0413265410802,0,,,,0.5,0.0,0.0,0.0,0
2011-07-18 00:15:01,0.0370122445529,0,,,,0.5,0.0,0.0,0.0,0
2011-07-18 01:15:01,0.0474361512046,0,,,,0.5,0.0,0.0,0.0,0
2011-07-18 02:15:01,0.0389951087342,0,,,,0.5,0.0,0.0,0.0,0
2011-07-18 03:15:01,0.0290696232292,0,,,,0.5,0.0,0.0,0.0,0
2011-07-18 04:15:01,0.0206879432924,0,,,,0.5,0.0,0.0,0.0,0
2011-07-18 05:15:01,0.0132110595128,0,,,,0.5,0.0,0.0,0.0,0
2011-07-18 06:15:01,0.0120732151773,0,,,,0.5,0.0,0.0,0.0,0
2011-07-18 07:15:01,0.0214426007373,0,,,,0.5,0.0,0.0,0.0,0
2011-07-18 08:15:01,0.0251386024273,0,,,,,0.0,0.0,0.0,0
2011-07-18 09:15:01,0.0499487816966,0,,,,,0.0,0.0,0.0,0
2011-07-18 10:15:01,0.0577386848371,0,,,,,0.0,0.0,0.0,0
2011-07-18 11:15:01,0.0777934541665,0,,,,,0.0,0.0,0.0,0
2011-07-18 12:15:01,0.134129580802,0,,,,,0.0,0.0,0.0,0
2011-07-18 13:15:01,0.101531684776,0,,,,,0.0,0.0,0.0,0
2011-07-18 14:15:01,0.100191054624,0,,,,,0.0,0.0,0.0,0
2011-07-18 15:15:01,0.0781756275061,0,,,,,0.0,0.0,0.0,0
2011-07-18 16:15:01,0.0779371268307,0,,,,,0.0,0.0,0.0,0
2011-07-18 17:15:01,0.0638136147099,0,,,,,0.0,0.0,0.0,0
2011-07-18 18:15:01,0.0544793564979,0,,,,,0.0,0.0,0.0,0
2011-07-18 19:15:01,0.0513062987468,0,,,,,0.0,0.0,0.0,0
2011-07-18 20:15:01,0.0468048371883,0,,,,,0.0,0.0,0.0,0
2011-07-18 21:15:01,0.0375470839149,0,,,,,0.0,0.0,0.0,0
2011-07-18 22:15:01,0.0376740051037,0,,,,,0.0,0.0,0.0,0
2011-07-18 23:15:01,0.038696316024,0,,,,,0.0,0.0,0.0,0
2011-07-19 00:15:01,0.023823297252,0,,,,,0.0,0.0,0.0,0
2011-07-19 01:15:01,0.0571846481409,0,,,,,0.0,0.0,0.0,0
2011-07-19 02:15:01,0.0429728865869,0,,,,,0.0,0.0,0.0,0
2011-07-19 03:15:01,0.0256568160767,0,,,,,0.0,0.0,0.0,0
2011-07-19 04:15:01,0.0194940899765,0,,,,,0.0,0.0,0.0,0
2011-07-19 05:15:01,0.00644890836722,0,,,,,0.0,0.0,0.0,0
2011-07-19 06:15:01,0.00343926908878,0,,,,,0.0,0.0,0.0,0
2011-07-19 07:15:01,0.0174339666467,0,,,,,0.0,0.0,0.0,0
2011-07-19 08:15:01,0.0245212296246,0,,,,,0.0,0.0,0.0,0
2011-07-19 09:15:01,0.0460672292081,0,,,,,0.0,0.0,0.0,0
2011-07-19 10:15:01,0.0770678518088,0,,,,,0.0,0.0,0.0,0
2011-07-19 11:15:01,0.0862577072793,0,,,,,0.0,0.0,0.0,0
2011-07-19 12:15:01,0.120080685848,0,,,,,0.0,0.0,0.0,0
2011-07-19 13:15:01,0.131852966284,0,,,,,0.0,0.0,0.0,0
2011-07-19 14:15:01,0.104752564805,0,,,,,0.0,0.0,0.0,0
2011-07-19 15:15:01,0.0798138052958,0,,,,,0.0,0.0,0.0,0
2011-07-19 16:15:01,0.0588176800199,0,,,,,0.0,0.0,0.0,0
2011-07-19 17:15:01,0.0364543606196,0,,,,,0.0,0.0,0.0,0
2011-07-19 18:15:01,0.0422369307548,0,,,,,0.0,0.0,0.0,0
2011-07-19 19:15:01,0.0358893876089,0,,,,,0.0,0.0,0.0,0
2011-07-19 20:15:01,0.0323535961214,0,,,,,0.0,0.0,0.0,0
2011-07-19 21:15:01,0.0224389810476,0,,,,,0.0,0.0,0.0,0
2011-07-19 22:15:01,0.0300762392754,0,,,,,0.0,0.0,0.0,0
2011-07-19 23:15:01,0.0265157986401,0,,,,,0.0,0.0,0.0,0
2011-07-20 00:15:01,0.0210416074316,0,,,,,0.0,0.0,0.0,0
2011-07-20 01:15:01,0.0471032120602,0,,,,,0.0,0.0,0.0,0
2011-07-20 02:15:01,0.0364880347846,0,,,,,0.0,0.0,0.0,0
2011-07-20 03:15:01,0.0275365998307,0,,,,,0.0,0.0,0.0,0
2011-07-20 04:15:01,0.0166938084611,0,,,,,0.0,0.0,0.0,0
2011-07-20 05:15:01,0.00738141630753,0,,,,,0.0,0.0,0.0,0
2011-07-20 06:15:01,0.010246927356,0,,,,,0.0,0.0,0.0,0
2011-07-20 07:15:01,0.0229008124466,0,,,,,0.0,0.0,0.0,0
2011-07-20 08:15:01,0.0182867787071,0,,,,,0.0,0.0,0.0,0
2011-07-20 09:15:01,0.042888069808,0,,,,,0.0,0.0,0.0,0
2011-07-20 10:15:01,0.049293421254,0,,,,,0.0,0.0,0.0,0
2011-07-20 11:15:01,0.0720703337332,0,,,,,0.0,0.0,0.0,0
2011-07-20 12:15:01,0.123239949141,0,,,,,0.0,0.0,0.0,0
2011-07-20 13:15:01,0.127139695372,0,,,,,0.0,0.0,0.0,0
2011-07-20 14:15:01,0.101741701329,0,,,,,0.0,0.0,0.0,0
2011-07-20 15:15:01,0.065991535488,0,,,,,0.0,0.0,0.0,0
2011-07-20 16:15:01,0.0507385888164,0,,,,,0.0,0.0,0.0,0
2011-07-20 17:15:01,0.041166961656,0,,,,,0.0,0.0,0.0,0
2011-07-20 18:15:01,0.0413852515214,0,,,,,0.0,0.0,0.0,0
2011-07-20 19:15:01,0.0335713516989,0,,,,,0.0,0.0,0.0,0
2011-07-20 20:15:01,0.0293766257754,0,,,,,0.0,0.0,0.0,0
2011-07-20 21:15:01,0.0309110376853,0,,,,,0.0,0.0,0.0,0
2011-07-20 22:15:01,0.0197893936722,0,,,,,0.0,0.0,0.0,0
2011-07-20 23:15:01,0.0319994503545,0,,,,,0.0,0.0,0.0,0
2011-07-21 00:15:01,0.019590216,0,,,,,0.0,0.0,0.0,0
2011-07-21 01:15:01,0.0385071571219,0,,,,,0.0,0.0,0.0,0
2011-07-21 02:15:01,0.0353131658558,0,,,,,0.0,0.0,0.0,0
2011-07-21 03:15:01,0.0236824344303,0,,,,,0.0,0.0,0.0,0
2011-07-21 04:15:01,0.0122608035388,0,,,,,0.0,0.0,0.0,0
2011-07-21 05:15:01,0.00807660637758,0,,,,,0.0,0.0,0.0,0
2011-07-21 06:15:01,0.00812189474624,0,,,,,0.0,0.0,0.0,0
2011-07-21 07:15:01,0.0119197442263,0,,,,,0.0,0.0,0.0,0
2011-07-21 08:15:01,0.017076788649,0,,,,,0.0,0.0,0.0,0
2011-07-21 09:15:01,0.0403670091935,0,,,,,0.0,0.0,0.0,0
2011-07-21 10:15:01,0.0491790173022,0,,,,,0.0,0.0,0.0,0
2011-07-21 11:15:01,0.0517975038991,0,,,,,0.0,0.0,0.0,0
2011-07-21 12:15:01,0.101822597856,0,,,,,0.0,0.0,0.0,0
2011-07-21 13:15:01,0.0909215025022,0,,,,,0.0,0.0,0.0,0
2011-07-21 14:15:01,0.111228109442,0,,,,,0.0,0.0,0.0,0
2011-07-21 15:15:01,0.0665613814172,0,,,,,0.0,0.0,0.0,0
2011-07-21 16:15:01,0.0527553308434,0,,,,,0.0,0.0,0.0,0
2011-07-21 17:15:01,0.0480476958542,0,,,,,0.0,0.0,0.0,0
2011-07-21 18:15:01,0.0605873392721,0,,,,,0.0,0.0,0.0,0
2011-07-21 22:15:01,0.0320232798642,0,,,,,0.0,0.0,0.0,0
2011-07-22 00:15:01,0.019691720391,0,,,,,0.0,0.0,0.0,0
2011-07-22 01:15:01,0.0321164426559,0,,,,,0.0,0.0,0.0,0
2011-07-22 02:15:01,0.0283387794062,0,,,,,0.0,0.0,0.0,0
2011-07-22 03:15:01,0.0219655059465,0,,,,,0.0,0.0,0.0,0
2011-07-22 04:15:01,0.0127613351431,0,,,,,0.0,0.0,0.0,0
2011-07-22 05:15:01,0.00943704936206,0,,,,,0.0,0.0,0.0,0
2011-07-22 06:15:01,0.0148632546099,0,,,,,0.0,0.0,0.0,0
2011-07-22 07:15:01,0.0173275097724,0,,,,,0.0,0.0,0.0,0
2011-07-22 08:15:01,0.0198465017804,0,,,,,0.0,0.0,0.0,0
2011-07-22 09:15:01,0.0329330455624,0,,,,,0.0,0.0,0.0,0
2011-07-22 10:15:01,0.0285830290016,0,,,,,0.0,0.0,0.0,0
2011-07-22 11:15:01,0.0502046776364,0,,,,,0.0,0.0,0.0,0
2011-07-22 12:15:01,0.0991334965392,0,,,,,0.0,0.0,0.0,0
2011-07-22 13:15:01,0.111171430294,0,,,,,0.0,0.0,0.0,0
2011-07-22 14:15:01,0.0863589470601,0,,,,,0.0,0.0,0.0,0
2011-07-22 15:15:01,0.0466380149464,0,,,,,0.0,0.0,0.0,0
2011-07-22 16:15:01,0.0550423601799,0,,,,,0.0,0.0,0.0,0
2011-07-22 17:15:01,0.0296519161584,0,,,,,0.0,0.0,0.0,0
2011-07-22 18:15:01,0.0400056733238,0,,,,,0.0,0.0,0.0,0
2011-07-22 19:15:01,0.0482902937905,0,,,,,0.0,0.0,0.0,0
2011-07-22 20:15:01,0.0321550688713,0,,,,,0.0,0.0,0.0,0
2011-07-22 21:15:01,0.0242988887578,0,,,,,0.0,0.0,0.0,0
2011-07-22 22:15:01,0.0334138014848,0,,,,,0.0,0.0,0.0,0
2011-07-22 23:15:01,0.0185167951927,0,,,,,0.0,0.0,0.0,0
2011-07-23 03:15:01,0.0291247429802,0,,,,,0.0,0.0,0.0,0
2011-07-23 05:15:01,0.0210146813769,0,,,,,0.0,0.0,0.0,0
2011-07-23 06:15:01,0.0215603018154,0,,,,,0.0,0.0,0.0,0
2011-07-23 07:15:01,0.0258028027932,0,,,,,0.0,0.0,0.0,0
2011-07-23 08:15:01,0.0141721997181,0,,,,,0.0,0.0,0.0,0
2011-07-23 11:15:01,0.0393748621527,0,,,,,0.0,0.0,0.0,0
2011-07-23 12:15:01,0.0606122521477,0,,,,,0.0,0.0,0.0,0
2011-07-23 13:15:01,0.139327118435,0,,,,,0.0,0.0,0.0,0
2011-07-23 14:15:01,0.111961439241,0,,,,,0.0,0.0,0.0,0
2011-07-23 15:15:01,0.0929661066862,0,,,,,0.0,0.0,0.0,0
2011-07-23 16:15:01,0.066417973596,0,,,,,0.0,0.0,0.0,0
2011-07-23 17:15:01,0.0823445924019,0,,,,,0.0,0.0,0.0,0
2011-07-23 18:15:01,0.0509294356311,0,,,,,0.0,0.0,0.0,0
2011-07-23 19:15:01,0.0445058860016,0,,,,,0.0,0.0,0.0,0
2011-07-23 20:15:01,0.0422916090783,0,,,,,0.0,0.0,0.0,0
2011-07-23 21:15:01,0.0267010130728,0,,,,,0.0,0.0,0.0,0
2011-07-23 22:15:01,0.0362653941126,0,,,,,0.0,0.0,0.0,0
2011-07-23 23:15:01,0.0259840319756,0,,,,,0.0,0.0,0.0,0
2011-07-24 00:15:01,0.00655645249062,0,,,,,0.0,0.0,0.0,0
2011-07-24 01:15:01,0.101798103697,0,,,,,0.0,0.0,0.0,0
2011-07-24 02:15:01,0.0584487696347,0,,,,,0.0,0.0,0.0,0
2011-07-24 03:15:01,0.0259374797671,0,,,,,0.0,0.0,0.0,0
2011-07-24 04:15:01,0.0130561519417,0,,,,,0.0,0.0,0.0,0
2011-07-24 05:15:01,0.0080269847256,0,,,,,0.0,0.0,0.0,0
2011-07-24 06:15:01,0.0127454498868,0,,,,,0.0,0.0,0.0,0
2011-07-24 07:15:01,0.0216482177278,0,,,,,0.0,0.0,0.0,0
2011-07-24 08:15:01,0.0276567337113,0,,,,,0.0,0.0,0.0,0
2011-07-24 09:15:01,0.045984599065,0,,,,,0.0,0.0,0.0,0
2011-07-24 10:15:01,0.0417932655892,0,,,,,0.0,0.0,0.0,0
2011-07-24 11:15:01,0.0672016748513,0,,,,,0.0,0.0,0.0,0
2011-07-24 12:15:01,0.131385247683,0,,,,,0.0,0.0,0.0,0
2011-07-24 13:15:01,0.10712733879,0,,,,,0.0,0.0,0.0,0
2011-07-24 14:15:01,0.119803252373,0,,,,,0.0,0.0,0.0,0
2011-07-24 15:15:01,0.0401325277117,0,,,,,0.0,0.0,0.0,0
2011-07-24 16:15:01,0.0645246009928,0,,,,,0.0,0.0,0.0,0
2011-07-24 17:15:01,0.0504194868402,0,,,,,0.0,0.0,0.0,0
2011-07-24 18:15:01,0.0374073452203,0,,,,,0.0,0.0,0.0,0
2011-07-24 19:15:01,0.0272903151707,0,,,,,0.0,0.0,0.0,0
2011-07-24 20:15:01,0.0197265107541,0,,,,,0.0,0.0,0.0,0
2011-07-24 21:15:01,0.0176028995074,0,,,,,0.0,0.0,0.0,0
2011-07-24 22:15:01,0.0197528628323,0,,,,,0.0,0.0,0.0,0
2011-07-24 23:15:01,0.0103014268178,0,,,,,0.0,0.0,0.0,0
2011-07-25 00:15:01,0.0138380509359,0,,,,,0.0,0.0,0.0,0
2011-07-25 01:15:01,0.0587860962463,0,,,,,0.0,0.0,0.0,0
2011-07-25 02:15:01,0.0283209567685,0,,,,,0.0,0.0,0.0,0
2011-07-25 03:15:01,0.0329719138242,0,,,,,0.0,0.0,0.0,0
2011-07-25 04:15:01,0.0116418083516,0,,,,,0.0,0.0,0.0,0
2011-07-25 05:15:01,0.00292970304327,0,,,,,0.0,0.0,0.0,0
2011-07-25 06:15:01,0.0145081213348,0,,,,,0.0,0.0,0.0,0
2011-07-25 07:15:01,0.013216135341,0,,,,,0.0,0.0,0.0,0
2011-07-25 08:15:01,0.0156984049446,0,,,,,0.0,0.0,0.0,0
2011-07-25 09:15:01,0.0462532547011,0,,,,,0.0,0.0,0.0,0
2011-07-25 10:15:01,0.0601960560971,0,,,,,0.0,0.0,0.0,0
2011-07-25 11:15:01,0.0838933573139,0,,,,,0.0,0.0,0.0,0
2011-07-25 12:15:01,0.122745726354,0,,,,,0.0,0.0,0.0,0
2011-07-25 13:15:01,0.129896548201,0,,,,,0.0,0.0,0.0,0
2011-07-25 14:15:01,0.111394182199,0,,,,,0.0,0.0,0.0,0
2011-07-25 15:15:01,0.0689989170086,0,,,,,0.0,0.0,0.0,0
2011-07-25 16:15:01,0.0564344678495,0,,,,,0.0,0.0,0.0,0
2011-07-25 17:15:01,0.0451428827544,0,,,,,0.0,0.0,0.0,0
2011-07-25 18:15:01,0.0261285108011,0,,,,,0.0,0.0,0.0,0
2011-07-25 19:15:01,0.0277649922863,0,,,,,0.0,0.0,0.0,0
2011-07-25 20:15:01,0.0156106641329,0,,,,,0.0,0.0,0.0,0
2011-07-25 21:15:01,0.00759888029459,0,,,,,0.0,0.0,0.0,0
2011-07-25 22:15:01,0.0159682413769,0,,,,,0.0,0.0,0.0,0
2011-07-25 23:15:01,0.0146312231027,0,,,,,0.0,0.0,0.0,0
2011-07-26 00:15:01,0.00486378373157,0,,,,,0.0,0.0,0.0,0
2011-07-26 01:15:01,0.0266851489284,0,,,,,0.0,0.0,0.0,0
2011-07-26 02:15:01,0.0305441655845,0,,,,,0.0,0.0,0.0,0
2011-07-26 03:15:01,0.015107656663,0,,,,,0.0,0.0,0.0,0
2011-07-26 04:15:01,0.0246771445102,0,,,,,0.0,0.0,0.0,0
2011-07-26 05:15:01,0.00054094306329,0,,,,,0.0,0.0,0.0,0
2011-07-26 06:15:01,0.00866455770623,0,,,,,0.0,0.0,0.0,0
2011-07-26 07:15:01,0.0141896418307,0,,,,,0.0,0.0,0.0,0
2011-07-26 08:15:01,0.0234403126419,0,,,,,0.0,0.0,0.0,0
2011-07-26 09:15:01,0.0394542544758,0,,,,,0.0,0.0,0.0,0
2011-07-26 10:15:01,0.0716989555566,0,,,,,0.0,0.0,0.0,0
2011-07-26 11:15:01,0.0919134204889,0,,,,,0.0,0.0,0.0,0
2011-07-26 12:15:01,0.101004154198,0,,,,,0.0,0.0,0.0,0
2011-07-26 13:15:01,0.104411049935,0,,,,,0.0,0.0,0.0,0
2011-07-26 14:15:01,0.10558735855,0,,,,,0.0,0.0,0.0,0
2011-07-26 15:15:01,0.0425926858807,0,,,,,0.0,0.0,0.0,0
2011-07-26 16:15:01,0.0579106064628,0,,,,,0.0,0.0,0.0,0
2011-07-26 17:15:01,0.0396180174387,0,,,,,0.0,0.0,0.0,0
2011-07-26 19:15:01,0.0317183860973,0,,,,,0.0,0.0,0.0,0
2011-07-26 20:15:01,0.0315972766099,0,,,,,0.0,0.0,0.0,0
2011-07-26 21:15:01,0.0146784273365,0,,,,,0.0,0.0,0.0,0
2011-07-26 22:15:01,0.0196432072866,0,,,,,0.0,0.0,0.0,0
2011-07-26 23:15:01,0.00525651546592,0,,,,,0.0,0.0,0.0,0
2011-07-27 00:15:01,0.00676105391595,0,,,,,0.0,0.0,0.0,0
2011-07-27 01:15:01,0.0293940216747,0,,,,,0.0,0.0,0.0,0
2011-07-27 02:15:01,0.0200894520628,0,,,,,0.0,0.0,0.0,0
2011-07-27 05:15:01,0.00945367686029,0,,,,,0.0,0.0,0.0,0
2011-07-27 06:15:01,0.00411934622785,0,,,,,0.0,0.0,0.0,0
2011-07-27 07:15:01,0.0124441282504,0,,,,,0.0,0.0,0.0,0
2011-07-27 08:15:01,0.0249161941814,0,,,,,0.0,0.0,0.0,0
2011-07-27 09:15:01,0.0317515124571,0,,,,,0.0,0.0,0.0,0
2011-07-27 10:15:01,0.0353939267324,0,,,,,0.0,0.0,0.0,0
2011-07-27 11:15:01,0.0635952180175,0,,,,,0.0,0.0,0.0,0
2011-07-27 12:15:01,0.111996736447,0,,,,,0.0,0.0,0.0,0
2011-07-27 13:15:01,0.116124168708,0,,,,,0.0,0.0,0.0,0
2011-07-27 14:15:01,0.0924526917979,0,,,,,0.0,0.0,0.0,0
2011-07-27 15:15:01,0.0475683005401,0,,,,,0.0,0.0,0.0,0
2011-07-27 16:15:01,0.052495122376,0,,,,,0.0,0.0,0.0,0
2011-07-27 17:15:01,0.0300290811266,0,,,,,0.0,0.0,0.0,0
2011-07-27 18:15:01,0.0330773023773,0,,,,,0.0,0.0,0.0,0
2011-07-27 19:15:01,0.0298290131403,0,,,,,0.0,0.0,0.0,0
2011-07-27 20:15:01,0.0244614293663,0,,,,,0.0,0.0,0.0,0
2011-07-27 21:15:01,0.0305869531079,0,,,,,0.0,0.0,0.0,0
2011-07-27 22:15:01,0.0236665347158,0,,,,,0.0,0.0,0.0,0
2011-07-27 23:15:01,0.00805957451689,0,,,,,0.0,0.0,0.0,0
2011-07-28 00:15:01,0.0063206541035,0,,,,,0.0,0.0,0.0,0
2011-07-28 01:15:01,0.0347019572454,0,,,,,0.0,0.0,0.0,0
2011-07-28 02:15:01,0.0257075741505,0,,,,,0.0,0.0,0.0,0
2011-07-28 03:15:01,0.0240029763418,0,,,,,0.0,0.0,0.0,0
2011-07-28 04:15:01,0.0130923999231,0,,,,,0.0,0.0,0.0,0
2011-07-28 05:15:01,0.00303697399764,0,,,,,0.0,0.0,0.0,0
2011-07-28 06:15:01,0.00699407939558,0,,,,,0.0,0.0,0.0,0
2011-07-28 07:15:01,0.034870481855,0,,,,,0.0,0.0,0.0,0
2011-07-28 08:15:01,0.0190385771459,0,,,,,0.0,0.0,0.0,0
2011-07-28 09:15:01,0.0551590183612,0,,,,,0.0,0.0,0.0,0
2011-07-28 10:15:01,0.0564113334326,0,,,,,0.0,0.0,0.0,0
2011-07-28 11:15:01,0.102104617693,0,,,,,0.0,0.0,0.0,0
2011-07-28 12:15:01,0.16865945,0,,,,,0.0,0.0,0.0,0
2011-07-28 13:15:01,0.0720662092482,0,,,,,0.0,0.0,0.0,0
2011-07-28 14:15:01,0.0985040159784,0,,,,,0.0,0.0,0.0,0
2011-07-28 15:15:01,0.0621699018348,0,,,,,0.0,0.0,0.0,0
2011-07-28 16:15:01,0.0441985437174,0,,,,,0.0,0.0,0.0,0
2011-07-28 17:15:01,0.0291789443175,0,,,,,0.0,0.0,0.0,0
2011-07-28 18:15:01,0.0391949766952,0,,,,,0.0,0.0,0.0,0
2011-07-28 19:15:01,0.0269473223947,0,,,,,0.0,0.0,0.0,0
2011-07-28 20:15:01,0.0317383385325,0,,,,,0.0,0.0,0.0,0
2011-07-28 21:15:01,0.0376905393247,0,,,,,0.0,0.0,0.0,0
2011-07-28 22:15:01,0.0246545875089,0,,,,,0.0,0.0,0.0,0
2011-07-28 23:15:01,0.021247999562,0,,,,,0.0,0.0,0.0,0
2011-07-29 00:15:01,0.0208261543749,0,,,,,0.0,0.0,0.0,0
2011-07-29 01:15:01,0.0353850699029,0,,,,,0.0,0.0,0.0,0
2011-07-29 02:15:01,0.0325357275154,0,,,,,0.0,0.0,0.0,0
2011-07-29 03:15:01,0.0212047966315,0,,,,,0.0,0.0,0.0,0
2011-07-29 04:15:01,0.0194730233654,0,,,,,0.0,0.0,0.0,0
2011-07-29 05:15:01,0.0118166691696,0,,,,,0.0,0.0,0.0,0
2011-07-29 06:15:01,0.0180738370997,0,,,,,0.0,0.0,0.0,0
2011-07-29 07:15:01,0.0210085252055,0,,,,,0.0,0.0,0.0,0
2011-07-29 08:15:01,0.0416287539915,0,,,,,0.0,0.0,0.0,0
2011-07-29 09:15:01,0.0777306930002,0,,,,,0.0,0.0,0.0,0
2011-07-29 10:15:01,0.0918730298658,0,,,,,0.0,0.0,0.0,0
2011-07-29 11:15:01,0.137985139924,0,,,,,0.0,0.0,0.0,0
2011-07-29 12:15:01,0.150682505866,0,,,,,0.0,0.0,0.0,0
2011-07-29 13:15:01,0.127523455844,0,,,,,0.0,0.0,0.0,0
2011-07-29 14:15:01,0.131633981548,0,,,,,0.0,0.0,0.0,0
2011-07-29 15:15:01,0.0800213376635,0,,,,,0.0,0.0,0.0,0
2011-07-29 16:15:01,0.0841746450983,0,,,,,0.0,0.0,0.0,0
2011-07-29 17:15:01,0.0536076671657,0,,,,,0.0,0.0,0.0,0
2011-07-29 18:15:01,0.0682506309518,0,,,,,0.0,0.0,0.0,0
2011-07-29 19:15:01,0.0635717585446,0,,,,,0.0,0.0,0.0,0
2011-07-29 20:15:01,0.0525376059524,0,,,,,0.0,0.0,0.0,0
2011-07-29 21:15:01,0.0655344993697,0,,,,,0.0,0.0,0.0,0
2011-07-29 22:15:01,0.0590955882126,0,,,,,0.0,0.0,0.0,0
2011-07-29 23:15:01,0.0498880807899,0,,,,,0.0,0.0,0.0,0
2011-07-30 00:15:01,0.0556390080874,0,,,,,0.0,0.0,0.0,0
2011-07-30 01:15:01,0.0676371187438,0,,,,,0.0,0.0,0.0,0
2011-07-30 02:15:01,0.0616993147778,0,,,,,0.0,0.0,0.0,0
2011-07-30 03:15:01,0.0654840045908,0,,,,,0.0,0.0,0.0,0
2011-07-30 04:15:01,0.0298669324717,0,,,,,0.0,0.0,0.0,0
2011-07-30 05:15:01,0.0371457566637,0,,,,,0.0,0.0,0.0,0
2011-07-30 06:15:01,0.0393606659768,0,,,,,0.0,0.0,0.0,0
2011-07-30 07:15:01,0.048951354935,0,,,,,0.0,0.0,0.0,0
2011-07-30 08:15:01,0.0479210408789,0,,,,,0.0,0.0,0.0,0
2011-07-30 09:15:01,0.0625515820851,0,,,,,0.0,0.0,0.0,0
2011-07-30 10:15:01,0.0462095706443,0,,,,,0.0,0.0,0.0,0
2011-07-30 11:15:01,0.125423532661,0,,,,,0.0,0.0,0.0,0
2011-07-30 12:15:01,0.145021093398,0,,,,,0.0,0.0,0.0,0
2011-07-30 13:15:01,0.137209775416,0,,,,,0.0,0.0,0.0,0
2011-07-30 14:15:01,0.119060889057,0,,,,,0.0,0.0,0.0,0
2011-07-30 15:15:01,0.0962875522989,0,,,,,0.0,0.0,0.0,0
2011-07-30 16:15:01,0.0701268852433,0,,,,,0.0,0.0,0.0,0
2011-07-30 17:15:01,0.041426875681,0,,,,,0.0,0.0,0.0,0
2011-07-30 20:15:01,0.0493979923607,0,,,,,0.0,0.0,0.0,0
2011-07-30 21:15:01,0.044984477887,0,,,,,0.0,0.0,0.0,0
2011-07-30 22:15:01,0.0392284004493,0,,,,,0.0,0.0,0.0,0
2011-07-30 23:15:01,0.0379066089787,0,,,,,0.0,0.0,0.0,0
2011-07-31 00:15:01,0.0229180620975,0,,,,,0.0,0.0,0.0,0
2011-07-31 01:15:01,0.0633083240761,0,,,,,0.0,0.0,0.0,0
2011-07-31 02:15:01,0.0504608532468,0,,,,,0.0,0.0,0.0,0
2011-07-31 04:15:01,0.0402690104818,0,,,,,0.0,0.0,0.0,0
2011-07-31 05:15:01,0.031850421542,0,,,,,0.0,0.0,0.0,0
2011-07-31 06:15:01,0.0346473398253,0,,,,,0.0,0.0,0.0,0
2011-07-31 07:15:01,0.0374645897745,0,,,,,0.0,0.0,0.0,0
2011-07-31 08:15:01,0.0411388422089,0,,,,,0.0,0.0,0.0,0
2011-07-31 09:15:01,0.0698014413164,0,,,,,0.0,0.0,0.0,0
2011-07-31 10:15:01,0.0599134414149,0,,,,,0.0,0.0,0.0,0
2011-07-31 11:15:01,0.102537117958,0,,,,,0.0,0.0,0.0,0
2011-07-31 12:15:01,0.136368342679,0,,,,,0.0,0.0,0.0,0
2011-07-31 13:15:01,0.189057102824,0,,,,,0.0,0.0,0.0,0
2011-07-31 14:15:01,0.112235204254,0,,,,,0.0,0.0,0.0,0
2011-07-31 15:15:01,0.0989153871224,0,,,,,0.0,0.0,0.0,0
2011-07-31 16:15:01,0.0690143054608,0,,,,,0.0,0.0,0.0,0
2011-07-31 17:15:01,0.0607883290569,0,,,,,0.0,0.0,0.0,0
2011-07-31 18:15:01,0.0427047994624,0,,,,,0.0,0.0,0.0,0
2011-07-31 19:15:01,0.0457252516418,0,,,,,0.0,0.0,0.0,0
2011-07-31 20:15:01,0.0562487887757,0,,,,,0.0,0.0,0.0,0
2011-07-31 21:15:01,0.0391428565234,0,,,,,0.0,0.0,0.0,0
2011-07-31 23:15:01,0.0381917121063,0,,,,,0.0,0.0,0.0,0
2011-08-01 00:15:01,0.0343986844212,0,,,,,0.0,0.0,0.0,0
2011-08-01 03:15:01,0.0494323652421,0,,,,,0.0,0.0,0.0,0
2011-08-01 05:15:01,0.0451314486333,0,,,,,0.0,0.0,0.0,0
2011-08-01 06:15:01,0.0300104581291,0,,,,,0.0,0.0,0.0,0
2011-08-01 07:15:01,0.0249274468845,0,,,,,0.0,0.0,0.0,0
2011-08-01 08:15:01,0.0446393858348,0,,,,,0.0,0.0,0.0,0
2011-08-01 09:15:01,0.0841132580218,0,,,,,0.0,0.0,0.0,0
2011-08-01 10:15:01,0.0799217521087,0,,,,,0.0,0.0,0.0,0
2011-08-01 11:15:01,0.101568419788,0,,,,,0.0,0.0,0.0,0
2011-08-01 12:15:01,0.165525505998,0,,,,,0.0,0.0,0.0,0
2011-08-01 13:15:01,0.0888203737868,0,,,,,0.0,0.0,0.0,0
2011-08-01 14:15:01,0.133046881916,0,,,,,0.0,0.0,0.0,0
2011-08-01 15:15:01,0.0963985618609,0,,,,,0.0,0.0,0.0,0
2011-08-01 16:15:01,0.0856833471153,0,,,,,0.0,0.0,0.0,0
2011-08-01 17:15:01,0.0661482435905,0,,,,,0.0,0.0,0.0,0
2011-08-01 18:15:01,0.064307793609,0,,,,,0.0,0.0,0.0,0
2011-08-01 20:15:01,0.0496483728047,0,,,,,0.0,0.0,0.0,0
2011-08-01 21:15:01,0.0433143475069,0,,,,,0.0,0.0,0.0,0
2011-08-01 23:15:01,0.0407776309909,0,,,,,0.0,0.0,0.0,0
2011-08-02 00:15:01,0.0490709916213,0,,,,,0.0,0.0,0.0,0
2011-08-02 01:15:01,0.060854620686,0,,,,,0.0,0.0,0.0,0
2011-08-02 02:15:01,0.0517453996221,0,,,,,0.0,0.0,0.0,0
2011-08-02 03:15:01,0.0281347933784,0,,,,,0.0,0.0,0.0,0
2011-08-02 05:15:01,0.0204999763097,0,,,,,0.0,0.0,0.0,0
2011-08-02 06:15:01,0.0214907496779,0,,,,,0.0,0.0,0.0,0
2011-08-02 07:15:01,0.0320923349324,0,,,,,0.0,0.0,0.0,0
2011-08-02 08:15:01,0.0386846159503,0,,,,,0.0,0.0,0.0,0
2011-08-02 09:15:01,0.0599709291251,0,,,,,0.0,0.0,0.0,0
2011-08-02 10:15:01,0.0902579820793,0,,,,,0.0,0.0,0.0,0
2011-08-02 11:15:01,0.160397754845,0,,,,,0.0,0.0,0.0,0
2011-08-02 12:15:01,0.209404195492,0,,,,,0.0,0.0,0.0,0
2011-08-02 13:15:01,0.115614198301,0,,,,,0.0,0.0,0.0,0
2011-08-02 14:15:01,0.117761756824,0,,,,,0.0,0.0,0.0,0
2011-08-02 15:15:01,0.114080683597,0,,,,,0.0,0.0,0.0,0
2011-08-02 16:15:01,0.0466500024901,0,,,,,0.0,0.0,0.0,0
2011-08-02 18:15:01,0.0626598245581,0,,,,,0.0,0.0,0.0,0
2011-08-02 19:15:01,0.0633654052069,0,,,,,0.0,0.0,0.0,0
2011-08-02 20:15:01,0.0426907151644,0,,,,,0.0,0.0,0.0,0
2011-08-02 21:15:01,0.0595720169891,0,,,,,0.0,0.0,0.0,0
2011-08-02 22:15:01,0.0733717276291,0,,,,,0.0,0.0,0.0,0
2011-08-02 23:15:01,0.0411716697082,0,,,,,0.0,0.0,0.0,0
2011-08-03 00:15:01,0.0231402834016,0,,,,,0.0,0.0,0.0,0
2011-08-03 01:15:01,0.0770798512139,0,,,,,0.0,0.0,0.0,0
2011-08-03 02:15:01,0.0754020118115,0,,,,,0.0,0.0,0.0,0
2011-08-03 03:15:01,0.0529911474449,0,,,,,0.0,0.0,0.0,0
2011-08-03 04:15:01,0.0248035902134,0,,,,,0.0,0.0,0.0,0
2011-08-03 05:15:01,0.0303473681589,0,,,,,0.0,0.0,0.0,0
2011-08-03 06:15:01,0.0353586735301,0,,,,,0.0,0.0,0.0,0
2011-08-03 07:15:01,0.0539806855648,0,,,,,0.0,0.0,0.0,0
2011-08-03 08:15:01,0.0465342922969,0,,,,,0.0,0.0,0.0,0
2011-08-03 09:15:01,0.0914735990638,0,,,,,0.0,0.0,0.0,0
2011-08-03 10:15:01,0.0898257282425,0,,,,,0.0,0.0,0.0,0
2011-08-03 11:15:01,0.158236005799,0,,,,,0.0,0.0,0.0,0
2011-08-03 12:15:01,0.168128770123,0,,,,,0.0,0.0,0.0,0
2011-08-03 13:15:01,0.165711602827,0,,,,,0.0,0.0,0.0,0
2011-08-03 14:15:01,0.0829445226499,0,,,,,0.0,0.0,0.0,0
2011-08-03 15:15:01,0.0960469257918,0,,,,,0.0,0.0,0.0,0
2011-08-03 17:15:01,0.0776707986628,0,,,,,0.0,0.0,0.0,0
2011-08-03 18:15:01,0.0509174217164,0,,,,,0.0,0.0,0.0,0
2011-08-03 19:15:01,0.059158523576,0,,,,,0.0,0.0,0.0,0
2011-08-03 20:15:01,0.0508001780867,0,,,,,0.0,0.0,0.0,0
2011-08-03 21:15:01,0.0613216587708,0,,,,,0.0,0.0,0.0,0
2011-08-03 22:15:01,0.045064379207,0,,,,,0.0,0.0,0.0,0
2011-08-03 23:15:01,0.0729496950188,0,,,,,0.0,0.0,0.0,0
2011-08-04 00:15:01,0.0512474558614,0,,,,,0.0,0.0,0.0,0
2011-08-04 01:15:01,0.06957024829,0,,,,,0.0,0.0,0.0,0
2011-08-04 02:15:01,0.0605007217658,0,,,,,0.0,0.0,0.0,0
2011-08-04 03:15:01,0.0965781189218,0,,,,,0.0,0.0,0.0,0
2011-08-04 04:15:01,0.0457112453374,0,,,,,0.0,0.0,0.0,0
2011-08-04 05:15:01,0.0181680895198,0,,,,,0.0,0.0,0.0,0
2011-08-04 06:15:01,0.0395084095131,0,,,,,0.0,0.0,0.0,0
2011-08-04 07:15:01,0.0440482067673,0,,,,,0.0,0.0,0.0,0
2011-08-04 08:15:01,0.0455368140176,0,,,,,0.0,0.0,0.0,0
2011-08-04 09:15:01,0.0678404202143,0,,,,,0.0,0.0,0.0,0
2011-08-04 10:15:01,0.0956836430302,0,,,,,0.0,0.0,0.0,0
2011-08-04 11:15:01,0.110746047089,0,,,,,0.0,0.0,0.0,0
2011-08-04 12:15:01,0.147963893359,0,,,,,0.0,0.0,0.0,0
2011-08-04 13:15:01,0.154984352583,0,,,,,0.0,0.0,0.0,0
2011-08-04 14:15:01,0.121579554391,0,,,,,0.0,0.0,0.0,0
2011-08-04 16:15:01,0.0763587098412,0,,,,,0.0,0.0,0.0,0
2011-08-04 17:15:01,0.0917878729236,0,,,,,0.0,0.0,0.0,0
2011-08-04 18:15:01,0.0631623405419,0,,,,,0.0,0.0,0.0,0
2011-08-04 19:15:01,0.0454032728457,0,,,,,0.0,0.0,0.0,0
2011-08-04 20:15:01,0.212496874132,0,,,,,0.0,0.0,0.0,0
2011-08-04 21:15:01,0.0524668556704,0,,,,,0.0,0.0,0.0,0
2011-08-04 22:15:01,0.0478267389214,0,,,,,0.0,0.0,0.0,0
2011-08-04 23:15:01,0.0548819308705,0,,,,,0.0,0.0,0.0,0
2011-08-05 00:15:01,0.0452779167778,0,,,,,0.0,0.0,0.0,0
2011-08-05 01:15:01,0.0706523666433,0,,,,,0.0,0.0,0.0,0
2011-08-05 02:15:01,0.0664205776482,0,,,,,0.0,0.0,0.0,0
2011-08-05 03:15:01,0.0832803168672,0,,,,,0.0,0.0,0.0,0
2011-08-05 04:15:01,0.041735075752,0,,,,,0.0,0.0,0.0,0
2011-08-05 05:15:01,0.0509911715251,0,,,,,0.0,0.0,0.0,0
2011-08-05 06:15:01,0.0430535777608,0,,,,,0.0,0.0,0.0,0
2011-08-05 07:15:01,0.0427145500969,0,,,,,0.0,0.0,0.0,0
2011-08-05 08:15:01,0.0561672403289,0,,,,,0.0,0.0,0.0,0
2011-08-05 09:15:01,0.0784862048302,0,,,,,0.0,0.0,0.0,0
2011-08-05 10:15:01,0.0931645649358,0,,,,,0.0,0.0,0.0,0
2011-08-05 11:15:01,0.139359218385,0,,,,,0.0,0.0,0.0,0
2011-08-05 12:15:01,0.142420403862,0,,,,,0.0,0.0,0.0,0
2011-08-05 13:15:01,0.15973698518,0,,,,,0.0,0.0,0.0,0
2011-08-05 14:15:01,0.130444686344,0,,,,,0.0,0.0,0.0,0
2011-08-05 15:15:01,0.0999198605766,0,,,,,0.0,0.0,0.0,0
2011-08-05 17:15:01,0.0616585290279,0,,,,,0.0,0.0,0.0,0
2011-08-05 19:15:01,0.0686540979316,0,,,,,0.0,0.0,0.0,0
2011-08-05 20:15:01,0.0431265725124,0,,,,,0.0,0.0,0.0,0
2011-08-05 21:15:01,0.0495746143624,0,,,,,0.0,0.0,0.0,0
2011-08-05 22:15:01,0.0430897264147,0,,,,,0.0,0.0,0.0,0
2011-08-05 23:15:01,0.0490213652431,0,,,,,0.0,0.0,0.0,0
2011-08-06 00:15:01,0.0417325687826,0,,,,,0.0,0.0,0.0,0
2011-08-06 01:15:01,0.0773808894464,0,,,,,0.0,0.0,0.0,0
2011-08-06 02:15:01,0.0769826027914,0,,,,,0.0,0.0,0.0,0
2011-08-06 03:15:01,0.0665141307177,0,,,,,0.0,0.0,0.0,0
2011-08-06 04:15:01,0.0684692566506,0,,,,,0.0,0.0,0.0,0
2011-08-06 05:15:01,0.0478603733748,0,,,,,0.0,0.0,0.0,0
2011-08-06 06:15:01,0.0463782775363,0,,,,,0.0,0.0,0.0,0
2011-08-06 07:15:01,0.0519876069352,0,,,,,0.0,0.0,0.0,0
2011-08-06 08:15:01,0.0684805137173,0,,,,,0.0,0.0,0.0,0
2011-08-06 09:15:01,0.0759682589865,0,,,,,0.0,0.0,0.0,0
2011-08-06 10:15:01,0.0772423652807,0,,,,,0.0,0.0,0.0,0
2011-08-06 11:15:01,0.126031589491,0,,,,,0.0,0.0,0.0,0
2011-08-06 12:15:01,0.139166368702,0,,,,,0.0,0.0,0.0,0
2011-08-06 13:15:01,0.150691875318,0,,,,,0.0,0.0,0.0,0
2011-08-06 15:15:01,0.103852143696,0,,,,,0.0,0.0,0.0,0
2011-08-06 16:15:01,0.0768045514957,0,,,,,0.0,0.0,0.0,0
2011-08-06 17:15:01,0.0640988522335,0,,,,,0.0,0.0,0.0,0
2011-08-06 18:15:01,0.0545649710997,0,,,,,0.0,0.0,0.0,0
2011-08-06 19:15:01,0.0570478581101,0,,,,,0.0,0.0,0.0,0
2011-08-06 20:15:01,0.0382405752079,0,,,,,0.0,0.0,0.0,0
2011-08-06 21:15:01,0.0562952209031,0,,,,,0.0,0.0,0.0,0
2011-08-06 22:15:01,0.0547531740706,0,,,,,0.0,0.0,0.0,0
2011-08-06 23:15:01,0.038393668899,0,,,,,0.0,0.0,0.0,0
2011-08-07 00:15:01,0.0607581103523,0,,,,,0.0,0.0,0.0,0
2011-08-07 01:15:01,0.0705890041386,0,,,,,0.0,0.0,0.0,0
2011-08-07 02:15:01,0.0557223929866,0,,,,,0.0,0.0,0.0,0
2011-08-07 03:15:01,0.0506041756791,0,,,,,0.0,0.0,0.0,0
2011-08-07 04:15:01,0.0536562405704,0,,,,,0.0,0.0,0.0,0
2011-08-07 05:15:01,0.0464579975556,0,,,,,0.0,0.0,0.0,0
2011-08-07 06:15:01,0.0526774317361,0,,,,,0.0,0.0,0.0,0
2011-08-07 07:15:01,0.0584134906994,0,,,,,0.0,0.0,0.0,0
2011-08-07 08:15:01,0.0708386368937,0,,,,,0.0,0.0,0.0,0
2011-08-07 09:15:01,0.0665491518628,0,,,,,0.0,0.0,0.0,0
2011-08-07 10:15:01,0.102220253007,0,,,,,0.0,0.0,0.0,0
2011-08-07 11:15:01,0.120945729681,0,,,,,0.0,0.0,0.0,0
2011-08-07 12:15:01,0.141299793376,0,,,,,0.0,0.0,0.0,0
2011-08-07 13:15:01,0.227189514611,0,,,,,0.0,0.0,0.0,0
2011-08-07 14:15:01,0.105680062726,0,,,,,0.0,0.0,0.0,0
2011-08-07 15:15:01,0.0963865714204,0,,,,,0.0,0.0,0.0,0
2011-08-07 16:15:01,0.0810127686286,0,,,,,0.0,0.0,0.0,0
2011-08-07 17:15:01,0.0742967610208,0,,,,,0.0,0.0,0.0,0
2011-08-07 18:15:01,0.0633186208848,0,,,,,0.0,0.0,0.0,0
2011-08-07 19:15:01,0.045480205719,0,,,,,0.0,0.0,0.0,0
2011-08-07 20:15:01,0.058747943607,0,,,,,0.0,0.0,0.0,0
2011-08-07 21:15:01,0.0550026251503,0,,,,,0.0,0.0,0.0,0
2011-08-07 22:15:01,0.0478470404515,0,,,,,0.0,0.0,0.0,0
2011-08-07 23:15:01,0.0440610372393,0,,,,,0.0,0.0,0.0,0
2011-08-08 00:15:01,0.0552039162165,0,,,,,0.0,0.0,0.0,0
2011-08-08 01:15:01,0.0629196706432,0,,,,,0.0,0.0,0.0,0
2011-08-08 02:15:01,0.050155919635,0,,,,,0.0,0.0,0.0,0
2011-08-08 03:15:01,0.0473616844036,0,,,,,0.0,0.0,0.0,0
2011-08-08 04:15:01,0.0480093910114,0,,,,,0.0,0.0,0.0,0
2011-08-08 05:15:01,0.0421219977461,0,,,,,0.0,0.0,0.0,0
2011-08-08 06:15:01,0.0373039480506,0,,,,,0.0,0.0,0.0,0
2011-08-08 07:15:01,0.0460743020745,0,,,,,0.0,0.0,0.0,0
2011-08-08 08:15:01,0.0491696191258,0,,,,,0.0,0.0,0.0,0
2011-08-08 09:15:01,0.0641885815522,0,,,,,0.0,0.0,0.0,0
2011-08-08 10:15:01,0.0819775711081,0,,,,,0.0,0.0,0.0,0
2011-08-08 11:15:01,0.103716620519,0,,,,,0.0,0.0,0.0,0
2011-08-08 12:15:01,0.107188504967,0,,,,,0.0,0.0,0.0,0
2011-08-08 13:15:01,0.103207020926,0,,,,,0.0,0.0,0.0,0
2011-08-08 14:15:01,0.0908108264515,0,,,,,0.0,0.0,0.0,0
2011-08-08 16:15:01,0.0757388468284,0,,,,,0.0,0.0,0.0,0
2011-08-08 17:15:01,0.0569936316821,0,,,,,0.0,0.0,0.0,0
2011-08-08 18:15:01,0.0530339315201,0,,,,,0.0,0.0,0.0,0
2011-08-08 19:15:01,0.0606675900239,0,,,,,0.0,0.0,0.0,0
2011-08-08 20:15:01,0.043829552505,0,,,,,0.0,0.0,0.0,0
2011-08-08 21:15:01,0.0521855929337,0,,,,,0.0,0.0,0.0,0
2011-08-08 22:15:01,0.0482973218647,0,,,,,0.0,0.0,0.0,0
2011-08-08 23:15:01,0.0426673533826,0,,,,,0.0,0.0,0.0,0
2011-08-09 00:15:01,0.0416242504316,0,,,,,0.0,0.0,0.0,0
2011-08-09 01:15:01,0.0514396213062,0,,,,,0.0,0.0,0.0,0
2011-08-09 02:15:01,0.053779392982,0,,,,,0.0,0.0,0.0,0
2011-08-09 03:15:01,0.0497417162535,0,,,,,0.0,0.0,0.0,0
2011-08-09 04:15:01,0.0349954775922,0,,,,,0.0,0.0,0.0,0
2011-08-09 05:15:01,0.0381601786601,0,,,,,0.0,0.0,0.0,0
2011-08-09 06:15:01,0.0368668550419,0,,,,,0.0,0.0,0.0,0
2011-08-09 07:15:01,0.0533960672751,0,,,,,0.0,0.0,0.0,0
2011-08-09 08:15:01,0.053715386442,0,,,,,0.0,0.0,0.0,0
2011-08-09 09:15:01,0.089435309522,0,,,,,0.0,0.0,0.0,0
2011-08-09 10:15:01,0.0903964934119,0,,,,,0.0,0.0,0.0,0
2011-08-09 11:15:01,0.104786508066,0,,,,,0.0,0.0,0.0,0
2011-08-09 12:15:01,0.183964730514,0,,,,,0.0,0.0,0.0,0
2011-08-09 14:15:01,0.108827933164,0,,,,,0.0,0.0,0.0,0
2011-08-09 15:15:01,0.0930906499615,0,,,,,0.0,0.0,0.0,0
2011-08-09 16:15:01,0.0778779219405,0,,,,,0.0,0.0,0.0,0
2011-08-09 17:15:01,0.0658574148786,0,,,,,0.0,0.0,0.0,0
2011-08-09 18:15:01,0.0573688586544,0,,,,,0.0,0.0,0.0,0
2011-08-09 19:15:01,0.0597364320161,0,,,,,0.0,0.0,0.0,0
2011-08-09 20:15:01,0.0542864550359,0,,,,,0.0,0.0,0.0,0
2011-08-09 21:15:01,0.0627030055435,0,,,,,0.0,0.0,0.0,0
2011-08-09 22:15:01,0.0520652253458,0,,,,,0.0,0.0,0.0,0
2011-08-09 23:15:01,0.057875346497,0,,,,,0.0,0.0,0.0,0
2011-08-10 00:15:01,0.0460767640264,0,,,,,0.0,0.0,0.0,0
2011-08-10 01:15:01,0.0520604958616,0,,,,,0.0,0.0,0.0,0
2011-08-10 02:15:01,0.0523118326033,0,,,,,0.0,0.0,0.0,0
2011-08-10 03:15:01,0.0621452243979,0,,,,,0.0,0.0,0.0,0
2011-08-10 04:15:01,0.0385171876433,0,,,,,0.0,0.0,0.0,0
2011-08-10 05:15:01,0.035113164806,0,,,,,0.0,0.0,0.0,0
2011-08-10 06:15:01,0.0355072058546,0,,,,,0.0,0.0,0.0,0
2011-08-10 07:15:01,0.0358490728175,0,,,,,0.0,0.0,0.0,0
2011-08-10 08:15:01,0.0437317931365,0,,,,,0.0,0.0,0.0,0
2011-08-10 09:15:01,0.0586288017243,0,,,,,0.0,0.0,0.0,0
2011-08-10 10:15:01,0.0967421700456,0,,,,,0.0,0.0,0.0,0
2011-08-10 11:15:01,0.123929580262,0,,,,,0.0,0.0,0.0,0
2011-08-10 12:15:01,0.156830725267,0,,,,,0.0,0.0,0.0,0
2011-08-10 13:15:01,0.120805336869,0,,,,,0.0,0.0,0.0,0
2011-08-10 15:15:01,0.128038209497,0,,,,,0.0,0.0,0.0,0
2011-08-10 17:15:01,0.0966401844954,0,,,,,0.0,0.0,0.0,0
2011-08-10 18:15:01,0.0792471613665,0,,,,,0.0,0.0,0.0,0
2011-08-10 19:15:01,0.0588299252492,0,,,,,0.0,0.0,0.0,0
2011-08-10 20:15:01,0.0792986831917,0,,,,,0.0,0.0,0.0,0
2011-08-10 21:15:01,0.0687190484367,0,,,,,0.0,0.0,0.0,0
2011-08-10 23:15:01,0.0656461572329,0,,,,,0.0,0.0,0.0,0
2011-08-11 00:15:01,0.0451893352446,0,,,,,0.0,0.0,0.0,0
2011-08-11 01:15:01,0.076319749736,0,,,,,0.0,0.0,0.0,0
2011-08-11 02:15:01,0.0447757867447,0,,,,,0.0,0.0,0.0,0
2011-08-11 03:15:01,0.055664413162,0,,,,,0.0,0.0,0.0,0
2011-08-11 04:15:01,0.047268230976,0,,,,,0.0,0.0,0.0,0
2011-08-11 05:15:01,0.0434551382186,0,,,,,0.0,0.0,0.0,0
2011-08-11 06:15:01,0.0388266236301,0,,,,,0.0,0.0,0.0,0
2011-08-11 07:15:01,0.0495309764791,0,,,,,0.0,0.0,0.0,0
2011-08-11 08:15:01,0.0634877661311,0,,,,,0.0,0.0,0.0,0
2011-08-11 09:15:01,0.0851728387113,0,,,,,0.0,0.0,0.0,0
2011-08-11 10:15:01,0.123290119138,0,,,,,0.0,0.0,0.0,0
2011-08-11 11:15:01,0.107859269576,0,,,,,0.0,0.0,0.0,0
2011-08-11 12:15:01,0.136793543552,0,,,,,0.0,0.0,0.0,0
2011-08-11 14:15:01,0.155942344709,0,,,,,0.0,0.0,0.0,0
2011-08-11 15:15:01,0.0938295478615,0,,,,,0.0,0.0,0.0,0
2011-08-11 16:15:01,0.130946593191,0,,,,,0.0,0.0,0.0,0
2011-08-11 17:15:01,0.0921279776431,0,,,,,0.0,0.0,0.0,0
2011-08-11 18:15:01,0.0643712009836,0,,,,,0.0,0.0,0.0,0
2011-08-11 19:15:01,0.0671908013714,0,,,,,0.0,0.0,0.0,0
2011-08-11 20:15:01,0.0741997685809,0,,,,,0.0,0.0,0.0,0
2011-08-11 21:15:01,0.0574690057951,0,,,,,0.0,0.0,0.0,0
2011-08-11 22:15:01,0.0739580442396,0,,,,,0.0,0.0,0.0,0
2011-08-11 23:15:01,0.0627626936779,0,,,,,0.0,0.0,0.0,0
2011-08-12 00:15:01,0.0619520111439,0,,,,,0.0,0.0,0.0,0
2011-08-12 01:15:01,0.0742980618923,0,,,,,0.0,0.0,0.0,0
2011-08-12 02:15:01,0.0564511981848,0,,,,,0.0,0.0,0.0,0
2011-08-12 03:15:01,0.0531143638062,0,,,,,0.0,0.0,0.0,0
2011-08-12 04:15:01,0.014845828709,0,,,,,0.0,0.0,0.0,0
2011-08-12 05:15:01,0.0217911201533,0,,,,,0.0,0.0,0.0,0
2011-08-12 06:15:01,0.025495614412,0,,,,,0.0,0.0,0.0,0
2011-08-12 07:15:01,0.0451654637811,0,,,,,0.0,0.0,0.0,0
2011-08-12 08:15:01,0.0853357375073,0,,,,,0.0,0.0,0.0,0
2011-08-12 09:15:01,0.0816590006896,0,,,,,0.0,0.0,0.0,0
2011-08-12 10:15:01,0.177549724017,0,,,,,0.0,0.0,0.0,0
2011-08-12 11:15:01,0.179104224158,0,,,,,0.0,0.0,0.0,0
2011-08-12 13:15:01,0.241286763484,0,,,,,0.0,0.0,0.0,0
2011-08-12 14:15:01,0.190038550949,0,,,,,0.0,0.0,0.0,0
2011-08-12 15:15:01,0.114497128214,0,,,,,0.0,0.0,0.0,0
2011-08-12 16:15:01,0.0920589522563,0,,,,,0.0,0.0,0.0,0
2011-08-12 17:15:01,0.0517725140772,0,,,,,0.0,0.0,0.0,0
2011-08-12 18:15:01,0.0581513421707,0,,,,,0.0,0.0,0.0,0
2011-08-12 19:15:01,0.0465862770134,0,,,,,0.0,0.0,0.0,0
2011-08-12 21:15:01,0.0514375879317,0,,,,,0.0,0.0,0.0,0
2011-08-12 22:15:01,0.0366644027835,0,,,,,0.0,0.0,0.0,0
2011-08-12 23:15:01,0.0176276534313,0,,,,,0.0,0.0,0.0,0
2011-08-13 00:15:01,0.0310013622981,0,,,,,0.0,0.0,0.0,0
2011-08-13 01:15:01,0.0785413301497,0,,,,,0.0,0.0,0.0,0
2011-08-13 02:15:01,0.0718752290511,0,,,,,0.0,0.0,0.0,0
2011-08-13 03:15:01,0.0552492035449,0,,,,,0.0,0.0,0.0,0
2011-08-13 04:15:01,0.031089625546,0,,,,,0.0,0.0,0.0,0
2011-08-13 05:15:01,0.0254138780329,0,,,,,0.0,0.0,0.0,0
2011-08-13 06:15:01,0.0353057356334,0,,,,,0.0,0.0,0.0,0
2011-08-13 07:15:01,0.0524310935413,0,,,,,0.0,0.0,0.0,0
2011-08-13 08:15:01,0.0675676029277,0,,,,,0.0,0.0,0.0,0
2011-08-13 09:15:01,0.0889863827342,0,,,,,0.0,0.0,0.0,0
2011-08-13 10:15:01,0.154707092895,0,,,,,0.0,0.0,0.0,0
2011-08-13 11:15:01,0.159161883886,0,,,,,0.0,0.0,0.0,0
2011-08-13 12:15:01,0.391200347425,0,,,,,0.0,0.0,0.0,0
2011-08-13 13:15:01,0.28193157561,0,,,,,0.0,0.0,0.0,0
2011-08-13 15:15:01,0.162799720117,0,,,,,0.0,0.0,0.0,0
2011-08-13 17:15:01,0.0933023280833,0,,,,,0.0,0.0,0.0,0
2011-08-13 18:15:01,0.0994166912262,0,,,,,0.0,0.0,0.0,0
2011-08-13 19:15:01,0.0570673292106,0,,,,,0.0,0.0,0.0,0
2011-08-13 20:15:01,0.0445320334132,0,,,,,0.0,0.0,0.0,0
2011-08-13 21:15:01,0.0339929021291,0,,,,,0.0,0.0,0.0,0
2011-08-13 22:15:01,0.0291712133539,0,,,,,0.0,0.0,0.0,0
2011-08-13 23:15:01,0.0628954025181,0,,,,,0.0,0.0,0.0,0
2011-08-14 00:15:01,0.0559938739139,0,,,,,0.0,0.0,0.0,0
2011-08-14 01:15:01,0.0810926546947,0,,,,,0.0,0.0,0.0,0
2011-08-14 02:15:01,0.0687349179548,0,,,,,0.0,0.0,0.0,0
2011-08-14 03:15:01,0.0732687584349,0,,,,,0.0,0.0,0.0,0
2011-08-14 04:15:01,0.0504605182103,0,,,,,0.0,0.0,0.0,0
2011-08-14 05:15:01,0.0490385365976,0,,,,,0.0,0.0,0.0,0
2011-08-14 06:15:01,0.0516629725743,0,,,,,0.0,0.0,0.0,0
2011-08-14 07:15:01,0.0699600667117,0,,,,,0.0,0.0,0.0,0
2011-08-14 08:15:01,0.0737611444972,0,,,,,0.0,0.0,0.0,0
2011-08-14 09:15:01,0.0948474956861,0,,,,,0.0,0.0,0.0,0
2011-08-14 10:15:01,0.12333845608,0,,,,,0.0,0.0,0.0,0
2011-08-14 11:15:01,0.158060624268,0,,,,,0.0,0.0,0.0,0
2011-08-14 12:15:01,0.193031438485,0,,,,,0.0,0.0,0.0,0
2011-08-14 13:15:01,0.160035413044,0,,,,,0.0,0.0,0.0,0
2011-08-14 14:15:01,0.164834670867,0,,,,,0.0,0.0,0.0,0
2011-08-14 15:15:01,0.113950380673,0,,,,,0.0,0.0,0.0,0
2011-08-14 16:15:01,0.0899031378739,0,,,,,0.0,0.0,0.0,0
2011-08-14 17:15:01,0.0944489704222,0,,,,,0.0,0.0,0.0,0
2011-08-14 18:15:01,0.083982433598,0,,,,,0.0,0.0,0.0,0
2011-08-14 19:15:01,0.0827799188741,0,,,,,0.0,0.0,0.0,0
2011-08-14 20:15:01,0.0666256390111,0,,,,,0.0,0.0,0.0,0
2011-08-14 21:15:01,0.0774419852688,0,,,,,0.0,0.0,0.0,0
2011-08-14 22:15:01,0.0704172972342,0,,,,,0.0,0.0,0.0,0
2011-08-14 23:15:01,0.0456697804869,0,,,,,0.0,0.0,0.0,0
2011-08-15 01:15:01,0.0609306530432,0,,,,,0.0,0.0,0.0,0
2011-08-15 02:15:01,0.0669284241353,0,,,,,0.0,0.0,0.0,0
2011-08-15 03:15:01,0.0800530893174,0,,,,,0.0,0.0,0.0,0
2011-08-15 04:15:01,0.0502267509819,0,,,,,0.0,0.0,0.0,0
2011-08-15 05:15:01,0.0499588767387,0,,,,,0.0,0.0,0.0,0
2011-08-15 06:15:01,0.0544345030021,0,,,,,0.0,0.0,0.0,0
2011-08-15 07:15:01,0.0625342424976,0,,,,,0.0,0.0,0.0,0
2011-08-15 08:15:01,0.0760353390662,0,,,,,0.0,0.0,0.0,0
2011-08-15 09:15:01,0.102046498776,0,,,,,0.0,0.0,0.0,0
2011-08-15 10:15:01,0.124767810213,0,,,,,0.0,0.0,0.0,0
2011-08-15 11:15:01,0.140984037898,0,,,,,0.0,0.0,0.0,0
2011-08-15 12:15:01,0.139439868791,0,,,,,0.0,0.0,0.0,0
2011-08-15 14:15:01,0.11826178496,0,,,,,0.0,0.0,0.0,0
2011-08-15 15:15:01,0.097755776301,0,,,,,0.0,0.0,0.0,0
2011-08-15 16:15:01,0.0881329435299,0,,,,,0.0,0.0,0.0,0
2011-08-15 17:15:01,0.0764072586272,0,,,,,0.0,0.0,0.0,0
2011-08-15 18:15:01,0.0755194516316,0,,,,,0.0,0.0,0.0,0
2011-08-15 19:15:01,0.0749253838577,0,,,,,0.0,0.0,0.0,0
2011-08-15 20:15:01,0.0662727922171,0,,,,,0.0,0.0,0.0,0
2011-08-15 21:15:01,0.0582878907308,0,,,,,0.0,0.0,0.0,0
2011-08-15 22:15:01,0.055431284243,0,,,,,0.0,0.0,0.0,0
2011-08-15 23:15:01,0.0560997551063,0,,,,,0.0,0.0,0.0,0
2011-08-16 00:15:01,0.0469306433608,0,,,,,0.0,0.0,0.0,0
2011-08-16 01:15:01,0.0707513821435,0,,,,,0.0,0.0,0.0,0
2011-08-16 02:15:01,0.0686217046504,0,,,,,0.0,0.0,0.0,0
2011-08-16 03:15:01,0.066963722458,0,,,,,0.0,0.0,0.0,0
2011-08-16 04:15:01,0.0594133118637,0,,,,,0.0,0.0,0.0,0
2011-08-16 05:15:01,0.0531713870027,0,,,,,0.0,0.0,0.0,0
2011-08-16 06:15:01,0.0606091350179,0,,,,,0.0,0.0,0.0,0
2011-08-16 07:15:01,0.0705536174051,0,,,,,0.0,0.0,0.0,0
2011-08-16 08:15:01,0.0976360902162,0,,,,,0.0,0.0,0.0,0
2011-08-16 09:15:01,0.110467738629,0,,,,,0.0,0.0,0.0,0
2011-08-16 10:15:01,0.154565418478,1,,,,,-1.0,-2.0,-1.0,0
2011-08-16 11:15:01,0.155465655683,1,,,,,0.0,0.0,0.0,0
2011-08-16 12:15:01,0.154746329213,1,,,,,0.0,0.0,0.0,0
2011-08-16 13:15:01,0.141134797606,1,,,,,0.0,0.0,0.0,0
2011-08-16 14:15:01,0.124791388385,1,,,,,0.0,0.0,0.0,0
2011-08-16 15:15:01,0.129394502616,1,,,,,0.0,0.0,0.0,0
2011-08-16 16:15:01,0.107999056174,1,,,,,0.0,0.0,0.0,0
2011-08-16 17:15:01,0.0760744231153,1,,,,,0.0,0.0,0.0,0
2011-08-16 18:15:01,0.107514072645,1,,,,,0.0,0.0,0.0,0
2011-08-16 19:15:01,0.0782504553595,1,,,,,0.0,0.0,0.0,0
2011-08-16 20:15:01,0.0851959450534,1,,,,,0.0,0.0,0.0,0
2011-08-16 21:15:01,0.0761234846775,1,,,,,0.0,0.0,0.0,0
2011-08-16 22:15:01,0.0687970661343,1,,,,,0.0,0.0,0.0,0
2011-08-16 23:15:01,0.0754827708569,1,,,,,0.0,0.0,0.0,0
2011-08-17 00:15:01,0.0554567511885,1,,,,,0.0,0.0,0.0,0
2011-08-17 01:15:01,0.0802369896089,1,,,,,0.0,0.0,0.0,0
2011-08-17 02:15:01,0.0664936501103,1,,,,,0.0,0.0,0.0,0
2011-08-17 03:15:01,0.0576769078984,1,,,,,0.0,0.0,0.0,0
2011-08-17 04:15:01,0.0444459888577,1,,,,,0.0,0.0,0.0,0
2011-08-17 05:15:01,0.0453747447032,1,,,,,0.0,0.0,0.0,0
2011-08-17 06:15:01,0.0571828686148,1,,,,,0.0,0.0,0.0,0
2011-08-17 07:15:01,0.0719711439312,1,,,,,0.0,0.0,0.0,0
2011-08-17 08:15:01,0.0946202819234,1,,,,,0.0,0.0,0.0,0
2011-08-17 09:15:01,0.118213763574,1,,,,,0.0,0.0,0.0,0
2011-08-17 10:15:01,0.151609770407,1,,,,,0.0,0.0,0.0,0
2011-08-17 11:15:01,0.178422226285,1,,,,,0.0,0.0,0.0,0
2011-08-17 12:15:01,0.146201059279,1,,,,,0.0,0.0,0.0,0
2011-08-17 13:15:01,0.129945929443,1,,,,,0.0,0.0,0.0,0
2011-08-17 14:15:01,0.138251770885,1,,,,,0.0,0.0,0.0,0
2011-08-17 15:15:01,0.117133881734,1,,,,,0.0,0.0,0.0,0
2011-08-17 16:15:01,0.0967349951401,1,,,,,0.0,0.0,0.0,0
2011-08-17 18:15:01,0.0853731448516,1,,,,,0.0,0.0,0.0,0
2011-08-17 19:15:01,0.0759937034169,1,,,,,0.0,0.0,0.0,0
2011-08-17 20:15:01,0.0801661193949,1,,,,,0.0,0.0,0.0,0
2011-08-17 21:15:01,0.0668372194907,1,,,,,0.0,0.0,0.0,0
2011-08-17 22:15:01,0.0581661880836,1,,,,,0.0,0.0,0.0,0
2011-08-17 23:15:01,0.0440026192499,1,,,,,0.0,0.0,0.0,0
2011-08-18 00:15:01,0.0433326034158,1,,,,,0.0,0.0,0.0,0
2011-08-18 01:15:01,0.0846047140462,1,,,,,0.0,0.0,0.0,0
2011-08-18 02:15:01,0.0795326690352,1,,,,,0.0,0.0,0.0,0
2011-08-18 03:15:01,0.0482909676704,1,,,,,0.0,0.0,0.0,0
2011-08-18 04:15:01,0.0412174659254,1,,,,,0.0,0.0,0.0,0
2011-08-18 05:15:01,0.0429052023266,1,,,,,0.0,0.0,0.0,0
2011-08-18 06:15:01,0.0476859744638,1,,,,,0.0,0.0,0.0,0
2011-08-18 07:15:01,0.070093502153,1,,,,,0.0,0.0,0.0,0
2011-08-18 08:15:01,0.0767561707892,1,,,,,0.0,0.0,0.0,0
2011-08-18 09:15:01,0.118906534142,1,,,,,0.0,0.0,0.0,0
2011-08-18 10:15:01,0.126914216465,1,,,,,0.0,0.0,0.0,0
2011-08-18 11:15:01,0.122316528825,1,,,,,0.0,0.0,0.0,0
2011-08-18 12:15:01,0.123194200139,1,,,,,0.0,0.0,0.0,0
2011-08-18 13:15:01,0.127801110706,1,,,,,0.0,0.0,0.0,0
2011-08-18 14:15:01,0.120443042068,1,,,,,0.0,0.0,0.0,0
2011-08-18 15:15:01,0.0756370830003,1,,,,,0.0,0.0,0.0,0
2011-08-18 16:15:01,0.0885850961318,1,,,,,0.0,0.0,0.0,0
2011-08-18 18:15:01,0.0868913320385,1,,,,,0.0,0.0,0.0,0
2011-08-18 20:15:01,0.0873372935791,1,,,,,0.0,0.0,0.0,0
2011-08-18 21:15:01,0.0911588166752,1,,,,,0.0,0.0,0.0,0
2011-08-18 22:15:01,0.110410338211,1,,,,,0.0,0.0,0.0,0
2011-08-18 23:15:01,0.117433457856,1,,,,,0.0,0.0,0.0,0
2011-08-19 00:15:01,0.0943329086481,1,,,,,0.0,0.0,0.0,0
2011-08-19 01:15:01,0.087406209452,1,,,,,0.0,0.0,0.0,0
2011-08-19 02:15:01,0.0701183508335,1,,,,,0.0,0.0,0.0,0
2011-08-19 03:15:01,0.0667787955549,1,,,,,0.0,0.0,0.0,0
2011-08-19 04:15:01,0.0544754615117,1,,,,,0.0,0.0,0.0,0
2011-08-19 05:15:01,0.056971694743,1,,,,,0.0,0.0,0.0,0
2011-08-19 06:15:01,0.069434924001,1,,,,,0.0,0.0,0.0,0
2011-08-19 07:15:01,0.0762597725995,1,,,,,0.0,0.0,0.0,0
2011-08-19 08:15:01,0.0884152126276,1,,,,,0.0,0.0,0.0,0
2011-08-19 09:15:01,0.119780023648,1,,,,,0.0,0.0,0.0,0
2011-08-19 10:15:01,0.143650237261,1,,,,,0.0,0.0,0.0,0
2011-08-19 11:15:01,0.13764507963,1,,,,,0.0,0.0,0.0,0
2011-08-19 12:15:01,0.14459555769,1,,,,,0.0,0.0,0.0,0
2011-08-19 13:15:01,0.112390232259,1,,,,,0.0,0.0,0.0,0
2011-08-19 14:15:01,0.121192209559,1,,,,,0.0,0.0,0.0,0
2011-08-19 15:15:01,0.119783151128,1,,,,,0.0,0.0,0.0,0
2011-08-19 16:15:01,0.118521504429,1,,,,,0.0,0.0,0.0,0
2011-08-19 18:15:01,1.0,1,,,,,0.0,0.0,0.0,0
2011-08-19 19:15:01,0.104826656206,1,,,,,0.0,0.0,0.0,0
2011-08-19 20:15:01,0.0739147863788,1,,,,,0.0,0.0,0.0,0
2011-08-19 21:15:01,0.0759091475377,1,,,,,0.0,0.0,0.0,0
2011-08-19 22:15:01,0.0645261968965,1,,,,,0.0,0.0,0.0,0
2011-08-19 23:15:01,0.0682807667149,1,,,,,0.0,0.0,0.0,0
2011-08-20 00:15:01,0.0660730812816,1,,,,,0.0,0.0,0.0,0
2011-08-20 01:15:01,0.0914534040189,1,,,,,0.0,0.0,0.0,0
2011-08-20 02:15:01,0.0699907509124,1,,,,,0.0,0.0,0.0,0
2011-08-20 03:15:01,0.0671148305153,1,,,,,0.0,0.0,0.0,0
2011-08-20 04:15:01,0.0625461997459,1,,,,,0.0,0.0,0.0,0
2011-08-20 05:15:01,0.0601077706723,1,,,,,0.0,0.0,0.0,0
2011-08-20 06:15:01,0.0663389959955,1,,,,,0.0,0.0,0.0,0
2011-08-20 07:15:01,0.0716953794357,1,,,,,0.0,0.0,0.0,0
2011-08-20 08:15:01,0.0792749124349,1,,,,,0.0,0.0,0.0,0
2011-08-20 09:15:01,0.115036949554,1,,,,,0.0,0.0,0.0,0
2011-08-20 10:15:01,0.155596698499,1,,,,,0.0,0.0,0.0,0
2011-08-20 11:15:01,0.204423243553,1,,,,,0.0,0.0,0.0,0
2011-08-20 12:15:01,0.224060425156,1,,,,,0.0,0.0,0.0,0
2011-08-20 13:15:01,0.153589546534,1,,,,,0.0,0.0,0.0,0
2011-08-20 14:15:01,0.150795712413,1,,,,,0.0,0.0,0.0,0
2011-08-20 15:15:01,0.115383595846,1,,,,,0.0,0.0,0.0,0
2011-08-20 16:15:01,0.105859233459,1,,,,,0.0,0.0,0.0,0
2011-08-20 17:15:01,0.0934686951006,1,,,,,0.0,0.0,0.0,0
2011-08-20 18:15:01,0.0820846261384,1,,,,,0.0,0.0,0.0,0
2011-08-20 19:15:01,0.0720468969798,1,,,,,0.0,0.0,0.0,0
2011-08-20 20:15:01,0.0758428799461,1,,,,,0.0,0.0,0.0,0
2011-08-20 21:15:01,0.0722196386527,1,,,,,0.0,0.0,0.0,0
2011-08-20 22:15:01,0.0687224784391,1,,,,,0.0,0.0,0.0,0
2011-08-20 23:15:01,0.0742841086149,1,,,,,0.0,0.0,0.0,0
2011-08-21 00:15:01,0.0720537890055,1,,,,,0.0,0.0,0.0,0
2011-08-21 01:15:01,0.0813398604645,1,,,,,0.0,0.0,0.0,0
2011-08-21 02:15:01,0.0811717490804,1,,,,,0.0,0.0,0.0,0
2011-08-21 03:15:01,0.0839317833594,1,,,,,0.0,0.0,0.0,0
2011-08-21 04:15:01,0.0662484741562,1,,,,,0.0,0.0,0.0,0
2011-08-21 05:15:01,0.0627249402554,1,,,,,0.0,0.0,0.0,0
2011-08-21 06:15:01,0.0635458241762,1,,,,,0.0,0.0,0.0,0
2011-08-21 07:15:01,0.0749624880005,1,,,,,0.0,0.0,0.0,0
2011-08-21 08:15:01,0.07184212787,1,,,,,0.0,0.0,0.0,0
2011-08-21 09:15:01,0.0809995158355,1,,,,,0.0,0.0,0.0,0
2011-08-21 10:15:01,0.145576780291,1,,,,,0.0,0.0,0.0,0
2011-08-21 11:15:01,0.188758198552,1,,,,,0.0,0.0,0.0,0
2011-08-21 12:15:01,0.166337525617,1,,,,,0.0,0.0,0.0,0
2011-08-21 13:15:01,0.187607584828,1,,,,,0.0,0.0,0.0,0
2011-08-21 15:15:01,0.119098216603,1,,,,,0.0,0.0,0.0,0
2011-08-21 16:15:01,0.115602598409,1,,,,,0.0,0.0,0.0,0
2011-08-21 17:15:01,0.0840143566208,1,,,,,0.0,0.0,0.0,0
2011-08-21 18:15:01,0.0820223034794,1,,,,,0.0,0.0,0.0,0
2011-08-21 19:15:01,0.0753162768003,1,,,,,0.0,0.0,0.0,0
2011-08-21 20:15:01,0.0652280117875,1,,,,,0.0,0.0,0.0,0
2011-08-21 21:15:01,0.078068704799,1,,,,,0.0,0.0,0.0,0
2011-08-21 22:15:01,0.0743118475747,1,,,,,0.0,0.0,0.0,0
2011-08-21 23:15:01,0.0713085351292,1,,,,,0.0,0.0,0.0,0
2011-08-22 00:15:01,0.0552930076329,1,,,,,0.0,0.0,0.0,0
2011-08-22 01:15:01,0.0638776697474,1,,,,,0.0,0.0,0.0,0
2011-08-22 02:15:01,0.0596294025687,1,,,,,0.0,0.0,0.0,0
2011-08-22 03:15:01,0.0585446367885,1,,,,,0.0,0.0,0.0,0
2011-08-22 04:15:01,0.0495952057593,1,,,,,0.0,0.0,0.0,0
2011-08-22 05:15:01,0.0487236225029,1,,,,,0.0,0.0,0.0,0
2011-08-22 06:15:01,0.0528133169017,1,,,,,0.0,0.0,0.0,0
2011-08-22 07:15:01,0.0506592859363,1,,,,,0.0,0.0,0.0,0
2011-08-22 08:15:01,0.0798870897234,1,,,,,0.0,0.0,0.0,0
2011-08-22 09:15:01,0.0938410827688,1,,,,,0.0,0.0,0.0,0
2011-08-22 10:15:01,0.125252554895,1,,,,,0.0,0.0,0.0,0
2011-08-22 11:15:01,0.102177897867,1,,,,,0.0,0.0,0.0,0
2011-08-22 12:15:01,0.110090708635,1,,,,,0.0,0.0,0.0,0
2011-08-22 13:15:01,0.125890226171,1,,,,,0.0,0.0,0.0,0
2011-08-22 15:15:01,0.0984680507279,1,,,,,0.0,0.0,0.0,0
2011-08-22 16:15:01,0.0908314690774,1,,,,,0.0,0.0,0.0,0
2011-08-22 17:15:01,0.105735918804,1,,,,,0.0,0.0,0.0,0
2011-08-22 18:15:01,0.0835671598496,1,,,,,0.0,0.0,0.0,0
2011-08-22 19:15:01,0.0835947739402,1,,,,,0.0,0.0,0.0,0
2011-08-22 20:15:01,0.0778491848208,1,,,,,0.0,0.0,0.0,0
2011-08-22 21:15:01,0.0620019979531,1,,,,,0.0,0.0,0.0,0
2011-08-22 22:15:01,0.091379815635,1,,,,,0.0,0.0,0.0,0
2011-08-22 23:15:01,0.0885251290567,1,,,,,0.0,0.0,0.0,0
2011-08-23 00:15:01,0.0754023425313,1,,,,,0.0,0.0,0.0,0
2011-08-23 01:15:01,0.0738960336268,0,,,,,0.0,0.0,0.0,0
2011-08-23 02:15:01,0.0673485439085,0,,,,,0.0,0.0,0.0,0
2011-08-23 03:15:01,0.0584514880765,0,,,,,0.0,0.0,0.0,0
2011-08-23 04:15:01,0.0536572502727,0,,,,,0.0,0.0,0.0,0
2011-08-23 05:15:01,0.0575588319688,0,,,,,0.0,0.0,0.0,0
2011-08-23 06:15:01,0.0682373629636,0,,,,,0.0,0.0,0.0,0
2011-08-23 07:15:01,0.0880511926597,0,,,,,0.0,0.0,0.0,0
2011-08-23 08:15:01,0.112728266983,0,,,,,0.0,0.0,0.0,0
2011-08-23 09:15:01,0.187986977891,0,,,,,0.0,0.0,0.0,0
2011-08-23 10:15:01,0.157404211924,0,,,,,0.0,0.0,0.0,0
2011-08-23 11:15:01,0.136082791484,0,,,,,0.0,0.0,0.0,0
2011-08-23 12:15:01,0.167746292084,0,,,,,0.0,0.0,0.0,0
2011-08-23 13:15:01,0.183628088186,0,,,,,0.0,0.0,0.0,0
2011-08-23 14:15:01,0.161963535916,0,,,,,0.0,0.0,0.0,0
2011-08-23 16:15:01,0.14251903061,0,,,,,0.0,0.0,0.0,0
2011-08-23 17:15:01,0.117055698457,0,,,,,0.0,0.0,0.0,0
2011-08-23 18:15:01,0.0881357244914,0,,,,,0.0,0.0,0.0,0
2011-08-23 19:15:01,0.117321428014,0,,,,,0.0,0.0,0.0,0
2011-08-23 20:15:01,0.099965106632,0,,,,,0.0,0.0,0.0,0
2011-08-23 21:15:01,0.0964309546441,0,,,,,0.0,0.0,0.0,0
2011-08-23 22:15:01,0.0732202235248,0,,,,,0.0,0.0,0.0,0
2011-08-23 23:15:01,0.100781228606,0,,,,,0.0,0.0,0.0,0
2011-08-24 00:15:01,0.0911394245314,0,,,,,0.0,0.0,0.0,0
2011-08-24 01:15:01,0.0758581071436,0,,,,,0.0,0.0,0.0,0
2011-08-24 02:15:01,0.074076507239,0,,,,,0.0,0.0,0.0,0
2011-08-24 03:15:01,0.0619107835267,0,,,,,0.0,0.0,0.0,0
2011-08-24 04:15:01,0.0606384867601,0,,,,,0.0,0.0,0.0,0
2011-08-24 05:15:01,0.0628222376169,0,,,,,0.0,0.0,0.0,0
2011-08-24 06:15:01,0.0653661594141,0,,,,,0.0,0.0,0.0,0
2011-08-24 07:15:01,0.0950872388538,0,,,,,0.0,0.0,0.0,0
2011-08-24 08:15:01,0.108262209995,0,,,,,0.0,0.0,0.0,0
2011-08-24 09:15:01,0.179361324641,0,,,,,0.0,0.0,0.0,0
2011-08-24 10:15:01,0.201735828217,0,,,,,0.0,0.0,0.0,0
2011-08-24 11:15:01,0.315200844066,0,,,,,0.0,0.0,0.0,0
2011-08-24 12:15:01,0.236885293291,0,,,,,0.0,0.0,0.0,0
2011-08-24 13:15:01,0.24039841776,0,,,,,0.0,0.0,0.0,0
2011-08-24 15:15:01,0.174586525431,0,,,,,0.0,0.0,0.0,0
2011-08-24 16:15:01,0.161401672021,0,,,,,0.0,0.0,0.0,0
2011-08-24 17:15:01,0.196468985623,0,,,,,0.0,0.0,0.0,0
2011-08-24 18:15:01,0.137308668229,0,,,,,0.0,0.0,0.0,0
2011-08-24 19:15:01,0.118681284134,0,,,,,0.0,0.0,0.0,0
2011-08-24 20:15:01,0.0754404432025,0,,,,,0.0,0.0,0.0,0
2011-08-24 21:15:01,0.086330004869,0,,,,,0.0,0.0,0.0,0
2011-08-24 22:15:01,0.0802228534882,0,,,,,0.0,0.0,0.0,0
2011-08-24 23:15:01,0.0874660113242,0,,,,,0.0,0.0,0.0,0
2011-08-25 00:15:01,0.0718536249041,0,,,,,0.0,0.0,0.0,0
2011-08-25 01:15:01,0.0973107166379,0,,,,,0.0,0.0,0.0,0
2011-08-25 02:15:01,0.0792092521359,0,,,,,0.0,0.0,0.0,0
2011-08-25 03:15:01,0.0761920888704,0,,,,,0.0,0.0,0.0,0
2011-08-25 04:15:01,0.0819459949566,0,,,,,0.0,0.0,0.0,0
2011-08-25 05:15:01,0.080519138628,0,,,,,0.0,0.0,0.0,0
2011-08-25 06:15:01,0.0765968619743,0,,,,,0.0,0.0,0.0,0
2011-08-25 07:15:01,0.0990892376406,0,,,,,0.0,0.0,0.0,0
2011-08-25 08:15:01,0.122220770496,0,,,,,0.0,0.0,0.0,0
2011-08-25 09:15:01,0.191331678751,0,,,,,0.0,0.0,0.0,0
2011-08-25 10:15:01,0.163763815859,0,,,,,0.0,0.0,0.0,0
2011-08-25 11:15:01,0.138452212419,0,,,,,0.0,0.0,0.0,0
2011-08-25 12:15:01,0.145432533675,0,,,,,0.0,0.0,0.0,0
2011-08-25 13:15:01,0.166821282277,0,,,,,0.0,0.0,0.0,0
2011-08-25 15:15:01,0.096449238757,0,,,,,0.0,0.0,0.0,0
2011-08-25 16:15:01,0.147993445274,0,,,,,0.0,0.0,0.0,0
2011-08-25 17:15:01,0.173210632385,0,,,,,0.0,0.0,0.0,0
2011-08-25 18:15:01,0.1321087109,0,,,,,0.0,0.0,0.0,0
2011-08-25 19:15:01,0.137945104611,0,,,,,0.0,0.0,0.0,0
2011-08-25 20:15:01,0.121315354119,0,,,,,0.0,0.0,0.0,0
2011-08-25 21:15:01,0.130003827384,0,,,,,0.0,0.0,0.0,0
2011-08-25 22:15:01,0.112675844872,0,,,,,0.0,0.0,0.0,0
2011-08-25 23:15:01,0.0903366963304,0,,,,,0.0,0.0,0.0,0
2011-08-26 00:15:01,0.0923153745705,0,,,,,0.0,0.0,0.0,0
2011-08-26 01:15:01,0.0798773224558,0,,,,,0.0,0.0,0.0,0
2011-08-26 02:15:01,0.081513919809,0,,,,,0.0,0.0,0.0,0
2011-08-26 03:15:01,0.0686173300668,0,,,,,0.0,0.0,0.0,0
2011-08-26 04:15:01,0.0744014205938,0,,,,,0.0,0.0,0.0,0
2011-08-26 05:15:01,0.0785379594215,0,,,,,0.0,0.0,0.0,0
2011-08-26 06:15:01,0.0835843320401,0,,,,,0.0,0.0,0.0,0
2011-08-26 07:15:01,0.107150229896,0,,,,,0.0,0.0,0.0,0
2011-08-26 08:15:01,0.116804693501,0,,,,,0.0,0.0,0.0,0
2011-08-26 10:15:01,0.168741347192,0,,,,,0.0,0.0,0.0,0
2011-08-26 11:15:01,0.102509515577,0,,,,,0.0,0.0,0.0,0
2011-08-26 12:15:01,0.191361045307,0,,,,,0.0,0.0,0.0,0
2011-08-26 13:15:01,0.16756720793,0,,,,,0.0,0.0,0.0,0
2011-08-26 14:15:01,0.150899287624,0,,,,,0.0,0.0,0.0,0
2011-08-26 15:15:01,0.141617866467,0,,,,,0.0,0.0,0.0,0
2011-08-26 16:15:01,0.145169518149,0,,,,,0.0,0.0,0.0,0
2011-08-26 17:15:01,0.0906113342147,0,,,,,0.0,0.0,0.0,0
2011-08-26 18:15:01,0.110011244758,0,,,,,0.0,0.0,0.0,0
2011-08-26 19:15:01,0.115872326555,0,,,,,0.0,0.0,0.0,0
2011-08-26 20:15:01,0.121748730915,0,,,,,0.0,0.0,0.0,0
2011-08-26 21:15:01,0.0968636357345,0,,,,,0.0,0.0,0.0,0
2011-08-26 22:15:01,0.0977209124355,0,,,,,0.0,0.0,0.0,0
2011-08-26 23:15:01,0.0910349055979,0,,,,,0.0,0.0,0.0,0
2011-08-27 00:15:01,0.0738198387945,0,,,,,0.0,0.0,0.0,0
2011-08-27 01:15:01,0.105058030721,0,,,,,0.0,0.0,0.0,0
2011-08-27 02:15:01,0.0944972530473,0,,,,,0.0,0.0,0.0,0
2011-08-27 03:15:01,0.0846145873969,0,,,,,0.0,0.0,0.0,0
2011-08-27 04:15:01,0.0939035399655,0,,,,,0.0,0.0,0.0,0
2011-08-27 05:15:01,0.070969201734,0,,,,,0.0,0.0,0.0,0
2011-08-27 06:15:01,0.0963976028113,0,,,,,0.0,0.0,0.0,0
2011-08-27 07:15:01,0.0967362017694,0,,,,,0.0,0.0,0.0,0
2011-08-27 08:15:01,0.143112201008,0,,,,,0.0,0.0,0.0,0
2011-08-27 09:15:01,0.216833831954,0,,,,,0.0,0.0,0.0,0
2011-08-27 10:15:01,0.175085033418,0,,,,,0.0,0.0,0.0,0
2011-08-27 11:15:01,0.243444907912,0,,,,,0.0,0.0,0.0,0
2011-08-27 12:15:01,0.231399818598,0,,,,,0.0,0.0,0.0,0
2011-08-27 13:15:01,0.143366871633,0,,,,,0.0,0.0,0.0,0
2011-08-27 14:15:01,0.188845453767,0,,,,,0.0,0.0,0.0,0
2011-08-27 15:15:01,0.164755345758,0,,,,,0.0,0.0,0.0,0
2011-08-27 16:15:01,0.119331780888,0,,,,,0.0,0.0,0.0,0
2011-08-27 17:15:01,0.0770943689816,0,,,,,0.0,0.0,0.0,0
2011-08-27 18:15:01,0.0912910301017,0,,,,,0.0,0.0,0.0,0
2011-08-27 19:15:01,0.0966590964571,0,,,,,0.0,0.0,0.0,0
2011-08-27 20:15:01,0.0882068253175,0,,,,,0.0,0.0,0.0,0
2011-08-27 21:15:01,0.0850630177124,0,,,,,0.0,0.0,0.0,0
2011-08-27 22:15:01,0.0915233923911,0,,,,,0.0,0.0,0.0,0
2011-08-27 23:15:01,0.0761958918477,0,,,,,0.0,0.0,0.0,0
2011-08-28 00:15:01,0.0675020370588,0,,,,,0.0,0.0,0.0,0
2011-08-28 01:15:01,0.0438421091417,0,,,,,0.0,0.0,0.0,0
2011-08-28 17:15:01,0.102114217467,0,,,,,0.0,0.0,0.0,0
2011-08-28 18:15:01,0.102730904234,0,,,,,0.0,0.0,0.0,0
2011-08-28 19:15:01,0.0936189992986,0,,,,,0.0,0.0,0.0,0
2011-08-28 20:15:01,0.109926667088,0,,,,,0.0,0.0,0.0,0
2011-08-28 21:15:01,0.0884630519469,0,,,,,0.0,0.0,0.0,0
2011-08-28 22:15:01,0.0705284091908,0,,,,,0.0,0.0,0.0,0
2011-08-28 23:15:01,0.0784895094048,0,,,,,0.0,0.0,0.0,0
2011-08-29 00:15:01,0.0628418476622,0,,,,,0.0,0.0,0.0,0
2011-08-29 01:15:01,0.0882545550558,0,,,,,0.0,0.0,0.0,0
2011-08-29 02:15:01,0.077742253523,0,,,,,0.0,0.0,0.0,0
2011-08-29 03:15:01,0.098757206683,0,,,,,0.0,0.0,0.0,0
2011-08-29 04:15:01,0.0682997382241,0,,,,,0.0,0.0,0.0,0
2011-08-29 05:15:01,0.0760110414311,0,,,,,0.0,0.0,0.0,0
2011-08-29 06:15:01,0.0917875141715,0,,,,,0.0,0.0,0.0,0
2011-08-29 07:15:01,0.102894587739,0,,,,,0.0,0.0,0.0,0
2011-08-29 08:15:01,0.138255804353,0,,,,,0.0,0.0,0.0,0
2011-08-29 09:15:01,0.164011647838,0,,,,,0.0,0.0,0.0,0
2011-08-29 10:15:01,0.202729490891,0,,,,,0.0,0.0,0.0,0
2011-08-29 11:15:01,0.168855073959,0,,,,,0.0,0.0,0.0,0
2011-08-29 12:15:01,0.229496374495,0,,,,,0.0,0.0,0.0,0
2011-08-29 13:15:01,0.180447062763,0,,,,,0.0,0.0,0.0,0
2011-08-29 14:15:01,0.166675855569,0,,,,,0.0,0.0,0.0,0
2011-08-29 15:15:01,0.0999700111819,0,,,,,0.0,0.0,0.0,0
2011-08-29 16:15:01,0.142515795499,0,,,,,0.0,0.0,0.0,0
2011-08-29 17:15:01,0.15353055897,0,,,,,0.0,0.0,0.0,0
2011-08-29 18:15:01,0.107778624289,0,,,,,0.0,0.0,0.0,0
2011-08-29 19:15:01,0.150422123902,0,,,,,0.0,0.0,0.0,0
2011-08-29 20:15:01,0.106280637226,0,,,,,0.0,0.0,0.0,0
2011-08-29 21:15:01,0.101015592239,0,,,,,0.0,0.0,0.0,0
2011-08-29 22:15:01,0.088159194522,0,,,,,0.0,0.0,0.0,0
2011-08-29 23:15:01,0.0710673622792,0,,,,,0.0,0.0,0.0,0
2011-08-30 00:15:01,0.0728597255622,0,,,,,0.0,0.0,0.0,0
2011-08-30 01:15:01,0.0870343202808,0,,,,,0.0,0.0,0.0,0
2011-08-30 02:15:01,0.0722461955311,0,,,,,0.0,0.0,0.0,0
2011-08-30 03:15:01,0.0899522759641,0,,,,,0.0,0.0,0.0,0
2011-08-30 04:15:01,0.0645194645589,0,,,,,0.0,0.0,0.0,0
2011-08-30 05:15:01,0.0777319940265,0,,,,,0.0,0.0,0.0,0
2011-08-30 06:15:01,0.0877021129148,0,,,,,0.0,0.0,0.0,0
2011-08-30 07:15:01,0.10898601457,0,,,,,0.0,0.0,0.0,0
2011-08-30 08:15:01,0.147634407924,0,,,,,0.0,0.0,0.0,0
2011-08-30 09:15:01,0.159632396168,0,,,,,0.0,0.0,0.0,0
2011-08-30 10:15:01,0.209740584597,0,,,,,0.0,0.0,0.0,0
2011-08-30 11:15:01,0.125042519429,0,,,,,0.0,0.0,0.0,0
2011-08-30 12:15:01,0.276825590294,0,,,,,0.0,0.0,0.0,0
2011-08-30 13:15:01,0.174231470393,0,,,,,0.0,0.0,0.0,0
2011-08-30 15:15:01,0.179090036314,0,,,,,0.0,0.0,0.0,0
2011-08-30 16:15:01,0.139781938751,0,,,,,0.0,0.0,0.0,0
2011-08-30 17:15:01,0.11672572379,0,,,,,0.0,0.0,0.0,0
2011-08-30 18:15:01,0.170613312427,0,,,,,0.0,0.0,0.0,0
2011-08-30 19:15:01,0.118951524634,0,,,,,0.0,0.0,0.0,0
2011-08-30 21:15:01,0.10607104935,0,,,,,0.0,0.0,0.0,0
2011-08-30 22:15:01,0.0965616892611,0,,,,,0.0,0.0,0.0,0
2011-08-30 23:15:01,0.103289715824,0,,,,,0.0,0.0,0.0,0
2011-08-31 00:15:01,0.123722347445,0,,,,,0.0,0.0,0.0,0
2011-08-31 01:15:01,0.123175545902,0,,,,,0.0,0.0,0.0,0
2011-08-31 02:15:01,0.0954505996503,0,,,,,0.0,0.0,0.0,0
2011-08-31 03:15:01,0.0871070000965,0,,,,,0.0,0.0,0.0,0
2011-08-31 04:15:01,0.0860844326064,0,,,,,0.0,0.0,0.0,0
2011-08-31 05:15:01,0.0779578948254,0,,,,,0.0,0.0,0.0,0
2011-08-31 06:15:01,0.0912154162184,0,,,,,0.0,0.0,0.0,0
2011-08-31 07:15:01,0.120143963004,0,,,,,0.0,0.0,0.0,0
2011-08-31 08:15:01,0.158545340074,0,,,,,0.0,0.0,0.0,0
2011-08-31 09:15:01,0.228555721192,0,,,,,0.0,0.0,0.0,0
2011-08-31 10:15:01,0.194946903995,0,,,,,0.0,0.0,0.0,0
2011-08-31 11:15:01,0.199823378888,0,,,,,0.0,0.0,0.0,0
2011-08-31 12:15:01,0.190511837024,0,,,,,0.0,0.0,0.0,0
2011-08-31 13:15:01,0.201018142258,0,,,,,0.0,0.0,0.0,0
2011-08-31 14:15:01,0.181678912359,0,,,,,0.0,0.0,0.0,0
2011-08-31 15:15:01,0.187873586542,0,,,,,0.0,0.0,0.0,0
2011-08-31 16:15:01,0.156653560292,0,,,,,0.0,0.0,0.0,0
2011-08-31 17:15:01,0.107695982435,0,,,,,0.0,0.0,0.0,0
2011-08-31 19:15:01,0.132626102413,0,,,,,0.0,0.0,0.0,0
2011-08-31 20:15:01,0.0983463971793,0,,,,,0.0,0.0,0.0,0
2011-08-31 21:15:01,0.0910045361037,0,,,,,0.0,0.0,0.0,0
2011-08-31 22:15:01,0.0880378372325,0,,,,,0.0,0.0,0.0,0
2011-08-31 23:15:01,0.135027679969,0,,,,,0.0,0.0,0.0,0
2011-09-01 00:15:01,0.0679702964451,0,,,,,0.0,0.0,0.0,0
2011-09-01 01:15:01,0.0936488456767,0,,,,,0.0,0.0,0.0,0
2011-09-01 02:15:01,0.072845026339,0,,,,,0.0,0.0,0.0,0
2011-09-01 03:15:01,0.0677140526706,0,,,,,0.0,0.0,0.0,0
2011-09-01 04:15:01,0.0706915927058,0,,,,,0.0,0.0,0.0,0
2011-09-01 05:15:01,0.0790993453907,0,,,,,0.0,0.0,0.0,0
2011-09-01 06:15:01,0.0874080252016,0,,,,,0.0,0.0,0.0,0
2011-09-01 07:15:01,0.115932268712,0,,,,,0.0,0.0,0.0,0
2011-09-01 08:15:01,0.142769107315,0,,,,,0.0,0.0,0.0,0
2011-09-01 09:15:01,0.180911197469,0,,,,,0.0,0.0,0.0,0
2011-09-01 10:15:01,0.264720334172,0,,,,,0.0,0.0,0.0,0
2011-09-01 13:15:01,0.206316136781,0,,,,,0.0,0.0,0.0,0
2011-09-01 18:15:01,0.166913579651,0,,,,,0.0,0.0,0.0,0
2011-09-01 19:15:01,0.132687024343,0,,,,,0.0,0.0,0.0,0
2011-09-01 20:15:01,0.109964755057,0,,,,,0.0,0.0,0.0,0
2011-09-01 21:15:01,0.107923452994,0,,,,,0.0,0.0,0.0,0
2011-09-01 22:15:01,0.0952136973374,0,,,,,0.0,0.0,0.0,0
2011-09-01 23:15:01,0.0671609655196,0,,,,,0.0,0.0,0.0,0
2011-09-02 00:15:01,0.0606639313093,0,,,,,0.0,0.0,0.0,0
2011-09-02 01:15:01,0.0752536672681,0,,,,,0.0,0.0,0.0,0
2011-09-02 02:15:01,0.0727778286535,0,,,,,0.0,0.0,0.0,0
2011-09-02 03:15:01,0.0781490814115,0,,,,,0.0,0.0,0.0,0
2011-09-02 04:15:01,0.0556438283141,0,,,,,0.0,0.0,0.0,0
2011-09-02 05:15:01,0.0611031144629,0,,,,,0.0,0.0,0.0,0
2011-09-02 06:15:01,0.100539022063,0,,,,,0.0,0.0,0.0,0
2011-09-02 07:15:01,0.0870328440771,0,,,,,0.0,0.0,0.0,0
2011-09-02 08:15:01,0.136302363187,0,,,,,0.0,0.0,0.0,0
2011-09-02 09:15:01,0.205387045652,0,,,,,0.0,0.0,0.0,0
2011-09-02 10:15:01,0.266795406227,0,,,,,0.0,0.0,0.0,0
2011-09-02 11:15:01,0.190937989635,0,,,,,0.0,0.0,0.0,0
2011-09-02 12:15:01,0.217991340779,0,,,,,0.0,0.0,0.0,0
2011-09-02 13:15:01,0.152465921444,0,,,,,0.0,0.0,0.0,0
2011-09-02 14:15:01,0.17006300626,0,,,,,0.0,0.0,0.0,0
2011-09-02 15:15:01,0.132119050956,0,,,,,0.0,0.0,0.0,0
2011-09-02 16:15:01,0.179470627858,0,,,,,0.0,0.0,0.0,0
2011-09-02 17:15:01,0.117809595238,0,,,,,0.0,0.0,0.0,0
2011-09-02 18:15:01,0.0726351565676,0,,,,,0.0,0.0,0.0,0
2011-09-02 19:15:01,0.306420461178,0,,,,,0.0,0.0,0.0,0
2011-09-02 20:15:01,0.158747254386,0,,,,,0.0,0.0,0.0,0
2011-09-02 21:15:01,0.153012440113,0,,,,,0.0,0.0,0.0,0
2011-09-02 22:15:01,0.0723099588696,0,,,,,0.0,0.0,0.0,0
2011-09-02 23:15:01,0.155251177204,0,,,,,0.0,0.0,0.0,0
2011-09-03 00:15:01,0.253353200262,0,,,,,0.0,0.0,0.0,0
2011-09-03 01:15:01,0.155607747737,0,,,,,0.0,0.0,0.0,0
2011-09-03 02:15:01,0.174449548377,0,,,,,0.0,0.0,0.0,0
2011-09-03 03:15:01,0.0996078193861,0,,,,,0.0,0.0,0.0,0
2011-09-03 04:15:01,0.0857384480681,0,,,,,0.0,0.0,0.0,0
2011-09-03 05:15:01,0.0973936261221,0,,,,,0.0,0.0,0.0,0
2011-09-03 06:15:01,0.10397148425,0,,,,,0.0,0.0,0.0,0
2011-09-03 07:15:01,0.143401715387,0,,,,,0.0,0.0,0.0,0
2011-09-03 08:15:01,0.20953433349,0,,,,,0.0,0.0,0.0,0
2011-09-03 09:15:01,0.275057154079,0,,,,,0.0,0.0,0.0,0
2011-09-03 10:15:01,0.331134848367,0,,,,,0.0,0.0,0.0,0
2011-09-03 11:15:01,0.311916349149,0,,,,,0.0,0.0,0.0,0
2011-09-03 12:15:01,0.377369480684,0,,,,,0.0,0.0,0.0,0
2011-09-03 13:15:01,0.35150138568,0,,,,,0.0,0.0,0.0,0
2011-09-03 14:15:01,0.280788324432,0,,,,,0.0,0.0,0.0,0
2011-09-03 15:15:01,0.181336946573,0,,,,,0.0,0.0,0.0,0
2011-09-03 16:15:01,0.1368247695,0,,,,,0.0,0.0,0.0,0
2011-09-03 17:15:01,0.11666561537,0,,,,,0.0,0.0,0.0,0
2011-09-03 18:15:01,0.113790883511,0,,,,,0.0,0.0,0.0,0
2011-09-03 19:15:01,0.105964411964,0,,,,,0.0,0.0,0.0,0
2011-09-03 20:15:01,0.0426212880794,0,,,,,0.0,0.0,0.0,0
2011-09-03 21:15:01,0.165564001272,0,,,,,0.0,0.0,0.0,0
2011-09-03 22:15:01,0.157759235847,0,,,,,0.0,0.0,0.0,0
2011-09-03 23:15:01,0.110108001538,0,,,,,0.0,0.0,0.0,0
2011-09-04 00:15:01,0.0559872941678,0,,,,,0.0,0.0,0.0,0
2011-09-04 01:15:01,0.113804500754,0,,,,,0.0,0.0,0.0,0
2011-09-04 02:15:01,0.130834586625,0,,,,,0.0,0.0,0.0,0
2011-09-04 03:15:01,0.0848863327395,0,,,,,0.0,0.0,0.0,0
2011-09-04 04:15:01,0.0724309979083,0,,,,,0.0,0.0,0.0,0
2011-09-04 05:15:01,0.0840977082324,0,,,,,0.0,0.0,0.0,0
2011-09-04 06:15:01,0.0906788876262,0,,,,,0.0,0.0,0.0,0
2011-09-04 07:15:01,0.115262031006,0,,,,,0.0,0.0,0.0,0
2011-09-04 08:15:01,0.157728606511,0,,,,,0.0,0.0,0.0,0
2011-09-04 09:15:01,0.212393295375,0,,,,,0.0,0.0,0.0,0
2011-09-04 10:15:01,0.252873389256,0,,,,,0.0,0.0,0.0,0
2011-09-04 11:15:01,0.401567284339,0,,,,,0.0,0.0,0.0,0
2011-09-04 12:15:01,0.306197008824,0,,,,,0.0,0.0,0.0,0
2011-09-04 13:15:01,0.210608159668,0,,,,,0.0,0.0,0.0,0
2011-09-04 14:15:01,0.230554749175,0,,,,,0.0,0.0,0.0,0
2011-09-04 15:15:01,0.11339436949,0,,,,,0.0,0.0,0.0,0
2011-09-04 16:15:01,0.12149971939,0,,,,,0.0,0.0,0.0,0
2011-09-04 17:15:01,0.102924637373,0,,,,,0.0,0.0,0.0,0
2011-09-04 19:15:01,0.0798591330901,0,,,,,0.0,0.0,0.0,0
2011-09-04 21:15:01,0.066484438689,0,,,,,0.0,0.0,0.0,0
2011-09-04 22:15:01,0.0831629746368,0,,,,,0.0,0.0,0.0,0
2011-09-04 23:15:01,0.0732644662038,0,,,,,0.0,0.0,0.0,0
2011-09-05 00:15:01,0.0369637102986,0,,,,,0.0,0.0,0.0,0
2011-09-05 01:15:01,0.0865144721618,0,,,,,0.0,0.0,0.0,0
2011-09-05 02:15:01,0.0773281199022,0,,,,,0.0,0.0,0.0,0
2011-09-05 03:15:01,0.0992856366173,0,,,,,0.0,0.0,0.0,0
2011-09-05 04:15:01,0.0593187776824,0,,,,,0.0,0.0,0.0,0
2011-09-05 05:15:01,0.0638516739267,0,,,,,0.0,0.0,0.0,0
2011-09-05 06:15:01,0.0985488233005,0,,,,,0.0,0.0,0.0,0
2011-09-05 07:15:01,0.0749769665979,0,,,,,0.0,0.0,0.0,0
2011-09-05 08:15:01,0.114771512858,0,,,,,0.0,0.0,0.0,0
2011-09-05 09:15:01,0.168245168133,0,,,,,0.0,0.0,0.0,0
2011-09-05 10:15:01,0.256506030223,0,,,,,0.0,0.0,0.0,0
2011-09-05 11:15:01,0.276330470077,0,,,,,0.0,0.0,0.0,0
2011-09-05 12:15:01,0.370301782236,0,,,,,0.0,0.0,0.0,0
2011-09-05 13:15:01,0.259351596575,0,,,,,0.0,0.0,0.0,0
2011-09-05 15:15:01,0.0989533581611,0,,,,,0.0,0.0,0.0,0
2011-09-05 17:15:01,0.118457907636,0,,,,,0.0,0.0,0.0,0
2011-09-05 18:15:01,0.0712505125734,0,,,,,0.0,0.0,0.0,0
2011-09-05 19:15:01,0.0865874120229,0,,,,,0.0,0.0,0.0,0
2011-09-05 20:15:01,0.0730660429465,0,,,,,0.0,0.0,0.0,0
2011-09-05 21:15:01,0.0696688808182,0,,,,,0.0,0.0,0.0,0
2011-09-05 22:15:01,0.0482477792768,0,,,,,0.0,0.0,0.0,0
2011-09-05 23:15:01,0.0598433060115,0,,,,,0.0,0.0,0.0,0
2011-09-06 01:15:01,0.0567087129206,0,,,,,0.0,0.0,0.0,0
2011-09-06 02:15:01,0.0647528168669,0,,,,,0.0,0.0,0.0,0
2011-09-06 03:15:01,0.0720097070612,0,,,,,0.0,0.0,0.0,0
2011-09-06 04:15:01,0.0561462395209,0,,,,,0.0,0.0,0.0,0
2011-09-06 05:15:01,0.0941062438607,0,,,,,0.0,0.0,0.0,0
2011-09-06 06:15:01,0.0643356268156,0,,,,,0.0,0.0,0.0,0
2011-09-06 07:15:01,0.119117219456,0,,,,,0.0,0.0,0.0,0
2011-09-06 08:15:01,0.197113240543,0,,,,,0.0,0.0,0.0,0
2011-09-06 09:15:01,0.222453723455,0,,,,,0.0,0.0,0.0,0
2011-09-06 10:15:01,0.271540562038,0,,,,,0.0,0.0,0.0,0
2011-09-06 11:15:01,0.192979864716,0,,,,,0.0,0.0,0.0,0
2011-09-06 12:15:01,0.182011790544,0,,,,,0.0,0.0,0.0,0
2011-09-06 14:15:01,0.170200913914,0,,,,,0.0,0.0,0.0,0
2011-09-06 15:15:01,0.151751794761,0,,,,,0.0,0.0,0.0,0
2011-09-06 16:15:01,0.219968110235,0,,,,,0.0,0.0,0.0,0
2011-09-06 17:15:01,0.150251512009,0,,,,,0.0,0.0,0.0,0
2011-09-06 18:15:01,0.122224803566,0,,,,,0.0,0.0,0.0,0
2011-09-06 19:15:01,0.107828013588,0,,,,,0.0,0.0,0.0,0
2011-09-06 20:15:01,0.154538716025,0,,,,,0.0,0.0,0.0,0
2011-09-06 21:15:01,0.129650780431,0,,,,,0.0,0.0,0.0,0
2011-09-06 22:15:01,0.0987109855993,0,,,,,0.0,0.0,0.0,0
2011-09-06 23:15:01,0.0540522394588,0,,,,,0.0,0.0,0.0,0
2011-09-07 00:15:01,0.0454377712682,0,,,,,0.0,0.0,0.0,0
2011-09-07 01:15:01,0.097192549006,0,,,,,0.0,0.0,0.0,0
2011-09-07 02:15:01,0.069145062307,0,,,,,0.0,0.0,0.0,0
2011-09-07 03:15:01,0.070865727586,0,,,,,0.0,0.0,0.0,0
2011-09-07 04:15:01,0.0650673528712,0,,,,,0.0,0.0,0.0,0
2011-09-07 05:15:01,0.0835874593826,0,,,,,0.0,0.0,0.0,0
2011-09-07 06:15:01,0.107809741927,0,,,,,0.0,0.0,0.0,0
2011-09-07 07:15:01,0.158875079886,0,,,,,0.0,0.0,0.0,0
2011-09-07 08:15:01,0.161758679098,0,,,,,0.0,0.0,0.0,0
2011-09-07 09:15:01,0.253765800002,0,,,,,0.0,0.0,0.0,0
2011-09-07 10:15:01,0.276054766385,0,,,,,0.0,0.0,0.0,0
2011-09-07 11:15:01,0.327175281155,0,,,,,0.0,0.0,0.0,0
2011-09-07 12:15:01,0.226644481184,0,,,,,0.0,0.0,0.0,0
2011-09-07 13:15:01,0.113547319868,0,,,,,0.0,0.0,0.0,0
2011-09-07 14:15:01,0.198148824059,0,,,,,0.0,0.0,0.0,0
