timestamp,value,error_prediction,anomaly_score,convergence_loss,prediction,S(t)_reward_low_FP_rate,S(t)_reward_low_FN_rate,S(t)_standard
2015-09-08 11:39:00,73,0.0,0.5,0,0.0,0.0,0.0,0.0
2015-09-08 11:44:00,62,0.0,0.5,0,0.0,0.0,0.0,0.0
2015-09-08 11:59:00,66,0.0,0.5,0,0.0,0.0,0.0,0.0
2015-09-08 12:19:00,69,0.0,0.5,0,0.0,0.0,0.0,0.0
2015-09-08 12:24:00,65,0.0,0.5,0,0.0,0.0,0.0,0.0
2015-09-08 12:27:00,76,0.0,0.5,0,0.0,0.0,0.0,0.0
2015-09-08 12:32:00,65,0.0,0.5,0,0.0,0.0,0.0,0.0
2015-09-08 12:46:00,62,0.0,0.5,0,0.0,0.0,0.0,0.0
2015-09-08 12:51:00,61,0.0,0.5,0,0.0,0.0,0.0,0.0
2015-09-08 13:01:00,65,0.0,0.5,0,0.0,0.0,0.0,0.0
2015-09-08 13:21:00,68,-68.0,0.5,[4624.0],0.0,0.0,0.0,0.0
2015-09-08 13:26:00,66,-66.0,0.5,[4356.0],0.0,0.0,0.0,0.0
2015-09-08 13:31:00,67,-67.0,0.5,[4489.0],0.0,0.0,0.0,0.0
2015-09-08 13:36:00,65,-65.0,0.5,[4225.0],0.0,0.0,0.0,0.0
2015-09-08 13:41:00,67,-67.0,0.5,[4489.0],0.0,0.0,0.0,0.0
2015-09-08 13:46:00,67,-67.0,0.5,[4489.0],0.0,0.0,0.0,0.0
2015-09-08 13:56:00,69,-69.0,0.5,[4761.0],0.0,0.0,0.0,0.0
2015-09-08 14:11:00,68,-68.0,0.5,[4624.0],0.0,0.0,0.0,0.0
2015-09-08 14:16:00,68,-68.0,0.5,[4624.0],0.0,0.0,0.0,0.0
2015-09-08 14:21:00,67,-67.0,0.5,[4489.0],0.0,0.0,0.0,0.0
2015-09-08 14:46:00,66,-66.0,0.530873099202,[4356.0],0.0,0.0,0.0,0.0
2015-09-08 14:51:00,68,-68.0,0.488325307418,[4624.0],0.0,0.0,0.0,0.0
2015-09-08 15:16:00,69,-69.0,0.471476182927,[4761.0],0.0,0.0,0.0,0.0
2015-09-08 15:21:00,65,-65.0,0.434161315132,[4225.0],0.0,0.0,0.0,0.0
2015-09-08 15:26:00,70,-70.0,0.425634311844,[4900.0],0.0,0.0,0.0,0.0
2015-09-08 15:29:00,66,-66.0,0.428323052703,[4356.0],0.0,0.0,0.0,0.0
2015-09-08 15:41:00,65,-65.0,0.484387496721,[4225.0],0.0,0.0,0.0,0.0
2015-09-08 16:15:00,64,-64.0,0.523065624704,[4096.0],0.0,0.0,0.0,0.0
2015-09-08 16:31:00,66,-66.0,0.548668828863,[4356.0],0.0,0.0,0.0,0.0
2015-09-08 16:36:00,69,-69.0,0.531881372014,[4761.0],0.0,0.0,0.0,0.0
2015-09-08 16:41:00,64,-64.0,0.536728493171,[4096.0],0.0,0.0,0.0,0.0
2015-09-08 16:56:00,69,-69.0,0.535440395983,[4761.0],0.0,0.0,0.0,0.0
2015-09-08 17:11:00,65,-65.0,0.577957504409,[4225.0],0.0,0.0,0.0,0.0
2015-09-08 17:16:00,68,-68.0,0.544603881857,[4624.0],0.0,0.0,0.0,0.0
2015-09-08 17:21:00,67,-67.0,0.590362972014,[4489.0],0.0,0.0,0.0,0.0
2015-09-08 17:26:00,69,-69.0,0.557425238412,[4761.0],0.0,0.0,0.0,0.0
2015-09-08 17:31:00,66,-66.0,0.538759751493,[4356.0],0.0,0.0,0.0,0.0
2015-09-08 17:36:00,69,-69.0,0.47617021354,[4761.0],0.0,0.0,0.0,0.0
2015-09-08 17:41:00,66,-66.0,0.470362376055,[4356.0],0.0,0.0,0.0,0.0
2015-09-08 17:46:00,65,-65.0,0.51948454097,[4225.0],0.0,0.0,0.0,0.0
2015-09-08 17:51:00,66,-66.0,0.485532956935,[4356.0],0.0,0.0,0.0,0.0
2015-09-08 17:56:00,65,-65.0,0.536042164488,[4225.0],0.0,0.0,0.0,0.0
2015-09-08 17:57:00,64,-64.0,0.536002316719,[4096.0],0.0,0.0,0.0,0.0
2015-09-08 18:36:00,70,-70.0,0.519888227466,[4900.0],0.0,0.0,0.0,0.0
2015-09-08 18:46:00,69,-69.0,0.5018343314,[4761.0],0.0,0.0,0.0,0.0
2015-09-08 18:51:00,66,-66.0,0.537814391487,[4356.0],0.0,0.0,0.0,0.0
2015-09-08 18:56:00,68,-68.0,0.515844490909,[4624.0],0.0,0.0,0.0,0.0
2015-09-08 19:06:00,71,-71.0,0.503141896361,[5041.0],0.0,0.0,0.0,0.0
2015-09-08 20:11:00,63,-63.0,0.524295507878,[3969.0],0.0,0.0,0.0,0.0
2015-09-08 20:31:00,67,-67.0,0.502794179784,[4489.0],0.0,0.0,0.0,0.0
2015-09-08 20:41:00,62,-62.0,0.529933452114,[3844.0],0.0,0.0,0.0,0.0
2015-09-08 20:51:00,64,-64.0,0.532499069625,[4096.0],0.0,0.0,0.0,0.0
2015-09-08 21:01:00,59,-59.0,0.548418097471,[3481.0],0.0,0.0,0.0,0.0
2015-09-08 21:06:00,65,-65.0,0.583257125848,[4225.0],0.0,0.0,0.0,0.0
2015-09-08 21:31:00,58,-58.0,0.617537457634,[3364.0],0.0,0.0,0.0,0.0
2015-09-08 21:41:00,64,-64.0,0.626459791543,[4096.0],0.0,0.0,0.0,0.0
2015-09-08 22:31:00,63,-63.0,0.648590435794,[3969.0],0.0,0.0,0.0,0.0
2015-09-08 22:41:00,66,-66.0,0.678487670689,[4356.0],0.0,0.0,0.0,0.0
2015-09-08 23:16:00,66,-66.0,0.665223718621,[4356.0],0.0,0.0,0.0,0.0
2015-09-08 23:31:00,60,-60.0,0.680773228122,[3600.0],0.0,0.0,0.0,0.0
2015-09-09 00:06:00,57,-57.0,0.665890760204,[3249.0],0.0,0.0,0.0,0.0
2015-09-09 01:16:00,58,-58.0,0.666436610983,[3364.0],0.0,0.0,0.0,0.0
2015-09-09 07:34:00,69,-69.0,0.630186897741,[4761.0],0.0,0.0,0.0,0.0
2015-09-09 09:20:00,70,-70.0,0.611989760605,[4900.0],0.0,0.0,0.0,0.0
2015-09-09 09:58:00,66,-66.0,0.581940106296,[4356.0],0.0,0.0,0.0,0.0
2015-09-09 10:23:00,68,-68.0,0.567840130272,[4624.0],0.0,0.0,0.0,0.0
2015-09-09 10:33:00,65,-65.0,0.559850718722,[4225.0],0.0,0.0,0.0,0.0
2015-09-09 10:38:00,68,-68.0,0.553441638473,[4624.0],0.0,0.0,0.0,0.0
2015-09-09 10:43:00,68,-68.0,0.546840673062,[4624.0],0.0,0.0,0.0,0.0
2015-09-09 10:48:00,70,-70.0,0.506424488375,[4900.0],0.0,0.0,0.0,0.0
2015-09-09 10:53:00,67,-67.0,0.46377194098,[4489.0],0.0,0.0,0.0,0.0
2015-09-09 11:03:00,73,-73.0,0.410211860754,[5329.0],0.0,0.0,0.0,0.0
2015-09-09 11:08:00,77,-77.0,0.40181803285,[5929.0],0.0,0.0,0.0,0.0
2015-09-09 11:13:00,75,-75.0,0.397992086098,[5625.0],0.0,0.0,0.0,0.0
2015-09-09 11:18:00,71,-71.0,0.385747749926,[5041.0],0.0,0.0,0.0,0.0
2015-09-09 11:23:00,73,-73.0,0.377599754383,[5329.0],0.0,0.0,0.0,0.0
2015-09-09 11:43:00,68,-68.0,0.36779845298,[4624.0],0.0,0.0,0.0,0.0
2015-09-09 11:48:00,58,-58.0,0.400554771807,[3364.0],0.0,0.0,0.0,0.0
2015-09-09 12:03:00,65,-65.0,0.407301935144,[4225.0],0.0,0.0,0.0,0.0
2015-09-09 12:13:00,65,-65.0,0.420114722614,[4225.0],0.0,0.0,0.0,0.0
2015-09-09 12:33:00,65,-65.0,0.424465482931,[4225.0],0.0,0.0,0.0,0.0
2015-09-09 12:48:00,66,-66.0,0.444326726253,[4356.0],0.0,0.0,0.0,0.0
2015-09-09 13:08:00,74,-74.0,0.45841211117,[5476.0],0.0,0.0,0.0,0.0
2015-09-09 13:33:00,64,-64.0,0.489414556889,[4096.0],0.0,0.0,0.0,0.0
2015-09-09 13:38:00,68,-68.0,0.498808512801,[4624.0],0.0,0.0,0.0,0.0
2015-09-09 13:43:00,65,-65.0,0.522255765237,[4225.0],0.0,0.0,0.0,0.0
2015-09-09 13:48:00,69,-69.0,0.52035466021,[4761.0],0.0,0.0,0.0,0.0
2015-09-09 13:53:00,70,-70.0,0.485283393642,[4900.0],0.0,0.0,0.0,0.0
2015-09-09 13:58:00,64,-64.0,0.48723559473,[4096.0],0.0,0.0,0.0,0.0
2015-09-09 14:08:00,65,-65.0,0.486494649223,[4225.0],0.0,0.0,0.0,0.0
2015-09-09 14:13:00,67,-67.0,0.480251511632,[4489.0],0.0,0.0,0.0,0.0
2015-09-09 14:38:00,68,-68.0,0.474292090124,[4624.0],0.0,0.0,0.0,0.0
2015-09-09 14:48:00,66,-66.0,0.499307018571,[4356.0],0.0,0.0,0.0,0.0
2015-09-09 14:53:00,63,-63.0,0.501141036667,[3969.0],0.0,0.0,0.0,0.0
2015-09-09 15:03:00,68,-68.0,0.501708101505,[4624.0],0.0,0.0,0.0,0.0
2015-09-09 15:08:00,68,-68.0,0.492499542954,[4624.0],0.0,0.0,0.0,0.0
2015-09-09 15:13:00,73,-73.0,0.482355283266,[5329.0],0.0,0.0,0.0,0.0
2015-09-09 15:18:00,79,-79.0,0.462943959556,[6241.0],0.0,0.0,0.0,0.0
2015-09-09 15:23:00,64,-64.0,0.461869961094,[4096.0],0.0,0.0,0.0,0.0
2015-09-09 15:28:00,67,-67.0,0.45582117221,[4489.0],0.0,0.0,0.0,0.0
2015-09-09 15:38:00,62,-62.0,0.468804578415,[3844.0],0.0,0.0,0.0,0.0
2015-09-09 15:43:00,68,-68.0,0.468907443487,[4624.0],0.0,0.0,0.0,0.0
2015-09-09 15:48:00,70,-70.0,0.458362886319,[4900.0],0.0,0.0,0.0,0.0
2015-09-09 16:08:00,67,-67.0,0.44642731707,[4489.0],0.0,0.0,0.0,0.0
2015-09-09 16:13:00,70,-70.0,0.441497605,[4900.0],0.0,0.0,0.0,0.0
2015-09-09 16:23:00,65,-65.0,0.44923346008,[4225.0],0.0,0.0,0.0,0.0
2015-09-09 16:33:00,67,-67.0,0.466523591529,[4489.0],0.0,0.0,0.0,0.0
2015-09-09 16:43:00,71,-71.0,0.491590334843,[5041.0],0.0,0.0,0.0,0.0
2015-09-09 16:48:00,69,-69.0,0.477283012619,[4761.0],0.0,0.0,0.0,0.0
2015-09-09 16:53:00,64,-64.0,0.485320785337,[4096.0],0.0,0.0,0.0,0.0
2015-09-09 16:58:00,63,-63.0,0.481212442742,[3969.0],0.0,0.0,0.0,0.0
2015-09-09 17:03:00,62,-62.0,0.497784173552,[3844.0],0.0,0.0,0.0,0.0
2015-09-09 17:08:00,55,-55.0,0.535776648979,[3025.0],0.0,0.0,0.0,0.0
2015-09-09 17:13:00,48,-48.0,0.567775877405,[2304.0],0.0,0.0,0.0,0.0
2015-09-09 17:18:00,56,-56.0,0.592001610687,[3136.0],0.0,0.0,0.0,0.0
2015-09-09 17:23:00,51,-51.0,0.60669739125,[2601.0],0.0,0.0,0.0,0.0
2015-09-09 17:28:00,60,-60.0,0.617714308513,[3600.0],0.0,0.0,0.0,0.0
2015-09-09 17:33:00,43,-43.0,0.635129239864,[1849.0],0.0,0.0,0.0,0.0
2015-09-09 17:38:00,62,-62.0,0.645378689885,[3844.0],0.0,0.0,0.0,0.0
2015-09-09 17:43:00,70,-70.0,0.637517820769,[4900.0],0.0,0.0,0.0,0.0
2015-09-09 17:48:00,65,-65.0,0.635567311307,[4225.0],0.0,0.0,0.0,0.0
2015-09-09 17:58:00,70,-70.0,0.624459315561,[4900.0],0.0,0.0,0.0,0.0
2015-09-09 18:03:00,67,-67.0,0.607182987725,[4489.0],0.0,0.0,0.0,0.0
2015-09-09 18:13:00,70,-70.0,0.573544766495,[4900.0],0.0,0.0,0.0,0.0
2015-09-09 18:18:00,67,-67.0,0.556668647608,[4489.0],0.0,0.0,0.0,0.0
2015-09-09 18:23:00,69,-69.0,0.528169432155,[4761.0],0.0,0.0,0.0,0.0
2015-09-09 18:28:00,69,-69.0,0.513979879893,[4761.0],0.0,0.0,0.0,0.0
2015-09-09 18:38:00,68,-68.0,0.473017467636,[4624.0],0.0,0.0,0.0,0.0
2015-09-09 18:43:00,67,-67.0,0.464613889038,[4489.0],0.0,0.0,0.0,0.0
2015-09-09 19:03:00,66,-66.0,0.471012335249,[4356.0],0.0,0.0,0.0,0.0
2015-09-09 19:38:00,63,-63.0,0.473811075803,[3969.0],0.0,0.0,0.0,0.0
2015-09-09 19:48:00,68,-68.0,0.477299076315,[4624.0],0.0,0.0,0.0,0.0
2015-09-09 20:03:00,68,-68.0,0.475701078811,[4624.0],0.0,0.0,0.0,0.0
2015-09-09 20:13:00,65,-65.0,0.48398726012,[4225.0],0.0,0.0,0.0,0.0
2015-09-09 20:18:00,60,-60.0,0.495255592612,[3600.0],0.0,0.0,0.0,0.0
2015-09-09 20:23:00,65,-65.0,0.502007097326,[4225.0],0.0,0.0,0.0,0.0
2015-09-09 20:38:00,64,-64.0,0.510459710424,[4096.0],0.0,0.0,0.0,0.0
2015-09-09 20:58:00,57,-57.0,0.527843775058,[3249.0],0.0,0.0,0.0,0.0
2015-09-09 21:13:00,57,-57.0,0.542902172489,[3249.0],0.0,0.0,0.0,0.0
2015-09-09 21:28:00,62,-62.0,0.549219705504,[3844.0],0.0,0.0,0.0,0.0
2015-09-09 21:33:00,55,-55.0,0.559419864056,[3025.0],0.0,0.0,0.0,0.0
2015-09-09 21:48:00,61,-61.0,0.570175806467,[3721.0],0.0,0.0,0.0,0.0
2015-09-09 21:53:00,61,-61.0,0.580909572417,[3721.0],0.0,0.0,0.0,0.0
2015-09-09 22:33:00,58,-58.0,0.590258584887,[3364.0],0.0,0.0,0.0,0.0
2015-09-09 22:41:00,65,-65.0,0.582871235485,[4225.0],0.0,0.0,0.0,0.0
2015-09-09 23:38:00,65,-65.0,0.583394053666,[4225.0],0.0,0.0,0.0,0.0
2015-09-09 23:53:00,62,-62.0,0.586474024981,[3844.0],0.0,0.0,0.0,0.0
2015-09-10 05:33:00,68,-68.0,0.569337199245,[4624.0],0.0,0.0,0.0,0.0
2015-09-10 05:45:00,61,-61.0,0.562307282629,[3721.0],0.0,0.0,0.0,0.0
2015-09-10 08:00:00,62,-62.0,0.562097759546,[3844.0],0.0,0.0,0.0,0.0
2015-09-10 08:18:00,73,-73.0,0.532903849744,[5329.0],0.0,0.0,0.0,0.0
2015-09-10 08:33:00,70,-70.0,0.51861789363,[4900.0],0.0,0.0,0.0,0.0
2015-09-10 08:43:00,65,-65.0,0.512021355782,[4225.0],0.0,0.0,0.0,0.0
2015-09-10 08:53:00,65,-65.0,0.500302582244,[4225.0],0.0,0.0,0.0,0.0
2015-09-10 09:13:00,61,-61.0,0.506476854026,[3721.0],0.0,0.0,0.0,0.0
2015-09-10 09:23:00,64,-64.0,0.508020673777,[4096.0],0.0,0.0,0.0,0.0
2015-09-10 09:28:00,62,-62.0,0.507634369015,[3844.0],0.0,0.0,0.0,0.0
2015-09-10 09:48:00,75,-75.0,0.496923511222,[5625.0],0.0,0.0,0.0,0.0
2015-09-10 09:52:00,66,-66.0,0.48858298091,[4356.0],0.0,0.0,0.0,0.0
2015-09-10 10:02:00,71,-71.0,0.474179054351,[5041.0],0.0,0.0,0.0,0.0
2015-09-10 10:07:00,66,-66.0,0.485803158502,[4356.0],0.0,0.0,0.0,0.0
2015-09-10 10:22:00,67,-67.0,0.490939697792,[4489.0],0.0,0.0,0.0,0.0
2015-09-10 10:27:00,65,-65.0,0.490807279076,[4225.0],0.0,0.0,0.0,0.0
2015-09-10 10:32:00,67,-67.0,0.487475700469,[4489.0],0.0,0.0,0.0,0.0
2015-09-10 10:42:00,67,-67.0,0.477218051776,[4489.0],0.0,0.0,0.0,0.0
2015-09-10 10:47:00,65,-65.0,0.475267686316,[4225.0],0.0,0.0,0.0,0.0
2015-09-10 10:52:00,68,-68.0,0.464976623675,[4624.0],0.0,0.0,0.0,0.0
2015-09-10 11:27:00,64,-64.0,0.483831713409,[4096.0],0.0,0.0,0.0,0.0
2015-09-10 11:37:00,72,-72.0,0.47414799972,[5184.0],0.0,0.0,0.0,0.0
2015-09-10 11:42:00,62,-62.0,0.489399201939,[3844.0],0.0,0.0,0.0,0.0
2015-09-10 11:47:00,72,-72.0,0.4796914087,[5184.0],0.0,0.0,0.0,0.0
2015-09-10 11:52:00,72,-72.0,0.471797815485,[5184.0],0.0,0.0,0.0,0.0
2015-09-10 11:57:00,68,-68.0,0.466689290475,[4624.0],0.0,0.0,0.0,0.0
2015-09-10 12:07:00,64,-64.0,0.471560682244,[4096.0],0.0,0.0,0.0,0.0
2015-09-10 12:12:00,63,-63.0,0.47816888028,[3969.0],0.0,0.0,0.0,0.0
2015-09-10 12:37:00,65,-65.0,0.477959464163,[4225.0],0.0,0.0,0.0,0.0
2015-09-10 12:42:00,72,-72.0,0.471682070301,[5184.0],0.0,0.0,0.0,0.0
2015-09-10 12:57:00,67,-67.0,0.466354925562,[4489.0],0.0,0.0,0.0,0.0
2015-09-10 13:07:00,66,-66.0,0.476836358222,[4356.0],0.0,0.0,0.0,0.0
2015-09-10 13:17:00,71,-71.0,0.461443312438,[5041.0],0.0,0.0,0.0,0.0
2015-09-10 13:32:00,71,-71.0,0.46378929678,[5041.0],0.0,0.0,0.0,0.0
2015-09-10 13:42:00,67,-67.0,0.472614500102,[4489.0],0.0,0.0,0.0,0.0
2015-09-10 13:47:00,68,-68.0,0.472708809616,[4624.0],0.0,0.0,0.0,0.0
2015-09-10 14:02:00,65,-65.0,0.470665170939,[4225.0],0.0,0.0,0.0,0.0
2015-09-10 14:07:00,70,-70.0,0.458447362016,[4900.0],0.0,0.0,0.0,0.0
2015-09-10 14:17:00,71,-71.0,0.448247111718,[5041.0],0.0,0.0,0.0,0.0
2015-09-10 14:32:00,65,-65.0,0.460497715255,[4225.0],0.0,0.0,0.0,0.0
2015-09-10 14:37:00,69,-69.0,0.45706078257,[4761.0],0.0,0.0,0.0,0.0
2015-09-10 14:42:00,69,-69.0,0.451787216297,[4761.0],0.0,0.0,0.0,0.0
2015-09-10 14:47:00,69,-69.0,0.455582604538,[4761.0],0.0,0.0,0.0,0.0
2015-09-10 14:57:00,69,-69.0,0.459403584132,[4761.0],0.0,0.0,0.0,0.0
2015-09-10 15:02:00,71,-71.0,0.452633979793,[5041.0],0.0,0.0,0.0,0.0
2015-09-10 15:07:00,64,-64.0,0.459559914156,[4096.0],0.0,0.0,0.0,0.0
2015-09-10 15:12:00,64,-64.0,0.461024460058,[4096.0],0.0,0.0,0.0,0.0
2015-09-10 15:17:00,66,-66.0,0.468241130958,[4356.0],0.0,0.0,0.0,0.0
2015-09-10 15:22:00,76,-76.0,0.460725436822,[5776.0],0.0,0.0,0.0,0.0
2015-09-10 15:27:00,64,-64.0,0.462182839855,[4096.0],0.0,0.0,0.0,0.0
2015-09-10 15:32:00,67,-67.0,0.465760079602,[4489.0],0.0,0.0,0.0,0.0
2015-09-10 15:37:00,64,-64.0,0.474655394979,[4096.0],0.0,0.0,0.0,0.0
2015-09-10 15:42:00,70,-70.0,0.47315367633,[4900.0],0.0,0.0,0.0,0.0
2015-09-10 15:47:00,70,-70.0,0.471643263559,[4900.0],0.0,0.0,0.0,0.0
2015-09-10 15:52:00,68,-68.0,0.477297062256,[4624.0],0.0,0.0,0.0,0.0
2015-09-10 15:57:00,69,-69.0,0.468166060774,[4761.0],0.0,0.0,0.0,0.0
2015-09-10 16:02:00,68,-68.0,0.460719450444,[4624.0],0.0,0.0,0.0,0.0
2015-09-10 16:12:00,68,-68.0,0.456976178437,[4624.0],0.0,0.0,0.0,0.0
2015-09-10 16:17:00,69,-69.0,0.470328256803,[4761.0],0.0,0.0,0.0,0.0
2015-09-10 16:22:00,63,-63.0,0.471841105123,[3969.0],0.0,0.0,0.0,0.0
2015-09-10 16:27:00,67,-67.0,0.47178866548,[4489.0],0.0,0.0,0.0,0.0
2015-09-10 16:32:00,66,-66.0,0.467808013263,[4356.0],0.0,0.0,0.0,0.0
2015-09-10 16:37:00,68,-68.0,0.471697341974,[4624.0],0.0,0.0,0.0,0.0
2015-09-10 16:42:00,66,-66.0,0.479275230345,[4356.0],0.0,0.0,0.0,0.0
2015-09-10 16:47:00,67,-67.0,0.481203246202,[4489.0],0.0,0.0,0.0,0.0
2015-09-10 16:52:00,67,-67.0,0.485103821466,[4489.0],0.0,0.0,0.0,0.0
2015-09-10 16:57:00,68,-68.0,0.485221996665,[4624.0],0.0,0.0,0.0,0.0
2015-09-10 17:02:00,64,-64.0,0.492838952725,[4096.0],0.0,0.0,0.0,0.0
2015-09-10 17:07:00,67,-67.0,0.496847643755,[4489.0],0.0,0.0,0.0,0.0
2015-09-10 17:12:00,62,-62.0,0.498430262272,[3844.0],0.0,0.0,0.0,0.0
2015-09-10 17:17:00,67,-67.0,0.498507110033,[4489.0],0.0,0.0,0.0,0.0
2015-09-10 17:22:00,66,-66.0,0.498487976149,[4356.0],0.0,0.0,0.0,0.0
2015-09-10 17:32:00,66,-66.0,0.502488121147,[4356.0],0.0,0.0,0.0,0.0
2015-09-10 17:37:00,67,-67.0,0.500564512112,[4489.0],0.0,0.0,0.0,0.0
2015-09-10 17:42:00,62,-62.0,0.510271390771,[3844.0],0.0,0.0,0.0,0.0
2015-09-10 17:47:00,63,-63.0,0.518095887514,[3969.0],0.0,0.0,0.0,0.0
2015-09-10 17:52:00,66,-66.0,0.522235753597,[4356.0],0.0,0.0,0.0,0.0
2015-09-10 18:07:00,69,-69.0,0.512380335441,[4761.0],0.0,0.0,0.0,0.0
2015-09-10 18:12:00,70,-70.0,0.506636716831,[4900.0],0.0,0.0,0.0,0.0
2015-09-10 18:17:00,70,-70.0,0.490655145282,[4900.0],0.0,0.0,0.0,0.0
2015-09-10 18:22:00,67,-67.0,0.490694426107,[4489.0],0.0,0.0,0.0,0.0
2015-09-10 18:37:00,66,-66.0,0.490637972271,[4356.0],0.0,0.0,0.0,0.0
2015-09-10 18:42:00,68,-68.0,0.486637742221,[4624.0],0.0,0.0,0.0,0.0
2015-09-10 18:47:00,71,-71.0,0.478837186985,[5041.0],0.0,0.0,0.0,0.0
2015-09-10 18:52:00,62,-62.0,0.47843891412,[3844.0],0.0,0.0,0.0,0.0
2015-09-10 18:57:00,68,-68.0,0.468167735138,[4624.0],0.0,0.0,0.0,0.0
2015-09-10 19:32:00,62,-62.0,0.476060064853,[3844.0],0.0,0.0,0.0,0.0
2015-09-10 19:37:00,64,-64.0,0.486194128801,[4096.0],0.0,0.0,0.0,0.0
2015-09-10 19:47:00,69,-69.0,0.488513075539,[4761.0],0.0,0.0,0.0,0.0
2015-09-10 19:57:00,63,-63.0,0.502860923585,[3969.0],0.0,0.0,0.0,0.0
2015-09-10 20:02:00,64,-64.0,0.508978715371,[4096.0],0.0,0.0,0.0,0.0
2015-09-10 21:02:00,62,-62.0,0.517011277475,[3844.0],0.0,0.0,0.0,0.0
2015-09-10 21:12:00,69,-69.0,0.515211253083,[4761.0],0.0,0.0,0.0,0.0
2015-09-10 21:27:00,65,-65.0,0.527851151803,[4225.0],0.0,0.0,0.0,0.0
2015-09-10 21:57:00,56,-56.0,0.538849942802,[3136.0],0.0,0.0,0.0,0.0
2015-09-10 22:12:00,64,-64.0,0.54708306167,[4096.0],0.0,0.0,0.0,0.0
2015-09-10 23:42:00,70,-70.0,0.530865069391,[4900.0],0.0,0.0,0.0,0.0
2015-09-10 23:47:00,61,-61.0,0.536597384465,[3721.0],0.0,0.0,0.0,0.0
2015-09-11 05:27:00,64,-64.0,0.546927831853,[4096.0],0.0,0.0,0.0,0.0
2015-09-11 05:47:00,68,-68.0,0.536832117151,[4624.0],0.0,0.0,0.0,0.0
2015-09-11 06:17:00,65,-65.0,0.534788027689,[4225.0],0.0,0.0,0.0,0.0
2015-09-11 06:37:00,70,-70.0,0.518346074661,[4900.0],0.0,0.0,0.0,0.0
2015-09-11 06:42:00,65,-65.0,0.52677029964,[4225.0],0.0,0.0,0.0,0.0
2015-09-11 06:57:00,65,-65.0,0.52678119215,[4225.0],0.0,0.0,0.0,0.0
2015-09-11 07:07:00,70,-70.0,0.497418554009,[4900.0],0.0,0.0,0.0,0.0
2015-09-11 07:12:00,73,-73.0,0.479042495715,[5329.0],0.0,0.0,0.0,0.0
2015-09-11 07:32:00,69,-69.0,0.481358762422,[4761.0],0.0,0.0,0.0,0.0
2015-09-11 07:42:00,68,-68.0,0.46662827014,[4624.0],0.0,0.0,0.0,0.0
2015-09-11 08:12:00,65,-65.0,0.464280881112,[4225.0],0.0,0.0,0.0,0.0
2015-09-11 08:42:00,68,-68.0,0.464325285145,[4624.0],0.0,0.0,0.0,0.0
2015-09-11 08:47:00,69,-69.0,0.455961301153,[4761.0],0.0,0.0,0.0,0.0
2015-09-11 09:12:00,71,-71.0,0.454295258081,[5041.0],0.0,0.0,0.0,0.0
2015-09-11 09:17:00,70,-70.0,0.443956196337,[4900.0],0.0,0.0,0.0,0.0
2015-09-11 09:27:00,64,-64.0,0.445734195026,[4096.0],0.0,0.0,0.0,0.0
2015-09-11 09:32:00,68,-68.0,0.449989226194,[4624.0],0.0,0.0,0.0,0.0
2015-09-11 09:37:00,70,-70.0,0.456701421172,[4900.0],0.0,0.0,0.0,0.0
2015-09-11 09:52:00,66,-66.0,0.462981881409,[4356.0],0.0,0.0,0.0,0.0
2015-09-11 09:57:00,71,-71.0,0.456963948086,[5041.0],0.0,0.0,0.0,0.0
2015-09-11 10:07:00,68,-68.0,0.450505686894,[4624.0],0.0,0.0,0.0,0.0
2015-09-11 10:27:00,63,-63.0,0.460959484077,[3969.0],0.0,0.0,0.0,0.0
2015-09-11 10:39:00,66,-66.0,0.467315645882,[4356.0],0.0,0.0,0.0,0.0
2015-09-11 10:49:00,65,-65.0,0.480217353006,[4225.0],0.0,0.0,0.0,0.0
2015-09-11 11:19:00,69,-69.0,0.48260431832,[4761.0],0.0,0.0,0.0,0.0
2015-09-11 11:29:00,70,-70.0,0.46974485541,[4900.0],0.0,0.0,0.0,0.0
2015-09-11 11:34:00,67,-67.0,0.471898591017,[4489.0],0.0,0.0,0.0,0.0
2015-09-11 11:39:00,63,-63.0,0.48702930759,[3969.0],0.0,0.0,0.0,0.0
2015-09-11 11:44:00,68,-68.0,0.482708500282,[4624.0],0.0,0.0,0.0,0.0
2015-09-11 11:54:00,71,-71.0,0.483124859875,[5041.0],0.0,0.0,0.0,0.0
2015-09-11 12:04:00,60,-60.0,0.500314990236,[3600.0],0.0,0.0,0.0,0.0
2015-09-11 12:14:00,81,-81.0,0.463413281086,[6561.0],0.0,0.0,0.0,0.0
2015-09-11 12:39:00,69,-69.0,0.457210822524,[4761.0],0.0,0.0,0.0,0.0
2015-09-11 12:44:00,71,-71.0,0.444980328299,[5041.0],0.0,0.0,0.0,0.0
2015-09-11 12:49:00,64,-64.0,0.455202919727,[4096.0],0.0,0.0,0.0,0.0
2015-09-11 12:54:00,65,-65.0,0.465566326394,[4225.0],0.0,0.0,0.0,0.0
2015-09-11 12:59:00,69,-69.0,0.461443296886,[4761.0],0.0,0.0,0.0,0.0
2015-09-11 13:09:00,66,-66.0,0.454876618125,[4356.0],0.0,0.0,0.0,0.0
2015-09-11 13:24:00,65,-65.0,0.461049822145,[4225.0],0.0,0.0,0.0,0.0
2015-09-11 13:29:00,67,-67.0,0.469578796022,[4489.0],0.0,0.0,0.0,0.0
2015-09-11 13:39:00,67,-67.0,0.454416245276,[4489.0],0.0,0.0,0.0,0.0
2015-09-11 13:44:00,66,-66.0,0.486778503091,[4356.0],0.0,0.0,0.0,0.0
2015-09-11 13:49:00,69,-69.0,0.486962168481,[4761.0],0.0,0.0,0.0,0.0
2015-09-11 13:54:00,70,-70.0,0.489421715015,[4900.0],0.0,0.0,0.0,0.0
2015-09-11 14:04:00,65,-65.0,0.487095213858,[4225.0],0.0,0.0,0.0,0.0
2015-09-11 14:14:00,68,-68.0,0.480603154389,[4624.0],0.0,0.0,0.0,0.0
2015-09-11 14:19:00,68,-68.0,0.482877488324,[4624.0],0.0,0.0,0.0,0.0
2015-09-11 14:24:00,66,-66.0,0.482791965999,[4356.0],0.0,0.0,0.0,0.0
2015-09-11 14:29:00,67,-67.0,0.478353263256,[4489.0],0.0,0.0,0.0,0.0
2015-09-11 14:39:00,66,-66.0,0.480475940329,[4356.0],0.0,0.0,0.0,0.0
2015-09-11 14:44:00,67,-67.0,0.480462080713,[4489.0],0.0,0.0,0.0,0.0
2015-09-11 14:54:00,66,-66.0,0.480368853892,[4356.0],0.0,0.0,0.0,0.0
2015-09-11 14:59:00,65,-65.0,0.489193372299,[4225.0],0.0,0.0,0.0,0.0
2015-09-11 15:09:00,69,-69.0,0.491633057255,[4761.0],0.0,0.0,0.0,0.0
2015-09-11 15:14:00,69,-69.0,0.48279505721,[4761.0],0.0,0.0,0.0,0.0
2015-09-11 15:19:00,70,-70.0,0.478549590185,[4900.0],0.0,0.0,0.0,0.0
2015-09-11 15:24:00,67,-67.0,0.480792961837,[4489.0],0.0,0.0,0.0,0.0
2015-09-11 15:29:00,68,-68.0,0.476322854645,[4624.0],0.0,0.0,0.0,0.0
2015-09-11 15:34:00,64,-64.0,0.482915170861,[4096.0],0.0,-1.0,-2.0,-1.0
2015-09-11 15:39:00,66,-66.0,0.48283036225,[4356.0],0.0,0.0,0.0,0.0
2015-09-11 15:44:00,66,-66.0,0.485038788757,[4356.0],0.0,0.0,0.0,0.0
2015-09-11 15:49:00,62,-62.0,0.493881682811,[3844.0],0.0,0.0,0.0,0.0
2015-09-11 15:54:00,66,-66.0,0.491533723053,[4356.0],0.0,0.0,0.0,0.0
2015-09-11 15:59:00,60,-60.0,0.511711906434,[3600.0],0.0,0.0,0.0,0.0
2015-09-11 16:04:00,66,-66.0,0.518621174699,[4356.0],0.0,0.0,0.0,0.0
2015-09-11 16:09:00,68,-68.0,0.523408151135,[4624.0],0.0,0.0,0.0,0.0
2015-09-11 16:14:00,64,-64.0,0.530203492253,[4096.0],0.0,0.0,0.0,0.0
2015-09-11 16:19:00,66,-66.0,0.534901852836,[4356.0],0.0,0.0,0.0,0.0
2015-09-11 16:24:00,60,-60.0,0.543468288986,[3600.0],0.0,0.0,0.0,0.0
2015-09-11 16:29:00,70,-70.0,0.534579042025,[4900.0],0.0,0.0,0.0,0.0
2015-09-11 16:34:00,65,-65.0,0.536891347395,[4225.0],0.0,0.0,0.0,0.0
2015-09-11 16:39:00,59,-59.0,0.542970806882,[3481.0],0.0,0.0,0.0,0.0
2015-09-11 16:44:00,23,-23.0,0.60195784627,[529.0],0.0,0.0,0.0,0.0
2015-09-11 16:49:00,52,-52.0,0.611728884902,[2704.0],0.0,0.0,0.0,0.0
2015-09-11 16:54:00,56,-56.0,0.625875425864,[3136.0],0.0,0.0,0.0,0.0
2015-09-11 16:59:00,67,-67.0,0.627873144343,[4489.0],0.0,0.0,0.0,0.0
2015-09-11 17:04:00,63,-63.0,0.629535185454,[3969.0],0.0,0.0,0.0,0.0
2015-09-11 17:09:00,61,-61.0,0.637092023365,[3721.0],0.0,0.0,0.0,0.0
2015-09-11 17:14:00,65,-65.0,0.629588576105,[4225.0],0.0,0.0,0.0,0.0
2015-09-11 17:19:00,63,-63.0,0.640683076103,[3969.0],0.0,0.0,0.0,0.0
2015-09-11 17:24:00,62,-62.0,0.645308653374,[3844.0],0.0,0.0,0.0,0.0
2015-09-11 17:29:00,66,-66.0,0.634753426608,[4356.0],0.0,0.0,0.0,0.0
2015-09-11 17:34:00,62,-62.0,0.571564073399,[3844.0],0.0,0.0,0.0,0.0
2015-09-11 17:39:00,70,-70.0,0.541942685672,[4900.0],0.0,0.0,0.0,0.0
2015-09-11 17:44:00,68,-68.0,0.522026692077,[4624.0],0.0,0.0,0.0,0.0
2015-09-11 17:49:00,69,-69.0,0.518858166141,[4761.0],0.0,0.0,0.0,0.0
2015-09-11 17:54:00,69,-69.0,0.508919739625,[4761.0],0.0,0.0,0.0,0.0
2015-09-11 17:59:00,69,-69.0,0.49555025209,[4761.0],0.0,0.0,0.0,0.0
2015-09-11 18:04:00,64,-64.0,0.49712936787,[4096.0],0.0,0.0,0.0,0.0
2015-09-11 18:09:00,68,-68.0,0.488718425208,[4624.0],0.0,0.0,0.0,0.0
2015-09-11 18:11:00,70,-70.0,0.47530140579,[4900.0],0.0,0.0,0.0,0.0
2015-09-11 18:16:00,65,-65.0,0.476879847481,[4225.0],0.0,0.0,0.0,0.0
2015-09-11 18:21:00,70,-70.0,0.463420391863,[4900.0],0.0,0.0,0.0,0.0
2015-09-11 18:26:00,67,-67.0,0.46848876608,[4489.0],0.0,0.0,0.0,0.0
2015-09-11 18:31:00,64,-64.0,0.475163640358,[4096.0],0.0,0.0,0.0,0.0
2015-09-11 18:36:00,67,-67.0,0.478583436082,[4489.0],0.0,0.0,0.0,0.0
2015-09-11 18:41:00,67,-67.0,0.482024814899,[4489.0],0.0,0.0,0.0,0.0
2015-09-11 18:51:00,68,-68.0,0.48381256244,[4624.0],0.0,0.0,0.0,0.0
2015-09-11 18:56:00,68,-68.0,0.476928550234,[4624.0],0.0,0.0,0.0,0.0
2015-09-11 19:01:00,68,-68.0,0.476970843441,[4624.0],0.0,0.0,0.0,0.0
2015-09-11 19:26:00,63,-63.0,0.488977719874,[3969.0],0.0,0.0,0.0,0.0
2015-09-11 19:41:00,62,-62.0,0.493997375214,[3844.0],0.0,0.0,0.0,0.0
2015-09-11 19:46:00,69,-69.0,0.495888743381,[4761.0],0.0,0.0,0.0,0.0
2015-09-11 20:01:00,61,-61.0,0.506125703014,[3721.0],0.0,0.0,0.0,0.0
2015-09-11 20:06:00,58,-58.0,0.516117570476,[3364.0],0.0,0.0,0.0,0.0
2015-09-11 20:16:00,61,-61.0,0.526279683762,[3721.0],0.0,0.0,0.0,0.0
2015-09-11 20:26:00,63,-63.0,0.533124668569,[3969.0],0.0,0.0,0.0,0.0
2015-09-11 20:36:00,62,-62.0,0.543368315305,[3844.0],0.0,0.0,0.0,0.0
2015-09-11 20:46:00,66,-66.0,0.546970871998,[4356.0],0.0,0.0,0.0,0.0
2015-09-11 20:51:00,65,-65.0,0.55227265745,[4225.0],0.0,0.0,0.0,0.0
2015-09-11 21:01:00,60,-60.0,0.557091143487,[3600.0],0.0,0.0,0.0,0.0
2015-09-11 21:21:00,64,-64.0,0.553651250594,[4096.0],0.0,0.0,0.0,0.0
2015-09-11 21:51:00,59,-59.0,0.570418489439,[3481.0],0.0,0.0,0.0,0.0
2015-09-11 21:56:00,56,-56.0,0.577792955494,[3136.0],0.0,0.0,0.0,0.0
2015-09-11 21:59:00,47,-47.0,0.591761323325,[2209.0],0.0,0.0,0.0,0.0
2015-09-11 22:16:00,60,-60.0,0.592998471986,[3600.0],0.0,0.0,0.0,0.0
2015-09-11 22:41:00,56,-56.0,0.602962122504,[3136.0],0.0,0.0,0.0,0.0
2015-09-11 23:41:00,57,-57.0,0.609841209032,[3249.0],0.0,0.0,0.0,0.0
2015-09-12 00:16:00,79,-79.0,0.588306854767,[6241.0],0.0,0.0,0.0,0.0
2015-09-12 00:46:00,62,-62.0,0.592947813818,[3844.0],0.0,0.0,0.0,0.0
2015-09-12 02:56:00,64,-64.0,0.586792029292,[4096.0],0.0,0.0,0.0,0.0
2015-09-12 03:41:00,58,-58.0,0.59550223143,[3364.0],0.0,0.0,0.0,0.0
2015-09-12 05:06:00,78,-78.0,0.565200950569,[6084.0],0.0,0.0,0.0,0.0
2015-09-12 06:51:00,75,-75.0,0.535467679865,[5625.0],0.0,0.0,0.0,0.0
2015-09-12 07:11:00,71,-71.0,0.49789791639,[5041.0],0.0,0.0,0.0,0.0
2015-09-12 07:41:00,70,-70.0,0.482302505351,[4900.0],0.0,0.0,0.0,0.0
2015-09-12 07:51:00,73,-73.0,0.455992711898,[5329.0],0.0,0.0,0.0,0.0
2015-09-12 08:01:00,70,-70.0,0.435842567522,[4900.0],0.0,0.0,0.0,0.0
2015-09-12 08:16:00,70,-70.0,0.450001188427,[4900.0],0.0,0.0,0.0,0.0
2015-09-12 08:46:00,80,-80.0,0.42399223024,[6400.0],0.0,0.0,0.0,0.0
2015-09-12 08:56:00,66,-66.0,0.420743492975,[4356.0],0.0,0.0,0.0,0.0
2015-09-12 09:16:00,68,-68.0,0.405466167202,[4624.0],0.0,0.0,0.0,0.0
2015-09-12 09:21:00,76,-76.0,0.409608959404,[5776.0],0.0,0.0,0.0,0.0
2015-09-12 09:26:00,66,-66.0,0.422985767063,[4356.0],0.0,0.0,0.0,0.0
2015-09-12 09:56:00,69,-69.0,0.426020286776,[4761.0],0.0,0.0,0.0,0.0
2015-09-12 10:06:00,69,-69.0,0.427541788331,[4761.0],0.0,0.0,0.0,0.0
2015-09-12 10:16:00,70,-70.0,0.432223671023,[4900.0],0.0,0.0,0.0,0.0
2015-09-12 10:46:00,72,-72.0,0.429480054325,[5184.0],0.0,0.0,0.0,0.0
2015-09-12 10:51:00,67,-67.0,0.433941220647,[4489.0],0.0,0.0,0.0,0.0
2015-09-12 10:56:00,71,-71.0,0.447996867151,[5041.0],0.0,0.0,0.0,0.0
2015-09-12 11:06:00,64,-64.0,0.450893092434,[4096.0],0.0,0.0,0.0,0.0
2015-09-12 11:31:00,67,-67.0,0.452360108783,[4489.0],0.0,0.0,0.0,0.0
2015-09-12 11:41:00,75,-75.0,0.454537530637,[5625.0],0.0,0.0,0.0,0.0
2015-09-12 11:46:00,68,-68.0,0.451417137336,[4624.0],0.0,0.0,0.0,0.0
2015-09-12 12:06:00,67,-67.0,0.454436205182,[4489.0],0.0,0.0,0.0,0.0
2015-09-12 12:11:00,71,-71.0,0.451525178953,[5041.0],0.0,0.0,0.0,0.0
2015-09-12 12:16:00,65,-65.0,0.459147450429,[4225.0],0.0,0.0,0.0,0.0
2015-09-12 12:26:00,67,-67.0,0.466904326207,[4489.0],0.0,0.0,0.0,0.0
2015-09-12 12:31:00,77,-77.0,0.452173113204,[5929.0],0.0,0.0,0.0,0.0
2015-09-12 12:36:00,67,-67.0,0.458290387298,[4489.0],0.0,0.0,0.0,0.0
2015-09-12 12:46:00,67,-67.0,0.453556882129,[4489.0],0.0,0.0,0.0,0.0
2015-09-12 12:51:00,68,-68.0,0.451972296029,[4624.0],0.0,0.0,0.0,0.0
2015-09-12 13:06:00,70,-70.0,0.45987628332,[4900.0],0.0,0.0,0.0,0.0
2015-09-12 13:11:00,67,-67.0,0.461376590718,[4489.0],0.0,0.0,0.0,0.0
2015-09-12 13:16:00,62,-62.0,0.469021338818,[3844.0],0.0,0.0,0.0,0.0
2015-09-12 13:21:00,67,-67.0,0.475278483713,[4489.0],0.0,0.0,0.0,0.0
2015-09-12 13:36:00,67,-67.0,0.472093946022,[4489.0],0.0,0.0,0.0,0.0
2015-09-12 13:41:00,65,-65.0,0.475146588457,[4225.0],0.0,0.0,0.0,0.0
2015-09-12 14:16:00,73,-73.0,0.481799104363,[5329.0],0.0,0.0,0.0,0.0
2015-09-12 14:21:00,69,-69.0,0.478714761084,[4761.0],0.0,0.0,0.0,0.0
2015-09-12 14:31:00,70,-70.0,0.474092799845,[4900.0],0.0,0.0,0.0,0.0
2015-09-12 14:41:00,70,-70.0,0.471048318982,[4900.0],0.0,0.0,0.0,0.0
2015-09-12 14:56:00,69,-69.0,0.472698969771,[4761.0],0.0,0.0,0.0,0.0
2015-09-12 15:01:00,72,-72.0,0.465026619876,[5184.0],0.0,0.0,0.0,0.0
2015-09-12 15:11:00,70,-70.0,0.452472869756,[4900.0],0.0,0.0,0.0,0.0
2015-09-12 15:16:00,64,-64.0,0.45704502627,[4096.0],0.0,0.0,0.0,0.0
2015-09-12 15:21:00,68,-68.0,0.455434176817,[4624.0],0.0,0.0,0.0,0.0
2015-09-12 15:31:00,66,-66.0,0.453723612597,[4356.0],0.0,0.0,0.0,0.0
2015-09-12 15:36:00,72,-72.0,0.455582020869,[5184.0],0.0,0.0,0.0,0.0
2015-09-12 15:41:00,71,-71.0,0.452578532996,[5041.0],0.0,0.0,0.0,0.0
2015-09-12 15:46:00,68,-68.0,0.455734871998,[4624.0],0.0,0.0,0.0,0.0
2015-09-12 15:51:00,66,-66.0,0.46201884044,[4356.0],0.0,0.0,0.0,0.0
2015-09-12 15:56:00,70,-70.0,0.460523703607,[4900.0],0.0,0.0,0.0,0.0
2015-09-12 16:01:00,68,-68.0,0.466937988686,[4624.0],0.0,0.0,0.0,0.0
2015-09-12 16:11:00,65,-65.0,0.474880791973,[4225.0],0.0,0.0,0.0,0.0
2015-09-12 16:16:00,72,-72.0,0.462235669133,[5184.0],0.0,0.0,0.0,0.0
2015-09-12 16:21:00,65,-65.0,0.466941933179,[4225.0],0.0,0.0,0.0,0.0
2015-09-12 16:31:00,71,-71.0,0.459052452079,[5041.0],0.0,0.0,0.0,0.0
2015-09-12 16:36:00,65,-65.0,0.470234815529,[4225.0],0.0,0.0,0.0,0.0
2015-09-12 16:41:00,64,-64.0,0.4814592384,[4096.0],0.0,0.0,0.0,0.0
2015-09-12 16:46:00,69,-69.0,0.479907362022,[4761.0],0.0,0.0,0.0,0.0
2015-09-12 16:51:00,68,-68.0,0.476670729749,[4624.0],0.0,0.0,0.0,0.0
2015-09-12 16:56:00,72,-72.0,0.473655018375,[5184.0],0.0,0.0,0.0,0.0
2015-09-12 17:01:00,71,-71.0,0.468947651188,[5041.0],0.0,0.0,0.0,0.0
2015-09-12 17:06:00,69,-69.0,0.462484038055,[4761.0],0.0,0.0,0.0,0.0
2015-09-12 17:21:00,71,-71.0,0.46428581474,[5041.0],0.0,0.0,0.0,0.0
2015-09-12 17:46:00,69,-69.0,0.457808014355,[4761.0],0.0,0.0,0.0,0.0
2015-09-12 18:21:00,73,-73.0,0.454896108919,[5329.0],0.0,0.0,0.0,0.0
2015-09-12 18:41:00,70,-70.0,0.446866553217,[4900.0],0.0,0.0,0.0,0.0
2015-09-12 19:01:00,68,-68.0,0.440323886133,[4624.0],0.0,0.0,0.0,0.0
2015-09-12 19:21:00,62,-62.0,0.451508762883,[3844.0],0.0,0.0,0.0,0.0
2015-09-12 19:26:00,69,-69.0,0.44989886997,[4761.0],0.0,0.0,0.0,0.0
2015-09-12 19:46:00,72,-72.0,0.450150891722,[5184.0],0.0,0.0,0.0,0.0
2015-09-12 19:51:00,65,-65.0,0.459806177847,[4225.0],0.0,0.0,0.0,0.0
2015-09-12 20:06:00,60,-60.0,0.474368053837,[3600.0],0.0,0.0,0.0,0.0
2015-09-12 20:31:00,62,-62.0,0.488973958918,[3844.0],0.0,0.0,0.0,0.0
2015-09-12 20:51:00,66,-66.0,0.493879880597,[4356.0],0.0,0.0,0.0,0.0
2015-09-12 21:21:00,68,-68.0,0.502189608835,[4624.0],0.0,0.0,0.0,0.0
2015-09-12 21:36:00,63,-63.0,0.513639401894,[3969.0],0.0,0.0,0.0,0.0
2015-09-12 21:51:00,70,-70.0,0.510483586901,[4900.0],0.0,0.0,0.0,0.0
2015-09-12 22:46:00,74,-74.0,0.490940540037,[5476.0],0.0,0.0,0.0,0.0
2015-09-12 23:01:00,62,-62.0,0.502327106737,[3844.0],0.0,0.0,0.0,0.0
2015-09-12 23:06:00,59,-59.0,0.523432999795,[3481.0],0.0,0.0,0.0,0.0
2015-09-12 23:31:00,59,-59.0,0.532921375955,[3481.0],0.0,0.0,0.0,0.0
2015-09-13 06:31:00,62,-62.0,0.529503600163,[3844.0],0.0,0.0,0.0,0.0
2015-09-13 07:51:00,70,-70.0,0.516538819706,[4900.0],0.0,0.0,0.0,0.0
2015-09-13 08:01:00,62,-62.0,0.522960175692,[3844.0],0.0,0.0,0.0,0.0
2015-09-13 08:26:00,67,-67.0,0.52468301749,[4489.0],0.0,0.0,0.0,0.0
2015-09-13 09:21:00,69,-69.0,0.514926232231,[4761.0],0.0,0.0,0.0,0.0
2015-09-13 09:26:00,72,-72.0,0.51182748784,[5184.0],0.0,0.0,0.0,0.0
2015-09-13 09:41:00,67,-67.0,0.523443673625,[4489.0],0.0,0.0,0.0,0.0
2015-09-13 10:06:00,69,-69.0,0.511996885304,[4761.0],0.0,0.0,0.0,0.0
2015-09-13 10:11:00,72,-72.0,0.49068317105,[5184.0],0.0,0.0,0.0,0.0
2015-09-13 10:16:00,65,-65.0,0.480669751776,[4225.0],0.0,0.0,0.0,0.0
2015-09-13 10:46:00,76,-76.0,0.458143348346,[5776.0],0.0,0.0,0.0,0.0
2015-09-13 10:51:00,67,-67.0,0.463006399243,[4489.0],0.0,0.0,0.0,0.0
2015-09-13 10:56:00,72,-72.0,0.446838447851,[5184.0],0.0,0.0,0.0,0.0
2015-09-13 11:06:00,70,-70.0,0.442008101112,[4900.0],0.0,0.0,0.0,0.0
2015-09-13 11:11:00,65,-65.0,0.448400537697,[4225.0],0.0,0.0,0.0,0.0
2015-09-13 11:26:00,71,-71.0,0.450197192692,[5041.0],0.0,0.0,0.0,0.0
2015-09-13 11:31:00,69,-69.0,0.446924111649,[4761.0],0.0,0.0,0.0,0.0
2015-09-13 11:46:00,64,-64.0,0.454993125424,[4096.0],0.0,0.0,0.0,0.0
2015-09-13 11:51:00,67,-67.0,0.463199265763,[4489.0],0.0,0.0,0.0,0.0
2015-09-13 11:56:00,69,-69.0,0.456600301963,[4761.0],0.0,0.0,0.0,0.0
2015-09-13 12:06:00,66,-66.0,0.473137343176,[4356.0],0.0,0.0,0.0,0.0
2015-09-13 12:21:00,73,-73.0,0.463446788958,[5329.0],0.0,0.0,0.0,0.0
2015-09-13 12:26:00,70,-70.0,0.466866594179,[4900.0],0.0,0.0,0.0,0.0
2015-09-13 12:31:00,66,-66.0,0.473455287751,[4356.0],0.0,0.0,0.0,0.0
2015-09-13 12:41:00,66,-66.0,0.471710586139,[4356.0],0.0,0.0,0.0,0.0
2015-09-13 12:53:00,66,-66.0,0.480022474839,[4356.0],0.0,0.0,0.0,0.0
2015-09-13 12:58:00,70,-70.0,0.478452286635,[4900.0],0.0,0.0,0.0,0.0
2015-09-13 13:03:00,67,-67.0,0.473379687495,[4489.0],0.0,0.0,0.0,0.0
2015-09-13 13:08:00,72,-72.0,0.46519965456,[5184.0],0.0,0.0,0.0,0.0
2015-09-13 13:13:00,69,-69.0,0.465238178266,[4761.0],0.0,0.0,0.0,0.0
2015-09-13 13:18:00,66,-66.0,0.465149180626,[4356.0],0.0,0.0,0.0,0.0
2015-09-13 13:23:00,68,-68.0,0.473583892945,[4624.0],0.0,0.0,0.0,0.0
2015-09-13 13:28:00,65,-65.0,0.481954297663,[4225.0],0.0,0.0,0.0,0.0
2015-09-13 13:38:00,67,-67.0,0.480237910893,[4489.0],0.0,0.0,0.0,0.0
2015-09-13 13:43:00,64,-64.0,0.48352276574,[4096.0],0.0,0.0,0.0,0.0
2015-09-13 13:53:00,66,-66.0,0.483472771036,[4356.0],0.0,0.0,0.0,0.0
2015-09-13 13:58:00,68,-68.0,0.486916241141,[4624.0],0.0,0.0,0.0,0.0
2015-09-13 14:13:00,68,-68.0,0.485235349944,[4624.0],0.0,0.0,0.0,0.0
2015-09-13 14:23:00,67,-67.0,0.493807266937,[4489.0],0.0,0.0,0.0,0.0
2015-09-13 14:28:00,59,-59.0,0.510679155073,[3481.0],0.0,0.0,0.0,0.0
2015-09-13 14:38:00,64,-64.0,0.514037281806,[4096.0],0.0,0.0,0.0,0.0
2015-09-13 14:48:00,67,-67.0,0.515803986005,[4489.0],0.0,0.0,0.0,0.0
2015-09-13 14:53:00,65,-65.0,0.515783295375,[4225.0],0.0,0.0,0.0,0.0
2015-09-13 15:13:00,67,-67.0,0.515836349852,[4489.0],0.0,0.0,0.0,0.0
2015-09-13 15:23:00,66,-66.0,0.512398768905,[4356.0],0.0,0.0,0.0,0.0
2015-09-13 15:28:00,68,-68.0,0.509015628667,[4624.0],0.0,0.0,0.0,0.0
2015-09-13 15:33:00,66,-66.0,0.512488595418,[4356.0],0.0,0.0,0.0,0.0
2015-09-13 15:38:00,72,-72.0,0.505743515806,[5184.0],0.0,0.0,0.0,0.0
2015-09-13 15:43:00,71,-71.0,0.49896925979,[5041.0],0.0,0.0,0.0,0.0
2015-09-13 15:48:00,69,-69.0,0.481694776895,[4761.0],0.0,0.0,0.0,0.0
2015-09-13 16:03:00,61,-61.0,0.486716673379,[3721.0],0.0,0.0,0.0,0.0
2015-09-13 16:08:00,67,-67.0,0.486709967823,[4489.0],0.0,0.0,0.0,0.0
2015-09-13 16:18:00,66,-66.0,0.484925792833,[4356.0],0.0,0.0,0.0,0.0
2015-09-13 16:28:00,74,-74.0,0.47309067717,[5476.0],0.0,0.0,0.0,0.0
2015-09-13 16:48:00,65,-65.0,0.474727382084,[4225.0],0.0,0.0,0.0,0.0
2015-09-13 16:53:00,69,-69.0,0.473040799444,[4761.0],0.0,0.0,0.0,0.0
2015-09-13 16:58:00,64,-64.0,0.476399641905,[4096.0],0.0,0.0,0.0,0.0
2015-09-13 17:03:00,67,-67.0,0.485109490393,[4489.0],0.0,0.0,0.0,0.0
2015-09-13 17:13:00,69,-69.0,0.488680003471,[4761.0],0.0,0.0,0.0,0.0
2015-09-13 17:18:00,62,-62.0,0.500786699255,[3844.0],0.0,0.0,0.0,0.0
2015-09-13 17:23:00,63,-63.0,0.49715822445,[3969.0],0.0,0.0,0.0,0.0
2015-09-13 17:43:00,73,-73.0,0.486888425549,[5329.0],0.0,0.0,0.0,0.0
2015-09-13 17:48:00,64,-64.0,0.490289445091,[4096.0],0.0,0.0,0.0,0.0
2015-09-13 17:53:00,67,-67.0,0.502588485075,[4489.0],0.0,0.0,0.0,0.0
2015-09-13 17:58:00,65,-65.0,0.502542608242,[4225.0],0.0,0.0,0.0,0.0
2015-09-13 18:08:00,67,-67.0,0.506094215948,[4489.0],0.0,0.0,0.0,0.0
2015-09-13 18:18:00,65,-65.0,0.504287953053,[4225.0],0.0,0.0,0.0,0.0
2015-09-13 18:23:00,74,-74.0,0.492207078666,[5476.0],0.0,0.0,0.0,0.0
2015-09-13 18:33:00,65,-65.0,0.49920100145,[4225.0],0.0,0.0,0.0,0.0
2015-09-13 18:38:00,70,-70.0,0.485196403093,[4900.0],0.0,0.0,0.0,0.0
2015-09-13 18:43:00,70,-70.0,0.472948561337,[4900.0],0.0,0.0,0.0,0.0
2015-09-13 18:48:00,69,-69.0,0.48006706482,[4761.0],0.0,0.0,0.0,0.0
2015-09-13 18:58:00,69,-69.0,0.471279092475,[4761.0],0.0,0.0,0.0,0.0
2015-09-13 19:08:00,63,-63.0,0.478216400939,[3969.0],0.0,0.0,0.0,0.0
2015-09-13 19:13:00,63,-63.0,0.481624405659,[3969.0],0.0,0.0,0.0,0.0
2015-09-13 19:33:00,65,-65.0,0.485096694581,[4225.0],0.0,0.0,0.0,0.0
2015-09-13 19:43:00,56,-56.0,0.500739208993,[3136.0],0.0,0.0,0.0,0.0
2015-09-13 19:48:00,69,-69.0,0.509668381216,[4761.0],0.0,0.0,0.0,0.0
2015-09-13 20:13:00,63,-63.0,0.513097947812,[3969.0],0.0,0.0,0.0,0.0
2015-09-13 20:33:00,66,-66.0,0.520195019176,[4356.0],0.0,0.0,0.0,0.0
2015-09-13 20:43:00,66,-66.0,0.527312731098,[4356.0],0.0,0.0,0.0,0.0
2015-09-13 20:48:00,64,-64.0,0.536136070087,[4096.0],0.0,0.0,0.0,0.0
2015-09-13 21:08:00,68,-68.0,0.538025468897,[4624.0],0.0,0.0,0.0,0.0
2015-09-13 21:28:00,55,-55.0,0.551333554904,[3025.0],0.0,0.0,0.0,0.0
2015-09-13 22:48:00,75,-75.0,0.530413314078,[5625.0],0.0,0.0,0.0,0.0
2015-09-13 22:53:00,69,-69.0,0.523513512543,[4761.0],0.0,0.0,0.0,0.0
2015-09-13 23:33:00,62,-62.0,0.512815105262,[3844.0],0.0,0.0,0.0,0.0
2015-09-14 00:33:00,68,-68.0,0.514652546735,[4624.0],0.0,0.0,0.0,0.0
2015-09-14 05:53:00,66,-66.0,0.509365610656,[4356.0],0.0,0.0,0.0,0.0
2015-09-14 06:18:00,66,-66.0,0.509368812287,[4356.0],0.0,0.0,0.0,0.0
2015-09-14 06:28:00,75,-75.0,0.493745424158,[5625.0],0.0,0.0,0.0,0.0
2015-09-14 06:48:00,65,-65.0,0.491920581128,[4225.0],0.0,0.0,0.0,0.0
2015-09-14 06:53:00,68,-68.0,0.491958787797,[4624.0],0.0,0.0,0.0,0.0
2015-09-14 06:58:00,71,-71.0,0.4638444046,[5041.0],0.0,0.0,0.0,0.0
2015-09-14 07:08:00,69,-69.0,0.474480013476,[4761.0],0.0,0.0,0.0,0.0
2015-09-14 07:28:00,67,-67.0,0.477994975031,[4489.0],0.0,0.0,0.0,0.0
2015-09-14 07:33:00,68,-68.0,0.467365374871,[4624.0],0.0,0.0,0.0,0.0
2015-09-14 07:38:00,67,-67.0,0.469098987484,[4489.0],0.0,0.0,0.0,0.0
2015-09-14 07:48:00,71,-71.0,0.460370154166,[5041.0],0.0,0.0,0.0,0.0
2015-09-14 07:58:00,67,-67.0,0.45853926642,[4489.0],0.0,0.0,0.0,0.0
2015-09-14 08:13:00,65,-65.0,0.476240154818,[4225.0],0.0,0.0,0.0,0.0
2015-09-14 08:28:00,66,-66.0,0.474393247855,[4356.0],0.0,0.0,0.0,0.0
2015-09-14 08:33:00,64,-64.0,0.481440983544,[4096.0],0.0,0.0,0.0,0.0
2015-09-14 08:48:00,60,-60.0,0.500949818292,[3600.0],0.0,0.0,0.0,0.0
2015-09-14 08:53:00,69,-69.0,0.501035011568,[4761.0],0.0,0.0,0.0,0.0
2015-09-14 09:03:00,66,-66.0,0.502818195011,[4356.0],0.0,0.0,0.0,0.0
2015-09-14 09:08:00,73,-73.0,0.49406172611,[5329.0],0.0,0.0,0.0,0.0
2015-09-14 09:13:00,70,-70.0,0.488789606696,[4900.0],0.0,0.0,0.0,0.0
2015-09-14 09:23:00,72,-72.0,0.487185132321,[5184.0],0.0,0.0,0.0,0.0
2015-09-14 09:28:00,62,-62.0,0.496003770724,[3844.0],0.0,0.0,0.0,0.0
2015-09-14 09:33:00,70,-70.0,0.487140864137,[4900.0],0.0,0.0,0.0,0.0
2015-09-14 09:38:00,69,-69.0,0.481817204007,[4761.0],0.0,0.0,0.0,0.0
2015-09-14 09:43:00,69,-69.0,0.47288989002,[4761.0],0.0,0.0,0.0,0.0
2015-09-14 09:48:00,69,-69.0,0.456779019983,[4761.0],0.0,0.0,0.0,0.0
2015-09-14 09:53:00,71,-71.0,0.453335552759,[5041.0],0.0,0.0,0.0,0.0
2015-09-14 09:58:00,68,-68.0,0.449724013704,[4624.0],0.0,0.0,0.0,0.0
2015-09-14 10:13:00,63,-63.0,0.467541998221,[3969.0],0.0,0.0,0.0,0.0
2015-09-14 10:18:00,68,-68.0,0.471147369659,[4624.0],0.0,0.0,0.0,0.0
2015-09-14 10:23:00,68,-68.0,0.478386202198,[4624.0],0.0,0.0,0.0,0.0
2015-09-14 10:28:00,66,-66.0,0.471081922431,[4356.0],0.0,0.0,0.0,0.0
2015-09-14 10:33:00,70,-70.0,0.471172041787,[4900.0],0.0,0.0,0.0,0.0
2015-09-14 10:43:00,70,-70.0,0.469447942221,[4900.0],0.0,0.0,0.0,0.0
2015-09-14 10:48:00,65,-65.0,0.476620871892,[4225.0],0.0,0.0,0.0,0.0
2015-09-14 11:03:00,74,-74.0,0.467863907328,[5476.0],0.0,0.0,0.0,0.0
2015-09-14 11:13:00,67,-67.0,0.475084117655,[4489.0],0.0,0.0,0.0,0.0
2015-09-14 11:18:00,64,-64.0,0.482250189247,[4096.0],0.0,0.0,0.0,0.0
2015-09-14 11:23:00,70,-70.0,0.469605145481,[4900.0],0.0,0.0,0.0,0.0
2015-09-14 11:28:00,70,-70.0,0.466053698391,[4900.0],0.0,0.0,0.0,0.0
2015-09-14 11:33:00,66,-66.0,0.469622404821,[4356.0],0.0,0.0,0.0,0.0
2015-09-14 11:43:00,67,-67.0,0.467758465268,[4489.0],0.0,0.0,0.0,0.0
2015-09-14 12:03:00,63,-63.0,0.480424016973,[3969.0],0.0,0.0,0.0,0.0
2015-09-14 12:08:00,70,-70.0,0.480519943697,[4900.0],0.0,0.0,0.0,0.0
2015-09-14 12:13:00,63,-63.0,0.484059946638,[3969.0],0.0,0.0,0.0,0.0
2015-09-14 12:23:00,71,-71.0,0.489705850928,[5041.0],0.0,0.0,0.0,0.0
2015-09-14 12:28:00,62,-62.0,0.498739605409,[3844.0],0.0,0.0,0.0,0.0
2015-09-14 12:38:00,67,-67.0,0.493234608235,[4489.0],0.0,0.0,0.0,0.0
2015-09-14 12:43:00,68,-68.0,0.496955182714,[4624.0],0.0,0.0,0.0,0.0
2015-09-14 12:48:00,73,-73.0,0.491648823959,[5329.0],0.0,0.0,0.0,0.0
2015-09-14 12:53:00,67,-67.0,0.489806997606,[4489.0],0.0,0.0,0.0,0.0
2015-09-14 13:15:00,65,-65.0,0.493431799046,[4225.0],0.0,0.0,0.0,0.0
2015-09-14 13:20:00,63,-63.0,0.493314217839,[3969.0],0.0,0.0,0.0,0.0
2015-09-14 13:25:00,72,-72.0,0.489801995222,[5184.0],0.0,0.0,0.0,0.0
2015-09-14 13:35:00,65,-65.0,0.486042468064,[4225.0],0.0,0.0,0.0,0.0
2015-09-14 13:40:00,64,-64.0,0.498895425929,[4096.0],0.0,0.0,0.0,0.0
2015-09-14 13:45:00,71,-71.0,0.482385745771,[5041.0],0.0,0.0,0.0,0.0
2015-09-14 13:50:00,66,-66.0,0.48419090026,[4356.0],0.0,0.0,0.0,0.0
2015-09-14 13:55:00,59,-59.0,0.500630947137,[3481.0],0.0,0.0,0.0,0.0
2015-09-14 14:15:00,57,-57.0,0.529719533795,[3249.0],0.0,0.0,0.0,0.0
2015-09-14 14:20:00,66,-66.0,0.531589551517,[4356.0],0.0,0.0,0.0,0.0
2015-09-14 14:25:00,71,-71.0,0.520705720801,[5041.0],0.0,0.0,0.0,0.0
2015-09-14 14:35:00,69,-69.0,0.509751429635,[4761.0],0.0,0.0,0.0,0.0
2015-09-14 14:40:00,67,-67.0,0.519012774216,[4489.0],0.0,0.0,0.0,0.0
2015-09-14 14:45:00,66,-66.0,0.517179492288,[4356.0],0.0,0.0,0.0,0.0
2015-09-14 14:50:00,67,-67.0,0.511666173066,[4489.0],0.0,0.0,0.0,0.0
2015-09-14 14:55:00,65,-65.0,0.522762784599,[4225.0],0.0,0.0,0.0,0.0
2015-09-14 15:00:00,70,-70.0,0.515466008413,[4900.0],0.0,0.0,0.0,0.0
2015-09-14 15:10:00,66,-66.0,0.502453881512,[4356.0],0.0,0.0,0.0,0.0
2015-09-14 15:15:00,66,-66.0,0.485670268412,[4356.0],0.0,0.0,0.0,0.0
2015-09-14 15:20:00,61,-61.0,0.494817628091,[3721.0],0.0,0.0,0.0,0.0
2015-09-14 15:30:00,68,-68.0,0.500451524602,[4624.0],0.0,0.0,0.0,0.0
2015-09-14 15:35:00,69,-69.0,0.500529120895,[4761.0],0.0,0.0,0.0,0.0
2015-09-14 15:40:00,63,-63.0,0.50789440797,[3969.0],0.0,0.0,0.0,0.0
2015-09-14 15:50:00,67,-67.0,0.506050673103,[4489.0],0.0,0.0,0.0,0.0
2015-09-14 15:55:00,66,-66.0,0.507918969585,[4356.0],0.0,0.0,0.0,0.0
2015-09-14 16:00:00,65,-65.0,0.507883352062,[4225.0],0.0,0.0,0.0,0.0
2015-09-14 16:05:00,67,-67.0,0.513551429068,[4489.0],0.0,0.0,0.0,0.0
2015-09-14 16:20:00,65,-65.0,0.515406449381,[4225.0],0.0,0.0,0.0,0.0
2015-09-14 16:25:00,66,-66.0,0.515415445157,[4356.0],0.0,0.0,0.0,0.0
2015-09-14 16:30:00,65,-65.0,0.50783672036,[4225.0],0.0,0.0,0.0,0.0
2015-09-14 16:35:00,64,-64.0,0.5153306249,[4096.0],0.0,0.0,0.0,0.0
2015-09-14 16:40:00,66,-66.0,0.52101756886,[4356.0],0.0,0.0,0.0,0.0
2015-09-14 16:45:00,62,-62.0,0.52277103941,[3844.0],0.0,0.0,0.0,0.0
2015-09-14 16:50:00,65,-65.0,0.52654552797,[4225.0],0.0,0.0,0.0,0.0
2015-09-14 16:55:00,67,-67.0,0.524707150616,[4489.0],0.0,0.0,0.0,0.0
2015-09-14 17:00:00,59,-59.0,0.535748543613,[3481.0],0.0,0.0,0.0,0.0
2015-09-14 17:05:00,36,-36.0,0.586788278343,[1296.0],0.0,0.0,0.0,0.0
2015-09-14 17:10:00,21,-21.0,0.64007783975,[441.0],0.0,0.0,0.0,0.0
2015-09-14 17:15:00,52,-52.0,0.658126564013,[2704.0],0.0,0.0,0.0,0.0
2015-09-14 17:20:00,60,-60.0,0.664848368293,[3600.0],0.0,0.0,0.0,0.0
2015-09-14 17:25:00,51,-51.0,0.680274708037,[2601.0],0.0,0.0,0.0,0.0
2015-09-14 17:30:00,68,-68.0,0.67784556593,[4624.0],0.0,0.0,0.0,0.0
2015-09-14 17:35:00,60,-60.0,0.680279900617,[3600.0],0.0,0.0,0.0,0.0
2015-09-14 17:40:00,42,-42.0,0.703877973404,[1764.0],0.0,0.0,0.0,0.0
2015-09-14 17:45:00,65,-65.0,0.70665595027,[4225.0],0.0,0.0,0.0,0.0
2015-09-14 17:50:00,59,-59.0,0.706232773992,[3481.0],0.0,0.0,0.0,0.0
2015-09-14 17:55:00,69,-69.0,0.663670061194,[4761.0],0.0,0.0,0.0,0.0
2015-09-14 18:00:00,68,-68.0,0.599112298734,[4624.0],0.0,0.0,0.0,0.0
2015-09-14 18:05:00,66,-66.0,0.57928863276,[4356.0],0.0,0.0,0.0,0.0
2015-09-14 18:10:00,66,-66.0,0.570768266728,[4356.0],0.0,0.0,0.0,0.0
2015-09-14 18:20:00,66,-66.0,0.549102373761,[4356.0],0.0,0.0,0.0,0.0
2015-09-14 18:25:00,68,-68.0,0.549211783879,[4624.0],0.0,0.0,0.0,0.0
2015-09-14 18:30:00,67,-67.0,0.539060514815,[4489.0],0.0,0.0,0.0,0.0
2015-09-14 18:35:00,67,-67.0,0.502329002957,[4489.0],0.0,0.0,0.0,0.0
2015-09-14 18:45:00,65,-65.0,0.502303120029,[4225.0],0.0,0.0,0.0,0.0
2015-09-14 18:50:00,66,-66.0,0.491945446889,[4356.0],0.0,0.0,0.0,0.0
2015-09-14 19:01:00,68,-68.0,0.493456104079,[4624.0],0.0,0.0,0.0,0.0
2015-09-14 19:05:00,68,-68.0,0.493487583036,[4624.0],0.0,0.0,0.0,0.0
2015-09-14 19:15:00,66,-66.0,0.493471282761,[4356.0],0.0,0.0,0.0,0.0
2015-09-14 19:20:00,69,-69.0,0.489066163121,[4761.0],0.0,0.0,0.0,0.0
2015-09-14 19:30:00,64,-64.0,0.491977573611,[4096.0],0.0,0.0,0.0,0.0
2015-09-14 19:35:00,68,-68.0,0.492006948148,[4624.0],0.0,0.0,0.0,0.0
2015-09-14 19:45:00,65,-65.0,0.49495275992,[4225.0],0.0,0.0,0.0,0.0
2015-09-14 20:00:00,65,-65.0,0.4979076174,[4225.0],0.0,0.0,0.0,0.0
2015-09-14 20:10:00,66,-66.0,0.496400123262,[4356.0],0.0,0.0,0.0,0.0
2015-09-14 20:15:00,58,-58.0,0.508173341192,[3364.0],0.0,0.0,0.0,0.0
2015-09-14 20:20:00,71,-71.0,0.503801092306,[5041.0],0.0,0.0,0.0,0.0
2015-09-14 20:25:00,61,-61.0,0.514140623953,[3721.0],0.0,0.0,0.0,0.0
2015-09-14 20:30:00,72,-72.0,0.505305086502,[5184.0],0.0,0.0,0.0,0.0
2015-09-14 20:35:00,64,-64.0,0.512738682403,[4096.0],0.0,0.0,0.0,0.0
2015-09-14 20:40:00,64,-64.0,0.512702653368,[4096.0],0.0,0.0,0.0,0.0
2015-09-14 20:45:00,67,-67.0,0.51423862884,[4489.0],0.0,0.0,0.0,0.0
2015-09-14 20:50:00,65,-65.0,0.514230426241,[4225.0],0.0,0.0,0.0,0.0
2015-09-14 21:30:00,65,-65.0,0.514222229045,[4225.0],0.0,0.0,0.0,0.0
2015-09-14 21:35:00,65,-65.0,0.515719830326,[4225.0],0.0,0.0,0.0,0.0
2015-09-14 21:45:00,74,-74.0,0.491809410975,[5476.0],0.0,0.0,0.0,0.0
2015-09-14 22:06:00,61,-61.0,0.506726807138,[3721.0],0.0,0.0,0.0,0.0
2015-09-14 22:21:00,60,-60.0,0.508081423962,[3600.0],0.0,0.0,0.0,0.0
2015-09-14 22:30:00,64,-64.0,0.520069291776,[4096.0],0.0,0.0,0.0,0.0
2015-09-14 22:40:00,66,-66.0,0.517083837087,[4356.0],0.0,0.0,0.0,0.0
2015-09-14 22:45:00,66,-66.0,0.514088288303,[4356.0],0.0,0.0,0.0,0.0
2015-09-14 22:50:00,70,-70.0,0.509655587189,[4900.0],0.0,0.0,0.0,0.0
2015-09-15 03:45:00,62,-62.0,0.514094362045,[3844.0],0.0,0.0,0.0,0.0
2015-09-15 04:10:00,64,-64.0,0.515572459956,[4096.0],0.0,0.0,0.0,0.0
2015-09-15 04:31:00,61,-61.0,0.521496920856,[3721.0],0.0,0.0,0.0,0.0
2015-09-15 04:55:00,90,-90.0,0.497909033982,[8100.0],0.0,0.0,0.0,0.0
2015-09-15 05:26:00,60,-60.0,0.499239083671,[3600.0],0.0,0.0,0.0,0.0
2015-09-15 05:31:00,66,-66.0,0.490420018564,[4356.0],0.0,0.0,0.0,0.0
2015-09-15 05:41:00,63,-63.0,0.49180952689,[3969.0],0.0,0.0,0.0,0.0
2015-09-15 05:46:00,76,-76.0,0.477417996614,[5776.0],0.0,0.0,0.0,0.0
2015-09-15 05:51:00,56,-56.0,0.491864211219,[3136.0],0.0,0.0,0.0,0.0
2015-09-15 06:05:00,72,-72.0,0.489076730999,[5184.0],0.0,0.0,0.0,0.0
2015-09-15 06:45:00,66,-66.0,0.483217634203,[4356.0],0.0,0.0,0.0,0.0
2015-09-15 07:06:00,67,-67.0,0.478827325503,[4489.0],0.0,0.0,0.0,0.0
2015-09-15 07:11:00,63,-63.0,0.475814770903,[3969.0],0.0,0.0,0.0,0.0
2015-09-15 07:16:00,67,-67.0,0.50949440405,[4489.0],0.0,0.0,0.0,0.0
2015-09-15 07:21:00,70,-70.0,0.494914936653,[4900.0],0.0,0.0,0.0,0.0
2015-09-15 07:26:00,70,-70.0,0.489122109117,[4900.0],0.0,0.0,0.0,0.0
2015-09-15 07:31:00,71,-71.0,0.477486234534,[5041.0],0.0,0.0,0.0,0.0
2015-09-15 07:46:00,62,-62.0,0.497937296823,[3844.0],0.0,0.0,0.0,0.0
2015-09-15 07:51:00,69,-69.0,0.478886500608,[4761.0],0.0,0.0,0.0,0.0
2015-09-15 07:56:00,67,-67.0,0.486228445887,[4489.0],0.0,0.0,0.0,0.0
2015-09-15 08:11:00,66,-66.0,0.486202524562,[4356.0],0.0,0.0,0.0,0.0
2015-09-15 08:21:00,65,-65.0,0.489108520876,[4225.0],0.0,0.0,0.0,0.0
2015-09-15 08:26:00,61,-61.0,0.491948040191,[3721.0],0.0,0.0,0.0,0.0
2015-09-15 08:31:00,68,-68.0,0.490496875179,[4624.0],0.0,0.0,0.0,0.0
2015-09-15 08:41:00,66,-66.0,0.496400380324,[4356.0],0.0,0.0,0.0,0.0
2015-09-15 08:46:00,67,-67.0,0.500860434928,[4489.0],0.0,0.0,0.0,0.0
2015-09-15 08:51:00,66,-66.0,0.508281608351,[4356.0],0.0,0.0,0.0,0.0
2015-09-15 08:56:00,66,-66.0,0.502339143924,[4356.0],0.0,0.0,0.0,0.0
2015-09-15 09:01:00,70,-70.0,0.500933225189,[4900.0],0.0,0.0,0.0,0.0
2015-09-15 09:06:00,71,-71.0,0.495080734491,[5041.0],0.0,0.0,0.0,0.0
2015-09-15 09:16:00,65,-65.0,0.496537353121,[4225.0],0.0,0.0,0.0,0.0
2015-09-15 09:21:00,63,-63.0,0.499448013959,[3969.0],0.0,0.0,0.0,0.0
2015-09-15 09:31:00,63,-63.0,0.496390494828,[3969.0],0.0,0.0,0.0,0.0
2015-09-15 09:36:00,63,-63.0,0.50379049817,[3969.0],0.0,0.0,0.0,0.0
2015-09-15 09:41:00,62,-62.0,0.509681366193,[3844.0],0.0,0.0,0.0,0.0
2015-09-15 09:46:00,65,-65.0,0.512661282581,[4225.0],0.0,0.0,0.0,0.0
2015-09-15 09:51:00,61,-61.0,0.520028420948,[3721.0],0.0,0.0,0.0,0.0
2015-09-15 10:01:00,72,-72.0,0.51117104124,[5184.0],0.0,0.0,0.0,0.0
2015-09-15 10:16:00,67,-67.0,0.515697015222,[4489.0],0.0,0.0,0.0,0.0
2015-09-15 10:26:00,66,-66.0,0.523210327171,[4356.0],0.0,0.0,0.0,0.0
2015-09-15 10:31:00,74,-74.0,0.509861262576,[5476.0],0.0,0.0,0.0,0.0
2015-09-15 10:36:00,66,-66.0,0.505369132736,[4356.0],0.0,0.0,0.0,0.0
2015-09-15 10:41:00,70,-70.0,0.494942424012,[4900.0],0.0,0.0,0.0,0.0
2015-09-15 10:46:00,67,-67.0,0.488937995197,[4489.0],0.0,0.0,0.0,0.0
2015-09-15 11:06:00,68,-68.0,0.479935218702,[4624.0],0.0,0.0,0.0,0.0
2015-09-15 11:11:00,66,-66.0,0.478395608456,[4356.0],0.0,0.0,0.0,0.0
2015-09-15 11:16:00,65,-65.0,0.472312984046,[4225.0],0.0,0.0,0.0,0.0
2015-09-15 11:21:00,60,-60.0,0.490280291052,[3600.0],0.0,0.0,0.0,0.0
2015-09-15 11:31:00,66,-66.0,0.491771495508,[4356.0],0.0,0.0,0.0,0.0
2015-09-15 11:36:00,67,-67.0,0.490263571665,[4489.0],0.0,0.0,0.0,0.0
2015-09-15 11:41:00,66,-66.0,0.502362947522,[4356.0],0.0,0.0,0.0,0.0
2015-09-15 11:46:00,67,-67.0,0.500865043488,[4489.0],0.0,0.0,0.0,0.0
2015-09-15 11:51:00,66,-66.0,0.506937024471,[4356.0],0.0,0.0,0.0,0.0
2015-09-15 11:56:00,67,-67.0,0.506962383155,[4489.0],0.0,0.0,0.0,0.0
2015-09-15 12:06:00,69,-69.0,0.505505167534,[4761.0],0.0,0.0,0.0,0.0
2015-09-15 12:11:00,69,-69.0,0.500996312527,[4761.0],0.0,0.0,0.0,0.0
2015-09-15 12:16:00,71,-71.0,0.491950241607,[5041.0],0.0,0.0,0.0,0.0
2015-09-15 12:21:00,64,-64.0,0.485790234252,[4096.0],0.0,0.0,0.0,0.0
2015-09-15 12:26:00,69,-69.0,0.48125459311,[4761.0],0.0,0.0,0.0,0.0
2015-09-15 12:31:00,68,-68.0,0.479740313848,[4624.0],0.0,0.0,0.0,0.0
2015-09-15 12:36:00,67,-67.0,0.478198507612,[4489.0],0.0,0.0,0.0,0.0
2015-09-15 12:41:00,66,-66.0,0.479694283038,[4356.0],0.0,0.0,0.0,0.0
2015-09-15 12:46:00,68,-68.0,0.476639037662,[4624.0],0.0,0.0,0.0,0.0
2015-09-15 12:51:00,72,-72.0,0.46911016342,[5184.0],0.0,0.0,0.0,0.0
2015-09-15 12:56:00,66,-66.0,0.473661771976,[4356.0],0.0,0.0,0.0,0.0
2015-09-15 13:01:00,62,-62.0,0.484310933391,[3844.0],0.0,0.0,0.0,0.0
2015-09-15 13:06:00,71,-71.0,0.484407667755,[5041.0],0.0,0.0,0.0,0.0
2015-09-15 13:11:00,74,-74.0,0.469269107451,[5476.0],0.0,0.0,0.0,0.0
2015-09-15 13:16:00,65,-65.0,0.47533754978,[4225.0],0.0,0.0,0.0,0.0
2015-09-15 13:21:00,61,-61.0,0.48597726997,[3721.0],0.0,0.0,0.0,0.0
2015-09-15 13:26:00,63,-63.0,0.492048782914,[3969.0],0.0,-1.0,-2.0,-1.0
2015-09-15 13:31:00,66,-66.0,0.492031981929,[4356.0],0.0,0.0,0.0,0.0
2015-09-15 13:36:00,63,-63.0,0.499665536186,[3969.0],0.0,0.0,0.0,0.0
2015-09-15 13:41:00,60,-60.0,0.518017509447,[3600.0],0.0,0.0,0.0,0.0
2015-09-15 13:46:00,59,-59.0,0.528591925526,[3481.0],0.0,0.0,0.0,0.0
2015-09-15 13:51:00,60,-60.0,0.531508192164,[3600.0],0.0,0.0,0.0,0.0
2015-09-15 13:54:00,56,-56.0,0.554000908565,[3136.0],0.0,0.0,0.0,0.0
2015-09-15 13:59:00,49,-49.0,0.590033665901,[2401.0],0.0,0.0,0.0,0.0
2015-09-15 14:04:00,43,-43.0,0.618598364325,[1849.0],0.0,0.0,0.0,0.0
2015-09-15 14:09:00,59,-59.0,0.621128131129,[3481.0],0.0,0.0,0.0,0.0
2015-09-15 14:14:00,51,-51.0,0.636224364168,[2601.0],0.0,0.0,0.0,0.0
2015-09-15 14:19:00,42,-42.0,0.663918040802,[1764.0],0.0,0.0,0.0,0.0
2015-09-15 14:24:00,25,-25.0,0.696808818992,[625.0],0.0,0.0,0.0,0.0
2015-09-15 14:29:00,10,-10.0,0.72421193746,[100.0],0.0,0.0,0.0,0.0
2015-09-15 14:34:00,8,-8.0,0.744087756705,[64.0],0.0,0.0,0.0,0.0
2015-09-15 14:39:00,46,-46.0,0.752635869822,[2116.0],0.0,0.0,0.0,0.0
2015-09-15 14:44:00,65,-65.0,0.745652780732,[4225.0],0.0,0.0,0.0,0.0
2015-09-15 14:49:00,68,-68.0,0.73023737937,[4624.0],0.0,0.0,0.0,0.0
2015-09-15 14:54:00,67,-67.0,0.710006625091,[4489.0],0.0,0.0,0.0,0.0
2015-09-15 14:59:00,64,-64.0,0.705848483778,[4096.0],0.0,0.0,0.0,0.0
2015-09-15 15:04:00,67,-67.0,0.69191724,[4489.0],0.0,0.0,0.0,0.0
2015-09-15 15:09:00,62,-62.0,0.673862103439,[3844.0],0.0,0.0,0.0,0.0
2015-09-15 15:14:00,66,-66.0,0.635547209364,[4356.0],0.0,0.0,0.0,0.0
2015-09-15 15:24:00,68,-68.0,0.578822517105,[4624.0],0.0,0.0,0.0,0.0
2015-09-15 15:34:00,65,-65.0,0.521252446256,[4225.0],0.0,0.0,0.0,0.0
2015-09-15 15:39:00,65,-65.0,0.50186261006,[4225.0],0.0,0.0,0.0,0.0
2015-09-15 15:44:00,68,-68.0,0.498824217399,[4624.0],0.0,0.0,0.0,0.0
2015-09-15 15:49:00,66,-66.0,0.500873052545,[4356.0],0.0,0.0,0.0,0.0
2015-09-15 15:54:00,64,-64.0,0.503925501277,[4096.0],0.0,0.0,0.0,0.0
2015-09-15 15:59:00,64,-64.0,0.503904764351,[4096.0],0.0,0.0,0.0,0.0
2015-09-15 16:04:00,63,-63.0,0.507981179762,[3969.0],0.0,0.0,0.0,0.0
2015-09-15 16:09:00,63,-63.0,0.506921773667,[3969.0],0.0,0.0,0.0,0.0
2015-09-15 16:14:00,67,-67.0,0.505915606319,[4489.0],0.0,0.0,0.0,0.0
2015-09-15 16:19:00,63,-63.0,0.511038558065,[3969.0],0.0,0.0,0.0,0.0
2015-09-15 16:24:00,66,-66.0,0.510022387468,[4356.0],0.0,0.0,0.0,0.0
2015-09-15 16:29:00,67,-67.0,0.507982777716,[4489.0],0.0,0.0,0.0,0.0
2015-09-15 16:34:00,65,-65.0,0.511086368995,[4225.0],0.0,0.0,0.0,0.0
2015-09-15 16:39:00,65,-65.0,0.512125014687,[4225.0],0.0,0.0,0.0,0.0
2015-09-15 16:44:00,64,-64.0,0.512114139527,[4096.0],0.0,0.0,0.0,0.0
2015-09-15 16:49:00,69,-69.0,0.50697513382,[4761.0],0.0,0.0,0.0,0.0
2015-09-15 16:54:00,65,-65.0,0.504892038943,[4225.0],0.0,0.0,0.0,0.0
2015-09-15 16:59:00,65,-65.0,0.502803521229,[4225.0],0.0,0.0,0.0,0.0
2015-09-15 17:04:00,62,-62.0,0.507964902487,[3844.0],0.0,0.0,0.0,0.0
2015-09-15 17:09:00,57,-57.0,0.514078242542,[3249.0],0.0,0.0,0.0,0.0
2015-09-15 17:14:00,52,-52.0,0.528298522892,[2704.0],0.0,0.0,0.0,0.0
2015-09-15 17:19:00,51,-51.0,0.544333073598,[2601.0],0.0,0.0,0.0,0.0
2015-09-15 17:24:00,62,-62.0,0.547388474323,[3844.0],0.0,0.0,0.0,0.0
2015-09-15 17:29:00,59,-59.0,0.553417324768,[3481.0],0.0,0.0,0.0,0.0
2015-09-15 17:39:00,68,-68.0,0.549415885675,[4624.0],0.0,0.0,0.0,0.0
2015-09-15 17:44:00,64,-64.0,0.554567561818,[4096.0],0.0,0.0,0.0,0.0
2015-09-15 17:49:00,65,-65.0,0.554625401071,[4225.0],0.0,0.0,0.0,0.0
2015-09-15 17:54:00,66,-66.0,0.553672063887,[4356.0],0.0,0.0,0.0,0.0
2015-09-15 17:59:00,67,-67.0,0.548615159967,[4489.0],0.0,0.0,0.0,0.0
2015-09-15 18:04:00,63,-63.0,0.542444610991,[3969.0],0.0,0.0,0.0,0.0
2015-09-15 18:14:00,59,-59.0,0.535119865358,[3481.0],0.0,0.0,0.0,0.0
2015-09-15 18:19:00,68,-68.0,0.51757942865,[4624.0],0.0,0.0,0.0,0.0
2015-09-15 18:24:00,66,-66.0,0.513449772907,[4356.0],0.0,0.0,0.0,0.0
2015-09-15 18:29:00,66,-66.0,0.506186358515,[4356.0],0.0,0.0,0.0,0.0
2015-09-15 18:34:00,65,-65.0,0.509309248725,[4225.0],0.0,0.0,0.0,0.0
2015-09-15 18:39:00,64,-64.0,0.509296376583,[4096.0],0.0,0.0,0.0,0.0
2015-09-15 18:44:00,70,-70.0,0.504138989689,[4900.0],0.0,0.0,0.0,0.0
2015-09-15 18:49:00,67,-67.0,0.503114676077,[4489.0],0.0,0.0,0.0,0.0
2015-09-15 18:54:00,63,-63.0,0.50726581004,[3969.0],0.0,0.0,0.0,0.0
2015-09-15 19:04:00,64,-64.0,0.506203144625,[4096.0],0.0,0.0,0.0,0.0
2015-09-15 19:09:00,65,-65.0,0.49990765023,[4225.0],0.0,0.0,0.0,0.0
2015-09-15 19:14:00,64,-64.0,0.50408399432,[4096.0],0.0,0.0,0.0,0.0
2015-09-15 19:19:00,60,-60.0,0.510308415011,[3600.0],0.0,0.0,0.0,0.0
2015-09-15 19:24:00,65,-65.0,0.511361944402,[4225.0],0.0,0.0,0.0,0.0
2015-09-15 19:29:00,69,-69.0,0.507206050176,[4761.0],0.0,0.0,0.0,0.0
2015-09-15 19:34:00,63,-63.0,0.508229858181,[3969.0],0.0,0.0,0.0,0.0
2015-09-15 19:39:00,59,-59.0,0.519716441447,[3481.0],0.0,0.0,0.0,0.0
2015-09-15 19:44:00,69,-69.0,0.517670627909,[4761.0],0.0,0.0,0.0,0.0
2015-09-15 19:49:00,60,-60.0,0.520756794097,[3600.0],0.0,0.0,0.0,0.0
2015-09-15 19:54:00,60,-60.0,0.524895395189,[3600.0],0.0,0.0,0.0,0.0
2015-09-15 19:59:00,59,-59.0,0.531110292287,[3481.0],0.0,0.0,0.0,0.0
2015-09-15 20:09:00,62,-62.0,0.53318873456,[3844.0],0.0,0.0,0.0,0.0
2015-09-15 20:14:00,61,-61.0,0.532091385445,[3721.0],0.0,0.0,0.0,0.0
2015-09-15 20:24:00,58,-58.0,0.539321491227,[3364.0],0.0,0.0,0.0,0.0
2015-09-15 20:29:00,63,-63.0,0.54562399895,[3969.0],0.0,0.0,0.0,0.0
2015-09-15 20:34:00,65,-65.0,0.543568850062,[4225.0],0.0,0.0,0.0,0.0
2015-09-15 20:49:00,57,-57.0,0.545500035587,[3249.0],0.0,0.0,0.0,0.0
2015-09-15 20:54:00,62,-62.0,0.552827518949,[3844.0],0.0,0.0,0.0,0.0
2015-09-15 20:59:00,62,-62.0,0.550723594389,[3844.0],0.0,0.0,0.0,0.0
2015-09-15 21:04:00,62,-62.0,0.548615025738,[3844.0],0.0,0.0,0.0,0.0
2015-09-15 21:19:00,64,-64.0,0.543385734818,[4096.0],0.0,0.0,0.0,0.0
2015-09-15 21:29:00,63,-63.0,0.542339138863,[3969.0],0.0,0.0,0.0,0.0
2015-09-15 22:09:00,57,-57.0,0.546385695385,[3249.0],0.0,0.0,0.0,0.0
2015-09-15 22:34:00,59,-59.0,0.545237141737,[3481.0],0.0,0.0,0.0,0.0
2015-09-15 22:39:00,63,-63.0,0.545247226933,[3969.0],0.0,0.0,0.0,0.0
2015-09-15 22:44:00,67,-67.0,0.54320722409,[4489.0],0.0,0.0,0.0,0.0
2015-09-15 23:19:00,65,-65.0,0.534790796617,[4225.0],0.0,0.0,0.0,0.0
2015-09-15 23:24:00,61,-61.0,0.535807094577,[3721.0],0.0,0.0,0.0,0.0
2015-09-15 23:29:00,61,-61.0,0.536824356918,[3721.0],0.0,0.0,0.0,0.0
2015-09-15 23:34:00,60,-60.0,0.538876022158,[3600.0],0.0,0.0,0.0,0.0
2015-09-16 00:49:00,67,-67.0,0.535756897097,[4489.0],0.0,0.0,0.0,0.0
2015-09-16 01:44:00,57,-57.0,0.541954945672,[3249.0],0.0,0.0,0.0,0.0
2015-09-16 02:19:00,59,-59.0,0.539744956818,[3481.0],0.0,0.0,0.0,0.0
2015-09-16 03:04:00,60,-60.0,0.538621495712,[3600.0],0.0,0.0,0.0,0.0
2015-09-16 04:44:00,58,-58.0,0.543785108128,[3364.0],0.0,0.0,0.0,0.0
2015-09-16 05:09:00,66,-66.0,0.5448999698,[4356.0],0.0,0.0,0.0,0.0
2015-09-16 05:19:00,69,-69.0,0.540744346635,[4761.0],0.0,0.0,0.0,0.0
2015-09-16 05:29:00,62,-62.0,0.539669117838,[3844.0],0.0,0.0,0.0,0.0
2015-09-16 05:39:00,65,-65.0,0.535457984891,[4225.0],0.0,0.0,0.0,0.0
2015-09-16 05:49:00,65,-65.0,0.530167379711,[4225.0],0.0,0.0,0.0,0.0
2015-09-16 06:09:00,61,-61.0,0.536515882285,[3721.0],0.0,0.0,0.0,0.0
2015-09-16 06:14:00,64,-64.0,0.529069193181,[4096.0],0.0,0.0,0.0,0.0
2015-09-16 06:24:00,65,-65.0,0.522679924851,[4225.0],0.0,0.0,0.0,0.0
2015-09-16 06:39:00,65,-65.0,0.51734149965,[4225.0],0.0,0.0,0.0,0.0
2015-09-16 06:44:00,66,-66.0,0.508778990446,[4356.0],0.0,0.0,0.0,0.0
2015-09-16 06:54:00,61,-61.0,0.514095376452,[3721.0],0.0,0.0,0.0,0.0
2015-09-16 07:19:00,64,-64.0,0.519464741019,[4096.0],0.0,0.0,0.0,0.0
2015-09-16 07:24:00,69,-69.0,0.5119929748,[4761.0],0.0,0.0,0.0,0.0
2015-09-16 07:29:00,59,-59.0,0.518360215611,[3481.0],0.0,0.0,0.0,0.0
2015-09-16 07:34:00,71,-71.0,0.511977832922,[5041.0],0.0,0.0,0.0,0.0
2015-09-16 07:44:00,66,-66.0,0.506608238949,[4356.0],0.0,0.0,0.0,0.0
2015-09-16 07:49:00,66,-66.0,0.504462564546,[4356.0],0.0,0.0,0.0,0.0
2015-09-16 07:54:00,67,-67.0,0.502324304438,[4489.0],0.0,0.0,0.0,0.0
2015-09-16 07:59:00,68,-68.0,0.499112277781,[4624.0],0.0,0.0,0.0,0.0
2015-09-16 08:04:00,64,-64.0,0.501256224964,[4096.0],0.0,0.0,0.0,0.0
2015-09-16 08:09:00,68,-68.0,0.493701139299,[4624.0],0.0,0.0,0.0,0.0
2015-09-16 08:14:00,69,-69.0,0.488316855158,[4761.0],0.0,0.0,0.0,0.0
2015-09-16 08:19:00,71,-71.0,0.486213442546,[5041.0],0.0,0.0,0.0,0.0
2015-09-16 08:24:00,66,-66.0,0.478605612143,[4356.0],0.0,0.0,0.0,0.0
2015-09-16 08:29:00,70,-70.0,0.479734533247,[4900.0],0.0,0.0,0.0,0.0
2015-09-16 08:39:00,71,-71.0,0.474370721093,[5041.0],0.0,0.0,0.0,0.0
2015-09-16 08:49:00,68,-68.0,0.472203649175,[4624.0],0.0,0.0,0.0,0.0
2015-09-16 08:54:00,62,-62.0,0.477571188768,[3844.0],0.0,0.0,0.0,0.0
2015-09-16 08:59:00,67,-67.0,0.478652247026,[4489.0],0.0,0.0,0.0,0.0
2015-09-16 09:04:00,63,-63.0,0.479688421699,[3969.0],0.0,0.0,0.0,0.0
2015-09-16 09:09:00,71,-71.0,0.476481580113,[5041.0],0.0,0.0,0.0,0.0
2015-09-16 09:14:00,64,-64.0,0.481891647499,[4096.0],0.0,0.0,0.0,0.0
2015-09-16 09:24:00,70,-70.0,0.483029064416,[4900.0],0.0,0.0,0.0,0.0
2015-09-16 09:34:00,67,-67.0,0.481934019288,[4489.0],0.0,0.0,0.0,0.0
2015-09-16 09:44:00,67,-67.0,0.485215739524,[4489.0],0.0,0.0,0.0,0.0
2015-09-16 09:54:00,66,-66.0,0.490685680076,[4356.0],0.0,0.0,0.0,0.0
2015-09-16 09:59:00,61,-61.0,0.498304274971,[3721.0],0.0,0.0,0.0,0.0
2015-09-16 10:04:00,69,-69.0,0.490657396792,[4761.0],0.0,0.0,0.0,0.0
2015-09-16 10:09:00,67,-67.0,0.49066426971,[4489.0],0.0,0.0,0.0,0.0
2015-09-16 10:14:00,70,-70.0,0.483016917001,[4900.0],0.0,0.0,0.0,0.0
2015-09-16 10:19:00,71,-71.0,0.483080292744,[5041.0],0.0,0.0,0.0,0.0
2015-09-16 10:24:00,67,-67.0,0.479777236895,[4489.0],0.0,0.0,0.0,0.0
2015-09-16 10:29:00,59,-59.0,0.491805690072,[3481.0],0.0,0.0,0.0,0.0
2015-09-16 10:34:00,69,-69.0,0.48963744068,[4761.0],0.0,0.0,0.0,0.0
2015-09-16 10:44:00,69,-69.0,0.487465973232,[4761.0],0.0,0.0,0.0,0.0
2015-09-16 10:49:00,68,-68.0,0.485276105857,[4624.0],0.0,0.0,0.0,0.0
2015-09-16 10:54:00,72,-72.0,0.473229557798,[5184.0],0.0,0.0,0.0,0.0
2015-09-16 10:59:00,68,-68.0,0.474335639413,[4624.0],0.0,0.0,0.0,0.0
2015-09-16 11:04:00,62,-62.0,0.479791680721,[3844.0],0.0,0.0,0.0,0.0
2015-09-16 11:09:00,64,-64.0,0.486386046168,[4096.0],0.0,0.0,0.0,0.0
2015-09-16 11:14:00,66,-66.0,0.49191450663,[4356.0],0.0,0.0,0.0,0.0
2015-09-16 11:19:00,60,-60.0,0.499601140192,[3600.0],0.0,0.0,0.0,0.0
2015-09-16 11:24:00,66,-66.0,0.491837182717,[4356.0],0.0,0.0,0.0,0.0
2015-09-16 11:29:00,71,-71.0,0.489682864262,[5041.0],0.0,0.0,0.0,0.0
2015-09-16 11:34:00,56,-56.0,0.503983276295,[3136.0],0.0,0.0,0.0,0.0
2015-09-16 11:39:00,63,-63.0,0.509497855076,[3969.0],0.0,0.0,0.0,0.0
2015-09-16 11:44:00,67,-67.0,0.515073261177,[4489.0],0.0,0.0,0.0,0.0
2015-09-16 11:49:00,64,-64.0,0.519509490223,[4096.0],0.0,0.0,0.0,0.0
2015-09-16 11:59:00,67,-67.0,0.513989335422,[4489.0],0.0,0.0,0.0,0.0
2015-09-16 12:04:00,62,-62.0,0.516178532639,[3844.0],0.0,0.0,0.0,0.0
2015-09-16 12:14:00,65,-65.0,0.517301927888,[4225.0],0.0,0.0,0.0,0.0
2015-09-16 12:19:00,66,-66.0,0.510634833721,[4356.0],0.0,0.0,0.0,0.0
2015-09-16 12:24:00,65,-65.0,0.511755075926,[4225.0],0.0,0.0,0.0,0.0
2015-09-16 12:29:00,73,-73.0,0.509608134184,[5329.0],0.0,0.0,0.0,0.0
2015-09-16 12:34:00,67,-67.0,0.497342236494,[4489.0],0.0,0.0,0.0,0.0
2015-09-16 12:39:00,62,-62.0,0.498413001257,[3844.0],0.0,0.0,0.0,0.0
2015-09-16 12:44:00,68,-68.0,0.497321318941,[4624.0],0.0,0.0,0.0,0.0
2015-09-16 12:49:00,62,-62.0,0.499514189431,[3844.0],0.0,0.0,0.0,0.0
2015-09-16 12:54:00,67,-67.0,0.499530451235,[4489.0],0.0,0.0,0.0,0.0
2015-09-16 12:59:00,63,-63.0,0.498374425781,[3969.0],0.0,0.0,0.0,0.0
2015-09-16 13:04:00,68,-68.0,0.495031855415,[4624.0],0.0,-1.0,-2.0,-1.0
2015-09-16 13:09:00,69,-69.0,0.491697245089,[4761.0],0.0,0.0,0.0,0.0
2015-09-16 13:14:00,69,-69.0,0.487233386986,[4761.0],0.0,0.0,0.0,0.0
2015-09-16 13:19:00,65,-65.0,0.496220366485,[4225.0],0.0,0.0,0.0,0.0
2015-09-16 13:24:00,61,-61.0,0.502921946488,[3721.0],0.0,0.0,0.0,0.0
2015-09-16 13:29:00,73,-73.0,0.490623689771,[5329.0],0.0,0.0,0.0,0.0
2015-09-16 13:34:00,66,-66.0,0.49287200964,[4356.0],0.0,0.0,0.0,0.0
2015-09-16 13:39:00,51,-51.0,0.505063301036,[2601.0],0.0,0.0,0.0,0.0
2015-09-16 13:44:00,50,-50.0,0.523763015336,[2500.0],0.0,0.0,0.0,0.0
2015-09-16 13:49:00,34,-34.0,0.553928863463,[1156.0],0.0,0.0,0.0,0.0
2015-09-16 13:54:00,24,-24.0,0.595420214825,[576.0],0.0,0.0,0.0,0.0
2015-09-16 13:59:00,7,-7.0,0.642411262027,[49.0],0.0,0.0,0.0,0.0
2015-09-16 14:04:00,14,-14.0,0.67797774556,[196.0],0.0,0.0,0.0,0.0
2015-09-16 14:09:00,7,-7.0,0.706906458132,[49.0],0.0,0.0,0.0,0.0
2015-09-16 14:14:00,32,-32.0,0.722014606612,[1024.0],0.0,0.0,0.0,0.0
2015-09-16 14:19:00,17,-17.0,0.747386425786,[289.0],0.0,0.0,0.0,0.0
2015-09-16 14:24:00,8,-8.0,0.766286790542,[64.0],0.0,0.0,0.0,0.0
2015-09-16 14:29:00,6,-6.0,0.774908030031,[36.0],0.0,0.0,0.0,0.0
2015-09-16 14:30:00,8,-8.0,0.781954339947,[64.0],0.0,0.0,0.0,0.0
2015-09-16 14:35:00,20,-20.0,0.780529775991,[400.0],0.0,0.0,0.0,0.0
2015-09-16 14:40:00,8,-8.0,0.77560974889,[64.0],0.0,0.0,0.0,0.0
2015-09-16 14:45:00,23,-23.0,0.762570207384,[529.0],0.0,0.0,0.0,0.0
2015-09-16 14:50:00,74,-74.0,0.735635323045,[5476.0],0.0,0.0,0.0,0.0
2015-09-16 14:55:00,65,-65.0,0.708394613989,[4225.0],0.0,0.0,0.0,0.0
2015-09-16 15:00:00,67,-67.0,0.691392162545,[4489.0],0.0,0.0,0.0,0.0
2015-09-16 15:05:00,74,-74.0,0.662489725559,[5476.0],0.0,0.0,0.0,0.0
2015-09-16 15:10:00,59,-59.0,0.635802301971,[3481.0],0.0,0.0,0.0,0.0
2015-09-16 15:15:00,65,-65.0,0.604143994195,[4225.0],0.0,0.0,0.0,0.0
2015-09-16 15:20:00,64,-64.0,0.57337379615,[4096.0],0.0,0.0,0.0,0.0
2015-09-16 15:25:00,64,-64.0,0.54883260482,[4096.0],0.0,0.0,0.0,0.0
2015-09-16 15:30:00,68,-68.0,0.515016107004,[4624.0],0.0,0.0,0.0,0.0
2015-09-16 15:35:00,73,-73.0,0.486736721246,[5329.0],0.0,0.0,0.0,0.0
2015-09-16 15:40:00,71,-71.0,0.488466788783,[5041.0],0.0,0.0,0.0,0.0
2015-09-16 15:45:00,67,-67.0,0.487332879207,[4489.0],0.0,0.0,0.0,0.0
2015-09-16 15:50:00,66,-66.0,0.487893692935,[4356.0],0.0,0.0,0.0,0.0
2015-09-16 15:55:00,68,-68.0,0.491311933555,[4624.0],0.0,0.0,0.0,0.0
2015-09-16 16:00:00,65,-65.0,0.48788809095,[4225.0],0.0,-1.0,-2.0,-1.0
2015-09-16 16:05:00,57,-57.0,0.492392013645,[3249.0],0.0,0.0,0.0,0.0
2015-09-16 16:10:00,70,-70.0,0.488999793725,[4900.0],0.0,0.0,0.0,0.0
2015-09-16 16:15:00,66,-66.0,0.487854270183,[4356.0],0.0,0.0,0.0,0.0
2015-09-16 16:20:00,66,-66.0,0.488989219816,[4356.0],0.0,0.0,0.0,0.0
2015-09-16 16:25:00,65,-65.0,0.493549076175,[4225.0],0.0,0.0,0.0,0.0
2015-09-16 16:30:00,66,-66.0,0.496409152153,[4356.0],0.0,0.0,0.0,0.0
2015-09-16 16:35:00,64,-64.0,0.498117728954,[4096.0],0.0,0.0,0.0,0.0
2015-09-16 16:40:00,55,-55.0,0.504355547331,[3025.0],0.0,0.0,0.0,0.0
2015-09-16 16:45:00,30,-30.0,0.525436684513,[900.0],0.0,0.0,0.0,0.0
2015-09-16 16:50:00,11,-11.0,0.553108859653,[121.0],0.0,0.0,0.0,0.0
2015-09-16 16:55:00,12,-12.0,0.573941871922,[144.0],0.0,0.0,0.0,0.0
2015-09-16 17:00:00,33,-33.0,0.591424708617,[1089.0],0.0,0.0,0.0,0.0
2015-09-16 17:05:00,43,-43.0,0.6022234491,[1849.0],0.0,0.0,0.0,0.0
2015-09-16 17:10:00,1,-1.0,0.627040155207,[1.0],0.0,0.0,0.0,0.0
2015-09-16 17:15:00,19,-19.0,0.644247362876,[361.0],0.0,0.0,0.0,0.0
2015-09-16 17:20:00,23,-23.0,0.65975232672,[529.0],0.0,0.0,0.0,0.0
2015-09-16 17:25:00,53,-53.0,0.664275020728,[2809.0],0.0,0.0,0.0,0.0
2015-09-16 17:30:00,60,-60.0,0.662259667362,[3600.0],0.0,0.0,0.0,0.0
2015-09-16 17:35:00,56,-56.0,0.651149048685,[3136.0],0.0,0.0,0.0,0.0
2015-09-16 17:40:00,44,-44.0,0.636250366742,[1936.0],0.0,0.0,0.0,0.0
2015-09-16 17:45:00,57,-57.0,0.616559646599,[3249.0],0.0,0.0,0.0,0.0
2015-09-16 17:50:00,55,-55.0,0.606762581263,[3025.0],0.0,0.0,0.0,0.0
2015-09-16 17:55:00,63,-63.0,0.59793319609,[3969.0],0.0,0.0,0.0,0.0
2015-09-16 18:00:00,68,-68.0,0.567752319464,[4624.0],0.0,0.0,0.0,0.0
2015-09-16 18:05:00,70,-70.0,0.544477139532,[4900.0],0.0,0.0,0.0,0.0
2015-09-16 18:10:00,62,-62.0,0.526528358669,[3844.0],0.0,0.0,0.0,0.0
2015-09-16 18:15:00,66,-66.0,0.52054922012,[4356.0],0.0,0.0,0.0,0.0
2015-09-16 18:20:00,67,-67.0,0.517337951078,[4489.0],0.0,0.0,0.0,0.0
2015-09-16 18:25:00,68,-68.0,0.511803258276,[4624.0],0.0,0.0,0.0,0.0
2015-09-16 18:30:00,67,-67.0,0.501140967411,[4489.0],0.0,0.0,0.0,0.0
2015-09-16 18:35:00,66,-66.0,0.496962974319,[4356.0],0.0,0.0,0.0,0.0
2015-09-16 18:40:00,68,-68.0,0.490925553089,[4624.0],0.0,0.0,0.0,0.0
2015-09-16 18:45:00,69,-69.0,0.488145213907,[4761.0],0.0,0.0,0.0,0.0
2015-09-16 18:50:00,68,-68.0,0.488151231741,[4624.0],0.0,0.0,0.0,0.0
2015-09-16 18:55:00,71,-71.0,0.487709513729,[5041.0],0.0,0.0,0.0,0.0
2015-09-16 19:05:00,67,-67.0,0.485375644794,[4489.0],0.0,0.0,0.0,0.0
2015-09-16 19:10:00,64,-64.0,0.486292349423,[4096.0],0.0,0.0,0.0,0.0
2015-09-16 19:15:00,64,-64.0,0.487678789045,[4096.0],0.0,0.0,0.0,0.0
2015-09-16 19:25:00,64,-64.0,0.489536539373,[4096.0],0.0,0.0,0.0,0.0
2015-09-16 19:30:00,63,-63.0,0.49139376234,[3969.0],0.0,0.0,0.0,0.0
2015-09-16 19:35:00,65,-65.0,0.491856358949,[4225.0],0.0,0.0,0.0,0.0
2015-09-16 19:40:00,64,-64.0,0.493724568926,[4096.0],0.0,0.0,0.0,0.0
2015-09-16 19:45:00,65,-65.0,0.495601542964,[4225.0],0.0,0.0,0.0,0.0
2015-09-16 19:50:00,66,-66.0,0.496545672527,[4356.0],0.0,0.0,0.0,0.0
2015-09-16 20:00:00,63,-63.0,0.500305070988,[3969.0],0.0,0.0,0.0,0.0
2015-09-16 20:05:00,67,-67.0,0.500317059033,[4489.0],0.0,0.0,0.0,0.0
2015-09-16 20:10:00,62,-62.0,0.501249399861,[3844.0],0.0,0.0,0.0,0.0
2015-09-16 20:15:00,61,-61.0,0.50265113181,[3721.0],0.0,0.0,0.0,0.0
2015-09-16 20:20:00,62,-62.0,0.50358736803,[3844.0],0.0,0.0,0.0,0.0
2015-09-16 20:25:00,65,-65.0,0.502646114182,[4225.0],0.0,0.0,0.0,0.0
2015-09-16 20:30:00,63,-63.0,0.503589175629,[3969.0],0.0,0.0,0.0,0.0
2015-09-16 20:35:00,61,-61.0,0.504998282074,[3721.0],0.0,0.0,0.0,0.0
2015-09-16 20:40:00,59,-59.0,0.507822642741,[3481.0],0.0,0.0,0.0,0.0
2015-09-16 20:45:00,56,-56.0,0.51252873242,[3136.0],0.0,0.0,0.0,0.0
2015-09-16 20:50:00,65,-65.0,0.511593517394,[4225.0],0.0,0.0,0.0,0.0
2015-09-16 20:55:00,63,-63.0,0.513499376557,[3969.0],0.0,0.0,0.0,0.0
2015-09-16 21:00:00,67,-67.0,0.511144188,[4489.0],0.0,0.0,0.0,0.0
2015-09-16 21:05:00,63,-63.0,0.510194815348,[3969.0],0.0,0.0,0.0,0.0
2015-09-16 21:10:00,57,-57.0,0.512544875866,[3249.0],0.0,0.0,0.0,0.0
2015-09-16 21:15:00,58,-58.0,0.515856700574,[3364.0],0.0,0.0,0.0,0.0
2015-09-16 21:25:00,68,-68.0,0.513501493613,[4624.0],0.0,0.0,0.0,0.0
2015-09-16 21:40:00,62,-62.0,0.513024302235,[3844.0],0.0,0.0,0.0,0.0
2015-09-16 21:45:00,64,-64.0,0.510644175618,[4096.0],0.0,0.0,0.0,0.0
2015-09-16 21:55:00,66,-66.0,0.505874664184,[4356.0],0.0,0.0,0.0,0.0
2015-09-16 22:05:00,65,-65.0,0.505882787121,[4225.0],0.0,0.0,0.0,0.0
2015-09-16 22:14:00,57,-57.0,0.508724750716,[3249.0],0.0,0.0,0.0,0.0
2015-09-16 22:20:00,61,-61.0,0.511593413375,[3721.0],0.0,0.0,0.0,0.0
2015-09-16 22:25:00,58,-58.0,0.513967051392,[3364.0],0.0,0.0,0.0,0.0
2015-09-16 22:30:00,62,-62.0,0.51156657381,[3844.0],0.0,0.0,0.0,0.0
2015-09-16 22:40:00,61,-61.0,0.510117383957,[3721.0],0.0,0.0,0.0,0.0
2015-09-16 22:45:00,63,-63.0,0.512525935616,[3969.0],0.0,0.0,0.0,0.0
2015-09-16 22:55:00,59,-59.0,0.513951821261,[3481.0],0.0,0.0,0.0,0.0
2015-09-16 23:10:00,64,-64.0,0.513963241784,[4096.0],0.0,0.0,0.0,0.0
2015-09-16 23:35:00,64,-64.0,0.514939313436,[4096.0],0.0,0.0,0.0,0.0
2015-09-16 23:55:00,59,-59.0,0.517817690615,[3481.0],0.0,0.0,0.0,0.0
2015-09-17 00:10:00,66,-66.0,0.513494703434,[4356.0],0.0,0.0,0.0,0.0
2015-09-17 00:45:00,63,-63.0,0.512533315274,[3969.0],0.0,0.0,0.0,0.0
2015-09-17 01:05:00,57,-57.0,0.512985314552,[3249.0],0.0,0.0,0.0,0.0
2015-09-17 01:40:00,56,-56.0,0.515849145549,[3136.0],0.0,0.0,0.0,0.0
2015-09-17 01:55:00,53,-53.0,0.519651864017,[2809.0],0.0,0.0,0.0,0.0
2015-09-17 02:10:00,66,-66.0,0.518226782251,[4356.0],0.0,0.0,0.0,0.0
2015-09-17 02:50:00,61,-61.0,0.517257211847,[3721.0],0.0,0.0,0.0,0.0
2015-09-17 03:20:00,56,-56.0,0.521092621452,[3136.0],0.0,0.0,0.0,0.0
2015-09-17 04:35:00,58,-58.0,0.523977386534,[3364.0],0.0,0.0,0.0,0.0
2015-09-17 04:55:00,62,-62.0,0.522533782275,[3844.0],0.0,0.0,0.0,0.0
2015-09-17 05:10:00,64,-64.0,0.523523818108,[4096.0],0.0,0.0,0.0,0.0
2015-09-17 05:15:00,65,-65.0,0.522578265084,[4225.0],0.0,0.0,0.0,0.0
2015-09-17 05:30:00,73,-73.0,0.514847341918,[5329.0],0.0,0.0,0.0,0.0
2015-09-17 05:35:00,63,-63.0,0.511448301773,[3969.0],0.0,0.0,0.0,0.0
2015-09-17 05:40:00,63,-63.0,0.506580185788,[3969.0],0.0,0.0,0.0,0.0
2015-09-17 05:45:00,66,-66.0,0.506593770223,[4356.0],0.0,0.0,0.0,0.0
2015-09-17 05:50:00,62,-62.0,0.506099898135,[3844.0],0.0,0.0,0.0,0.0
2015-09-17 05:55:00,72,-72.0,0.49832365174,[5184.0],0.0,0.0,0.0,0.0
2015-09-17 06:15:00,56,-56.0,0.499260224088,[3136.0],0.0,0.0,0.0,0.0
2015-09-17 06:20:00,52,-52.0,0.504082051894,[2704.0],0.0,0.0,0.0,0.0
2015-09-17 06:25:00,61,-61.0,0.505534338545,[3721.0],0.0,0.0,0.0,0.0
2015-09-17 06:30:00,51,-51.0,0.512292613489,[2601.0],0.0,0.0,0.0,0.0
2015-09-17 06:40:00,64,-64.0,0.516694494968,[4096.0],0.0,0.0,0.0,0.0
2015-09-17 06:55:00,60,-60.0,0.518150576656,[3600.0],0.0,0.0,0.0,0.0
2015-09-17 07:00:00,59,-59.0,0.520089971801,[3481.0],0.0,0.0,0.0,0.0
2015-09-17 07:05:00,38,-38.0,0.533383448219,[1444.0],0.0,0.0,0.0,0.0
2015-09-17 07:10:00,53,-53.0,0.537661331555,[2809.0],0.0,0.0,0.0,0.0
2015-09-17 07:15:00,56,-56.0,0.545349697087,[3136.0],0.0,0.0,0.0,0.0
2015-09-17 07:25:00,53,-53.0,0.546717601533,[2809.0],0.0,0.0,0.0,0.0
2015-09-17 07:35:00,68,-68.0,0.539050965065,[4624.0],0.0,0.0,0.0,0.0
2015-09-17 07:40:00,56,-56.0,0.541432752761,[3136.0],0.0,0.0,0.0,0.0
2015-09-17 07:45:00,62,-62.0,0.536139407524,[3844.0],0.0,0.0,0.0,0.0
2015-09-17 07:50:00,65,-65.0,0.53569243238,[4225.0],0.0,0.0,0.0,0.0
2015-09-17 07:55:00,61,-61.0,0.535221505931,[3721.0],0.0,0.0,0.0,0.0
2015-09-17 08:00:00,64,-64.0,0.532826263126,[4096.0],0.0,0.0,0.0,0.0
2015-09-17 08:05:00,60,-60.0,0.522129313788,[3600.0],0.0,0.0,0.0,0.0
2015-09-17 08:10:00,58,-58.0,0.519674874655,[3364.0],0.0,0.0,0.0,0.0
2015-09-17 08:15:00,62,-62.0,0.516755109109,[3844.0],0.0,0.0,0.0,0.0
2015-09-17 08:20:00,67,-67.0,0.50994460324,[4489.0],0.0,0.0,0.0,0.0
2015-09-17 08:25:00,61,-61.0,0.513359313038,[3721.0],0.0,0.0,0.0,0.0
2015-09-17 08:30:00,59,-59.0,0.511875405322,[3481.0],0.0,0.0,0.0,0.0
2015-09-17 08:35:00,60,-60.0,0.512842984512,[3600.0],0.0,0.0,0.0,0.0
2015-09-17 08:40:00,59,-59.0,0.51576454017,[3481.0],0.0,0.0,0.0,0.0
2015-09-17 08:45:00,59,-59.0,0.516729472673,[3481.0],0.0,0.0,0.0,0.0
2015-09-17 08:50:00,63,-63.0,0.517229241106,[3969.0],0.0,0.0,0.0,0.0
2015-09-17 08:55:00,55,-55.0,0.519636193604,[3025.0],0.0,0.0,0.0,0.0
2015-09-17 09:00:00,54,-54.0,0.521542720417,[2916.0],0.0,0.0,0.0,0.0
2015-09-17 09:05:00,64,-64.0,0.520580877416,[4096.0],0.0,0.0,0.0,0.0
2015-09-17 09:10:00,63,-63.0,0.522557201476,[3969.0],0.0,0.0,0.0,0.0
2015-09-17 09:15:00,67,-67.0,0.519641431058,[4489.0],0.0,0.0,0.0,0.0
2015-09-17 09:20:00,62,-62.0,0.518172570416,[3844.0],0.0,0.0,0.0,0.0
2015-09-17 09:25:00,67,-67.0,0.514753878894,[4489.0],0.0,0.0,0.0,0.0
2015-09-17 09:30:00,65,-65.0,0.511812901245,[4225.0],0.0,0.0,0.0,0.0
2015-09-17 09:35:00,63,-63.0,0.509843559915,[3969.0],0.0,0.0,0.0,0.0
2015-09-17 09:40:00,61,-61.0,0.510824236593,[3721.0],0.0,0.0,0.0,0.0
2015-09-17 09:45:00,69,-69.0,0.503932079804,[4761.0],0.0,0.0,0.0,0.0
2015-09-17 09:50:00,65,-65.0,0.498494814606,[4225.0],0.0,0.0,0.0,0.0
2015-09-17 09:55:00,63,-63.0,0.498982813482,[3969.0],0.0,0.0,0.0,0.0
2015-09-17 10:00:00,65,-65.0,0.497993449478,[4225.0],0.0,0.0,0.0,0.0
2015-09-17 10:05:00,71,-71.0,0.496039524752,[5041.0],0.0,0.0,0.0,0.0
2015-09-17 10:10:00,66,-66.0,0.494057986997,[4356.0],0.0,0.0,0.0,0.0
2015-09-17 10:15:00,64,-64.0,0.495541801978,[4096.0],0.0,0.0,0.0,0.0
2015-09-17 10:20:00,61,-61.0,0.497512284121,[3721.0],0.0,0.0,0.0,0.0
2015-09-17 10:25:00,65,-65.0,0.496517609697,[4225.0],0.0,0.0,0.0,0.0
2015-09-17 10:30:00,65,-65.0,0.494524630394,[4225.0],0.0,0.0,0.0,0.0
2015-09-17 10:35:00,62,-62.0,0.498000058135,[3844.0],0.0,0.0,0.0,0.0
2015-09-17 10:45:00,64,-64.0,0.498495990677,[4096.0],0.0,0.0,0.0,0.0
2015-09-17 10:50:00,61,-61.0,0.499478662452,[3721.0],0.0,0.0,0.0,0.0
2015-09-17 10:55:00,59,-59.0,0.502453085447,[3481.0],0.0,0.0,0.0,0.0
2015-09-17 11:00:00,64,-64.0,0.505956179581,[4096.0],0.0,0.0,0.0,0.0
2015-09-17 11:05:00,55,-55.0,0.511414756629,[3025.0],0.0,0.0,0.0,0.0
2015-09-17 11:10:00,62,-62.0,0.512415089747,[3844.0],0.0,0.0,0.0,0.0
2015-09-17 11:15:00,61,-61.0,0.512409847477,[3721.0],0.0,0.0,0.0,0.0
2015-09-17 11:20:00,66,-66.0,0.511927482249,[4356.0],0.0,0.0,0.0,0.0
2015-09-17 11:25:00,61,-61.0,0.513928699975,[3721.0],0.0,0.0,0.0,0.0
2015-09-17 11:30:00,69,-69.0,0.510445217476,[4761.0],0.0,0.0,0.0,0.0
2015-09-17 11:35:00,66,-66.0,0.509457214585,[4356.0],0.0,0.0,0.0,0.0
2015-09-17 11:40:00,68,-68.0,0.505960274184,[4624.0],0.0,0.0,0.0,0.0
2015-09-17 11:45:00,69,-69.0,0.500951511664,[4761.0],0.0,0.0,0.0,0.0
2015-09-17 11:50:00,66,-66.0,0.499952425983,[4356.0],0.0,0.0,0.0,0.0
2015-09-17 11:55:00,66,-66.0,0.494412503011,[4356.0],0.0,0.0,0.0,0.0
2015-09-17 12:00:00,64,-64.0,0.4933965187,[4096.0],0.0,0.0,0.0,0.0
2015-09-17 12:05:00,63,-63.0,0.49237425393,[3969.0],0.0,0.0,0.0,0.0
2015-09-17 12:10:00,68,-68.0,0.491374524799,[4624.0],0.0,0.0,0.0,0.0
2015-09-17 12:20:00,62,-62.0,0.490850623798,[3844.0],0.0,0.0,0.0,0.0
2015-09-17 12:25:00,66,-66.0,0.492369725111,[4356.0],0.0,0.0,0.0,0.0
2015-09-17 12:30:00,71,-71.0,0.489864671943,[5041.0],0.0,0.0,0.0,0.0
2015-09-17 12:35:00,67,-67.0,0.49037574696,[4489.0],0.0,0.0,0.0,0.0
2015-09-17 12:40:00,66,-66.0,0.491897543942,[4356.0],0.0,0.0,0.0,0.0
2015-09-17 12:45:00,62,-62.0,0.493911813657,[3844.0],0.0,0.0,0.0,0.0
2015-09-17 12:50:00,62,-62.0,0.495929682042,[3844.0],0.0,0.0,0.0,0.0
2015-09-17 12:55:00,62,-62.0,0.496933353715,[3844.0],0.0,0.0,0.0,0.0
2015-09-17 13:00:00,59,-59.0,0.498943823576,[3481.0],0.0,0.0,0.0,0.0
2015-09-17 13:05:00,56,-56.0,0.505016186401,[3136.0],0.0,0.0,0.0,0.0
2015-09-17 13:10:00,41,-41.0,0.515516147525,[1681.0],0.0,0.0,0.0,0.0
2015-09-17 13:15:00,63,-63.0,0.517043759663,[3969.0],0.0,0.0,0.0,0.0
2015-09-17 13:20:00,46,-46.0,0.529526490117,[2116.0],0.0,0.0,0.0,0.0
2015-09-17 13:25:00,47,-47.0,0.539422043667,[2209.0],0.0,0.0,0.0,0.0
2015-09-17 13:30:00,63,-63.0,0.540957597268,[3969.0],0.0,0.0,0.0,0.0
2015-09-17 13:35:00,50,-50.0,0.546847344701,[2500.0],0.0,0.0,0.0,0.0
2015-09-17 13:40:00,46,-46.0,0.554607940683,[2116.0],0.0,0.0,0.0,0.0
2015-09-17 13:45:00,33,-33.0,0.568184306,[1089.0],0.0,0.0,0.0,0.0
2015-09-17 13:50:00,23,-23.0,0.584083662138,[529.0],0.0,0.0,0.0,0.0
2015-09-17 13:55:00,26,-26.0,0.596767974441,[676.0],0.0,0.0,0.0,0.0
2015-09-17 14:00:00,19,-19.0,0.604670731742,[361.0],0.0,0.0,0.0,0.0
2015-09-17 14:05:00,27,-27.0,0.61923626085,[729.0],0.0,0.0,0.0,0.0
