timestamp,value,is_anomaly,error_prediction,convergence_loss,sigmoid_error_prediction,anomaly_score,prediction,S(t)_reward_low_FP_rate,S(t)_reward_low_FN_rate,S(t)_standard
2011-07-01 00:00:01,0.381199986873,0,0.0,0.0,0.0,0.5,0.0,0.0,0.0,0.0
2011-07-01 01:00:01,0.373275379617,0,0.0,0.0,0.0,0.5,0.0,0.0,0.0,0.0
2011-07-01 02:00:01,0.294571061747,0,0.0,0.0,0.0,0.5,0.0,0.0,0.0,0.0
2011-07-01 03:00:01,0.202228282628,0,0.0,0.0,0.0,0.5,0.0,0.0,0.0,0.0
2011-07-01 04:00:01,0.195437363338,0,0.0,0.0,0.0,0.5,0.0,0.0,0.0,0.0
2011-07-01 05:00:01,0.243071820841,0,0.0,0.0,0.0,0.5,0.0,0.0,0.0,0.0
2011-07-01 06:00:01,0.291368914738,0,0.0,0.0,0.0,0.5,0.0,0.0,0.0,0.0
2011-07-01 07:00:01,0.281256773938,0,0.0,0.0,0.0,0.5,0.0,0.0,0.0,0.0
2011-07-01 08:00:01,0.50430650964,0,0.0,0.0,0.0,0.5,0.0,0.0,0.0,0.0
2011-07-01 09:00:01,0.751495072669,0,0.0,0.0,0.0,0.5,0.0,0.0,0.0,0.0
2011-07-01 10:00:01,0.707403574269,0,0.0,0.0,0.0,0.5,0.0,0.0,0.0,0.0
2011-07-01 11:00:01,0.700755955711,0,0.0,0.0,0.0,0.5,0.0,0.0,0.0,0.0
2011-07-01 12:00:01,0.663329321575,0,0.0,0.0,0.0,0.5,0.0,0.0,0.0,0.0
2011-07-01 13:00:01,0.653586369959,0,0.0,0.0,0.0,0.5,0.0,0.0,0.0,0.0
2011-07-01 14:00:01,0.491945443482,0,0.0,0.0,0.0,0.5,0.0,0.0,0.0,0.0
2011-07-01 15:00:01,0.493447529135,0,0.0,0.0,0.0,0.5,0.0,0.0,0.0,0.0
2011-07-01 16:00:01,0.488791886181,0,0.0,0.0,0.0,0.5,0.0,0.0,0.0,0.0
2011-07-01 17:00:01,0.396639225617,0,0.0,0.0,0.0,0.5,0.0,0.0,0.0,0.0
2011-07-01 18:00:01,0.236021734576,0,0.0,0.0,0.0,0.5,0.0,0.0,0.0,0.0
2011-07-01 19:00:01,0.293966308655,0,0.0,0.0,0.0,0.5,0.0,0.0,0.0,0.0
2011-07-01 20:00:01,0.259436699536,0,0.0,0.0,0.0,0.5,0.0,0.0,0.0,0.0
2011-07-01 21:00:01,0.251247917521,0,0.0,0.0,0.0,0.5,0.0,0.0,0.0,0.0
2011-07-01 22:00:01,0.220249357398,0,0.0,0.0,0.0,0.5,0.0,0.0,0.0,0.0
2011-07-01 23:00:01,0.248480711518,0,0.0,0.0,0.0,0.5,0.0,0.0,0.0,0.0
2011-07-02 00:00:01,0.308670680536,0,0.0,0.0,0.0,0.5,0.0,0.0,0.0,0.0
2011-07-02 01:00:01,0.238745904552,0,0.0,0.0,0.0,0.5,0.0,0.0,0.0,0.0
2011-07-02 02:00:01,0.203852916096,0,0.0,0.0,0.0,0.5,0.0,0.0,0.0,0.0
2011-07-02 03:00:01,0.157836525128,0,0.0,0.0,0.0,0.5,0.0,0.0,0.0,0.0
2011-07-02 04:00:01,0.201159446374,0,0.0,0.0,0.0,0.5,0.0,0.0,0.0,0.0
2011-07-02 05:00:01,0.288121341902,0,0.0,0.0,0.0,0.5,0.0,0.0,0.0,0.0
2011-07-02 06:00:01,0.27354637772,0,0.0,0.0,0.0,0.5,0.0,0.0,0.0,0.0
2011-07-02 07:00:01,0.377078032473,0,0.0,0.0,0.0,0.5,0.0,0.0,0.0,0.0
2011-07-02 08:00:01,0.559465627997,0,0.0,0.0,0.0,0.5,0.0,0.0,0.0,0.0
2011-07-02 09:00:01,0.564186777585,0,0.0,0.0,0.0,0.5,0.0,0.0,0.0,0.0
2011-07-02 10:00:01,0.678825974257,0,0.0,0.0,0.0,0.5,0.0,0.0,0.0,0.0
2011-07-02 11:00:01,0.748903111127,0,0.0,0.0,0.0,0.5,0.0,0.0,0.0,0.0
2011-07-02 12:00:01,0.70075741342,0,0.0,0.0,0.0,0.5,0.0,0.0,0.0,0.0
2011-07-02 13:00:01,0.648563051001,0,0.0,0.0,0.0,0.5,0.0,0.0,0.0,0.0
2011-07-02 14:00:01,0.687190441446,0,0.0,0.0,0.0,0.5,0.0,0.0,0.0,0.0
2011-07-02 15:00:01,0.503259257799,0,0.0,0.0,0.0,0.5,0.0,0.0,0.0,0.0
2011-07-02 16:00:01,0.383930895426,0,0.0,0.0,0.0,0.5,0.0,0.0,0.0,0.0
2011-07-02 17:00:01,0.32909758902,0,0.0,0.0,0.0,0.5,0.0,0.0,0.0,0.0
2011-07-02 18:00:01,0.262716960178,0,0.0,0.0,0.0,0.5,0.0,0.0,0.0,0.0
2011-07-02 19:00:01,0.259975050722,0,0.0,0.0,0.0,0.5,0.0,0.0,0.0,0.0
2011-07-02 20:00:01,0.331331103729,0,0.0,0.0,0.0,0.5,0.0,0.0,0.0,0.0
2011-07-02 21:00:01,0.274735902016,0,0.0,0.0,0.0,0.5,0.0,0.0,0.0,0.0
2011-07-02 22:00:01,0.305693964173,0,0.0,0.0,0.0,0.5,0.0,0.0,0.0,0.0
2011-07-02 23:00:01,0.247042583528,0,0.0,0.0,0.0,0.5,0.0,0.0,0.0,0.0
2011-07-03 00:00:01,0.194544964026,0,0.0,0.0,0.0,0.5,0.0,0.0,0.0,0.0
2011-07-03 01:00:01,0.196977498481,0,0.0,0.0,0.0,0.5,0.0,0.0,0.0,0.0
2011-07-03 02:00:01,0.164513375474,0,0.0,0.0,0.0,0.5,0.0,0.0,0.0,0.0
2011-07-03 03:00:01,0.125414295634,0,0.0,0.0,0.0,0.5,0.0,0.0,0.0,0.0
2011-07-03 04:00:01,0.162227670375,0,0.0,0.0,0.0,0.5,0.0,0.0,0.0,0.0
2011-07-03 05:00:01,0.26538094799,0,0.0,0.0,0.0,0.5,0.0,0.0,0.0,0.0
2011-07-03 06:00:01,0.235334018916,0,0.0,0.0,0.0,0.5,0.0,0.0,0.0,0.0
2011-07-03 07:00:01,0.330528020842,0,0.0,0.0,0.0,0.5,0.0,0.0,0.0,0.0
2011-07-03 08:00:01,0.643784953677,0,0.0,0.0,0.0,0.5,0.0,0.0,0.0,0.0
2011-07-03 09:00:01,0.597608671034,0,0.0,0.0,0.0,0.5,0.0,0.0,0.0,0.0
2011-07-03 10:00:01,0.571205141561,0,0.0,0.0,0.0,0.5,0.0,0.0,0.0,0.0
2011-07-03 11:00:01,0.566279050967,0,0.0,0.0,0.0,0.5,0.0,0.0,0.0,0.0
2011-07-03 12:00:01,0.68305212599,0,0.0,0.0,0.0,0.5,0.0,0.0,0.0,0.0
2011-07-03 13:00:01,0.605146261911,0,0.0,0.0,0.0,0.5,0.0,0.0,0.0,0.0
2011-07-03 14:00:01,0.533848093074,0,0.0,0.0,0.0,0.5,0.0,0.0,0.0,0.0
2011-07-03 15:00:01,0.418094551377,0,0.0,0.0,0.0,0.5,0.0,0.0,0.0,0.0
2011-07-03 16:00:01,0.346523039664,0,0.0,0.0,0.0,0.5,0.0,0.0,0.0,0.0
2011-07-03 17:00:01,0.289505410078,0,0.0,0.0,0.0,0.5,0.0,0.0,0.0,0.0
2011-07-03 18:00:01,0.250162489212,0,0.0,0.0,0.0,0.5,0.0,0.0,0.0,0.0
2011-07-03 19:00:01,0.230748794277,0,0.0,0.0,0.0,0.5,0.0,0.0,0.0,0.0
2011-07-03 20:00:01,0.229256134819,0,0.0,0.0,0.0,0.5,0.0,0.0,0.0,0.0
2011-07-03 21:00:01,0.197733622889,0,0.0,0.0,0.0,0.5,0.0,0.0,0.0,0.0
2011-07-03 22:00:01,0.192216505556,0,,,,0.5,,0.0,0.0,0.0
2011-07-03 23:00:01,0.219643567174,0,,,,0.5,,0.0,0.0,0.0
2011-07-04 00:00:01,0.170834298487,0,,,,0.5,,0.0,0.0,0.0
2011-07-04 01:00:01,0.182947536991,0,,,,0.5,,0.0,0.0,0.0
2011-07-04 02:00:01,0.157889051689,0,,,,0.5,,0.0,0.0,0.0
2011-07-04 03:00:01,0.134994577779,0,,,,0.5,,0.0,0.0,0.0
2011-07-04 04:00:01,0.123656401169,0,,,,0.5,,0.0,0.0,0.0
2011-07-04 05:00:01,0.158541340475,0,,,,0.5,,0.0,0.0,0.0
2011-07-04 06:00:01,0.201978636622,0,,,,0.5,,0.0,0.0,0.0
2011-07-04 07:00:01,0.266537421175,0,,,,0.5,,0.0,0.0,0.0
2011-07-04 08:00:01,0.451570501243,0,,,,0.5,,0.0,0.0,0.0
2011-07-04 09:00:01,0.517385729283,0,,,,0.5,,0.0,0.0,0.0
2011-07-04 10:00:01,0.479474313758,0,,,,0.5,,0.0,0.0,0.0
2011-07-04 11:00:01,0.508570864652,0,,,,0.5,,0.0,0.0,0.0
2011-07-04 12:00:01,0.579801307648,0,,,,0.5,,0.0,0.0,0.0
2011-07-04 13:00:01,0.493805989858,0,,,,0.5,,0.0,0.0,0.0
2011-07-04 14:00:01,0.49751684603,0,,,,0.5,,0.0,0.0,0.0
2011-07-04 15:00:01,0.405013497055,0,,,,0.5,,0.0,0.0,0.0
2011-07-04 16:00:01,0.312042029234,0,,,,0.5,,0.0,0.0,0.0
2011-07-04 17:00:01,0.332744777409,0,,,,0.5,,0.0,0.0,0.0
2011-07-04 18:00:01,0.231856006963,0,,,,0.5,,0.0,0.0,0.0
2011-07-04 19:00:01,0.228714954188,0,,,,0.5,,0.0,0.0,0.0
2011-07-04 20:00:01,0.208662962428,0,,,,0.5,,0.0,0.0,0.0
2011-07-04 21:00:01,0.205218508804,0,,,,0.5,,0.0,0.0,0.0
2011-07-04 22:00:01,0.211144840362,0,,,,0.5,,0.0,0.0,0.0
2011-07-04 23:00:01,0.239106999936,0,,,,0.5,,0.0,0.0,0.0
2011-07-05 00:00:01,0.217097491368,0,,,,0.5,,0.0,0.0,0.0
2011-07-05 01:00:01,0.154447006493,0,,,,0.5,,0.0,0.0,0.0
2011-07-05 02:00:01,0.17125436373,0,,,,0.5,,0.0,0.0,0.0
2011-07-05 03:00:01,0.121861290841,0,,,,0.5,,0.0,0.0,0.0
2011-07-05 04:00:01,0.125210945109,0,,,,0.5,,0.0,0.0,0.0
2011-07-05 05:00:01,0.166783808312,0,,,,0.5,,0.0,0.0,0.0
2011-07-05 06:00:01,0.210415323061,0,,,,0.5,,0.0,0.0,0.0
2011-07-05 07:00:01,0.263871170999,0,,,,0.5,,0.0,0.0,0.0
2011-07-05 08:00:01,0.419276664326,0,,,,0.5,,0.0,0.0,0.0
2011-07-05 09:00:01,0.454630995267,0,,,,0.5,,0.0,0.0,0.0
2011-07-05 10:00:01,0.51872493673,0,,,,0.5,,0.0,0.0,0.0
2011-07-05 11:00:01,0.634699570178,0,,,,0.5,,0.0,0.0,0.0
2011-07-05 12:00:01,0.516812518572,0,,,,0.5,,0.0,0.0,0.0
2011-07-05 13:00:01,0.559303754602,0,,,,0.5,,0.0,0.0,0.0
2011-07-05 14:00:01,0.407555011364,0,,,,0.5,,0.0,0.0,0.0
2011-07-05 15:00:01,0.375788341581,0,,,,0.5,,0.0,0.0,0.0
2011-07-05 16:00:01,0.344263206586,0,,,,0.5,,0.0,0.0,0.0
2011-07-05 17:00:01,0.305682194132,0,,,,0.5,,0.0,0.0,0.0
2011-07-05 18:00:01,0.25779402926,0,,,,0.5,,0.0,0.0,0.0
2011-07-05 19:00:01,0.226189219691,0,,,,0.5,,0.0,0.0,0.0
2011-07-05 20:00:01,0.204397114099,0,,,,0.5,,0.0,0.0,0.0
2011-07-05 21:00:01,0.202034608182,0,,,,0.5,,0.0,0.0,0.0
2011-07-05 22:00:01,0.181654050532,0,,,,0.5,,0.0,0.0,0.0
2011-07-05 23:00:01,0.229984557504,0,,,,0.5,,0.0,0.0,0.0
2011-07-06 00:00:01,0.213781304677,0,,,,0.5,,0.0,0.0,0.0
2011-07-06 01:00:01,0.187502589445,0,,,,0.5,,0.0,0.0,0.0
2011-07-06 02:00:01,0.129694046328,0,,,,0.5,,0.0,0.0,0.0
2011-07-06 03:00:01,0.107829304327,0,,,,0.5,,0.0,0.0,0.0
2011-07-06 04:00:01,0.150676003488,0,,,,0.5,,0.0,0.0,0.0
2011-07-06 05:00:01,0.192530974761,0,,,,0.5,,0.0,0.0,0.0
2011-07-06 06:00:01,0.214387810201,0,,,,0.5,,0.0,0.0,0.0
2011-07-06 07:00:01,0.26827202596,0,,,,0.5,,0.0,0.0,0.0
2011-07-06 08:00:01,0.45587168906,0,,,,0.5,,0.0,0.0,0.0
2011-07-06 09:00:01,0.613435900756,0,,,,0.5,,0.0,0.0,0.0
2011-07-06 10:00:01,0.500240234798,0,,,,0.5,,0.0,0.0,0.0
2011-07-06 11:00:01,0.546858885155,0,,,,0.5,,0.0,0.0,0.0
2011-07-06 12:00:01,0.548564106283,0,,,,0.5,,0.0,0.0,0.0
2011-07-06 13:00:01,0.489640518173,0,,,,0.5,,0.0,0.0,0.0
2011-07-06 14:00:01,0.386113244878,0,,,,0.5,,0.0,0.0,0.0
2011-07-06 15:00:01,0.424695688189,0,,,,0.5,,0.0,0.0,0.0
2011-07-06 16:00:01,0.343019434133,0,,,,0.5,,0.0,0.0,0.0
2011-07-06 17:00:01,0.337220109206,0,,,,0.5,,0.0,0.0,0.0
2011-07-06 18:00:01,0.275162193628,0,,,,0.5,,0.0,0.0,0.0
2011-07-06 19:00:01,0.231405358371,0,,,,0.5,,0.0,0.0,0.0
2011-07-06 20:00:01,0.197222905232,0,,,,0.5,,0.0,0.0,0.0
2011-07-06 21:00:01,0.280950153989,0,,,,0.5,,0.0,0.0,0.0
2011-07-06 22:00:01,0.204299084027,0,,,,0.5,,0.0,0.0,0.0
2011-07-06 23:00:01,0.214463460806,0,,,,0.5,,0.0,0.0,0.0
2011-07-07 00:00:01,0.200546895162,0,,,,0.5,,0.0,0.0,0.0
2011-07-07 01:00:01,0.155315093627,0,,,,0.5,,0.0,0.0,0.0
2011-07-07 02:00:01,0.117097185073,0,,,,0.5,,0.0,0.0,0.0
2011-07-07 03:00:01,0.106325182213,0,,,,0.5,,0.0,0.0,0.0
2011-07-07 04:00:01,0.117320555558,0,,,,0.5,,0.0,0.0,0.0
2011-07-07 05:00:01,0.16536365927,0,,,,0.5,,0.0,0.0,0.0
2011-07-07 06:00:01,0.184971920686,0,,,,0.5,,0.0,0.0,0.0
2011-07-07 07:00:01,0.236178950726,0,,,,0.5,,0.0,0.0,0.0
2011-07-07 08:00:01,0.388199286886,0,,,,0.5,,0.0,0.0,0.0
2011-07-07 09:00:01,0.507371247409,0,,,,0.5,,0.0,0.0,0.0
2011-07-07 10:00:01,0.515052013194,0,,,,0.5,,0.0,0.0,0.0
2011-07-07 11:00:01,0.418481162161,0,,,,0.5,,0.0,0.0,0.0
2011-07-07 12:00:01,0.442458725751,0,,,,0.5,,0.0,0.0,0.0
2011-07-07 13:00:01,0.412860684021,0,,,,0.5,,0.0,0.0,0.0
2011-07-07 14:00:01,0.332799977841,0,,,,0.5,,0.0,0.0,0.0
2011-07-07 15:00:01,0.362332667654,0,,,,0.5,,0.0,0.0,0.0
2011-07-07 16:00:01,0.306907022526,0,,,,0.5,,0.0,0.0,0.0
2011-07-07 17:00:01,0.238299721616,0,,,,0.5,,0.0,0.0,0.0
2011-07-07 18:00:01,0.216820816715,0,,,,0.5,,0.0,0.0,0.0
2011-07-07 19:00:01,0.143972377558,0,,,,0.5,,0.0,0.0,0.0
2011-07-07 20:00:01,0.171401319236,0,,,,0.5,,0.0,0.0,0.0
2011-07-07 21:00:01,0.163708362433,0,,,,0.5,,0.0,0.0,0.0
2011-07-07 22:00:01,0.162145298329,0,,,,0.5,,0.0,0.0,0.0
2011-07-07 23:00:01,0.149323321784,0,,,,0.5,,0.0,0.0,0.0
2011-07-08 00:00:01,0.152618493026,0,,,,0.5,,0.0,0.0,0.0
2011-07-08 01:00:01,0.13925083932,0,,,,0.5,,0.0,0.0,0.0
2011-07-08 02:00:01,0.133731755145,0,,,,0.5,,0.0,0.0,0.0
2011-07-08 03:00:01,0.097286732173,0,,,,0.5,,0.0,0.0,0.0
2011-07-08 04:00:01,0.104825297707,0,,,,0.5,,0.0,0.0,0.0
2011-07-08 05:00:01,0.136853966738,0,,,,0.5,,0.0,0.0,0.0
2011-07-08 06:00:01,0.150274629733,0,,,,0.5,,0.0,0.0,0.0
2011-07-08 07:00:01,0.296502254818,0,,,,0.5,,0.0,0.0,0.0
2011-07-08 08:00:01,0.501228487365,0,,,,0.5,,0.0,0.0,0.0
2011-07-08 09:00:01,0.412556519538,0,,,,0.5,,0.0,0.0,0.0
2011-07-08 10:00:01,0.469881070128,0,,,,0.5,,0.0,0.0,0.0
2011-07-08 11:00:01,0.434381149159,0,,,,0.5,,0.0,0.0,0.0
2011-07-08 12:00:01,0.422336427096,0,,,,0.5,,0.0,0.0,0.0
2011-07-08 13:00:01,0.343843121586,0,,,,0.5,,0.0,0.0,0.0
2011-07-08 14:00:01,0.293828279481,0,,,,0.5,,0.0,0.0,0.0
2011-07-08 15:00:01,0.307164286964,0,,,,0.5,,0.0,0.0,0.0
2011-07-08 16:00:01,0.216583952637,0,,,,0.5,,0.0,0.0,0.0
2011-07-08 17:00:01,0.235953660025,0,,,,0.5,,0.0,0.0,0.0
2011-07-08 18:00:01,0.218784380461,0,,,,0.5,,0.0,0.0,0.0
2011-07-08 19:00:01,0.189191849722,0,,,,0.5,,0.0,0.0,0.0
2011-07-08 20:00:01,0.173378708689,0,,,,0.5,,0.0,0.0,0.0
2011-07-08 21:00:01,0.191408380652,0,,,,0.5,,0.0,0.0,0.0
2011-07-08 22:00:01,0.187911633042,0,,,,0.5,,0.0,0.0,0.0
2011-07-08 23:00:01,0.171147908459,0,,,,0.5,,0.0,0.0,0.0
2011-07-09 00:00:01,0.182796225985,0,,,,0.5,,0.0,0.0,0.0
2011-07-09 01:00:01,0.148845415937,0,,,,0.5,,0.0,0.0,0.0
2011-07-09 02:00:01,0.122950860983,0,,,,0.5,,0.0,0.0,0.0
2011-07-09 03:00:01,0.104760666809,0,,,,0.5,,0.0,0.0,0.0
2011-07-09 04:00:01,0.162286848548,0,,,,0.5,,0.0,0.0,0.0
2011-07-09 05:00:01,0.225245803971,0,,,,0.5,,0.0,0.0,0.0
2011-07-09 06:00:01,0.217708499311,0,,,,0.5,,0.0,0.0,0.0
2011-07-09 07:00:01,0.283506950168,0,,,,0.5,,0.0,0.0,0.0
2011-07-09 08:00:01,0.474520540228,0,,,,0.5,,0.0,0.0,0.0
2011-07-09 09:00:01,0.441460758608,0,,,,0.5,,0.0,0.0,0.0
2011-07-09 10:00:01,0.449081565558,0,,,,0.5,,0.0,0.0,0.0
2011-07-09 11:00:01,0.517346843714,0,,,,0.5,,0.0,0.0,0.0
2011-07-09 12:00:01,0.549119770431,0,,,,0.5,,0.0,0.0,0.0
2011-07-09 13:00:01,0.490086525367,0,,,,0.5,,0.0,0.0,0.0
2011-07-09 14:00:01,0.387750843832,0,,,,0.5,,0.0,0.0,0.0
2011-07-09 15:00:01,0.380050683709,0,,,,0.5,,0.0,0.0,0.0
2011-07-09 16:00:01,0.335890371346,0,,,,0.5,,0.0,0.0,0.0
2011-07-09 17:00:01,0.27382879628,0,,,,0.5,,0.0,0.0,0.0
2011-07-09 18:00:01,0.204847615198,0,,,,0.5,,0.0,0.0,0.0
2011-07-09 19:00:01,0.224063565925,0,,,,0.5,,0.0,0.0,0.0
2011-07-09 20:00:01,0.181704927122,0,,,,0.5,,0.0,0.0,0.0
2011-07-09 21:00:01,0.179389941753,0,,,,0.5,,0.0,0.0,0.0
2011-07-09 22:00:01,0.191414674964,0,,,,0.5,,0.0,0.0,0.0
2011-07-09 23:00:01,0.209876754508,0,,,,0.5,,0.0,0.0,0.0
2011-07-10 00:00:01,0.193828940146,0,,,,0.5,,0.0,0.0,0.0
2011-07-10 01:00:01,0.154682431552,0,,,,0.5,,0.0,0.0,0.0
2011-07-10 02:00:01,0.113321336562,0,,,,0.5,,0.0,0.0,0.0
2011-07-10 03:00:01,0.106301872893,0,,,,0.5,,0.0,0.0,0.0
2011-07-10 04:00:01,0.125832394004,0,,,,0.5,,0.0,0.0,0.0
2011-07-10 05:00:01,0.210976780689,0,,,,0.5,,0.0,0.0,0.0
2011-07-10 06:00:01,0.182069215841,0,,,,0.5,,0.0,0.0,0.0
2011-07-10 07:00:01,0.247755381158,0,,,,0.5,,0.0,0.0,0.0
2011-07-10 08:00:01,0.448052656999,0,,,,0.5,,0.0,0.0,0.0
2011-07-10 09:00:01,0.453744416338,0,,,,0.5,,0.0,0.0,0.0
2011-07-10 10:00:01,0.42452477296,0,,,,0.5,,0.0,0.0,0.0
2011-07-10 11:00:01,0.471678752699,0,,,,0.5,,0.0,0.0,0.0
2011-07-10 12:00:01,0.47099936505,0,,,,0.5,,0.0,0.0,0.0
2011-07-10 13:00:01,0.407970583492,0,,,,0.5,,0.0,0.0,0.0
2011-07-10 14:00:01,0.395812620351,0,,,,0.5,,0.0,0.0,0.0
2011-07-10 15:00:01,0.357716424293,0,,,,0.5,,0.0,0.0,0.0
2011-07-10 16:00:01,0.329121280618,0,,,,0.5,,0.0,0.0,0.0
2011-07-10 17:00:01,0.308790132497,0,,,,0.5,,0.0,0.0,0.0
2011-07-10 18:00:01,0.213692826608,0,,,,0.5,,0.0,0.0,0.0
2011-07-10 19:00:01,0.18409300746,0,,,,0.5,,0.0,0.0,0.0
2011-07-10 20:00:01,0.185906558501,0,,,,0.5,,0.0,0.0,0.0
2011-07-10 21:00:01,0.170554253553,0,,,,0.5,,0.0,0.0,0.0
2011-07-10 22:00:01,0.170057346694,0,,,,0.5,,0.0,0.0,0.0
2011-07-10 23:00:01,0.148475896561,0,,,,0.5,,0.0,0.0,0.0
2011-07-11 00:00:01,0.132252012042,0,,,,0.5,,0.0,0.0,0.0
2011-07-11 01:00:01,0.133741031723,0,,,,0.5,,0.0,0.0,0.0
2011-07-11 02:00:01,0.0874061751814,0,,,,0.5,,0.0,0.0,0.0
2011-07-11 03:00:01,0.0778559908047,0,,,,0.5,,0.0,0.0,0.0
2011-07-11 04:00:01,0.0860702638204,0,,,,0.5,,0.0,0.0,0.0
2011-07-11 05:00:01,0.149178719342,0,,,,0.5,,0.0,0.0,0.0
2011-07-11 06:00:01,0.163971107001,0,,,,0.5,,0.0,0.0,0.0
2011-07-11 07:00:01,0.243736412594,0,,,,0.5,,0.0,0.0,0.0
2011-07-11 08:00:01,0.407112588708,0,,,,0.5,,0.0,0.0,0.0
2011-07-11 09:00:01,0.422281334664,0,,,,0.5,,0.0,0.0,0.0
2011-07-11 10:00:01,0.459835168836,0,,,,0.5,,0.0,0.0,0.0
2011-07-11 11:00:01,0.436021340803,0,,,,0.5,,0.0,0.0,0.0
2011-07-11 12:00:01,0.397710896512,0,,,,0.5,,0.0,0.0,0.0
2011-07-11 13:00:01,0.373972525846,0,,,,0.5,,0.0,0.0,0.0
2011-07-11 14:00:01,0.298258625483,0,,,,0.5,,0.0,0.0,0.0
2011-07-11 15:00:01,0.274769277549,0,,,,0.5,,0.0,0.0,0.0
2011-07-11 16:00:01,0.236686091484,0,,,,0.5,,0.0,0.0,0.0
2011-07-11 17:00:01,0.243362598355,0,,,,0.5,,0.0,0.0,0.0
2011-07-11 18:00:01,0.202256462521,0,,,,0.5,,0.0,0.0,0.0
2011-07-11 19:00:01,0.205873658944,0,,,,0.5,,0.0,0.0,0.0
2011-07-11 20:00:01,0.187802757698,0,,,,0.5,,0.0,0.0,0.0
2011-07-11 21:00:01,0.178438686206,0,,,,0.5,,0.0,0.0,0.0
2011-07-11 22:00:01,0.177949486237,0,,,,0.5,,0.0,0.0,0.0
2011-07-11 23:00:01,0.178032068664,0,,,,0.5,,0.0,0.0,0.0
2011-07-12 00:00:01,0.160405700299,0,,,,0.5,,0.0,0.0,0.0
2011-07-12 01:00:01,0.144321254749,0,,,,0.5,,0.0,0.0,0.0
2011-07-12 02:00:01,0.130417683074,0,,,,0.5,,0.0,0.0,0.0
2011-07-12 03:00:01,0.0986887750206,0,,,,0.5,,0.0,0.0,0.0
2011-07-12 04:00:01,0.135609660884,0,,,,0.5,,0.0,0.0,0.0
2011-07-12 05:00:01,0.135949218995,0,,,,0.5,,0.0,0.0,0.0
2011-07-12 06:00:01,0.176235757085,0,,,,0.5,,0.0,0.0,0.0
2011-07-12 07:00:01,0.164142095517,0,,,,0.5,,0.0,0.0,0.0
2011-07-12 08:00:01,0.465421182809,0,,,,0.5,,0.0,0.0,0.0
2011-07-12 09:00:01,0.451912906568,0,,,,0.5,,0.0,0.0,0.0
2011-07-12 10:00:01,0.485691982243,0,,,,0.5,,0.0,0.0,0.0
2011-07-12 11:00:01,0.512731842955,0,,,,0.5,,0.0,0.0,0.0
2011-07-12 12:00:01,0.534971094331,0,,,,0.5,,0.0,0.0,0.0
2011-07-12 13:00:01,0.469293941831,0,,,,0.5,,0.0,0.0,0.0
2011-07-12 14:00:01,0.356485508147,0,,,,0.5,,0.0,0.0,0.0
2011-07-12 15:00:01,0.349026375272,0,,,,0.5,,0.0,0.0,0.0
2011-07-12 16:00:01,0.294125452003,0,,,,0.5,,0.0,0.0,0.0
2011-07-12 17:00:01,0.275458522988,0,,,,0.5,,0.0,0.0,0.0
2011-07-12 18:00:01,0.234895729419,0,,,,0.5,,0.0,0.0,0.0
2011-07-12 19:00:01,0.213767465582,0,,,,0.5,,0.0,0.0,0.0
2011-07-12 20:00:01,0.223674769862,0,,,,0.5,,0.0,0.0,0.0
2011-07-12 21:00:01,0.231535703305,0,,,,0.5,,0.0,0.0,0.0
2011-07-12 22:00:01,0.214844069048,0,,,,0.5,,0.0,0.0,0.0
2011-07-12 23:00:01,0.209403633474,0,,,,0.5,,0.0,0.0,0.0
2011-07-13 00:00:01,0.168487125934,0,,,,0.5,,0.0,0.0,0.0
2011-07-13 01:00:01,0.156722814565,0,,,,0.5,,0.0,0.0,0.0
2011-07-13 02:00:01,0.123946492461,0,,,,0.5,,0.0,0.0,0.0
2011-07-13 03:00:01,0.108800571204,0,,,,0.5,,0.0,0.0,0.0
2011-07-13 04:00:01,0.133944135391,0,,,,0.5,,0.0,0.0,0.0
2011-07-13 05:00:01,0.176900403393,0,,,,0.5,,0.0,0.0,0.0
2011-07-13 06:00:01,0.218025111969,0,,,,0.5,,0.0,0.0,0.0
2011-07-13 07:00:01,0.354855571765,0,,,,0.5,,0.0,0.0,0.0
2011-07-13 08:00:01,0.463888259155,0,,,,0.5,,0.0,0.0,0.0
2011-07-13 09:00:01,0.512593172733,0,,,,0.5,,0.0,0.0,0.0
2011-07-13 10:00:01,0.441555222856,0,,,,0.5,,0.0,0.0,0.0
2011-07-13 11:00:01,0.591581486811,0,,,,0.5,,0.0,0.0,0.0
2011-07-13 12:00:01,0.530215912583,0,,,,0.5,,0.0,0.0,0.0
2011-07-13 13:00:01,0.431861300869,0,,,,0.5,,0.0,0.0,0.0
2011-07-13 14:00:01,0.432831321793,0,,,,0.5,,0.0,0.0,0.0
2011-07-13 15:00:01,0.385818222633,0,,,,0.5,,0.0,0.0,0.0
2011-07-13 16:00:01,0.392057979141,0,,,,0.5,,0.0,0.0,0.0
2011-07-13 17:00:01,0.305678752415,0,,,,0.5,,0.0,0.0,0.0
2011-07-13 18:00:01,0.297794418882,0,,,,0.5,,0.0,0.0,0.0
2011-07-13 19:00:01,0.247965661076,0,,,,0.5,,0.0,0.0,0.0
2011-07-13 20:00:01,0.253807532436,0,,,,0.5,,0.0,0.0,0.0
2011-07-13 21:00:01,0.192223042803,0,,,,0.5,,0.0,0.0,0.0
2011-07-13 22:00:01,0.237633840545,0,,,,0.5,,0.0,0.0,0.0
2011-07-13 23:00:01,0.245687299674,0,,,,0.5,,0.0,0.0,0.0
2011-07-14 00:00:01,0.193047660532,0,,,,0.5,,0.0,0.0,0.0
2011-07-14 01:00:01,0.158783035877,0,,,,0.5,,0.0,0.0,0.0
2011-07-14 02:00:01,0.123166777979,0,,,,0.5,,0.0,0.0,0.0
2011-07-14 03:00:01,0.11163442982,0,,,,0.5,,0.0,0.0,0.0
2011-07-14 04:00:01,0.175834193061,0,,,,0.5,,0.0,0.0,0.0
2011-07-14 05:00:01,0.240246717265,0,,,,0.5,,0.0,0.0,0.0
2011-07-14 06:00:01,0.21979772275,0,,,,0.5,,0.0,0.0,0.0
2011-07-14 07:00:01,0.350699353686,0,,,,0.5,,0.0,0.0,0.0
2011-07-14 08:00:01,0.469441158473,0,,,,0.5,,0.0,0.0,0.0
2011-07-14 09:00:01,0.471500283368,0,,,,0.5,,0.0,0.0,0.0
2011-07-14 10:00:01,0.427341063972,0,,,,0.5,,0.0,0.0,0.0
2011-07-14 11:00:01,0.39784338452,0,,,,0.5,,0.0,0.0,0.0
2011-07-14 12:00:01,0.565227591595,0,,,,0.5,,0.0,0.0,0.0
2011-07-14 13:00:01,0.628364052864,0,,,,0.5,,0.0,0.0,0.0
2011-07-14 14:00:01,0.536756532372,0,,,,0.5,,0.0,0.0,0.0
2011-07-14 15:00:01,0.405694313133,0,,,,0.5,,0.0,0.0,0.0
2011-07-14 16:00:01,0.381199363963,0,,,,0.5,,0.0,0.0,0.0
2011-07-14 17:00:01,0.236596551291,0,,,,0.5,,0.0,0.0,0.0
2011-07-14 18:00:01,0.295382543462,0,,,,0.5,,0.0,0.0,0.0
2011-07-14 19:00:01,0.221830958275,0,,,,0.5,,0.0,0.0,0.0
2011-07-14 20:00:01,0.205889861118,0,,,,0.5,,0.0,0.0,0.0
2011-07-14 21:00:01,0.222495351567,0,,,,0.5,,0.0,0.0,0.0
2011-07-14 22:00:01,0.213546479659,0,,,,0.5,,0.0,0.0,0.0
2011-07-14 23:00:01,0.213485017028,0,,,,0.5,,0.0,0.0,0.0
2011-07-15 00:00:01,0.177546260169,0,,,,0.5,,0.0,0.0,0.0
2011-07-15 01:00:01,0.182406416568,0,,,,0.5,,0.0,0.0,0.0
2011-07-15 02:00:01,0.128015462797,0,,,,0.5,,0.0,0.0,0.0
2011-07-15 03:00:01,0.123257540876,0,,,,0.5,,0.0,0.0,0.0
2011-07-15 04:00:01,0.159096629375,0,,,,0.5,,0.0,0.0,0.0
2011-07-15 05:00:01,0.172231347984,0,,,,0.5,,0.0,0.0,0.0
2011-07-15 06:00:01,0.219694464755,0,,,,0.5,,0.0,0.0,0.0
2011-07-15 07:00:01,0.274548213139,0,,,,0.5,,0.0,0.0,0.0
2011-07-15 08:00:01,0.436453431903,0,,,,0.5,,0.0,0.0,0.0
2011-07-15 09:00:01,0.549448114248,0,,,,0.5,,0.0,0.0,0.0
2011-07-15 10:00:01,0.436823375882,0,,,,0.5,,0.0,0.0,0.0
2011-07-15 11:00:01,0.545116080538,0,,,,0.5,,0.0,0.0,0.0
2011-07-15 12:00:01,0.699701618933,0,,,,0.5,,0.0,0.0,0.0
2011-07-15 13:00:01,0.504890902308,0,,,,0.5,,0.0,0.0,0.0
2011-07-15 14:00:01,0.457606727929,0,,,,0.5,,0.0,0.0,0.0
2011-07-15 15:00:01,0.427658738422,0,,,,0.5,,0.0,0.0,0.0
2011-07-15 16:00:01,0.400072115036,0,,,,0.5,,0.0,0.0,0.0
2011-07-15 17:00:01,0.306814615945,0,,,,0.5,,0.0,0.0,0.0
2011-07-15 18:00:01,0.136613083051,0,,,,0.5,,0.0,0.0,0.0
2011-07-15 19:00:01,0.0423619856561,0,,,,0.5,,0.0,0.0,0.0
2011-07-15 20:00:01,0.220277835758,0,,,,0.5,,0.0,0.0,0.0
2011-07-15 21:00:01,0.292495148471,0,,,,0.5,,0.0,0.0,0.0
2011-07-15 22:00:01,0.20451041131,0,,,,0.5,,0.0,0.0,0.0
2011-07-15 23:00:01,0.190827665007,0,,,,0.5,,0.0,0.0,0.0
2011-07-16 00:00:01,0.435314337117,0,,,,0.5,,0.0,0.0,0.0
2011-07-16 01:00:01,0.197181208852,0,,,,0.5,,0.0,0.0,0.0
2011-07-16 02:00:01,0.174492731597,0,,,,0.5,,0.0,0.0,0.0
2011-07-16 03:00:01,0.157708028861,0,,,,0.5,,0.0,0.0,0.0
2011-07-16 04:00:01,0.0516669063436,0,,,,0.5,,0.0,0.0,0.0
2011-07-16 05:00:01,0.393041295317,0,,,,0.5,,0.0,0.0,0.0
2011-07-16 06:00:01,0.201968639692,0,,,,0.5,,0.0,0.0,0.0
2011-07-16 07:00:01,0.385421135818,0,,,,0.5,,0.0,0.0,0.0
2011-07-16 08:00:01,0.374368870833,0,,,,0.5,,0.0,0.0,0.0
2011-07-16 09:00:01,0.503770338543,0,,,,0.5,,0.0,0.0,0.0
2011-07-16 10:00:01,0.450854061268,0,,,,0.5,,0.0,0.0,0.0
2011-07-16 11:00:01,0.457744990358,0,,,,0.5,,0.0,0.0,0.0
2011-07-16 12:00:01,0.679309707143,0,,,,0.5,,0.0,0.0,0.0
2011-07-16 13:00:01,0.5657024201,0,,,,0.5,,0.0,0.0,0.0
2011-07-16 14:00:01,0.472885150972,0,,,,0.5,,0.0,0.0,0.0
2011-07-16 15:00:01,0.449080215643,0,,,,0.5,,0.0,0.0,0.0
2011-07-16 16:00:01,0.371689776965,0,,,,0.5,,0.0,0.0,0.0
2011-07-16 17:00:01,0.330026532382,0,,,,0.5,,0.0,0.0,0.0
2011-07-16 18:00:01,0.280353511237,0,,,,0.5,,0.0,0.0,0.0
2011-07-16 19:00:01,0.265608576645,0,,,,0.5,,0.0,0.0,0.0
2011-07-16 20:00:01,0.2349584782,0,,,,0.5,,0.0,0.0,0.0
2011-07-16 21:00:01,0.222581456431,0,,,,0.5,,0.0,0.0,0.0
2011-07-16 22:00:01,0.232234252792,0,,,,0.5,,0.0,0.0,0.0
2011-07-16 23:00:01,0.247255244516,0,,,,0.5,,0.0,0.0,0.0
2011-07-17 00:00:01,0.187628880114,0,,,,0.5,,0.0,0.0,0.0
2011-07-17 01:00:01,0.186904478187,0,,,,0.5,,0.0,0.0,0.0
2011-07-17 02:00:01,0.157249127656,0,,,,0.5,,0.0,0.0,0.0
2011-07-17 03:00:01,0.136028819472,0,,,,0.5,,0.0,0.0,0.0
2011-07-17 04:00:01,0.203120077567,0,,,,,,0.0,0.0,0.0
2011-07-17 05:00:01,0.206635565647,0,,,,,,0.0,0.0,0.0
2011-07-17 06:00:01,0.222660657783,0,,,,,,0.0,0.0,0.0
2011-07-17 07:00:01,0.3296680452,0,,,,,,0.0,0.0,0.0
2011-07-17 08:00:01,0.396562697848,0,,,,,,0.0,0.0,0.0
2011-07-17 09:00:01,0.403532107643,0,,,,,,0.0,0.0,0.0
2011-07-17 10:00:01,0.521645081086,0,,,,,,0.0,0.0,0.0
2011-07-17 11:00:01,0.555959294492,0,,,,,,0.0,0.0,0.0
2011-07-17 12:00:01,0.582825862642,0,,,,,,0.0,0.0,0.0
2011-07-17 13:00:01,0.54276742876,0,,,,,,0.0,0.0,0.0
2011-07-17 14:00:01,0.55179463895,0,,,,,,0.0,0.0,0.0
2011-07-17 15:00:01,0.499929150899,0,,,,,,0.0,0.0,0.0
2011-07-17 16:00:01,0.377130896888,0,,,,,,0.0,0.0,0.0
2011-07-17 17:00:01,0.329729388743,0,,,,,,0.0,0.0,0.0
2011-07-17 18:00:01,0.274140314159,0,,,,,,0.0,0.0,0.0
2011-07-17 19:00:01,0.244118963441,0,,,,,,0.0,0.0,0.0
2011-07-17 20:00:01,0.256995227616,0,,,,,,0.0,0.0,0.0
2011-07-17 21:00:01,0.227730602679,0,,,,,,0.0,0.0,0.0
2011-07-17 22:00:01,0.22261059103,0,,,,,,0.0,0.0,0.0
2011-07-17 23:00:01,0.178392734994,0,,,,,,0.0,0.0,0.0
2011-07-18 00:00:01,0.213878144275,0,,,,,,0.0,0.0,0.0
2011-07-18 01:00:01,0.153366575202,0,,,,,,0.0,0.0,0.0
2011-07-18 02:00:01,0.142530881293,0,,,,,,0.0,0.0,0.0
2011-07-18 03:00:01,0.131434360078,0,,,,,,0.0,0.0,0.0
2011-07-18 04:00:01,0.132284373284,0,,,,,,0.0,0.0,0.0
2011-07-18 05:00:01,0.138513920074,0,,,,,,0.0,0.0,0.0
2011-07-18 06:00:01,0.177434491957,0,,,,,,0.0,0.0,0.0
2011-07-18 07:00:01,0.303746835292,0,,,,,,0.0,0.0,0.0
2011-07-18 08:00:01,0.494958114177,0,,,,,,0.0,0.0,0.0
2011-07-18 09:00:01,0.431153185575,0,,,,,,0.0,0.0,0.0
2011-07-18 10:00:01,0.478029194146,0,,,,,,0.0,0.0,0.0
2011-07-18 11:00:01,0.564944906587,0,,,,,,0.0,0.0,0.0
2011-07-18 12:00:01,0.396166977015,0,,,,,,0.0,0.0,0.0
2011-07-18 13:00:01,0.434482973081,0,,,,,,0.0,0.0,0.0
2011-07-18 14:00:01,0.404039641997,0,,,,,,0.0,0.0,0.0
2011-07-18 15:00:01,0.371965735637,0,,,,,,0.0,0.0,0.0
2011-07-18 16:00:01,0.537769312837,0,,,,,,0.0,0.0,0.0
2011-07-18 17:00:01,0.305792147196,0,,,,,,0.0,0.0,0.0
2011-07-18 18:00:01,0.213068909806,0,,,,,,0.0,0.0,0.0
2011-07-18 19:00:01,0.234206076799,0,,,,,,0.0,0.0,0.0
2011-07-18 20:00:01,0.197643059417,0,,,,,,0.0,0.0,0.0
2011-07-18 21:00:01,0.216795719591,0,,,,,,0.0,0.0,0.0
2011-07-18 22:00:01,0.197471920831,0,,,,,,0.0,0.0,0.0
2011-07-18 23:00:01,0.191979759698,0,,,,,,0.0,0.0,0.0
2011-07-19 00:00:01,0.199005125395,0,,,,,,0.0,0.0,0.0
2011-07-19 01:00:01,0.174782249971,0,,,,,,0.0,0.0,0.0
2011-07-19 02:00:01,0.16682584632,0,,,,,,0.0,0.0,0.0
2011-07-19 03:00:01,0.148610497397,0,,,,,,0.0,0.0,0.0
2011-07-19 04:00:01,0.161166375331,0,,,,,,0.0,0.0,0.0
2011-07-19 05:00:01,0.20293351638,0,,,,,,0.0,0.0,0.0
2011-07-19 06:00:01,0.292605075288,0,,,,,,0.0,0.0,0.0
2011-07-19 07:00:01,0.195900978164,0,,,,,,0.0,0.0,0.0
2011-07-19 08:00:01,0.365848835202,0,,,,,,0.0,0.0,0.0
2011-07-19 09:00:01,0.461741303322,0,,,,,,0.0,0.0,0.0
2011-07-19 10:00:01,0.517056796852,0,,,,,,0.0,0.0,0.0
2011-07-19 11:00:01,0.487435755569,0,,,,,,0.0,0.0,0.0
2011-07-19 12:00:01,0.489205117192,0,,,,,,0.0,0.0,0.0
2011-07-19 13:00:01,0.367910886759,0,,,,,,0.0,0.0,0.0
2011-07-19 14:00:01,0.284320946874,0,,,,,,0.0,0.0,0.0
2011-07-19 15:00:01,0.444388964927,0,,,,,,0.0,0.0,0.0
2011-07-19 16:00:01,0.290711407987,0,,,,,,0.0,0.0,0.0
2011-07-19 17:00:01,0.252937913551,0,,,,,,0.0,0.0,0.0
2011-07-19 18:00:01,0.217342274311,0,,,,,,0.0,0.0,0.0
2011-07-19 19:00:01,0.358776608869,0,,,,,,0.0,0.0,0.0
2011-07-19 20:00:01,0.211458805688,0,,,,,,0.0,0.0,0.0
2011-07-19 21:00:01,0.227379856803,0,,,,,,0.0,0.0,0.0
2011-07-19 22:00:01,0.200200759854,0,,,,,,0.0,0.0,0.0
2011-07-19 23:00:01,0.196787518976,0,,,,,,0.0,0.0,0.0
2011-07-20 00:00:01,0.173906978418,0,,,,,,0.0,0.0,0.0
2011-07-20 01:00:01,0.166468470262,0,,,,,,0.0,0.0,0.0
2011-07-20 02:00:01,0.141474154445,0,,,,,,0.0,0.0,0.0
2011-07-20 03:00:01,0.126383294048,0,,,,,,0.0,0.0,0.0
2011-07-20 04:00:01,0.144562405051,0,,,,,,0.0,0.0,0.0
2011-07-20 05:00:01,0.184338534273,0,,,,,,0.0,0.0,0.0
2011-07-20 06:00:01,0.216859277633,0,,,,,,0.0,0.0,0.0
2011-07-20 07:00:01,0.302026267914,0,,,,,,0.0,0.0,0.0
2011-07-20 08:00:01,0.350460570564,0,,,,,,0.0,0.0,0.0
2011-07-20 09:00:01,0.481956505677,0,,,,,,0.0,0.0,0.0
2011-07-20 10:00:01,0.451562456076,0,,,,,,0.0,0.0,0.0
2011-07-20 11:00:01,0.469090318382,0,,,,,,0.0,0.0,0.0
2011-07-20 12:00:01,0.460150978856,0,,,,,,0.0,0.0,0.0
2011-07-20 13:00:01,0.499324246607,0,,,,,,0.0,0.0,0.0
2011-07-20 14:00:01,0.355905170272,0,,,,,,0.0,0.0,0.0
2011-07-20 15:00:01,0.284043310734,0,,,,,,0.0,0.0,0.0
2011-07-20 16:00:01,0.198716923859,0,,,,,,0.0,0.0,0.0
2011-07-20 17:00:01,0.375771301902,0,,,,,,0.0,0.0,0.0
2011-07-20 18:00:01,0.23506488952,0,,,,,,0.0,0.0,0.0
2011-07-20 19:00:01,0.19129709601,0,,,,,,0.0,0.0,0.0
2011-07-20 20:00:01,0.215214611043,0,,,,,,0.0,0.0,0.0
2011-07-20 21:00:01,0.205665820026,0,,,,,,0.0,0.0,0.0
2011-07-20 22:00:01,0.20687157119,0,,,,,,0.0,0.0,0.0
2011-07-20 23:00:01,0.265093722919,0,,,,,,0.0,0.0,0.0
2011-07-21 00:00:01,0.167845308588,0,,,,,,0.0,0.0,0.0
2011-07-21 01:00:01,0.147811971478,0,,,,,,0.0,0.0,0.0
2011-07-21 02:00:01,0.159381945154,0,,,,,,0.0,0.0,0.0
2011-07-21 03:00:01,0.137912832473,0,,,,,,0.0,0.0,0.0
2011-07-21 04:00:01,0.154060063774,0,,,,,,0.0,0.0,0.0
2011-07-21 06:00:01,0.213824671832,0,,,,,,0.0,0.0,0.0
2011-07-21 07:00:01,0.290203091241,0,,,,,,0.0,0.0,0.0
2011-07-21 08:00:01,0.258984393031,0,,,,,,0.0,0.0,0.0
2011-07-21 09:00:01,0.31726132244,0,,,,,,0.0,0.0,0.0
2011-07-21 10:00:01,0.475994766806,0,,,,,,0.0,0.0,0.0
2011-07-21 11:00:01,0.374789497848,0,,,,,,0.0,0.0,0.0
2011-07-21 12:00:01,0.654886326252,0,,,,,,0.0,0.0,0.0
2011-07-21 13:00:01,0.519625696118,0,,,,,,0.0,0.0,0.0
2011-07-21 14:00:01,0.445232215367,0,,,,,,0.0,0.0,0.0
2011-07-21 15:00:01,0.416749345268,0,,,,,,0.0,0.0,0.0
2011-07-21 16:00:01,0.385428186549,0,,,,,,0.0,0.0,0.0
2011-07-21 17:00:01,0.330219204524,0,,,,,,0.0,0.0,0.0
2011-07-21 18:00:01,0.338278307929,0,,,,,,0.0,0.0,0.0
2011-07-21 19:00:01,0.305391864524,0,,,,,,0.0,0.0,0.0
2011-07-21 20:00:01,0.282488819151,0,,,,,,0.0,0.0,0.0
2011-07-21 21:00:01,0.294952777947,0,,,,,,0.0,0.0,0.0
2011-07-21 22:00:01,0.265404474136,0,,,,,,0.0,0.0,0.0
2011-07-21 23:00:01,0.259503929018,0,,,,,,0.0,0.0,0.0
2011-07-22 00:00:01,0.205339305889,0,,,,,,0.0,0.0,0.0
2011-07-22 01:00:01,0.207953887329,0,,,,,,0.0,0.0,0.0
2011-07-22 02:00:01,0.175991525727,0,,,,,,0.0,0.0,0.0
2011-07-22 03:00:01,0.152251803806,0,,,,,,0.0,0.0,0.0
2011-07-22 04:00:01,0.218110190479,0,,,,,,0.0,0.0,0.0
2011-07-22 05:00:01,0.201239454059,0,,,,,,0.0,0.0,0.0
2011-07-22 06:00:01,0.225112051108,0,,,,,,0.0,0.0,0.0
2011-07-22 07:00:01,0.270860358864,0,,,,,,0.0,0.0,0.0
2011-07-22 08:00:01,0.47230388517,0,,,,,,0.0,0.0,0.0
2011-07-22 09:00:01,0.394172305415,0,,,,,,0.0,0.0,0.0
2011-07-22 10:00:01,0.626106594455,0,,,,,,0.0,0.0,0.0
2011-07-22 11:00:01,0.453465177769,0,,,,,,0.0,0.0,0.0
2011-07-22 12:00:01,0.567392258924,0,,,,,,0.0,0.0,0.0
2011-07-22 13:00:01,0.486976383612,0,,,,,,0.0,0.0,0.0
2011-07-22 14:00:01,0.467139794369,0,,,,,,0.0,0.0,0.0
2011-07-22 15:00:01,0.358254264788,0,,,,,,0.0,0.0,0.0
2011-07-22 16:00:01,0.318749060199,0,,,,,,0.0,0.0,0.0
2011-07-22 17:00:01,0.314960173176,0,,,,,,0.0,0.0,0.0
2011-07-22 18:00:01,0.314519060695,0,,,,,,0.0,0.0,0.0
2011-07-22 19:00:01,0.15737443985,0,,,,,,0.0,0.0,0.0
2011-07-22 20:00:01,0.374690196171,0,,,,,,0.0,0.0,0.0
2011-07-22 21:00:01,0.271262064516,0,,,,,,0.0,0.0,0.0
2011-07-22 22:00:01,0.271195067219,0,,,,,,0.0,0.0,0.0
2011-07-22 23:00:01,0.26879987813,0,,,,,,0.0,0.0,0.0
2011-07-23 00:00:01,0.251507785869,0,,,,,,0.0,0.0,0.0
2011-07-23 01:00:01,0.279442706659,0,,,,,,0.0,0.0,0.0
2011-07-23 02:00:01,0.203408705691,0,,,,,,0.0,0.0,0.0
2011-07-23 03:00:01,0.17153550323,0,,,,,,0.0,0.0,0.0
2011-07-23 04:00:01,0.256707174639,0,,,,,,0.0,0.0,0.0
2011-07-23 05:00:01,0.258295361038,0,,,,,,0.0,0.0,0.0
2011-07-23 06:00:01,0.213297023042,0,,,,,,0.0,0.0,0.0
2011-07-23 07:00:01,0.34424244837,0,,,,,,0.0,0.0,0.0
2011-07-23 08:00:01,0.469168214485,0,,,,,,0.0,0.0,0.0
2011-07-23 09:00:01,0.462742333712,0,,,,,,0.0,0.0,0.0
2011-07-23 10:00:01,0.484675143593,0,,,,,,0.0,0.0,0.0
2011-07-23 11:00:01,0.576741180503,0,,,,,,0.0,0.0,0.0
2011-07-23 12:00:01,0.589970919901,0,,,,,,0.0,0.0,0.0
2011-07-23 13:00:01,0.51037415744,0,,,,,,0.0,0.0,0.0
2011-07-23 14:00:01,0.559333613973,0,,,,,,0.0,0.0,0.0
2011-07-23 15:00:01,0.494421741614,0,,,,,,0.0,0.0,0.0
2011-07-23 16:00:01,0.387582988407,0,,,,,,0.0,0.0,0.0
2011-07-23 17:00:01,0.304386889187,0,,,,,,0.0,0.0,0.0
2011-07-23 18:00:01,0.288005922574,0,,,,,,0.0,0.0,0.0
2011-07-23 19:00:01,0.243857299207,0,,,,,,0.0,0.0,0.0
2011-07-23 20:00:01,0.218128754375,0,,,,,,0.0,0.0,0.0
2011-07-23 21:00:01,0.189315164238,0,,,,,,0.0,0.0,0.0
2011-07-23 22:00:01,0.193873098495,0,,,,,,0.0,0.0,0.0
2011-07-23 23:00:01,0.19093186638,0,,,,,,0.0,0.0,0.0
2011-07-24 00:00:01,0.2007608131,0,,,,,,0.0,0.0,0.0
2011-07-24 01:00:01,0.16534074458,0,,,,,,0.0,0.0,0.0
2011-07-24 02:00:01,0.122028145769,0,,,,,,0.0,0.0,0.0
2011-07-24 03:00:01,0.107400981358,0,,,,,,0.0,0.0,0.0
2011-07-24 04:00:01,0.184180579754,0,,,,,,0.0,0.0,0.0
2011-07-24 05:00:01,0.201318260233,0,,,,,,0.0,0.0,0.0
2011-07-24 06:00:01,0.172856563881,0,,,,,,0.0,0.0,0.0
2011-07-24 07:00:01,0.271153186365,0,,,,,,0.0,0.0,0.0
2011-07-24 08:00:01,0.275104956988,0,,,,,,0.0,0.0,0.0
2011-07-24 09:00:01,0.411707787847,0,,,,,,0.0,0.0,0.0
2011-07-24 10:00:01,0.412805882079,0,,,,,,0.0,0.0,0.0
2011-07-24 11:00:01,0.577481115793,0,,,,,,0.0,0.0,0.0
2011-07-24 12:00:01,0.524607789929,0,,,,,,0.0,0.0,0.0
2011-07-24 13:00:01,0.488415723677,0,,,,,,0.0,0.0,0.0
2011-07-24 14:00:01,0.547623087998,1,,,,,,-1.0,-2.0,-1.0
2011-07-24 15:00:01,0.441988117336,1,,,,,,0.0,0.0,0.0
2011-07-24 16:00:01,0.345446105375,1,,,,,,0.0,0.0,0.0
2011-07-24 17:00:01,0.278386651881,1,,,,,,0.0,0.0,0.0
2011-07-24 18:00:01,0.260597635684,1,,,,,,0.0,0.0,0.0
2011-07-24 19:00:01,0.201854682805,1,,,,,,0.0,0.0,0.0
2011-07-24 20:00:01,0.202773893651,1,,,,,,0.0,0.0,0.0
2011-07-24 21:00:01,0.188511354052,1,,,,,,0.0,0.0,0.0
2011-07-24 22:00:01,0.181358065665,1,,,,,,0.0,0.0,0.0
2011-07-24 23:00:01,0.167692874444,1,,,,,,0.0,0.0,0.0
2011-07-25 00:00:01,0.16905627167,1,,,,,,0.0,0.0,0.0
2011-07-25 01:00:01,0.128405923979,1,,,,,,0.0,0.0,0.0
2011-07-25 02:00:01,0.108231569463,1,,,,,,0.0,0.0,0.0
2011-07-25 03:00:01,0.0991237271523,1,,,,,,0.0,0.0,0.0
2011-07-25 04:00:01,0.13687349248,1,,,,,,0.0,0.0,0.0
2011-07-25 05:00:01,0.161826678242,1,,,,,,0.0,0.0,0.0
2011-07-25 06:00:01,0.145638312604,1,,,,,,0.0,0.0,0.0
2011-07-25 07:00:01,0.180423276927,1,,,,,,0.0,0.0,0.0
2011-07-25 08:00:01,0.356705456337,1,,,,,,0.0,0.0,0.0
2011-07-25 09:00:01,0.330673715553,1,,,,,,0.0,0.0,0.0
2011-07-25 10:00:01,0.371120813685,1,,,,,,0.0,0.0,0.0
2011-07-25 11:00:01,0.389195756535,1,,,,,,0.0,0.0,0.0
2011-07-25 12:00:01,0.409016923665,1,,,,,,0.0,0.0,0.0
2011-07-25 13:00:01,0.40333077939,1,,,,,,0.0,0.0,0.0
2011-07-25 14:00:01,0.430324061978,1,,,,,,0.0,0.0,0.0
2011-07-25 15:00:01,0.423511981094,1,,,,,,0.0,0.0,0.0
2011-07-25 16:00:01,0.149625453515,1,,,,,,0.0,0.0,0.0
2011-07-25 17:00:01,0.381064343725,1,,,,,,0.0,0.0,0.0
2011-07-25 18:00:01,0.229158443665,1,,,,,,0.0,0.0,0.0
2011-07-25 19:00:01,0.161077845098,1,,,,,,0.0,0.0,0.0
2011-07-25 20:00:01,0.223370276053,1,,,,,,0.0,0.0,0.0
2011-07-25 21:00:01,0.190787128977,1,,,,,,0.0,0.0,0.0
2011-07-25 22:00:01,0.193710137342,1,,,,,,0.0,0.0,0.0
2011-07-25 23:00:01,0.194806298519,1,,,,,,0.0,0.0,0.0
2011-07-26 00:00:01,0.135574272222,1,,,,,,0.0,0.0,0.0
2011-07-26 01:00:01,0.426697268375,1,,,,,,0.0,0.0,0.0
2011-07-26 02:00:01,0.132216309515,1,,,,,,0.0,0.0,0.0
2011-07-26 03:00:01,0.122116062528,1,,,,,,0.0,0.0,0.0
2011-07-26 04:00:01,0.121960618876,1,,,,,,0.0,0.0,0.0
2011-07-26 05:00:01,0.15445175396,1,,,,,,0.0,0.0,0.0
2011-07-26 06:00:01,0.000569870527096,1,,,,,,0.0,0.0,0.0
2011-07-26 07:00:01,0.230736924819,1,,,,,,0.0,0.0,0.0
2011-07-26 08:00:01,0.363536682107,1,,,,,,0.0,0.0,0.0
2011-07-26 09:00:01,0.313455548841,1,,,,,,0.0,0.0,0.0
2011-07-26 10:00:01,0.497587183912,1,,,,,,0.0,0.0,0.0
2011-07-26 11:00:01,0.436200227368,1,,,,,,0.0,0.0,0.0
2011-07-26 12:00:01,0.379406337216,1,,,,,,0.0,0.0,0.0
2011-07-26 13:00:01,0.360751624041,1,,,,,,0.0,0.0,0.0
2011-07-26 14:00:01,0.399128373615,1,,,,,,0.0,0.0,0.0
2011-07-26 15:00:01,0.285936011983,1,,,,,,0.0,0.0,0.0
2011-07-26 16:00:01,0.266319041454,1,,,,,,0.0,0.0,0.0
2011-07-26 17:00:01,0.240838571569,1,,,,,,0.0,0.0,0.0
2011-07-26 18:00:01,0.246440872143,1,,,,,,0.0,0.0,0.0
2011-07-26 19:00:01,0.184061705965,1,,,,,,0.0,0.0,0.0
2011-07-26 20:00:01,0.207618508055,1,,,,,,0.0,0.0,0.0
2011-07-26 21:00:01,0.186110656355,1,,,,,,0.0,0.0,0.0
2011-07-26 22:00:01,0.178228568586,1,,,,,,0.0,0.0,0.0
2011-07-26 23:00:01,0.186522742582,1,,,,,,0.0,0.0,0.0
2011-07-27 00:00:01,0.167250519045,1,,,,,,0.0,0.0,0.0
2011-07-27 01:00:01,0.152874161203,1,,,,,,0.0,0.0,0.0
2011-07-27 02:00:01,0.138055063482,1,,,,,,0.0,0.0,0.0
2011-07-27 03:00:01,0.101961820774,1,,,,,,0.0,0.0,0.0
2011-07-27 04:00:01,0.148010516506,1,,,,,,0.0,0.0,0.0
2011-07-27 05:00:01,0.199030346292,1,,,,,,0.0,0.0,0.0
2011-07-27 06:00:01,0.141081234445,1,,,,,,0.0,0.0,0.0
2011-07-27 07:00:01,0.198968028363,1,,,,,,0.0,0.0,0.0
2011-07-27 08:00:01,0.280359885342,1,,,,,,0.0,0.0,0.0
2011-07-27 09:00:01,0.343641685939,1,,,,,,0.0,0.0,0.0
2011-07-27 10:00:01,0.41784702833,1,,,,,,0.0,0.0,0.0
2011-07-27 11:00:01,0.467233997979,1,,,,,,0.0,0.0,0.0
2011-07-27 12:00:01,0.420747613101,1,,,,,,0.0,0.0,0.0
2011-07-27 13:00:01,0.426023657579,1,,,,,,0.0,0.0,0.0
2011-07-27 14:00:01,0.417001957547,1,,,,,,0.0,0.0,0.0
2011-07-27 15:00:01,0.355519520132,1,,,,,,0.0,0.0,0.0
2011-07-27 16:00:01,0.360719671002,1,,,,,,0.0,0.0,0.0
2011-07-27 17:00:01,0.305548152694,1,,,,,,0.0,0.0,0.0
2011-07-27 18:00:01,0.314853533634,1,,,,,,0.0,0.0,0.0
2011-07-27 19:00:01,0.246420624899,1,,,,,,0.0,0.0,0.0
2011-07-27 20:00:01,0.243804019548,1,,,,,,0.0,0.0,0.0
2011-07-27 21:00:01,0.213732067457,1,,,,,,0.0,0.0,0.0
2011-07-27 22:00:01,0.231496757741,1,,,,,,0.0,0.0,0.0
2011-07-27 23:00:01,0.2026939909,0,,,,,,0.0,0.0,0.0
2011-07-28 00:00:01,0.140001394823,0,,,,,,0.0,0.0,0.0
2011-07-28 01:00:01,0.210014787914,0,,,,,,0.0,0.0,0.0
2011-07-28 02:00:01,0.149070383454,0,,,,,,0.0,0.0,0.0
2011-07-28 03:00:01,0.128874686765,0,,,,,,0.0,0.0,0.0
2011-07-28 04:00:01,0.135432164694,0,,,,,,0.0,0.0,0.0
2011-07-28 05:00:01,0.192956334097,0,,,,,,0.0,0.0,0.0
2011-07-28 06:00:01,0.153905002407,0,,,,,,0.0,0.0,0.0
2011-07-28 07:00:01,0.0335129396851,0,,,,,,0.0,0.0,0.0
2011-07-28 08:00:01,0.49237296251,0,,,,,,0.0,0.0,0.0
2011-07-28 09:00:01,0.352277816162,0,,,,,,0.0,0.0,0.0
2011-07-28 10:00:01,0.58237964958,0,,,,,,0.0,0.0,0.0
2011-07-28 11:00:01,0.454638791556,0,,,,,,0.0,0.0,0.0
2011-07-28 12:00:01,0.424472068068,0,,,,,,0.0,0.0,0.0
2011-07-28 13:00:01,0.398879524453,0,,,,,,0.0,0.0,0.0
2011-07-28 14:00:01,0.384137751138,0,,,,,,0.0,0.0,0.0
2011-07-28 15:00:01,0.359953922097,0,,,,,,0.0,0.0,0.0
2011-07-28 16:00:01,0.00274017277329,0,,,,,,0.0,0.0,0.0
2011-07-28 17:00:01,0.00256252725473,0,,,,,,0.0,0.0,0.0
2011-07-28 18:00:01,0.43268393392,0,,,,,,0.0,0.0,0.0
2011-07-28 19:00:01,0.282954336688,0,,,,,,0.0,0.0,0.0
2011-07-28 20:00:01,0.191971494075,0,,,,,,0.0,0.0,0.0
2011-07-28 21:00:01,0.229358716226,0,,,,,,0.0,0.0,0.0
2011-07-28 22:00:01,0.209864121394,0,,,,,,0.0,0.0,0.0
2011-07-28 23:00:01,0.213906941782,0,,,,,,0.0,0.0,0.0
2011-07-29 00:00:01,0.200875886957,0,,,,,,0.0,0.0,0.0
2011-07-29 01:00:01,0.18643769718,0,,,,,,0.0,0.0,0.0
2011-07-29 02:00:01,0.140179829945,0,,,,,,0.0,0.0,0.0
2011-07-29 03:00:01,0.127143200771,0,,,,,,0.0,0.0,0.0
2011-07-29 04:00:01,0.133797186438,0,,,,,,0.0,0.0,0.0
2011-07-29 05:00:01,0.160391264375,0,,,,,,0.0,0.0,0.0
2011-07-29 06:00:01,0.150732128956,0,,,,,,0.0,0.0,0.0
2011-07-29 07:00:01,0.21253693874,0,,,,,,0.0,0.0,0.0
2011-07-29 08:00:01,0.434860220213,0,,,,,,0.0,0.0,0.0
2011-07-29 09:00:01,0.47259602359,0,,,,,,0.0,0.0,0.0
2011-07-29 10:00:01,0.446283066798,0,,,,,,0.0,0.0,0.0
2011-07-29 11:00:01,0.470854073059,0,,,,,,0.0,0.0,0.0
2011-07-29 12:00:01,0.442554357362,0,,,,,,0.0,0.0,0.0
2011-07-29 13:00:01,0.505743936315,0,,,,,,0.0,0.0,0.0
2011-07-29 14:00:01,0.430724745125,0,,,,,,0.0,0.0,0.0
2011-07-29 15:00:01,0.406563096152,0,,,,,,0.0,0.0,0.0
2011-07-29 16:00:01,0.163682927014,0,,,,,,0.0,0.0,0.0
2011-07-29 17:00:01,0.402756209487,0,,,,,,0.0,0.0,0.0
2011-07-29 18:00:01,0.253613812465,0,,,,,,0.0,0.0,0.0
2011-07-29 19:00:01,0.247435301292,0,,,,,,0.0,0.0,0.0
2011-07-29 20:00:01,0.0592578886669,0,,,,,,0.0,0.0,0.0
2011-07-29 21:00:01,0.318771015467,0,,,,,,0.0,0.0,0.0
2011-07-29 22:00:01,0.20933076009,0,,,,,,0.0,0.0,0.0
2011-07-29 23:00:01,0.259404604325,0,,,,,,0.0,0.0,0.0
2011-07-30 00:00:01,0.217575454182,0,,,,,,0.0,0.0,0.0
2011-07-30 01:00:01,0.198808260168,0,,,,,,0.0,0.0,0.0
2011-07-30 02:00:01,0.146948067224,0,,,,,,0.0,0.0,0.0
2011-07-30 03:00:01,0.162772602654,0,,,,,,0.0,0.0,0.0
2011-07-30 04:00:01,0.193550861733,0,,,,,,0.0,0.0,0.0
2011-07-30 05:00:01,0.283360756761,0,,,,,,0.0,0.0,0.0
2011-07-30 06:00:01,0.221253931836,0,,,,,,0.0,0.0,0.0
2011-07-30 07:00:01,0.258154486247,0,,,,,,0.0,0.0,0.0
2011-07-30 08:00:01,0.357256111395,0,,,,,,0.0,0.0,0.0
2011-07-30 09:00:01,0.358734459639,0,,,,,,0.0,0.0,0.0
2011-07-30 10:00:01,0.417818521354,0,,,,,,0.0,0.0,0.0
2011-07-30 11:00:01,0.549153413273,0,,,,,,0.0,0.0,0.0
2011-07-30 12:00:01,0.451608887382,0,,,,,,0.0,0.0,0.0
2011-07-30 13:00:01,0.533899191041,0,,,,,,0.0,0.0,0.0
2011-07-30 14:00:01,0.432460007437,0,,,,,,0.0,0.0,0.0
2011-07-30 15:00:01,0.390494862542,0,,,,,,0.0,0.0,0.0
2011-07-30 16:00:01,0.294608519924,0,,,,,,0.0,0.0,0.0
2011-07-30 17:00:01,0.302885060828,0,,,,,,0.0,0.0,0.0
2011-07-30 18:00:01,0.306590781211,0,,,,,,0.0,0.0,0.0
2011-07-30 19:00:01,0.24995312838,0,,,,,,0.0,0.0,0.0
2011-07-30 20:00:01,0.227887759172,0,,,,,,0.0,0.0,0.0
2011-07-30 21:00:01,0.2340252145,0,,,,,,0.0,0.0,0.0
2011-07-30 22:00:01,0.223094822712,0,,,,,,0.0,0.0,0.0
2011-07-30 23:00:01,0.223514608587,0,,,,,,0.0,0.0,0.0
2011-07-31 00:00:01,0.2459767227,0,,,,,,0.0,0.0,0.0
2011-07-31 01:00:01,0.205063431628,0,,,,,,0.0,0.0,0.0
2011-07-31 02:00:01,0.160326559016,0,,,,,,0.0,0.0,0.0
2011-07-31 03:00:01,0.129217956667,0,,,,,,0.0,0.0,0.0
2011-07-31 04:00:01,0.185231918408,0,,,,,,0.0,0.0,0.0
2011-07-31 05:00:01,0.245005325419,0,,,,,,0.0,0.0,0.0
2011-07-31 06:00:01,0.201455114955,0,,,,,,0.0,0.0,0.0
2011-07-31 07:00:01,0.240930475034,0,,,,,,0.0,0.0,0.0
2011-07-31 08:00:01,0.266408939457,0,,,,,,0.0,0.0,0.0
2011-07-31 09:00:01,0.318370809863,0,,,,,,0.0,0.0,0.0
2011-07-31 10:00:01,0.309295989403,0,,,,,,0.0,0.0,0.0
2011-07-31 11:00:01,0.454708603057,0,,,,,,0.0,0.0,0.0
2011-07-31 12:00:01,0.401524349875,0,,,,,,0.0,0.0,0.0
2011-07-31 13:00:01,0.406930547616,0,,,,,,0.0,0.0,0.0
2011-07-31 14:00:01,0.432119639019,0,,,,,,0.0,0.0,0.0
2011-07-31 15:00:01,0.413022150979,0,,,,,,0.0,0.0,0.0
2011-07-31 16:00:01,0.35799949777,0,,,,,,0.0,0.0,0.0
2011-07-31 17:00:01,0.262852310387,0,,,,,,0.0,0.0,0.0
2011-07-31 18:00:01,0.219651533595,0,,,,,,0.0,0.0,0.0
2011-07-31 19:00:01,0.21888192189,0,,,,,,0.0,0.0,0.0
2011-07-31 20:00:01,0.210581708189,0,,,,,,0.0,0.0,0.0
2011-07-31 21:00:01,0.13977111792,0,,,,,,0.0,0.0,0.0
2011-07-31 22:00:01,0.258391699068,0,,,,,,0.0,0.0,0.0
2011-07-31 23:00:01,0.174932934162,0,,,,,,0.0,0.0,0.0
2011-08-01 00:00:01,0.174557462862,0,,,,,,0.0,0.0,0.0
2011-08-01 01:00:01,0.139015816623,0,,,,,,0.0,0.0,0.0
2011-08-01 02:00:01,0.129464299949,0,,,,,,0.0,0.0,0.0
2011-08-01 03:00:01,0.0831550759468,0,,,,,,0.0,0.0,0.0
2011-08-01 04:00:01,0.107671045256,0,,,,,,0.0,0.0,0.0
2011-08-01 05:00:01,0.11733253024,0,,,,,,0.0,0.0,0.0
2011-08-01 06:00:01,0.14178766326,0,,,,,,0.0,0.0,0.0
2011-08-01 07:00:01,0.207857075299,0,,,,,,0.0,0.0,0.0
2011-08-01 08:00:01,0.343586330419,0,,,,,,0.0,0.0,0.0
2011-08-01 09:00:01,0.197718194166,0,,,,,,0.0,0.0,0.0
2011-08-01 10:00:01,0.464496220716,0,,,,,,0.0,0.0,0.0
2011-08-01 11:00:01,0.483158716633,0,,,,,,0.0,0.0,0.0
2011-08-01 12:00:01,0.392695189847,0,,,,,,0.0,0.0,0.0
2011-08-01 13:00:01,0.425895241318,0,,,,,,0.0,0.0,0.0
2011-08-01 14:00:01,0.341919615252,0,,,,,,0.0,0.0,0.0
2011-08-01 15:00:01,0.357942298452,0,,,,,,0.0,0.0,0.0
2011-08-01 16:00:01,0.274665060796,0,,,,,,0.0,0.0,0.0
2011-08-01 17:00:01,0.300561808683,0,,,,,,0.0,0.0,0.0
2011-08-01 18:00:01,0.307540559551,0,,,,,,0.0,0.0,0.0
2011-08-01 19:00:01,0.246266551704,0,,,,,,0.0,0.0,0.0
2011-08-01 20:00:01,0.217826011962,0,,,,,,0.0,0.0,0.0
2011-08-01 21:00:01,0.206268196477,0,,,,,,0.0,0.0,0.0
2011-08-01 22:00:01,0.192665166901,0,,,,,,0.0,0.0,0.0
2011-08-01 23:00:01,0.182842508683,0,,,,,,0.0,0.0,0.0
2011-08-02 00:00:01,0.166332141613,0,,,,,,0.0,0.0,0.0
2011-08-02 01:00:01,0.123354065772,0,,,,,,0.0,0.0,0.0
2011-08-02 02:00:01,0.16375763573,0,,,,,,0.0,0.0,0.0
2011-08-02 03:00:01,0.0973254519302,0,,,,,,0.0,0.0,0.0
2011-08-02 04:00:01,0.116509271553,0,,,,,,0.0,0.0,0.0
2011-08-02 05:00:01,0.154520545668,0,,,,,,0.0,0.0,0.0
2011-08-02 06:00:01,0.163052417659,0,,,,,,0.0,0.0,0.0
2011-08-02 07:00:01,0.277167740883,0,,,,,,0.0,0.0,0.0
2011-08-02 08:00:01,0.381291422984,0,,,,,,0.0,0.0,0.0
2011-08-02 09:00:01,0.448660670244,0,,,,,,0.0,0.0,0.0
2011-08-02 10:00:01,0.425009389222,0,,,,,,0.0,0.0,0.0
2011-08-02 11:00:01,0.552504637296,0,,,,,,0.0,0.0,0.0
2011-08-02 12:00:01,0.441331284773,0,,,,,,0.0,0.0,0.0
2011-08-02 13:00:01,0.471758060935,0,,,,,,0.0,0.0,0.0
2011-08-02 14:00:01,0.4297701716,0,,,,,,0.0,0.0,0.0
2011-08-02 15:00:01,0.412376091156,0,,,,,,0.0,0.0,0.0
2011-08-02 16:00:01,0.368780278157,0,,,,,,0.0,0.0,0.0
2011-08-02 17:00:01,0.321534507772,0,,,,,,0.0,0.0,0.0
2011-08-02 18:00:01,0.293706178688,0,,,,,,0.0,0.0,0.0
2011-08-02 19:00:01,0.276254464261,0,,,,,,0.0,0.0,0.0
2011-08-02 20:00:01,0.290587645648,0,,,,,,0.0,0.0,0.0
2011-08-02 21:00:01,0.301497334151,0,,,,,,0.0,0.0,0.0
2011-08-02 22:00:01,0.282401337936,0,,,,,,0.0,0.0,0.0
2011-08-02 23:00:01,0.223953677218,0,,,,,,0.0,0.0,0.0
2011-08-03 00:00:01,0.178774210644,0,,,,,,0.0,0.0,0.0
2011-08-03 01:00:01,0.162790757718,0,,,,,,0.0,0.0,0.0
2011-08-03 02:00:01,0.127119382449,0,,,,,,0.0,0.0,0.0
2011-08-03 03:00:01,0.0973923766874,0,,,,,,0.0,0.0,0.0
2011-08-03 04:00:01,0.12165614648,0,,,,,,0.0,0.0,0.0
2011-08-03 05:00:01,0.165510059319,0,,,,,,0.0,0.0,0.0
2011-08-03 06:00:01,0.145899544127,0,,,,,,0.0,0.0,0.0
2011-08-03 07:00:01,0.213405653135,0,,,,,,0.0,0.0,0.0
2011-08-03 08:00:01,0.344494086182,0,,,,,,0.0,0.0,0.0
2011-08-03 09:00:01,0.184662102426,0,,,,,,0.0,0.0,0.0
2011-08-03 10:00:01,0.657976503858,0,,,,,,0.0,0.0,0.0
2011-08-03 11:00:01,0.445089002384,0,,,,,,0.0,0.0,0.0
2011-08-03 12:00:01,0.422088179976,0,,,,,,0.0,0.0,0.0
2011-08-03 13:00:01,0.464386713407,0,,,,,,0.0,0.0,0.0
2011-08-03 14:00:01,0.43079450985,0,,,,,,0.0,0.0,0.0
2011-08-03 15:00:01,0.39300108722,0,,,,,,0.0,0.0,0.0
2011-08-03 16:00:01,0.359658363719,0,,,,,,0.0,0.0,0.0
2011-08-03 17:00:01,0.275700863766,0,,,,,,0.0,0.0,0.0
2011-08-03 18:00:01,0.253960486474,0,,,,,,0.0,0.0,0.0
2011-08-03 19:00:01,0.300720470413,0,,,,,,0.0,0.0,0.0
2011-08-03 20:00:01,0.247680920349,0,,,,,,0.0,0.0,0.0
2011-08-03 21:00:01,0.224414638081,0,,,,,,0.0,0.0,0.0
2011-08-03 22:00:01,0.221587123761,0,,,,,,0.0,0.0,0.0
2011-08-03 23:00:01,0.187498811171,0,,,,,,0.0,0.0,0.0
2011-08-04 00:00:01,0.15006445402,0,,,,,,0.0,0.0,0.0
2011-08-04 01:00:01,0.147005525863,0,,,,,,0.0,0.0,0.0
2011-08-04 02:00:01,0.12158327682,0,,,,,,0.0,0.0,0.0
2011-08-04 03:00:01,0.0919304837734,0,,,,,,0.0,0.0,0.0
2011-08-04 04:00:01,0.118081118056,0,,,,,,0.0,0.0,0.0
2011-08-04 05:00:01,0.127355078766,0,,,,,,0.0,0.0,0.0
2011-08-04 06:00:01,0.118866481,0,,,,,,0.0,0.0,0.0
2011-08-04 07:00:01,0.217697095813,0,,,,,,0.0,0.0,0.0
2011-08-04 08:00:01,0.480961184882,0,,,,,,0.0,0.0,0.0
2011-08-04 09:00:01,0.42151399639,0,,,,,,0.0,0.0,0.0
2011-08-04 10:00:01,0.397281404502,0,,,,,,0.0,0.0,0.0
2011-08-04 11:00:01,0.508152759477,0,,,,,,0.0,0.0,0.0
2011-08-04 12:00:01,0.522683033553,0,,,,,,0.0,0.0,0.0
2011-08-04 13:00:01,0.447396983848,0,,,,,,0.0,0.0,0.0
2011-08-04 14:00:01,0.42092123711,0,,,,,,0.0,0.0,0.0
2011-08-04 15:00:01,0.391837015093,0,,,,,,0.0,0.0,0.0
2011-08-04 16:00:01,0.358544936405,0,,,,,,0.0,0.0,0.0
2011-08-04 17:00:01,0.263657843201,0,,,,,,0.0,0.0,0.0
2011-08-04 18:00:01,0.291866710975,0,,,,,,0.0,0.0,0.0
2011-08-04 19:00:01,0.23935606896,0,,,,,,0.0,0.0,0.0
2011-08-04 20:00:01,0.24471148457,0,,,,,,0.0,0.0,0.0
2011-08-04 21:00:01,0.236321712259,0,,,,,,0.0,0.0,0.0
2011-08-04 22:00:01,0.227116892532,0,,,,,,0.0,0.0,0.0
2011-08-04 23:00:01,0.210603501395,0,,,,,,0.0,0.0,0.0
2011-08-05 00:00:01,0.162982452116,0,,,,,,0.0,0.0,0.0
2011-08-05 01:00:01,0.149704178295,0,,,,,,0.0,0.0,0.0
2011-08-05 02:00:01,0.12035605168,0,,,,,,0.0,0.0,0.0
2011-08-05 03:00:01,0.0948733403331,0,,,,,,0.0,0.0,0.0
2011-08-05 04:00:01,0.122840802304,0,,,,,,0.0,0.0,0.0
2011-08-05 05:00:01,0.181252753548,0,,,,,,0.0,0.0,0.0
2011-08-05 06:00:01,0.17516230469,0,,,,,,0.0,0.0,0.0
2011-08-05 07:00:01,0.320268603909,0,,,,,,0.0,0.0,0.0
2011-08-05 08:00:01,0.480564570398,0,,,,,,0.0,0.0,0.0
2011-08-05 09:00:01,0.528716762993,0,,,,,,0.0,0.0,0.0
2011-08-05 10:00:01,0.444139848285,0,,,,,,0.0,0.0,0.0
2011-08-05 11:00:01,0.539133980407,0,,,,,,0.0,0.0,0.0
2011-08-05 12:00:01,0.430547788197,0,,,,,,0.0,0.0,0.0
2011-08-05 13:00:01,0.471916560962,0,,,,,,0.0,0.0,0.0
2011-08-05 14:00:01,0.447389362691,0,,,,,,0.0,0.0,0.0
2011-08-05 15:00:01,0.406414136991,0,,,,,,0.0,0.0,0.0
2011-08-05 16:00:01,0.360201644288,0,,,,,,0.0,0.0,0.0
2011-08-05 17:00:01,0.316261875404,0,,,,,,0.0,0.0,0.0
2011-08-05 18:00:01,0.255557633508,0,,,,,,0.0,0.0,0.0
2011-08-05 19:00:01,0.260344630752,0,,,,,,0.0,0.0,0.0
2011-08-05 20:00:01,0.23910827637,0,,,,,,0.0,0.0,0.0
2011-08-05 21:00:01,0.228972594526,0,,,,,,0.0,0.0,0.0
2011-08-05 22:00:01,0.233890020797,0,,,,,,0.0,0.0,0.0
2011-08-05 23:00:01,0.205070922138,0,,,,,,0.0,0.0,0.0
2011-08-06 00:00:01,0.237441642298,0,,,,,,0.0,0.0,0.0
2011-08-06 01:00:01,0.150822350694,0,,,,,,0.0,0.0,0.0
2011-08-06 02:00:01,0.130504625179,0,,,,,,0.0,0.0,0.0
2011-08-06 03:00:01,0.187598352129,0,,,,,,0.0,0.0,0.0
2011-08-06 04:00:01,0.27435939753,0,,,,,,0.0,0.0,0.0
2011-08-06 05:00:01,0.362707133563,0,,,,,,0.0,0.0,0.0
2011-08-06 06:00:01,0.260311778793,0,,,,,,0.0,0.0,0.0
2011-08-06 07:00:01,0.475679062457,0,,,,,,0.0,0.0,0.0
2011-08-06 08:00:01,0.552027206375,0,,,,,,0.0,0.0,0.0
2011-08-06 09:00:01,0.408791915276,0,,,,,,0.0,0.0,0.0
2011-08-06 10:00:01,0.399482056146,0,,,,,,0.0,0.0,0.0
2011-08-06 11:00:01,0.508374265463,0,,,,,,0.0,0.0,0.0
2011-08-06 12:00:01,0.71418895044,0,,,,,,0.0,0.0,0.0
2011-08-06 13:00:01,0.500196618056,0,,,,,,0.0,0.0,0.0
2011-08-06 14:00:01,0.532853971205,0,,,,,,0.0,0.0,0.0
2011-08-06 15:00:01,0.385800591901,0,,,,,,0.0,0.0,0.0
2011-08-06 16:00:01,0.425497367695,0,,,,,,0.0,0.0,0.0
2011-08-06 17:00:01,0.35161428815,0,,,,,,0.0,0.0,0.0
2011-08-06 18:00:01,0.331861200788,0,,,,,,0.0,0.0,0.0
2011-08-06 19:00:01,0.28571780201,0,,,,,,0.0,0.0,0.0
2011-08-06 20:00:01,0.328825535232,0,,,,,,0.0,0.0,0.0
2011-08-06 21:00:01,0.29474910233,0,,,,,,0.0,0.0,0.0
2011-08-06 22:00:01,0.375224072925,0,,,,,,0.0,0.0,0.0
2011-08-06 23:00:01,0.293528390263,0,,,,,,0.0,0.0,0.0
2011-08-07 00:00:01,0.285184568657,0,,,,,,0.0,0.0,0.0
2011-08-07 01:00:01,0.245083576444,0,,,,,,0.0,0.0,0.0
2011-08-07 02:00:01,0.209548137533,0,,,,,,0.0,0.0,0.0
2011-08-07 03:00:01,0.203021512221,0,,,,,,0.0,0.0,0.0
2011-08-07 04:00:01,0.24289862092,0,,,,,,0.0,0.0,0.0
2011-08-07 05:00:01,0.313302041611,0,,,,,,0.0,0.0,0.0
2011-08-07 06:00:01,0.252411744774,0,,,,,,0.0,0.0,0.0
2011-08-07 07:00:01,0.42026787033,0,,,,,,0.0,0.0,0.0
2011-08-07 08:00:01,0.670665868431,0,,,,,,0.0,0.0,0.0
2011-08-07 09:00:01,0.465467051,0,,,,,,0.0,0.0,0.0
2011-08-07 10:00:01,0.542869075983,0,,,,,,0.0,0.0,0.0
2011-08-07 11:00:01,0.215572584366,0,,,,,,0.0,0.0,0.0
2011-08-07 12:00:01,0.594754427886,0,,,,,,0.0,0.0,0.0
2011-08-07 13:00:01,0.558658453372,0,,,,,,0.0,0.0,0.0
2011-08-07 14:00:01,0.470082145603,0,,,,,,0.0,0.0,0.0
2011-08-07 15:00:01,0.461758261817,0,,,,,,0.0,0.0,0.0
2011-08-07 16:00:01,0.326216834478,0,,,,,,0.0,0.0,0.0
2011-08-07 17:00:01,0.310375704012,0,,,,,,0.0,0.0,0.0
2011-08-07 18:00:01,0.281025965675,0,,,,,,0.0,0.0,0.0
2011-08-07 19:00:01,0.24283994401,0,,,,,,0.0,0.0,0.0
2011-08-07 20:00:01,0.255383979709,0,,,,,,0.0,0.0,0.0
2011-08-07 21:00:01,0.169088735632,0,,,,,,0.0,0.0,0.0
2011-08-07 22:00:01,0.193240827455,0,,,,,,0.0,0.0,0.0
2011-08-07 23:00:01,0.172574276871,0,,,,,,0.0,0.0,0.0
2011-08-08 00:00:01,0.150359493906,0,,,,,,0.0,0.0,0.0
2011-08-08 01:00:01,0.13956059541,0,,,,,,0.0,0.0,0.0
2011-08-08 02:00:01,0.115269851293,0,,,,,,0.0,0.0,0.0
2011-08-08 03:00:01,0.0889838078359,0,,,,,,0.0,0.0,0.0
2011-08-08 04:00:01,0.119294442871,0,,,,,,0.0,0.0,0.0
2011-08-08 05:00:01,0.165098639979,0,,,,,,0.0,0.0,0.0
2011-08-08 06:00:01,0.156036884933,0,,,,,,0.0,0.0,0.0
2011-08-08 07:00:01,0.295605435168,0,,,,,,0.0,0.0,0.0
2011-08-08 08:00:01,0.51218467992,0,,,,,,0.0,0.0,0.0
2011-08-08 09:00:01,0.406124352029,0,,,,,,0.0,0.0,0.0
2011-08-08 10:00:01,0.479890916375,0,,,,,,0.0,0.0,0.0
2011-08-08 11:00:01,0.61089959645,0,,,,,,0.0,0.0,0.0
2011-08-08 12:00:01,0.525059761018,0,,,,,,0.0,0.0,0.0
2011-08-08 13:00:01,0.451725473086,0,,,,,,0.0,0.0,0.0
2011-08-08 14:00:01,0.46397614605,0,,,,,,0.0,0.0,0.0
2011-08-08 15:00:01,0.415595043293,0,,,,,,0.0,0.0,0.0
2011-08-08 16:00:01,0.35339178395,0,,,,,,0.0,0.0,0.0
2011-08-08 17:00:01,0.295324517332,0,,,,,,0.0,0.0,0.0
2011-08-08 19:00:01,0.288367589074,0,,,,,,0.0,0.0,0.0
2011-08-08 20:00:01,0.176110995795,0,,,,,,0.0,0.0,0.0
2011-08-08 21:00:01,0.216980870775,0,,,,,,0.0,0.0,0.0
2011-08-08 22:00:01,0.217499007494,0,,,,,,0.0,0.0,0.0
2011-08-08 23:00:01,0.213179929866,0,,,,,,0.0,0.0,0.0
2011-08-09 00:00:01,0.158142980738,1,,,,,,-1.0,-2.0,-1.0
2011-08-09 01:00:01,0.129543308507,1,,,,,,0.0,0.0,0.0
2011-08-09 02:00:01,0.124674201026,1,,,,,,0.0,0.0,0.0
2011-08-09 03:00:01,0.114461701701,1,,,,,,0.0,0.0,0.0
2011-08-09 04:00:01,0.112158733365,1,,,,,,0.0,0.0,0.0
2011-08-09 05:00:01,0.154310633202,1,,,,,,0.0,0.0,0.0
2011-08-09 06:00:01,0.169163951334,1,,,,,,0.0,0.0,0.0
2011-08-09 07:00:01,0.288726386755,1,,,,,,0.0,0.0,0.0
2011-08-09 08:00:01,0.523667390691,1,,,,,,0.0,0.0,0.0
2011-08-09 09:00:01,0.419220817938,1,,,,,,0.0,0.0,0.0
2011-08-09 10:00:01,0.503952603751,1,,,,,,0.0,0.0,0.0
2011-08-09 11:00:01,0.441838264806,1,,,,,,0.0,0.0,0.0
2011-08-09 12:00:01,0.456998700762,1,,,,,,0.0,0.0,0.0
2011-08-09 13:00:01,0.416836372965,1,,,,,,0.0,0.0,0.0
2011-08-09 14:00:01,0.327134941419,1,,,,,,0.0,0.0,0.0
2011-08-09 15:00:01,0.155872075605,1,,,,,,0.0,0.0,0.0
2011-08-09 16:00:01,0.429043663253,1,,,,,,0.0,0.0,0.0
2011-08-09 17:00:01,0.464425988572,1,,,,,,0.0,0.0,0.0
2011-08-09 18:00:01,0.28662181807,1,,,,,,0.0,0.0,0.0
2011-08-09 19:00:01,0.249235143858,1,,,,,,0.0,0.0,0.0
2011-08-09 20:00:01,0.257537441522,1,,,,,,0.0,0.0,0.0
2011-08-09 21:00:01,0.244901365082,1,,,,,,0.0,0.0,0.0
2011-08-09 22:00:01,0.279128985842,1,,,,,,0.0,0.0,0.0
2011-08-09 23:00:01,0.191727710248,1,,,,,,0.0,0.0,0.0
2011-08-10 00:00:01,0.171739979151,1,,,,,,0.0,0.0,0.0
2011-08-10 01:00:01,0.173973797762,1,,,,,,0.0,0.0,0.0
2011-08-10 02:00:01,0.144770358637,1,,,,,,0.0,0.0,0.0
2011-08-10 03:00:01,0.115373538102,1,,,,,,0.0,0.0,0.0
2011-08-10 04:00:01,0.125966038304,1,,,,,,0.0,0.0,0.0
2011-08-10 05:00:01,0.181519863584,1,,,,,,0.0,0.0,0.0
2011-08-10 06:00:01,0.235099483603,1,,,,,,0.0,0.0,0.0
2011-08-10 07:00:01,0.292030745602,1,,,,,,0.0,0.0,0.0
2011-08-10 08:00:01,0.336472362443,1,,,,,,0.0,0.0,0.0
2011-08-10 09:00:01,0.491774770066,1,,,,,,0.0,0.0,0.0
2011-08-10 10:00:01,0.43456430619,1,,,,,,0.0,0.0,0.0
2011-08-10 11:00:01,0.519549400882,1,,,,,,0.0,0.0,0.0
2011-08-10 12:00:01,0.428047798218,1,,,,,,0.0,0.0,0.0
2011-08-10 13:00:01,0.45856219255,1,,,,,,0.0,0.0,0.0
2011-08-10 14:00:01,0.461760439956,1,,,,,,0.0,0.0,0.0
2011-08-10 15:00:01,0.558572685872,1,,,,,,0.0,0.0,0.0
2011-08-10 17:00:01,0.901725874855,1,,,,,,0.0,0.0,0.0
2011-08-10 18:00:01,0.624995046242,1,,,,,,0.0,0.0,0.0
2011-08-10 19:00:01,0.173183435452,1,,,,,,0.0,0.0,0.0
2011-08-10 20:00:01,0.199552756115,1,,,,,,0.0,0.0,0.0
2011-08-10 21:00:01,0.318699838133,1,,,,,,0.0,0.0,0.0
2011-08-10 22:00:01,0.283202330714,1,,,,,,0.0,0.0,0.0
2011-08-10 23:00:01,0.226684604717,1,,,,,,0.0,0.0,0.0
2011-08-11 00:00:01,0.201433678966,1,,,,,,0.0,0.0,0.0
2011-08-11 01:00:01,0.176525930674,1,,,,,,0.0,0.0,0.0
2011-08-11 02:00:01,0.146891178975,1,,,,,,0.0,0.0,0.0
2011-08-11 03:00:01,0.129652704617,1,,,,,,0.0,0.0,0.0
2011-08-11 04:00:01,0.152080902136,1,,,,,,0.0,0.0,0.0
2011-08-11 05:00:01,0.200222610281,1,,,,,,0.0,0.0,0.0
2011-08-11 06:00:01,0.271953939338,1,,,,,,0.0,0.0,0.0
2011-08-11 07:00:01,0.415206687784,1,,,,,,0.0,0.0,0.0
2011-08-11 08:00:01,0.438662771373,1,,,,,,0.0,0.0,0.0
2011-08-11 09:00:01,0.548336532152,1,,,,,,0.0,0.0,0.0
2011-08-11 10:00:01,0.645458399236,1,,,,,,0.0,0.0,0.0
2011-08-11 11:00:01,0.516355501693,1,,,,,,0.0,0.0,0.0
2011-08-11 12:00:01,0.619818925501,1,,,,,,0.0,0.0,0.0
2011-08-11 13:00:01,0.489920663443,1,,,,,,0.0,0.0,0.0
2011-08-11 14:00:01,0.539872882956,1,,,,,,0.0,0.0,0.0
2011-08-11 15:00:01,0.452809269144,1,,,,,,0.0,0.0,0.0
2011-08-11 16:00:01,0.389928378893,1,,,,,,0.0,0.0,0.0
2011-08-11 17:00:01,0.351864272784,1,,,,,,0.0,0.0,0.0
2011-08-11 18:00:01,0.0339547414192,1,,,,,,0.0,0.0,0.0
2011-08-11 19:00:01,0.307704345078,1,,,,,,0.0,0.0,0.0
2011-08-11 20:00:01,0.326124621505,1,,,,,,0.0,0.0,0.0
2011-08-11 21:00:01,0.377542086424,1,,,,,,0.0,0.0,0.0
2011-08-11 22:00:01,0.299835897412,1,,,,,,0.0,0.0,0.0
2011-08-11 23:00:01,0.286435126155,1,,,,,,0.0,0.0,0.0
2011-08-12 00:00:01,0.254254270484,1,,,,,,0.0,0.0,0.0
2011-08-12 01:00:01,0.221673630196,1,,,,,,0.0,0.0,0.0
2011-08-12 02:00:01,0.184640485024,1,,,,,,0.0,0.0,0.0
2011-08-12 03:00:01,0.131546358387,1,,,,,,0.0,0.0,0.0
2011-08-12 04:00:01,0.202315691784,1,,,,,,0.0,0.0,0.0
2011-08-12 05:00:01,0.245853154992,1,,,,,,0.0,0.0,0.0
2011-08-12 06:00:01,0.237033589475,1,,,,,,0.0,0.0,0.0
2011-08-12 07:00:01,0.263004469172,1,,,,,,0.0,0.0,0.0
2011-08-12 08:00:01,1.0,1,,,,,,0.0,0.0,0.0
2011-08-12 09:00:01,0.523640970253,1,,,,,,0.0,0.0,0.0
2011-08-12 10:00:01,0.528272066839,0,,,,,,0.0,0.0,0.0
2011-08-12 11:00:01,0.579986889291,0,,,,,,0.0,0.0,0.0
2011-08-12 12:00:01,0.549394491067,0,,,,,,0.0,0.0,0.0
2011-08-12 13:00:01,0.561228950858,0,,,,,,0.0,0.0,0.0
2011-08-12 14:00:01,0.525604105617,0,,,,,,0.0,0.0,0.0
2011-08-12 15:00:01,0.466970971294,0,,,,,,0.0,0.0,0.0
2011-08-12 16:00:01,0.389962840399,0,,,,,,0.0,0.0,0.0
2011-08-12 17:00:01,0.322256936113,0,,,,,,0.0,0.0,0.0
2011-08-12 18:00:01,0.271788846674,0,,,,,,0.0,0.0,0.0
2011-08-12 19:00:01,0.307501255518,0,,,,,,0.0,0.0,0.0
2011-08-12 20:00:01,0.289614652985,0,,,,,,0.0,0.0,0.0
2011-08-12 21:00:01,0.243086029479,0,,,,,,0.0,0.0,0.0
2011-08-12 22:00:01,0.234832934192,0,,,,,,0.0,0.0,0.0
2011-08-12 23:00:01,0.237623382516,0,,,,,,0.0,0.0,0.0
2011-08-13 00:00:01,0.239338818865,0,,,,,,0.0,0.0,0.0
2011-08-13 01:00:01,0.245308782005,0,,,,,,0.0,0.0,0.0
2011-08-13 02:00:01,0.214670026585,0,,,,,,0.0,0.0,0.0
2011-08-13 03:00:01,0.150977445775,0,,,,,,0.0,0.0,0.0
2011-08-13 04:00:01,0.200389145865,0,,,,,,0.0,0.0,0.0
2011-08-13 05:00:01,0.235289285239,0,,,,,,0.0,0.0,0.0
2011-08-13 06:00:01,0.268610135138,0,,,,,,0.0,0.0,0.0
2011-08-13 07:00:01,0.403725626425,0,,,,,,0.0,0.0,0.0
2011-08-13 08:00:01,0.516555689814,0,,,,,,0.0,0.0,0.0
2011-08-13 09:00:01,0.585947974034,0,,,,,,0.0,0.0,0.0
2011-08-13 10:00:01,0.622283113726,0,,,,,,0.0,0.0,0.0
2011-08-13 11:00:01,0.604569706322,0,,,,,,0.0,0.0,0.0
2011-08-13 12:00:01,0.780966908884,0,,,,,,0.0,0.0,0.0
2011-08-13 13:00:01,0.800888214746,0,,,,,,0.0,0.0,0.0
2011-08-13 14:00:01,0.695724933126,0,,,,,,0.0,0.0,0.0
2011-08-13 15:00:01,0.514319799179,0,,,,,,0.0,0.0,0.0
2011-08-13 16:00:01,0.43338510175,0,,,,,,0.0,0.0,0.0
2011-08-13 17:00:01,0.355740356254,0,,,,,,0.0,0.0,0.0
2011-08-13 18:00:01,0.303389852702,0,,,,,,0.0,0.0,0.0
2011-08-13 19:00:01,0.291782778136,0,,,,,,0.0,0.0,0.0
2011-08-13 20:00:01,0.259739515411,0,,,,,,0.0,0.0,0.0
2011-08-13 21:00:01,0.247742222967,0,,,,,,0.0,0.0,0.0
2011-08-13 22:00:01,0.272538923955,0,,,,,,0.0,0.0,0.0
2011-08-13 23:00:01,0.264737541574,0,,,,,,0.0,0.0,0.0
2011-08-14 00:00:01,0.29064801496,0,,,,,,0.0,0.0,0.0
2011-08-14 01:00:01,0.273422395777,0,,,,,,0.0,0.0,0.0
2011-08-14 02:00:01,0.253432050844,0,,,,,,0.0,0.0,0.0
2011-08-14 03:00:01,0.248449083048,0,,,,,,0.0,0.0,0.0
2011-08-14 04:00:01,0.266026493967,0,,,,,,0.0,0.0,0.0
2011-08-14 05:00:01,0.340194647221,0,,,,,,0.0,0.0,0.0
2011-08-14 06:00:01,0.375500744862,0,,,,,,0.0,0.0,0.0
2011-08-14 07:00:01,0.489160885592,0,,,,,,0.0,0.0,0.0
2011-08-14 08:00:01,0.506323567211,0,,,,,,0.0,0.0,0.0
2011-08-14 09:00:01,0.452674985744,0,,,,,,0.0,0.0,0.0
2011-08-14 10:00:01,0.572734775186,0,,,,,,0.0,0.0,0.0
2011-08-14 11:00:01,0.613259815069,0,,,,,,0.0,0.0,0.0
2011-08-14 12:00:01,0.663580422965,0,,,,,,0.0,0.0,0.0
2011-08-14 13:00:01,0.664313270588,0,,,,,,0.0,0.0,0.0
2011-08-14 14:00:01,0.670420887118,0,,,,,,0.0,0.0,0.0
2011-08-14 15:00:01,0.587046246984,0,,,,,,0.0,0.0,0.0
2011-08-14 16:00:01,0.487133370695,0,,,,,,0.0,0.0,0.0
2011-08-14 17:00:01,0.383889647091,0,,,,,,0.0,0.0,0.0
2011-08-14 18:00:01,0.356016421043,0,,,,,,0.0,0.0,0.0
2011-08-14 19:00:01,0.270990182768,0,,,,,,0.0,0.0,0.0
2011-08-14 20:00:01,0.245404120946,0,,,,,,0.0,0.0,0.0
2011-08-14 21:00:01,0.234859165715,0,,,,,,0.0,0.0,0.0
2011-08-14 22:00:01,0.239791160623,0,,,,,,0.0,0.0,0.0
2011-08-14 23:00:01,0.204247956537,0,,,,,,0.0,0.0,0.0
2011-08-15 00:00:01,0.208254425666,0,,,,,,0.0,0.0,0.0
2011-08-15 01:00:01,0.246997422928,0,,,,,,0.0,0.0,0.0
2011-08-15 02:00:01,0.106636105853,0,,,,,,0.0,0.0,0.0
2011-08-15 03:00:01,0.123213911951,0,,,,,,0.0,0.0,0.0
2011-08-15 04:00:01,0.175046421345,0,,,,,,0.0,0.0,0.0
2011-08-15 05:00:01,0.277059434148,0,,,,,,0.0,0.0,0.0
2011-08-15 06:00:01,0.33709104542,0,,,,,,0.0,0.0,0.0
2011-08-15 07:00:01,0.351368921595,0,,,,,,0.0,0.0,0.0
2011-08-15 08:00:01,0.585851649093,0,,,,,,0.0,0.0,0.0
2011-08-15 09:00:01,0.543319818216,0,,,,,,0.0,0.0,0.0
2011-08-15 10:00:01,0.543190937074,0,,,,,,0.0,0.0,0.0
2011-08-15 11:00:01,0.725731357085,0,,,,,,0.0,0.0,0.0
2011-08-15 12:00:01,0.515479340019,0,,,,,,0.0,0.0,0.0
2011-08-15 13:00:01,0.593474936018,0,,,,,,0.0,0.0,0.0
2011-08-15 14:00:01,0.549441764515,0,,,,,,0.0,0.0,0.0
2011-08-15 15:00:01,0.641261870049,0,,,,,,0.0,0.0,0.0
2011-08-15 16:00:01,0.442662138215,0,,,,,,0.0,0.0,0.0
2011-08-15 17:00:01,0.360345889705,0,,,,,,0.0,0.0,0.0
2011-08-15 18:00:01,0.358896420419,0,,,,,,0.0,0.0,0.0
2011-08-15 19:00:01,0.280331586331,0,,,,,,0.0,0.0,0.0
2011-08-15 20:00:01,0.279714430001,0,,,,,,0.0,0.0,0.0
2011-08-15 21:00:01,0.272541617091,0,,,,,,0.0,0.0,0.0
2011-08-16 00:00:01,0.611462705408,0,,,,,,0.0,0.0,0.0
2011-08-16 01:00:01,0.105654051534,0,,,,,,0.0,0.0,0.0
2011-08-16 02:00:01,0.158780354019,0,,,,,,0.0,0.0,0.0
2011-08-16 03:00:01,0.129380842082,0,,,,,,0.0,0.0,0.0
2011-08-16 04:00:01,0.16919298085,0,,,,,,0.0,0.0,0.0
2011-08-16 05:00:01,0.203007770956,0,,,,,,0.0,0.0,0.0
2011-08-16 06:00:01,0.231508958847,0,,,,,,0.0,0.0,0.0
2011-08-16 07:00:01,0.377986626482,0,,,,,,0.0,0.0,0.0
2011-08-16 08:00:01,0.541813922651,0,,,,,,0.0,0.0,0.0
2011-08-16 09:00:01,0.585398412311,0,,,,,,0.0,0.0,0.0
2011-08-16 10:00:01,0.537316025059,0,,,,,,0.0,0.0,0.0
2011-08-16 11:00:01,0.617700670281,0,,,,,,0.0,0.0,0.0
2011-08-16 12:00:01,0.650979456961,0,,,,,,0.0,0.0,0.0
2011-08-16 13:00:01,0.617610996079,0,,,,,,0.0,0.0,0.0
2011-08-16 14:00:01,0.724193275152,0,,,,,,0.0,0.0,0.0
2011-08-16 15:00:01,0.520763916386,0,,,,,,0.0,0.0,0.0
2011-08-16 16:00:01,0.394384579956,0,,,,,,0.0,0.0,0.0
2011-08-16 17:00:01,0.328588571284,0,,,,,,0.0,0.0,0.0
2011-08-16 18:00:01,0.275582177851,0,,,,,,0.0,0.0,0.0
2011-08-16 19:00:01,0.277154238373,0,,,,,,0.0,0.0,0.0
2011-08-16 20:00:01,0.239318012796,0,,,,,,0.0,0.0,0.0
2011-08-16 21:00:01,0.240858540049,0,,,,,,0.0,0.0,0.0
2011-08-16 22:00:01,0.221126106513,0,,,,,,0.0,0.0,0.0
2011-08-16 23:00:01,0.206497531318,0,,,,,,0.0,0.0,0.0
2011-08-17 00:00:01,0.224042271939,0,,,,,,0.0,0.0,0.0
2011-08-17 01:00:01,0.18545827197,0,,,,,,0.0,0.0,0.0
2011-08-17 02:00:01,0.185828529504,0,,,,,,0.0,0.0,0.0
2011-08-17 03:00:01,0.193748814456,0,,,,,,0.0,0.0,0.0
2011-08-17 04:00:01,0.140223918178,0,,,,,,0.0,0.0,0.0
2011-08-17 05:00:01,0.254631173991,0,,,,,,0.0,0.0,0.0
2011-08-17 06:00:01,0.252427268152,0,,,,,,0.0,0.0,0.0
2011-08-17 07:00:01,0.379070545385,0,,,,,,0.0,0.0,0.0
2011-08-17 08:00:01,0.434843227334,0,,,,,,0.0,0.0,0.0
2011-08-17 09:00:01,0.619973097024,0,,,,,,0.0,0.0,0.0
2011-08-17 10:00:01,0.552464099331,0,,,,,,0.0,0.0,0.0
2011-08-17 11:00:01,0.460651075617,0,,,,,,0.0,0.0,0.0
2011-08-17 12:00:01,0.485579054927,0,,,,,,0.0,0.0,0.0
2011-08-17 13:00:01,0.52534165562,0,,,,,,0.0,0.0,0.0
2011-08-17 14:00:01,0.502895416961,0,,,,,,0.0,0.0,0.0
2011-08-17 15:00:01,0.474773644179,0,,,,,,0.0,0.0,0.0
2011-08-17 16:00:01,0.422277924067,0,,,,,,0.0,0.0,0.0
2011-08-17 17:00:01,0.328596615832,0,,,,,,0.0,0.0,0.0
2011-08-17 18:00:01,0.338537742976,0,,,,,,0.0,0.0,0.0
2011-08-17 19:00:01,0.347294544313,0,,,,,,0.0,0.0,0.0
2011-08-17 20:00:01,0.288832484673,0,,,,,,0.0,0.0,0.0
2011-08-17 21:00:01,0.297163346266,0,,,,,,0.0,0.0,0.0
2011-08-17 22:00:01,0.251895719636,0,,,,,,0.0,0.0,0.0
2011-08-17 23:00:01,0.193632160282,0,,,,,,0.0,0.0,0.0
2011-08-18 00:00:01,0.191655658256,0,,,,,,0.0,0.0,0.0
2011-08-18 01:00:01,0.167402148622,0,,,,,,0.0,0.0,0.0
2011-08-18 02:00:01,0.159597728703,0,,,,,,0.0,0.0,0.0
2011-08-18 03:00:01,0.119640732715,0,,,,,,0.0,0.0,0.0
2011-08-18 04:00:01,0.140984900485,0,,,,,,0.0,0.0,0.0
2011-08-18 05:00:01,0.176437323269,0,,,,,,0.0,0.0,0.0
2011-08-18 06:00:01,0.182106136734,0,,,,,,0.0,0.0,0.0
2011-08-18 07:00:01,0.339908968995,0,,,,,,0.0,0.0,0.0
2011-08-18 08:00:01,0.535996899918,0,,,,,,0.0,0.0,0.0
2011-08-18 09:00:01,0.590976607754,0,,,,,,0.0,0.0,0.0
2011-08-18 10:00:01,0.61949228697,0,,,,,,0.0,0.0,0.0
2011-08-18 11:00:01,0.525116766226,0,,,,,,0.0,0.0,0.0
2011-08-18 12:00:01,0.533779548303,0,,,,,,0.0,0.0,0.0
2011-08-18 13:00:01,0.449040215167,0,,,,,,0.0,0.0,0.0
2011-08-18 14:00:01,0.434965113059,0,,,,,,0.0,0.0,0.0
2011-08-18 15:00:01,0.489443914426,0,,,,,,0.0,0.0,0.0
2011-08-18 16:00:01,0.419120176921,0,,,,,,0.0,0.0,0.0
2011-08-18 17:00:01,0.41709234866,0,,,,,,0.0,0.0,0.0
2011-08-18 18:00:01,0.365542787161,0,,,,,,0.0,0.0,0.0
2011-08-18 19:00:01,0.322993819074,0,,,,,,0.0,0.0,0.0
2011-08-18 20:00:01,0.264765478259,0,,,,,,0.0,0.0,0.0
2011-08-18 21:00:01,0.274401933826,0,,,,,,0.0,0.0,0.0
2011-08-18 22:00:01,0.253935791312,0,,,,,,0.0,0.0,0.0
2011-08-18 23:00:01,0.212653701401,0,,,,,,0.0,0.0,0.0
2011-08-19 00:00:01,0.193163363617,0,,,,,,0.0,0.0,0.0
2011-08-19 01:00:01,0.166525762082,0,,,,,,0.0,0.0,0.0
2011-08-19 02:00:01,0.158307371628,0,,,,,,0.0,0.0,0.0
2011-08-19 03:00:01,0.118256015717,0,,,,,,0.0,0.0,0.0
2011-08-19 04:00:01,0.184017324936,0,,,,,,0.0,0.0,0.0
2011-08-19 05:00:01,0.183503135304,0,,,,,,0.0,0.0,0.0
2011-08-19 06:00:01,0.229673063825,0,,,,,,0.0,0.0,0.0
2011-08-19 07:00:01,0.445498019711,0,,,,,,0.0,0.0,0.0
2011-08-19 08:00:01,0.549776389468,0,,,,,,0.0,0.0,0.0
2011-08-19 09:00:01,0.6224811564,0,,,,,,0.0,0.0,0.0
2011-08-19 10:00:01,0.563256191287,0,,,,,,0.0,0.0,0.0
2011-08-19 11:00:01,0.601691066022,0,,,,,,0.0,0.0,0.0
2011-08-19 12:00:01,0.622518825456,0,,,,,,0.0,0.0,0.0
2011-08-19 13:00:01,0.818287217243,0,,,,,,0.0,0.0,0.0
2011-08-19 14:00:01,0.540876375211,0,,,,,,0.0,0.0,0.0
2011-08-19 15:00:01,0.521769058187,0,,,,,,0.0,0.0,0.0
2011-08-19 16:00:01,0.411930165336,0,,,,,,0.0,0.0,0.0
2011-08-19 17:00:01,0.311124888356,0,,,,,,0.0,0.0,0.0
2011-08-19 18:00:01,0.273390174158,0,,,,,,0.0,0.0,0.0
2011-08-19 19:00:01,0.31715819399,0,,,,,,0.0,0.0,0.0
2011-08-19 20:00:01,0.254121363157,0,,,,,,0.0,0.0,0.0
2011-08-19 21:00:01,0.240376363613,0,,,,,,0.0,0.0,0.0
2011-08-19 22:00:01,0.265340586193,0,,,,,,0.0,0.0,0.0
2011-08-19 23:00:01,0.218902875358,0,,,,,,0.0,0.0,0.0
2011-08-20 00:00:01,0.206618828385,0,,,,,,0.0,0.0,0.0
2011-08-20 01:00:01,0.210903204624,0,,,,,,0.0,0.0,0.0
2011-08-20 02:00:01,0.172037315205,0,,,,,,0.0,0.0,0.0
2011-08-20 03:00:01,0.13914688752,0,,,,,,0.0,0.0,0.0
2011-08-20 04:00:01,0.166807775047,0,,,,,,0.0,0.0,0.0
2011-08-20 05:00:01,0.240797121983,0,,,,,,0.0,0.0,0.0
2011-08-20 06:00:01,0.210457794464,0,,,,,,0.0,0.0,0.0
2011-08-20 07:00:01,0.382701459816,0,,,,,,0.0,0.0,0.0
2011-08-20 08:00:01,0.51161181392,0,,,,,,0.0,0.0,0.0
2011-08-20 09:00:01,0.510993879278,0,,,,,,0.0,0.0,0.0
2011-08-20 10:00:01,0.529012872581,0,,,,,,0.0,0.0,0.0
2011-08-20 11:00:01,0.533045143147,0,,,,,,0.0,0.0,0.0
2011-08-20 12:00:01,0.69463147421,0,,,,,,0.0,0.0,0.0
2011-08-20 13:00:01,0.651739225401,0,,,,,,0.0,0.0,0.0
2011-08-20 14:00:01,0.606446513187,0,,,,,,0.0,0.0,0.0
2011-08-20 15:00:01,0.466546640994,0,,,,,,0.0,0.0,0.0
2011-08-20 16:00:01,0.427259044182,0,,,,,,0.0,0.0,0.0
2011-08-20 17:00:01,0.299796418399,0,,,,,,0.0,0.0,0.0
2011-08-20 18:00:01,0.264491604082,0,,,,,,0.0,0.0,0.0
2011-08-20 19:00:01,0.224463714704,0,,,,,,0.0,0.0,0.0
2011-08-20 20:00:01,0.223460154233,0,,,,,,0.0,0.0,0.0
2011-08-20 21:00:01,0.209433946996,0,,,,,,0.0,0.0,0.0
2011-08-20 22:00:01,0.220798110329,0,,,,,,0.0,0.0,0.0
2011-08-20 23:00:01,0.228328250617,0,,,,,,0.0,0.0,0.0
2011-08-21 00:00:01,0.185220509496,0,,,,,,0.0,0.0,0.0
2011-08-21 01:00:01,0.208384836826,0,,,,,,0.0,0.0,0.0
2011-08-21 02:00:01,0.146231324544,0,,,,,,0.0,0.0,0.0
2011-08-21 03:00:01,0.11770704422,0,,,,,,0.0,0.0,0.0
2011-08-21 04:00:01,0.152878574917,0,,,,,,0.0,0.0,0.0
2011-08-21 05:00:01,0.213071969774,0,,,,,,0.0,0.0,0.0
2011-08-21 06:00:01,0.190970265005,0,,,,,,0.0,0.0,0.0
2011-08-21 07:00:01,0.311596197544,0,,,,,,0.0,0.0,0.0
2011-08-21 08:00:01,0.558902297715,0,,,,,,0.0,0.0,0.0
2011-08-21 09:00:01,0.466255006146,0,,,,,,0.0,0.0,0.0
2011-08-21 10:00:01,0.497831401925,0,,,,,,0.0,0.0,0.0
2011-08-21 11:00:01,0.571965039263,0,,,,,,0.0,0.0,0.0
2011-08-21 12:00:01,0.487157530789,0,,,,,,0.0,0.0,0.0
2011-08-21 13:00:01,0.504340832714,0,,,,,,0.0,0.0,0.0
2011-08-21 14:00:01,0.46887095765,0,,,,,,0.0,0.0,0.0
2011-08-21 15:00:01,0.452523872432,0,,,,,,0.0,0.0,0.0
2011-08-21 16:00:01,0.309559526644,0,,,,,,0.0,0.0,0.0
2011-08-21 17:00:01,0.248901374884,0,,,,,,0.0,0.0,0.0
2011-08-21 18:00:01,0.210169569465,0,,,,,,0.0,0.0,0.0
2011-08-21 19:00:01,0.199938388572,0,,,,,,0.0,0.0,0.0
2011-08-21 20:00:01,0.191472293194,0,,,,,,0.0,0.0,0.0
2011-08-21 21:00:01,0.177531735971,0,,,,,,0.0,0.0,0.0
2011-08-21 22:00:01,0.168284760236,0,,,,,,0.0,0.0,0.0
2011-08-21 23:00:01,0.167084881943,0,,,,,,0.0,0.0,0.0
2011-08-22 00:00:01,0.143665244712,0,,,,,,0.0,0.0,0.0
2011-08-22 01:00:01,0.129291041677,0,,,,,,0.0,0.0,0.0
2011-08-22 02:00:01,0.104866245712,0,,,,,,0.0,0.0,0.0
2011-08-22 03:00:01,0.100871918114,0,,,,,,0.0,0.0,0.0
2011-08-22 04:00:01,0.117257003682,0,,,,,,0.0,0.0,0.0
2011-08-22 05:00:01,0.16521022777,0,,,,,,0.0,0.0,0.0
2011-08-22 06:00:01,0.149170261868,0,,,,,,0.0,0.0,0.0
2011-08-22 07:00:01,0.279780595402,0,,,,,,0.0,0.0,0.0
2011-08-22 08:00:01,0.634402423989,0,,,,,,0.0,0.0,0.0
2011-08-22 09:00:01,0.507948806426,0,,,,,,0.0,0.0,0.0
2011-08-22 10:00:01,0.505025151104,0,,,,,,0.0,0.0,0.0
2011-08-22 11:00:01,0.501901708967,0,,,,,,0.0,0.0,0.0
2011-08-22 12:00:01,0.490341046874,0,,,,,,0.0,0.0,0.0
2011-08-22 13:00:01,0.528598185569,0,,,,,,0.0,0.0,0.0
2011-08-22 14:00:01,0.494354365387,0,,,,,,0.0,0.0,0.0
2011-08-22 15:00:01,0.375105194215,0,,,,,,0.0,0.0,0.0
2011-08-22 16:00:01,0.355063519037,0,,,,,,0.0,0.0,0.0
2011-08-22 17:00:01,0.28370864373,0,,,,,,0.0,0.0,0.0
2011-08-22 18:00:01,0.292361852758,0,,,,,,0.0,0.0,0.0
2011-08-22 19:00:01,0.323901171496,0,,,,,,0.0,0.0,0.0
2011-08-22 20:00:01,0.318870839886,0,,,,,,0.0,0.0,0.0
2011-08-22 21:00:01,0.328484599585,0,,,,,,0.0,0.0,0.0
2011-08-22 22:00:01,0.25947402082,0,,,,,,0.0,0.0,0.0
2011-08-22 23:00:01,0.147189306504,0,,,,,,0.0,0.0,0.0
2011-08-23 00:00:01,0.116702969175,0,,,,,,0.0,0.0,0.0
2011-08-23 01:00:01,0.151911214407,0,,,,,,0.0,0.0,0.0
2011-08-23 02:00:01,0.0808533964605,0,,,,,,0.0,0.0,0.0
2011-08-23 03:00:01,0.0851839098336,0,,,,,,0.0,0.0,0.0
2011-08-23 04:00:01,0.115402258074,0,,,,,,0.0,0.0,0.0
2011-08-23 05:00:01,0.162758953825,0,,,,,,0.0,0.0,0.0
2011-08-23 06:00:01,0.226491438457,0,,,,,,0.0,0.0,0.0
2011-08-23 07:00:01,0.36244876487,0,,,,,,0.0,0.0,0.0
2011-08-23 08:00:01,0.780249802399,0,,,,,,0.0,0.0,0.0
2011-08-23 09:00:01,0.734632109239,0,,,,,,0.0,0.0,0.0
2011-08-23 10:00:01,0.658155876168,0,,,,,,0.0,0.0,0.0
2011-08-23 11:00:01,0.583271067085,0,,,,,,0.0,0.0,0.0
2011-08-23 12:00:01,0.544603508293,0,,,,,,0.0,0.0,0.0
2011-08-23 13:00:01,0.528091487287,0,,,,,,0.0,0.0,0.0
2011-08-23 14:00:01,0.632708114122,0,,,,,,0.0,0.0,0.0
2011-08-23 15:00:01,0.436029801373,0,,,,,,0.0,0.0,0.0
2011-08-23 16:00:01,0.258677970369,0,,,,,,0.0,0.0,0.0
2011-08-23 17:00:01,0.310767730367,0,,,,,,0.0,0.0,0.0
2011-08-23 18:00:01,0.276012007486,0,,,,,,0.0,0.0,0.0
2011-08-23 19:00:01,0.265292092326,0,,,,,,0.0,0.0,0.0
2011-08-23 20:00:01,0.221643502977,0,,,,,,0.0,0.0,0.0
2011-08-23 21:00:01,0.214947617381,0,,,,,,0.0,0.0,0.0
2011-08-23 22:00:01,0.245460943145,0,,,,,,0.0,0.0,0.0
2011-08-23 23:00:01,0.167948444146,0,,,,,,0.0,0.0,0.0
2011-08-24 00:00:01,0.232791433416,0,,,,,,0.0,0.0,0.0
2011-08-24 01:00:01,0.16394932904,0,,,,,,0.0,0.0,0.0
2011-08-24 02:00:01,0.12975871135,0,,,,,,0.0,0.0,0.0
2011-08-24 03:00:01,0.0915896844557,0,,,,,,0.0,0.0,0.0
2011-08-24 04:00:01,0.112811711687,0,,,,,,0.0,0.0,0.0
2011-08-24 05:00:01,0.152446644567,0,,,,,,0.0,0.0,0.0
2011-08-24 06:00:01,0.189880642242,0,,,,,,0.0,0.0,0.0
2011-08-24 07:00:01,0.343752495635,0,,,,,,0.0,0.0,0.0
2011-08-24 08:00:01,0.507435686693,0,,,,,,0.0,0.0,0.0
2011-08-24 09:00:01,0.696933462326,0,,,,,,0.0,0.0,0.0
2011-08-24 10:00:01,0.392547710862,0,,,,,,0.0,0.0,0.0
2011-08-24 11:00:01,0.522102028037,0,,,,,,0.0,0.0,0.0
2011-08-24 12:00:01,0.388280066167,0,,,,,,0.0,0.0,0.0
2011-08-24 12:00:01,0.438947948278,0,,,,,,0.0,0.0,0.0
2011-08-24 13:00:01,0.462769832952,0,,,,,,0.0,0.0,0.0
2011-08-24 14:00:01,0.421713753045,0,,,,,,0.0,0.0,0.0
2011-08-24 15:00:01,0.375619782375,0,,,,,,0.0,0.0,0.0
2011-08-24 16:00:01,0.297304427918,0,,,,,,0.0,0.0,0.0
2011-08-24 17:00:01,0.341530491532,0,,,,,,0.0,0.0,0.0
2011-08-24 18:00:01,0.374033530672,0,,,,,,0.0,0.0,0.0
2011-08-24 19:00:01,0.327867728314,0,,,,,,0.0,0.0,0.0
2011-08-24 20:00:01,0.255932347928,0,,,,,,0.0,0.0,0.0
2011-08-24 21:00:01,0.387446714006,0,,,,,,0.0,0.0,0.0
2011-08-24 22:00:01,0.164352821924,0,,,,,,0.0,0.0,0.0
2011-08-24 23:00:01,0.205244771306,0,,,,,,0.0,0.0,0.0
2011-08-25 00:00:01,0.167018441894,0,,,,,,0.0,0.0,0.0
2011-08-25 01:00:01,0.160460829897,0,,,,,,0.0,0.0,0.0
2011-08-25 02:00:01,0.140261154382,0,,,,,,0.0,0.0,0.0
2011-08-25 03:00:01,0.100129690997,0,,,,,,0.0,0.0,0.0
2011-08-25 04:00:01,0.0,0,,,,,,0.0,0.0,0.0
2011-08-25 05:00:01,0.438526555488,0,,,,,,0.0,0.0,0.0
2011-08-25 06:00:01,0.221573627511,0,,,,,,0.0,0.0,0.0
2011-08-25 07:00:01,0.445390579245,0,,,,,,0.0,0.0,0.0
2011-08-25 08:00:01,0.552626157268,0,,,,,,0.0,0.0,0.0
2011-08-25 09:00:01,0.603424669207,0,,,,,,0.0,0.0,0.0
2011-08-25 10:00:01,0.538234025804,0,,,,,,0.0,0.0,0.0
2011-08-25 11:00:01,0.4694996947,0,,,,,,0.0,0.0,0.0
2011-08-25 12:00:01,0.485057577397,0,,,,,,0.0,0.0,0.0
2011-08-25 13:00:01,0.569423373445,0,,,,,,0.0,0.0,0.0
2011-08-25 14:00:01,0.447487189371,0,,,,,,0.0,0.0,0.0
2011-08-25 15:00:01,0.463890402894,0,,,,,,0.0,0.0,0.0
2011-08-25 16:00:01,0.38919746103,0,,,,,,0.0,0.0,0.0
2011-08-25 17:00:01,0.378375001694,0,,,,,,0.0,0.0,0.0
2011-08-25 18:00:01,0.266214290274,0,,,,,,0.0,0.0,0.0
2011-08-25 19:00:01,0.228964118279,0,,,,,,0.0,0.0,0.0
2011-08-25 20:00:01,0.362947066447,0,,,,,,0.0,0.0,0.0
2011-08-25 21:00:01,0.233143839676,0,,,,,,0.0,0.0,0.0
2011-08-25 22:00:01,0.222756911735,0,,,,,,0.0,0.0,0.0
2011-08-25 23:00:01,0.19602707008,0,,,,,,0.0,0.0,0.0
2011-08-26 00:00:01,0.163687048014,0,,,,,,0.0,0.0,0.0
2011-08-26 01:00:01,0.151140121527,0,,,,,,0.0,0.0,0.0
2011-08-26 02:00:01,0.147368939478,0,,,,,,0.0,0.0,0.0
2011-08-26 03:00:01,0.112333159812,0,,,,,,0.0,0.0,0.0
2011-08-26 04:00:01,0.228517029281,0,,,,,,0.0,0.0,0.0
2011-08-26 05:00:01,0.214139575713,0,,,,,,0.0,0.0,0.0
2011-08-26 06:00:01,0.265147792772,0,,,,,,0.0,0.0,0.0
2011-08-26 07:00:01,0.539610462007,0,,,,,,0.0,0.0,0.0
2011-08-26 08:00:01,0.533622910433,0,,,,,,0.0,0.0,0.0
2011-08-26 09:00:01,0.609911816117,0,,,,,,0.0,0.0,0.0
2011-08-26 10:00:01,0.779927270846,0,,,,,,0.0,0.0,0.0
2011-08-26 11:00:01,0.469050034052,0,,,,,,0.0,0.0,0.0
2011-08-26 12:00:01,0.520996747892,0,,,,,,0.0,0.0,0.0
2011-08-26 13:00:01,0.591513140756,0,,,,,,0.0,0.0,0.0
2011-08-26 14:00:01,0.486838377355,0,,,,,,0.0,0.0,0.0
2011-08-26 15:00:01,0.482211501419,0,,,,,,0.0,0.0,0.0
2011-08-26 16:00:01,0.46498304799,0,,,,,,0.0,0.0,0.0
2011-08-26 17:00:01,0.403274575644,0,,,,,,0.0,0.0,0.0
2011-08-26 18:00:01,0.392295570073,0,,,,,,0.0,0.0,0.0
2011-08-26 19:00:01,0.323129605417,0,,,,,,0.0,0.0,0.0
2011-08-26 20:00:01,0.310609817701,0,,,,,,0.0,0.0,0.0
2011-08-26 21:00:01,0.266627508782,0,,,,,,0.0,0.0,0.0
2011-08-26 22:00:01,0.239668070571,0,,,,,,0.0,0.0,0.0
2011-08-26 23:00:01,0.277071238337,0,,,,,,0.0,0.0,0.0
2011-08-27 00:00:01,0.204605299463,0,,,,,,0.0,0.0,0.0
2011-08-27 01:00:01,0.2091949657,0,,,,,,0.0,0.0,0.0
2011-08-27 02:00:01,0.177280540709,0,,,,,,0.0,0.0,0.0
2011-08-27 03:00:01,0.167292477361,0,,,,,,0.0,0.0,0.0
2011-08-27 04:00:01,0.220140741735,0,,,,,,0.0,0.0,0.0
2011-08-27 05:00:01,0.26154735293,0,,,,,,0.0,0.0,0.0
2011-08-27 06:00:01,0.25116179272,0,,,,,,0.0,0.0,0.0
2011-08-27 07:00:01,0.380505509002,0,,,,,,0.0,0.0,0.0
2011-08-27 08:00:01,0.591937772619,0,,,,,,0.0,0.0,0.0
2011-08-27 09:00:01,0.60211234242,0,,,,,,0.0,0.0,0.0
2011-08-27 10:00:01,0.618101183553,0,,,,,,0.0,0.0,0.0
2011-08-27 11:00:01,0.697986085492,0,,,,,,0.0,0.0,0.0
2011-08-27 12:00:01,0.568765566718,0,,,,,,0.0,0.0,0.0
2011-08-27 13:00:01,0.602375808598,0,,,,,,0.0,0.0,0.0
2011-08-27 14:00:01,0.451764591173,0,,,,,,0.0,0.0,0.0
2011-08-27 15:00:01,0.440542468038,0,,,,,,0.0,0.0,0.0
2011-08-27 16:00:01,0.367096228825,0,,,,,,0.0,0.0,0.0
2011-08-27 17:00:01,0.312587801903,0,,,,,,0.0,0.0,0.0
2011-08-27 18:00:01,0.306316819652,0,,,,,,0.0,0.0,0.0
2011-08-27 19:00:01,0.29894941854,0,,,,,,0.0,0.0,0.0
2011-08-27 20:00:01,0.284063606355,0,,,,,,0.0,0.0,0.0
2011-08-27 21:00:01,0.279424682642,0,,,,,,0.0,0.0,0.0
2011-08-27 22:00:01,0.234065636595,0,,,,,,0.0,0.0,0.0
2011-08-27 23:00:01,0.224122075945,0,,,,,,0.0,0.0,0.0
2011-08-28 00:00:01,0.197179731686,0,,,,,,0.0,0.0,0.0
2011-08-28 01:00:01,0.160413285878,0,,,,,,0.0,0.0,0.0
2011-08-28 02:00:01,0.13419868613,0,,,,,,0.0,0.0,0.0
2011-08-28 03:00:01,0.120070199483,0,,,,,,0.0,0.0,0.0
2011-08-28 04:00:01,0.173884444133,0,,,,,,0.0,0.0,0.0
2011-08-28 05:00:01,0.191840517514,0,,,,,,0.0,0.0,0.0
2011-08-28 06:00:01,0.243194703721,0,,,,,,0.0,0.0,0.0
2011-08-28 07:00:01,0.276719832479,0,,,,,,0.0,0.0,0.0
2011-08-28 08:00:01,0.513762105544,0,,,,,,0.0,0.0,0.0
2011-08-28 09:00:01,0.501092993948,0,,,,,,0.0,0.0,0.0
2011-08-28 10:00:01,0.522911950026,0,,,,,,0.0,0.0,0.0
2011-08-28 11:00:01,0.524625564633,0,,,,,,0.0,0.0,0.0
2011-08-28 12:00:01,0.569890805396,0,,,,,,0.0,0.0,0.0
2011-08-28 13:00:01,0.532038837254,0,,,,,,0.0,0.0,0.0
2011-08-28 14:00:01,0.486536158831,0,,,,,,0.0,0.0,0.0
2011-08-28 15:00:01,0.402161119782,0,,,,,,0.0,0.0,0.0
2011-08-28 16:00:01,0.345934760108,0,,,,,,0.0,0.0,0.0
2011-08-28 17:00:01,0.300377187769,0,,,,,,0.0,0.0,0.0
2011-08-28 18:00:01,0.253121878696,0,,,,,,0.0,0.0,0.0
2011-08-28 19:00:01,0.227812247044,0,,,,,,0.0,0.0,0.0
2011-08-28 20:00:01,0.183645875166,0,,,,,,0.0,0.0,0.0
2011-08-28 21:00:01,0.197908057959,0,,,,,,0.0,0.0,0.0
2011-08-28 22:00:01,0.202436779269,0,,,,,,0.0,0.0,0.0
2011-08-28 23:00:01,0.173465992944,0,,,,,,0.0,0.0,0.0
2011-08-29 00:00:01,0.141088473935,0,,,,,,0.0,0.0,0.0
2011-08-29 01:00:01,0.116349830538,0,,,,,,0.0,0.0,0.0
2011-08-29 02:00:01,0.103511875001,0,,,,,,0.0,0.0,0.0
2011-08-29 03:00:01,0.0845817226914,0,,,,,,0.0,0.0,0.0
2011-08-29 04:00:01,0.118157136226,0,,,,,,0.0,0.0,0.0
2011-08-29 05:00:01,0.16743095559,0,,,,,,0.0,0.0,0.0
2011-08-29 06:00:01,0.191966148444,0,,,,,,0.0,0.0,0.0
2011-08-29 07:00:01,0.316445225036,0,,,,,,0.0,0.0,0.0
2011-08-29 08:00:01,0.508215740927,0,,,,,,0.0,0.0,0.0
2011-08-29 09:00:01,0.614414978054,0,,,,,,0.0,0.0,0.0
2011-08-29 10:00:01,0.643301758723,0,,,,,,0.0,0.0,0.0
2011-08-29 11:00:01,0.46524400827,0,,,,,,0.0,0.0,0.0
2011-08-29 12:00:01,0.382051223602,0,,,,,,0.0,0.0,0.0
2011-08-29 13:00:01,0.522571962083,0,,,,,,0.0,0.0,0.0
2011-08-29 14:00:01,0.412622660753,0,,,,,,0.0,0.0,0.0
2011-08-29 15:00:01,0.413552020061,0,,,,,,0.0,0.0,0.0
2011-08-29 16:00:01,0.410298581602,0,,,,,,0.0,0.0,0.0
2011-08-29 17:00:01,0.314037982082,0,,,,,,0.0,0.0,0.0
2011-08-29 18:00:01,0.286782383193,0,,,,,,0.0,0.0,0.0
2011-08-29 19:00:01,0.333536797407,0,,,,,,0.0,0.0,0.0
2011-08-29 20:00:01,0.239610005511,0,,,,,,0.0,0.0,0.0
2011-08-29 21:00:01,0.229009533268,0,,,,,,0.0,0.0,0.0
2011-08-29 22:00:01,0.229487009407,0,,,,,,0.0,0.0,0.0
2011-08-29 23:00:01,0.267048638607,0,,,,,,0.0,0.0,0.0
2011-08-30 00:00:01,0.196133411686,0,,,,,,0.0,0.0,0.0
2011-08-30 01:00:01,0.144881480042,0,,,,,,0.0,0.0,0.0
2011-08-30 02:00:01,0.124589548539,0,,,,,,0.0,0.0,0.0
2011-08-30 03:00:01,0.104141640081,0,,,,,,0.0,0.0,0.0
2011-08-30 04:00:01,0.243688002426,0,,,,,,0.0,0.0,0.0
2011-08-30 05:00:01,0.29595054458,0,,,,,,0.0,0.0,0.0
2011-08-30 06:00:01,0.269495451251,0,,,,,,0.0,0.0,0.0
2011-08-30 07:00:01,0.420762078067,0,,,,,,0.0,0.0,0.0
2011-08-30 08:00:01,0.616234123115,0,,,,,,0.0,0.0,0.0
2011-08-30 09:00:01,0.752543913102,0,,,,,,0.0,0.0,0.0
2011-08-30 10:00:01,0.397694359859,0,,,,,,0.0,0.0,0.0
2011-08-30 11:00:01,0.426293148016,0,,,,,,0.0,0.0,0.0
2011-08-30 12:00:01,0.414160134821,0,,,,,,0.0,0.0,0.0
2011-08-30 13:00:01,0.417640623423,0,,,,,,0.0,0.0,0.0
2011-08-30 14:00:01,0.310659793062,0,,,,,,0.0,0.0,0.0
2011-08-30 15:00:01,0.425466451548,0,,,,,,0.0,0.0,0.0
2011-08-30 16:00:01,0.445150188333,0,,,,,,0.0,0.0,0.0
2011-08-30 17:00:01,0.344324549332,0,,,,,,0.0,0.0,0.0
2011-08-30 18:00:01,0.336251922555,0,,,,,,0.0,0.0,0.0
2011-08-30 19:00:01,0.339006194758,0,,,,,,0.0,0.0,0.0
2011-08-30 20:00:01,0.336762773059,0,,,,,,0.0,0.0,0.0
2011-08-30 21:00:01,0.285844006583,0,,,,,,0.0,0.0,0.0
2011-08-30 22:00:01,0.243080256996,0,,,,,,0.0,0.0,0.0
2011-08-30 23:00:01,0.250564346816,0,,,,,,0.0,0.0,0.0
2011-08-31 00:00:01,0.229624254806,0,,,,,,0.0,0.0,0.0
2011-08-31 01:00:01,0.178103724502,0,,,,,,0.0,0.0,0.0
2011-08-31 02:00:01,0.154015606789,0,,,,,,0.0,0.0,0.0
2011-08-31 03:00:01,0.136996954021,0,,,,,,0.0,0.0,0.0
2011-08-31 04:00:01,0.219659776268,0,,,,,,0.0,0.0,0.0
2011-08-31 05:00:01,0.4343498386,0,,,,,,0.0,0.0,0.0
2011-08-31 06:00:01,0.312871550681,0,,,,,,0.0,0.0,0.0
2011-08-31 07:00:01,0.377137676829,0,,,,,,0.0,0.0,0.0
2011-08-31 08:00:01,0.590798768248,0,,,,,,0.0,0.0,0.0
2011-08-31 09:00:01,0.507628264732,0,,,,,,0.0,0.0,0.0
2011-08-31 10:00:01,0.51081128197,0,,,,,,0.0,0.0,0.0
2011-08-31 11:00:01,0.4278087106,0,,,,,,0.0,0.0,0.0
2011-08-31 12:00:01,0.546905348272,0,,,,,,0.0,0.0,0.0
2011-08-31 13:00:01,0.414435939858,0,,,,,,0.0,0.0,0.0
2011-08-31 14:00:01,0.458944055135,0,,,,,,0.0,0.0,0.0
2011-08-31 15:00:01,0.375196628523,0,,,,,,0.0,0.0,0.0
2011-08-31 16:00:01,0.400336230666,0,,,,,,0.0,0.0,0.0
2011-08-31 17:00:01,0.343423525455,0,,,,,,0.0,0.0,0.0
2011-08-31 18:00:01,0.388628523404,0,,,,,,0.0,0.0,0.0
2011-08-31 19:00:01,0.468980579709,0,,,,,,0.0,0.0,0.0
2011-08-31 20:00:01,0.466967706652,0,,,,,,0.0,0.0,0.0
2011-08-31 21:00:01,0.469687100476,0,,,,,,0.0,0.0,0.0
2011-08-31 22:00:01,0.325662253872,0,,,,,,0.0,0.0,0.0
2011-08-31 23:00:01,0.326998096979,0,,,,,,0.0,0.0,0.0
2011-09-01 00:00:01,0.205568262371,0,,,,,,0.0,0.0,0.0
2011-09-01 01:00:01,0.187646893608,0,,,,,,0.0,0.0,0.0
2011-09-01 02:00:01,0.149535592392,0,,,,,,0.0,0.0,0.0
2011-09-01 03:00:01,0.122797547037,0,,,,,,0.0,0.0,0.0
2011-09-01 04:00:01,0.252156288187,0,,,,,,0.0,0.0,0.0
2011-09-01 05:00:01,0.394395104233,0,,,,,,0.0,0.0,0.0
2011-09-01 06:00:01,0.414834149466,0,,,,,,0.0,0.0,0.0
2011-09-01 07:00:01,0.485466596795,0,,,,,,0.0,0.0,0.0
2011-09-01 08:00:01,0.634550991954,0,,,,,,0.0,0.0,0.0
2011-09-01 09:00:01,0.649890043855,0,,,,,,0.0,0.0,0.0
2011-09-01 10:00:01,0.700670900748,0,,,,,,0.0,0.0,0.0
2011-09-01 11:00:01,0.544354320652,0,,,,,,0.0,0.0,0.0
2011-09-01 12:00:01,0.399656527538,0,,,,,,0.0,0.0,0.0
2011-09-01 13:00:01,0.502527381771,0,,,,,,0.0,0.0,0.0
2011-09-01 14:00:01,0.391903674952,0,,,,,,0.0,0.0,0.0
2011-09-01 15:00:01,0.466630859653,0,,,,,,0.0,0.0,0.0
2011-09-01 16:00:01,0.407387683572,0,,,,,,0.0,0.0,0.0
2011-09-01 17:00:01,0.327074442691,0,,,,,,0.0,0.0,0.0
2011-09-01 18:00:01,0.344986682898,0,,,,,,0.0,0.0,0.0
2011-09-02 15:00:01,0.28006175639,0,,,,,,0.0,0.0,0.0
2011-09-02 16:00:01,0.461340027522,0,,,,,,0.0,0.0,0.0
2011-09-02 17:00:01,0.391394442705,0,,,,,,0.0,0.0,0.0
2011-09-02 18:00:01,0.390023035159,0,,,,,,0.0,0.0,0.0
2011-09-02 19:00:01,0.343512660044,0,,,,,,0.0,0.0,0.0
2011-09-02 20:00:01,0.314513922479,0,,,,,,0.0,0.0,0.0
2011-09-02 21:00:01,0.262637711578,0,,,,,,0.0,0.0,0.0
2011-09-02 22:00:01,0.277158287144,0,,,,,,0.0,0.0,0.0
2011-09-02 23:00:01,0.286768035245,0,,,,,,0.0,0.0,0.0
2011-09-03 00:00:01,0.277084979182,0,,,,,,0.0,0.0,0.0
2011-09-03 01:00:01,0.264084693431,0,,,,,,0.0,0.0,0.0
2011-09-03 02:00:01,0.235707540576,0,,,,,,0.0,0.0,0.0
2011-09-03 03:00:01,0.160910994738,0,,,,,,0.0,0.0,0.0
2011-09-03 04:00:01,0.237194819306,0,,,,,,0.0,0.0,0.0
2011-09-03 05:00:01,0.366216531029,0,,,,,,0.0,0.0,0.0
2011-09-03 06:00:01,0.365604416421,0,,,,,,0.0,0.0,0.0
2011-09-03 07:00:01,0.357553385155,0,,,,,,0.0,0.0,0.0
2011-09-03 08:00:01,0.549734066928,0,,,,,,0.0,0.0,0.0
2011-09-03 09:00:01,0.694111602048,0,,,,,,0.0,0.0,0.0
2011-09-03 10:00:01,0.640147150235,0,,,,,,0.0,0.0,0.0
2011-09-03 11:00:01,0.582418208996,0,,,,,,0.0,0.0,0.0
2011-09-03 12:00:01,0.609919883134,0,,,,,,0.0,0.0,0.0
2011-09-03 13:00:01,0.559639930255,0,,,,,,0.0,0.0,0.0
2011-09-03 14:00:01,0.542321249463,0,,,,,,0.0,0.0,0.0
2011-09-03 15:00:01,0.449042517602,0,,,,,,0.0,0.0,0.0
2011-09-03 16:00:01,0.360928026663,0,,,,,,0.0,0.0,0.0
2011-09-03 17:00:01,0.332754569695,0,,,,,,0.0,0.0,0.0
2011-09-03 18:00:01,0.261951371078,0,,,,,,0.0,0.0,0.0
2011-09-03 19:00:01,0.27343103827,0,,,,,,0.0,0.0,0.0
2011-09-03 20:00:01,0.252529456588,0,,,,,,0.0,0.0,0.0
2011-09-03 21:00:01,0.264177331849,0,,,,,,0.0,0.0,0.0
2011-09-03 22:00:01,0.272309599173,0,,,,,,0.0,0.0,0.0
2011-09-03 23:00:01,0.248924465988,0,,,,,,0.0,0.0,0.0
2011-09-04 00:00:01,0.246540846669,0,,,,,,0.0,0.0,0.0
2011-09-04 01:00:01,0.233992536021,0,,,,,,0.0,0.0,0.0
2011-09-04 02:00:01,0.199250327179,0,,,,,,0.0,0.0,0.0
2011-09-04 03:00:01,0.169333842543,0,,,,,,0.0,0.0,0.0
2011-09-04 04:00:01,0.23300776806,0,,,,,,0.0,0.0,0.0
2011-09-04 05:00:01,0.327185998254,0,,,,,,0.0,0.0,0.0
2011-09-04 06:00:01,0.291327048069,0,,,,,,0.0,0.0,0.0
2011-09-04 07:00:01,0.409117753811,0,,,,,,0.0,0.0,0.0
2011-09-04 08:00:01,0.520919504564,0,,,,,,0.0,0.0,0.0
2011-09-04 09:00:01,0.610276867149,0,,,,,,0.0,0.0,0.0
2011-09-04 10:00:01,0.776385047915,0,,,,,,0.0,0.0,0.0
2011-09-04 11:00:01,0.637932363668,0,,,,,,0.0,0.0,0.0
2011-09-04 12:00:01,0.584309690033,0,,,,,,0.0,0.0,0.0
2011-09-04 13:00:01,0.582686658145,0,,,,,,0.0,0.0,0.0
2011-09-04 14:00:01,0.55076273595,0,,,,,,0.0,0.0,0.0
2011-09-04 15:00:01,0.46165963086,0,,,,,,0.0,0.0,0.0
2011-09-04 16:00:01,0.382184101947,0,,,,,,0.0,0.0,0.0
2011-09-04 17:00:01,0.356619876216,0,,,,,,0.0,0.0,0.0
2011-09-04 18:00:01,0.292424676062,0,,,,,,0.0,0.0,0.0
2011-09-04 19:00:01,0.260159822138,0,,,,,,0.0,0.0,0.0
2011-09-04 20:00:01,0.234549856556,0,,,,,,0.0,0.0,0.0
2011-09-04 21:00:01,0.216894786686,0,,,,,,0.0,0.0,0.0
2011-09-04 22:00:01,0.221824396268,0,,,,,,0.0,0.0,0.0
2011-09-04 23:00:01,0.204711514701,0,,,,,,0.0,0.0,0.0
2011-09-05 00:00:01,0.213718167149,0,,,,,,0.0,0.0,0.0
2011-09-05 01:00:01,0.199425940955,0,,,,,,0.0,0.0,0.0
2011-09-05 02:00:01,0.145327461052,0,,,,,,0.0,0.0,0.0
2011-09-05 03:00:01,0.113072786909,0,,,,,,0.0,0.0,0.0
2011-09-05 04:00:01,0.157314911566,0,,,,,,0.0,0.0,0.0
2011-09-05 05:00:01,0.218912072875,0,,,,,,0.0,0.0,0.0
2011-09-05 06:00:01,0.221904590996,0,,,,,,0.0,0.0,0.0
2011-09-05 07:00:01,0.270017248458,0,,,,,,0.0,0.0,0.0
2011-09-05 08:00:01,0.523438288483,0,,,,,,0.0,0.0,0.0
2011-09-05 09:00:01,0.693193351266,0,,,,,,0.0,0.0,0.0
2011-09-05 10:00:01,0.504027249947,0,,,,,,0.0,0.0,0.0
2011-09-05 11:00:01,0.646307946242,0,,,,,,0.0,0.0,0.0
2011-09-05 12:00:01,0.541532040016,0,,,,,,0.0,0.0,0.0
2011-09-05 13:00:01,0.530661989479,0,,,,,,0.0,0.0,0.0
2011-09-05 14:00:01,0.478920291626,0,,,,,,0.0,0.0,0.0
2011-09-05 15:00:01,0.367840154309,0,,,,,,0.0,0.0,0.0
2011-09-05 16:00:01,0.342854288977,0,,,,,,0.0,0.0,0.0
2011-09-05 17:00:01,0.249850499782,0,,,,,,0.0,0.0,0.0
2011-09-05 18:00:01,0.252769903334,0,,,,,,0.0,0.0,0.0
2011-09-05 19:00:01,0.228277103549,0,,,,,,0.0,0.0,0.0
2011-09-05 20:00:01,0.214792422606,0,,,,,,0.0,0.0,0.0
2011-09-05 21:00:01,0.194426208914,0,,,,,,0.0,0.0,0.0
2011-09-05 22:00:01,0.165222947485,0,,,,,,0.0,0.0,0.0
2011-09-05 23:00:01,0.16338419906,0,,,,,,0.0,0.0,0.0
2011-09-06 00:00:01,0.172484892197,0,,,,,,0.0,0.0,0.0
2011-09-06 01:00:01,0.158305158174,0,,,,,,0.0,0.0,0.0
2011-09-06 02:00:01,0.0998238681875,0,,,,,,0.0,0.0,0.0
2011-09-06 03:00:01,0.0845484101416,0,,,,,,0.0,0.0,0.0
2011-09-06 04:00:01,0.155623798091,0,,,,,,0.0,0.0,0.0
2011-09-06 05:00:01,0.179442826105,0,,,,,,0.0,0.0,0.0
2011-09-06 06:00:01,0.204609394138,0,,,,,,0.0,0.0,0.0
2011-09-06 07:00:01,0.423460629017,0,,,,,,0.0,0.0,0.0
2011-09-06 08:00:01,0.489436293793,0,,,,,,0.0,0.0,0.0
2011-09-06 09:00:01,0.472625700695,0,,,,,,0.0,0.0,0.0
2011-09-06 10:00:01,0.57201538913,0,,,,,,0.0,0.0,0.0
2011-09-06 11:00:01,0.380629151421,0,,,,,,0.0,0.0,0.0
2011-09-06 12:00:01,0.366070492835,0,,,,,,0.0,0.0,0.0
2011-09-06 13:00:01,0.429343895294,0,,,,,,0.0,0.0,0.0
2011-09-06 14:00:01,0.393601141846,0,,,,,,0.0,0.0,0.0
2011-09-06 15:00:01,0.404758473032,0,,,,,,0.0,0.0,0.0
2011-09-06 16:00:01,0.325549756366,0,,,,,,0.0,0.0,0.0
2011-09-06 17:00:01,0.309321685755,0,,,,,,0.0,0.0,0.0
2011-09-06 18:00:01,0.171369199655,0,,,,,,0.0,0.0,0.0
2011-09-06 19:00:01,0.530211439506,0,,,,,,0.0,0.0,0.0
2011-09-06 20:00:01,0.34901758121,0,,,,,,0.0,0.0,0.0
2011-09-06 21:00:01,0.441534817179,0,,,,,,0.0,0.0,0.0
2011-09-06 22:00:01,0.310832232117,0,,,,,,0.0,0.0,0.0
2011-09-06 23:00:01,0.263872593547,0,,,,,,0.0,0.0,0.0
2011-09-07 00:00:01,0.274151174149,0,,,,,,0.0,0.0,0.0
2011-09-07 01:00:01,0.211901470987,0,,,,,,0.0,0.0,0.0
2011-09-07 02:00:01,0.143673718311,0,,,,,,0.0,0.0,0.0
2011-09-07 03:00:01,0.126890047422,0,,,,,,0.0,0.0,0.0
2011-09-07 04:00:01,0.145335619479,0,,,,,,0.0,0.0,0.0
2011-09-07 05:00:01,0.228559957444,0,,,,,,0.0,0.0,0.0
2011-09-07 06:00:01,0.292397820564,0,,,,,,0.0,0.0,0.0
2011-09-07 07:00:01,0.371857732083,0,,,,,,0.0,0.0,0.0
2011-09-07 08:00:01,0.53515797972,0,,,,,,0.0,0.0,0.0
2011-09-07 09:00:01,0.543884508759,0,,,,,,0.0,0.0,0.0
2011-09-07 10:00:01,0.558296151802,0,,,,,,0.0,0.0,0.0
2011-09-07 11:00:01,0.326913166656,0,,,,,,0.0,0.0,0.0
2011-09-07 12:00:01,0.384855853609,0,,,,,,0.0,0.0,0.0
2011-09-07 13:00:01,0.420067416715,0,,,,,,0.0,0.0,0.0
2011-09-07 14:00:01,0.271530804236,0,,,,,,0.0,0.0,0.0
2011-09-07 15:00:01,0.359826711657,0,,,,,,0.0,0.0,0.0
